{
  "setting": "setting_18",
  "train_accuracy": [
    0.3753826530612245,
    0.4924625318877551,
    0.552375637755102,
    0.6024553571428571,
    0.6370854591836735,
    0.6704918686224489,
    0.6961256377551021,
    0.7086535395408163,
    0.7221261160714286,
    0.7384765625,
    0.7510961415816326,
    0.7576171875,
    0.7656289859693877,
    0.7726961096938776,
    0.7774115114795919,
    0.7869060905612245,
    0.7877431441326531,
    0.7955317283163265,
    0.7995336415816326,
    0.8054846938775511,
    0.8079878826530612,
    0.8101283482142857,
    0.8161431760204082,
    0.8194236288265306,
    0.8223333864795919,
    0.8229312818877551,
    0.8248963647959183,
    0.8271045918367348,
    0.8298230229591836,
    0.8322903380102041,
    0.8346699617346939,
    0.8352638711734693,
    0.8383290816326531,
    0.8394810267857143,
    0.8402742346938775,
    0.8420758928571429,
    0.8442283163265306,
    0.8458864795918367,
    0.8473692602040817,
    0.8483816964285714,
    0.8471500318877551,
    0.8517817283163265,
    0.8508848852040817,
    0.8512755102040817,
    0.8532326211734694,
    0.8553651147959185,
    0.8551179846938776,
    0.8553093112244898,
    0.8565808354591837,
    0.8593510841836736
  ],
  "test_accuracy": [
    0.3467,
    0.4237,
    0.46319999999999995,
    0.5089,
    0.4867000000000001,
    0.3457,
    0.39690000000000003,
    0.5326,
    0.5222,
    0.4801,
    0.6291,
    0.7084999999999999,
    0.6067,
    0.6869,
    0.4708,
    0.694,
    0.6703000000000001,
    0.7426,
    0.714,
    0.7515,
    0.7457,
    0.7417,
    0.7171,
    0.7505000000000001,
    0.7622,
    0.6139000000000001,
    0.7868,
    0.764,
    0.7749,
    0.7744,
    0.8016000000000002,
    0.765,
    0.7863,
    0.7837000000000001,
    0.798,
    0.7992000000000001,
    0.7847,
    0.7824,
    0.8077,
    0.7967000000000002,
    0.8048,
    0.7962,
    0.8140000000000001,
    0.8029999999999999,
    0.8154999999999999,
    0.8103,
    0.8019999999999999,
    0.8147,
    0.8087,
    0.7953
  ]
}