{
  "setting": "setting_12",
  "train_accuracy": [
    0.40767263427109973,
    0.5416719948849105,
    0.6127317774936062,
    0.6564777813299233,
    0.6900255754475704,
    0.7121203644501278,
    0.7330522698209719,
    0.746139705882353,
    0.7616687979539642,
    0.772490409207161,
    0.7824368606138108,
    0.7903332800511509,
    0.795164641943734,
    0.8031210038363171,
    0.80860773657289,
    0.8142583120204604,
    0.8196211636828645,
    0.8236572890025575,
    0.8247762148337596,
    0.8315577046035806,
    0.8348025895140664,
    0.8337675831202046,
    0.8422794117647059,
    0.8436221227621483,
    0.8481497762148337,
    0.8517543158567774,
    0.8540481138107417,
    0.85627797314578,
    0.8579403772378517,
    0.861644820971867,
    0.8640824808184143,
    0.8663562979539642,
    0.8670476342710998,
    0.8712316176470588,
    0.872582320971867,
    0.8728061061381074,
    0.8726542519181585,
    0.8745484335038364,
    0.8759311061381074,
    0.8761908567774935,
    0.8792599104859334,
    0.8782169117647058,
    0.87886429028133,
    0.8799512468030691,
    0.8822570332480818,
    0.883288043478261,
    0.8830522698209718,
    0.8839234335038363,
    0.8863850703324809,
    0.8858455882352941
  ],
  "test_accuracy": [
    0.3493,
    0.5452,
    0.5555000000000001,
    0.5910999999999998,
    0.6173000000000001,
    0.6517999999999999,
    0.7030000000000001,
    0.6266999999999999,
    0.7051,
    0.6389,
    0.7091000000000001,
    0.7542,
    0.7527000000000001,
    0.7625,
    0.7307,
    0.7705,
    0.7799,
    0.7905,
    0.7802,
    0.7923,
    0.8031,
    0.7798999999999999,
    0.8016,
    0.8015000000000001,
    0.7933000000000001,
    0.7851999999999999,
    0.8202999999999999,
    0.8188000000000001,
    0.8166,
    0.8309,
    0.8293999999999999,
    0.8154,
    0.8196999999999999,
    0.8294,
    0.8232999999999999,
    0.8347999999999999,
    0.8314,
    0.8295,
    0.8384,
    0.827,
    0.8347,
    0.8359,
    0.8397,
    0.8364999999999998,
    0.8353999999999999,
    0.8394999999999999,
    0.8369,
    0.8394,
    0.8362999999999999,
    0.8433999999999999
  ]
}