{
  "setting": "setting_14",
  "train_accuracy": [
    0.34335994442419826,
    0.44136639030612246,
    0.49104960064382897,
    0.5348459138119533,
    0.5676276649052479,
    0.5987447992589893,
    0.6221082741132168,
    0.6526246659378037,
    0.6714839953838678,
    0.6874753249514092,
    0.6974079810495626,
    0.7135815263605442,
    0.71702369563897,
    0.7318277757531584,
    0.7377013863581147,
    0.7476292972546161,
    0.7516779033041787,
    0.7598301597424684,
    0.7602572278911565,
    0.7657493242832847,
    0.7717747813411079,
    0.7761707361516035,
    0.7823489887026238,
    0.7852217337827989,
    0.7898141399416909,
    0.7908580843051506,
    0.7919523278061225,
    0.7948212767249757,
    0.7998008913386784,
    0.8051544278425656,
    0.8033968051506316,
    0.8072964118683188,
    0.8062648050291544,
    0.8071284317298348,
    0.8121317723517979,
    0.8123225294582118,
    0.8140554771015549,
    0.8170553935860058,
    0.8178914981171039,
    0.8218632318999028,
    0.8204909195821186,
    0.8216905065597667,
    0.8236075680272109,
    0.8247672953109815,
    0.8245091563411079,
    0.8256223806486881,
    0.8251668412900874,
    0.8278962812803693,
    0.8293540072278911,
    0.830264136904762
  ],
  "test_accuracy": [
    0.31870000000000004,
    0.3734,
    0.4269,
    0.5084000000000001,
    0.5197,
    0.5992,
    0.5412999999999999,
    0.5244,
    0.5227999999999999,
    0.6386000000000001,
    0.5774,
    0.6923999999999999,
    0.6569,
    0.6712,
    0.6517999999999999,
    0.6799000000000001,
    0.6769000000000001,
    0.7125999999999999,
    0.7274999999999999,
    0.6977999999999999,
    0.6967,
    0.7150999999999998,
    0.6641999999999999,
    0.7409,
    0.7091999999999999,
    0.7349,
    0.7349,
    0.7704000000000001,
    0.7463,
    0.7708999999999999,
    0.7491000000000001,
    0.7575000000000001,
    0.7468,
    0.7645,
    0.7550999999999999,
    0.7731,
    0.7545,
    0.7807,
    0.7787000000000001,
    0.7748999999999999,
    0.7834000000000001,
    0.7949,
    0.7794000000000001,
    0.7847999999999999,
    0.7872,
    0.7938,
    0.7788,
    0.7974,
    0.7887000000000001,
    0.7783
  ]
}