{
  "setting": "setting_10",
  "train_accuracy": [
    0.30528464333846744,
    0.3886782675924143,
    0.4321527844628418,
    0.46140491131594147,
    0.4993445712601078,
    0.5142144932855218,
    0.5422847426116674,
    0.5623653795244513,
    0.5815367641750097,
    0.5935796562139006,
    0.6143458046544089,
    0.6183908115132846,
    0.6381973190219484,
    0.6416745132604929,
    0.6558386178763959,
    0.664165533548325,
    0.6755736787639584,
    0.6787929130968425,
    0.6811059034462842,
    0.6984486306314979,
    0.7048570165094339,
    0.7044012622737775,
    0.7080341349393531,
    0.7136818023199846,
    0.7254434202926453,
    0.722160636070466,
    0.7304898079514824,
    0.7337522862918752,
    0.7369117310839429,
    0.7427605771082018,
    0.7429798054245282,
    0.7468571007412399,
    0.7491821242058143,
    0.7509739302560646,
    0.7519380836060839,
    0.7561838930737389,
    0.7595313552897575,
    0.7666493189256836,
    0.7670866474537927,
    0.7701829183914132,
    0.769229670051983,
    0.7680331271659607,
    0.7708071362389295,
    0.7738086463948788,
    0.7736006991239893,
    0.7764803739892183,
    0.7799575682277629,
    0.7809698540383134,
    0.7816132496630728,
    0.7853882635011552
  ],
  "test_accuracy": [
    0.33809999999999996,
    0.3799,
    0.4327,
    0.42350000000000004,
    0.4877999999999999,
    0.5154,
    0.4824,
    0.4359,
    0.5969,
    0.4288,
    0.5583,
    0.5553000000000001,
    0.6023999999999999,
    0.5851,
    0.6368,
    0.5768000000000001,
    0.6321,
    0.6713,
    0.6561000000000001,
    0.6073000000000001,
    0.6331,
    0.6506,
    0.6821,
    0.6455,
    0.6673,
    0.6897,
    0.6106,
    0.7087999999999999,
    0.657,
    0.694,
    0.7045999999999999,
    0.7081999999999999,
    0.7044999999999999,
    0.722,
    0.7339,
    0.7227,
    0.7177999999999999,
    0.7416999999999999,
    0.7282,
    0.7484,
    0.7491000000000001,
    0.721,
    0.7491000000000001,
    0.7508,
    0.7424,
    0.7567000000000002,
    0.7233,
    0.7508,
    0.7506,
    0.731
  ]
}