{
  "setting": "setting_8",
  "train_accuracy": [
    0.3773078762755102,
    0.4913305165816326,
    0.5517498405612244,
    0.602295918367347,
    0.6372648278061225,
    0.6685148278061225,
    0.6949099170918368,
    0.7074736926020407,
    0.721305006377551,
    0.7375199298469388,
    0.7504304846938775,
    0.7580357142857143,
    0.7644810267857143,
    0.7727399553571429,
    0.7778340242346938,
    0.7850566007653061,
    0.7864198022959183,
    0.7947225765306123,
    0.7980907206632653,
    0.805062181122449,
    0.8079998405612244,
    0.8092315051020408,
    0.815397799744898,
    0.8202965561224489,
    0.8214764030612245,
    0.8225526147959183,
    0.8257573341836734,
    0.8290098852040817,
    0.8304886798469387,
    0.8321827168367346,
    0.8348174426020408,
    0.8350047831632652,
    0.8371651785714286,
    0.8378069196428573,
    0.8386280293367347,
    0.8413584183673469,
    0.841322544642857,
    0.8461096938775511,
    0.8451570471938775,
    0.8462412308673469,
    0.846436543367347,
    0.8480867346938775,
    0.8495336415816326,
    0.8504583864795918,
    0.8516183035714286,
    0.8543287627551021,
    0.8542171556122449,
    0.8557198660714286,
    0.856592793367347,
    0.8559669961734694
  ],
  "test_accuracy": [
    0.38530000000000003,
    0.4159999999999999,
    0.4755,
    0.5142,
    0.488,
    0.33060000000000006,
    0.3844,
    0.5517,
    0.537,
    0.4408,
    0.5728,
    0.7204999999999999,
    0.6508,
    0.6853999999999999,
    0.4788,
    0.6762,
    0.6747,
    0.7356,
    0.7345,
    0.7569,
    0.7548,
    0.7327,
    0.7013999999999999,
    0.7668,
    0.7653000000000001,
    0.6333,
    0.7855000000000001,
    0.7701,
    0.774,
    0.7807000000000001,
    0.7996000000000001,
    0.7459,
    0.7847000000000001,
    0.7672,
    0.7923000000000001,
    0.7984,
    0.7836000000000001,
    0.7881000000000001,
    0.8016,
    0.7868,
    0.7990000000000002,
    0.7857000000000001,
    0.8118000000000001,
    0.7939,
    0.8130999999999998,
    0.8036999999999999,
    0.8042,
    0.8099000000000001,
    0.8071000000000002,
    0.7934
  ]
}