{
  "setting": "setting_4",
  "train_accuracy": [
    0.34117240646258506,
    0.4403205478620019,
    0.4910885112973761,
    0.5396281280369291,
    0.5710271273688047,
    0.599355032191448,
    0.6216783588435374,
    0.6422431137633625,
    0.6638926217808552,
    0.6765528197886297,
    0.6880409529883381,
    0.69996849186103,
    0.7094380162779398,
    0.7256172558309038,
    0.7320194818999028,
    0.7447508579324587,
    0.7485574586977648,
    0.7517860939018464,
    0.7613438790694849,
    0.7663889774659864,
    0.7738275555758017,
    0.7727428024781341,
    0.780416742589893,
    0.7844340303085521,
    0.7887094569970846,
    0.7939187393707483,
    0.7929184508624879,
    0.794390412414966,
    0.7976617544339164,
    0.8008486318634597,
    0.8015623101919339,
    0.8061708500364432,
    0.8079911093901847,
    0.8112842793367347,
    0.8157495140913508,
    0.8160807291666666,
    0.8177728680758017,
    0.8221479439990281,
    0.8208411154640427,
    0.8246448691083577,
    0.8238799426020408,
    0.8259934554178814,
    0.8284903805272109,
    0.8282872858965015,
    0.8297545022473276,
    0.8328692526117589,
    0.8325418336977648,
    0.8348328170553936,
    0.835792296829446,
    0.8392240266642371
  ],
  "test_accuracy": [
    0.39669999999999994,
    0.4553000000000001,
    0.454,
    0.46349999999999997,
    0.5201,
    0.5660000000000001,
    0.5723,
    0.5389,
    0.5702,
    0.5843,
    0.6054999999999999,
    0.6748999999999999,
    0.6298999999999999,
    0.6643,
    0.654,
    0.674,
    0.6776,
    0.6695,
    0.7188,
    0.6828,
    0.6904999999999999,
    0.694,
    0.6747,
    0.7256,
    0.6987999999999999,
    0.7210000000000001,
    0.7277,
    0.7376999999999999,
    0.7386999999999999,
    0.7534000000000001,
    0.7219999999999999,
    0.7401000000000001,
    0.7344,
    0.7158,
    0.7611000000000001,
    0.7739000000000001,
    0.7426999999999999,
    0.7717999999999999,
    0.7685000000000002,
    0.769,
    0.7704000000000001,
    0.7767000000000002,
    0.7669999999999999,
    0.775,
    0.7748,
    0.784,
    0.7722000000000001,
    0.8007000000000002,
    0.7883,
    0.7774000000000001
  ]
}