{
  "setting": "setting_24",
  "train_accuracy": [
    0.3416393343051506,
    0.4399418807701652,
    0.49151178328474243,
    0.5398957574101069,
    0.5724763119533528,
    0.6065705858236151,
    0.6251005982750243,
    0.6508015594630709,
    0.6664806547619048,
    0.6787849626457725,
    0.6874905095966958,
    0.7045314777696793,
    0.7092092975583091,
    0.7258061148566569,
    0.731313395894072,
    0.741292554968416,
    0.7463964938654033,
    0.7527047649416909,
    0.7545952532798834,
    0.7591525449465499,
    0.7669735863095237,
    0.768039358600583,
    0.7766604409620991,
    0.7799194454567541,
    0.783375850340136,
    0.7878296966107872,
    0.787127406766278,
    0.7881390837585034,
    0.7902630360179785,
    0.797181540026725,
    0.7972878325437317,
    0.8008173135325559,
    0.8019001685495626,
    0.8032990539965987,
    0.8070781325923226,
    0.8053157646987367,
    0.8068275859450924,
    0.8118631939382895,
    0.8104472257653061,
    0.8151364340379009,
    0.8139235604956269,
    0.8151705994897959,
    0.8160218886661808,
    0.8184789540816326,
    0.8189591684888241,
    0.8202109526846453,
    0.8201938699586977,
    0.8239795918367347,
    0.8241001199586977,
    0.8255208333333334
  ],
  "test_accuracy": [
    0.33,
    0.4276999999999999,
    0.4202,
    0.5252,
    0.4641,
    0.6016,
    0.5995,
    0.5192,
    0.55,
    0.6233000000000001,
    0.5498999999999999,
    0.6829,
    0.6299,
    0.6631,
    0.6522,
    0.6763999999999999,
    0.6743,
    0.701,
    0.7257,
    0.6965,
    0.7032,
    0.7007,
    0.6601,
    0.7305999999999999,
    0.7028000000000001,
    0.7257999999999999,
    0.7350999999999999,
    0.7488999999999999,
    0.743,
    0.7623,
    0.7285999999999999,
    0.7516,
    0.739,
    0.7504000000000001,
    0.7535,
    0.7635,
    0.7388,
    0.765,
    0.7743,
    0.7679,
    0.7703,
    0.7737,
    0.7656000000000001,
    0.7714000000000001,
    0.7724,
    0.7872000000000001,
    0.7647999999999999,
    0.7915000000000001,
    0.7757000000000001,
    0.7608
  ]
}