{
  "setting": "setting_9",
  "train_accuracy": [
    0.3429338253158406,
    0.44005102040816324,
    0.4929296495383868,
    0.5385547634232264,
    0.5699803358843537,
    0.5987865570335277,
    0.6210975461613217,
    0.6504826819120505,
    0.6665119730928086,
    0.6864598517978621,
    0.693012026239067,
    0.708139729105928,
    0.7124066144314868,
    0.7265653471209912,
    0.7329969934402333,
    0.7436158056972788,
    0.7464648247691934,
    0.7539394664115646,
    0.7561991314382895,
    0.7607763529518949,
    0.7677081435252673,
    0.7686163751214772,
    0.7752235939018464,
    0.7786050245991254,
    0.7825312044460642,
    0.7867221665451894,
    0.7870846999514092,
    0.7903066918731778,
    0.7936814792881439,
    0.7987075968780369,
    0.7992608873906705,
    0.8014863869655006,
    0.8044616284013605,
    0.8047349520165209,
    0.8087826090257532,
    0.8075004555393586,
    0.8084419035471332,
    0.8131387041423712,
    0.8120311740767736,
    0.8149466259718173,
    0.8154904260811467,
    0.8163056517249757,
    0.8170098396501458,
    0.819503917638484,
    0.8205241359936831,
    0.8220160273931001,
    0.8214579916788144,
    0.824906804239553,
    0.8247559068270165,
    0.8275337478741497
  ],
  "test_accuracy": [
    0.3654,
    0.43620000000000003,
    0.4356,
    0.5142,
    0.5227,
    0.6,
    0.584,
    0.5280000000000001,
    0.5263000000000001,
    0.6112,
    0.5538,
    0.6876,
    0.6395,
    0.6634,
    0.6466000000000001,
    0.6944999999999999,
    0.6856000000000001,
    0.7032999999999999,
    0.7276,
    0.6937,
    0.6963,
    0.7021,
    0.6505000000000001,
    0.7306000000000001,
    0.697,
    0.7215,
    0.7143,
    0.7541,
    0.7454,
    0.7674000000000001,
    0.7413,
    0.7434,
    0.7433,
    0.7474000000000001,
    0.7647999999999999,
    0.7722,
    0.739,
    0.7681,
    0.7695000000000001,
    0.765,
    0.7712000000000001,
    0.7746999999999999,
    0.7634,
    0.7712000000000001,
    0.7761,
    0.7877000000000001,
    0.7702,
    0.7928,
    0.7805,
    0.7689000000000001
  ]
}