{
  "setting": "setting_13",
  "train_accuracy": [
    0.37655452806122447,
    0.489289700255102,
    0.5544642857142857,
    0.6045440051020408,
    0.6400191326530612,
    0.6733458227040817,
    0.6979272959183673,
    0.7154257015306121,
    0.7263472576530612,
    0.7405891262755102,
    0.7536112882653061,
    0.7599728954081633,
    0.7678491709183674,
    0.7745137117346939,
    0.779850924744898,
    0.786993781887755,
    0.7891422193877551,
    0.7956792091836735,
    0.7989277742346939,
    0.8059111926020408,
    0.8088129783163265,
    0.8086854272959183,
    0.8151626275510204,
    0.8169842155612245,
    0.8181959502551021,
    0.8206473214285714,
    0.8250398596938775,
    0.8268893494897959,
    0.8286192602040817,
    0.8315011160714286,
    0.8328045280612245,
    0.8345025510204082,
    0.8373086734693879,
    0.8361248405612245,
    0.839369419642857,
    0.8427495216836736,
    0.8418845663265306,
    0.8453404017857143,
    0.8459542410714286,
    0.8463887117346939,
    0.847054368622449,
    0.8507732780612245,
    0.8511957908163265,
    0.8521245216836734,
    0.8550223214285714,
    0.8560945471938776,
    0.8565051020408163,
    0.8577885841836735,
    0.8591119260204082,
    0.8587133290816327
  ],
  "test_accuracy": [
    0.318,
    0.4244,
    0.4786,
    0.5218999999999999,
    0.45899999999999996,
    0.36920000000000003,
    0.3652,
    0.5496000000000001,
    0.533,
    0.48929999999999996,
    0.6146999999999999,
    0.7114,
    0.6431,
    0.6824,
    0.5521,
    0.6969,
    0.6616000000000001,
    0.7598,
    0.7395,
    0.7466999999999999,
    0.7510000000000001,
    0.7019,
    0.7058,
    0.7332,
    0.7246,
    0.5608,
    0.773,
    0.7585,
    0.7783000000000001,
    0.7809,
    0.7858,
    0.773,
    0.7735,
    0.7878999999999999,
    0.7725,
    0.7941,
    0.759,
    0.78,
    0.8062000000000001,
    0.7815000000000001,
    0.7981999999999999,
    0.783,
    0.8038000000000001,
    0.8015000000000001,
    0.8112,
    0.8044000000000002,
    0.7862000000000001,
    0.8149000000000001,
    0.8101,
    0.7905
  ]
}