{
  "setting": "setting_1",
  "train_accuracy": [
    0.43648097826086957,
    0.5834398976982097,
    0.6458799552429667,
    0.6864010549872123,
    0.7180506713554987,
    0.7354140025575447,
    0.7547554347826086,
    0.764266304347826,
    0.7790720907928389,
    0.7864050511508951,
    0.7973345588235294,
    0.8028692455242967,
    0.8057664641943734,
    0.8127197890025576,
    0.818454283887468,
    0.8289042519181585,
    0.8316016624040921,
    0.8329403772378516,
    0.8375159846547314,
    0.8401934143222506,
    0.845608216112532,
    0.8490848785166241,
    0.852181905370844,
    0.8550591432225064,
    0.8572969948849105,
    0.859434942455243,
    0.8627317774936062,
    0.8653492647058824,
    0.8687460038363172,
    0.8699448529411765,
    0.8718230498721228,
    0.8718630115089514,
    0.8761988491048593,
    0.8773976982097187,
    0.8780770460358056,
    0.8787763746803069,
    0.8801350703324808,
    0.8824728260869565,
    0.8819333439897699,
    0.8843710038363172,
    0.8856297953964194,
    0.8845308503836317,
    0.8867487212276215,
    0.8869884910485933,
    0.8899056905370843,
    0.8902054028132992,
    0.8908447890025576,
    0.8909646739130435,
    0.8936421035805626,
    0.8930027173913043
  ],
  "test_accuracy": [
    0.3511,
    0.4445,
    0.5843999999999999,
    0.5277000000000001,
    0.6564,
    0.6855,
    0.703,
    0.6822,
    0.7201,
    0.6698000000000002,
    0.6921999999999999,
    0.7397,
    0.7657999999999999,
    0.7295999999999999,
    0.7266,
    0.7635000000000001,
    0.794,
    0.7615000000000001,
    0.7585,
    0.8038000000000001,
    0.7854000000000001,
    0.8122999999999999,
    0.8114000000000001,
    0.8154,
    0.8146999999999999,
    0.8081999999999999,
    0.8251,
    0.8230000000000001,
    0.8238999999999999,
    0.8225999999999999,
    0.8311999999999999,
    0.8286999999999999,
    0.8308,
    0.8263999999999999,
    0.8354999999999999,
    0.8388,
    0.834,
    0.8425999999999998,
    0.8343,
    0.8419000000000001,
    0.8455,
    0.8328,
    0.8455999999999999,
    0.8408,
    0.8439,
    0.8436,
    0.8457999999999999,
    0.8422000000000001,
    0.8503000000000001,
    0.8408
  ]
}