{
  "setting": "setting_3",
  "train_accuracy": [
    0.3770288584183673,
    0.491390306122449,
    0.555337213010204,
    0.6058553890306123,
    0.6394331951530612,
    0.6709382971938775,
    0.6965959821428571,
    0.7096500318877551,
    0.7204241071428571,
    0.7380899234693877,
    0.751450892857143,
    0.7598891900510204,
    0.7668247767857143,
    0.774740911989796,
    0.7835060586734693,
    0.789437181122449,
    0.791780931122449,
    0.7972696109693879,
    0.8008290816326531,
    0.8065808354591837,
    0.8094985650510205,
    0.8091876594387756,
    0.8159598214285714,
    0.8203045280612244,
    0.8209941007653061,
    0.8234414859693877,
    0.824186862244898,
    0.8284159757653061,
    0.8310267857142857,
    0.833657525510204,
    0.8355668048469388,
    0.8366191007653061,
    0.836945950255102,
    0.8388472576530612,
    0.8400310905612245,
    0.8409558354591837,
    0.8442801339285714,
    0.8448381696428571,
    0.8438775510204082,
    0.8469188456632653,
    0.845475924744898,
    0.8490114795918368,
    0.8500239158163266,
    0.8504185267857143,
    0.8510164221938775,
    0.8550621811224489,
    0.8533920599489796,
    0.855859375,
    0.8563097895408163,
    0.8575334821428571
  ],
  "test_accuracy": [
    0.33230000000000004,
    0.43099999999999994,
    0.4798,
    0.5027999999999999,
    0.4861,
    0.3465,
    0.38049999999999995,
    0.5462,
    0.4837000000000001,
    0.4609,
    0.6698,
    0.7003999999999999,
    0.6543000000000001,
    0.6479,
    0.5498000000000001,
    0.705,
    0.6719,
    0.7519,
    0.7501,
    0.7504,
    0.7632000000000001,
    0.7379,
    0.7282,
    0.7611000000000001,
    0.7524,
    0.6457,
    0.7807000000000001,
    0.7733000000000001,
    0.7726,
    0.7882,
    0.7966,
    0.7737000000000002,
    0.7861,
    0.7922,
    0.7939999999999999,
    0.7966000000000001,
    0.7666999999999999,
    0.7769,
    0.8062000000000001,
    0.7871,
    0.8032,
    0.7779,
    0.8126999999999999,
    0.7946,
    0.8173999999999999,
    0.8036000000000001,
    0.7914,
    0.8124,
    0.8097,
    0.7988
  ]
}