{
  "setting": "setting_7",
  "train_accuracy": [
    0.4097985933503836,
    0.5427030051150895,
    0.6133791560102302,
    0.6618925831202046,
    0.6885270140664962,
    0.7126798273657289,
    0.7306425831202046,
    0.7453884271099743,
    0.7592511189258312,
    0.7702645460358055,
    0.7803188938618926,
    0.7877677429667519,
    0.7938898657289002,
    0.800883152173913,
    0.8073009910485934,
    0.8143302429667519,
    0.8167239450127878,
    0.8225383631713555,
    0.8249920076726343,
    0.8295995843989771,
    0.8341552109974425,
    0.8336357097186702,
    0.841064578005115,
    0.840565057544757,
    0.84536844629156,
    0.8473585358056266,
    0.8492087595907928,
    0.8524376598465474,
    0.8543558184143223,
    0.8577725383631715,
    0.8573209718670076,
    0.8587116368286446,
    0.8626638427109974,
    0.8645780051150895,
    0.8663403132992327,
    0.8687420076726343,
    0.8695851982097187,
    0.871671195652174,
    0.8736612851662404,
    0.8724184782608696,
    0.8748041879795396,
    0.8755714514066496,
    0.8753276854219949,
    0.8772418478260869,
    0.8796515345268543,
    0.880810421994885,
    0.8816216432225065,
    0.8817055626598466,
    0.8846507352941176,
    0.8833280051150896
  ],
  "test_accuracy": [
    0.3791,
    0.5561,
    0.5378000000000001,
    0.6106,
    0.6295000000000001,
    0.6629,
    0.7162,
    0.6632,
    0.7143,
    0.6148,
    0.7058,
    0.7637,
    0.755,
    0.7624,
    0.7348,
    0.7736,
    0.7703,
    0.7986,
    0.7778,
    0.7903,
    0.7937000000000001,
    0.7796000000000001,
    0.794,
    0.7978999999999999,
    0.7888,
    0.7834000000000001,
    0.8082,
    0.8151999999999999,
    0.8130999999999998,
    0.8255000000000001,
    0.8282999999999999,
    0.8118000000000001,
    0.8072000000000001,
    0.819,
    0.8174999999999999,
    0.8282999999999999,
    0.827,
    0.8241999999999999,
    0.8318999999999999,
    0.8321,
    0.8286,
    0.8312999999999999,
    0.8366999999999999,
    0.8304,
    0.8297000000000001,
    0.8343,
    0.8321999999999999,
    0.8412,
    0.8351,
    0.8339999999999999
  ]
}