{
  "setting": "setting_15",
  "train_accuracy": [
    0.30667559624085483,
    0.39134811501251443,
    0.43099647730554486,
    0.4623243165190604,
    0.49232700892857145,
    0.5196489489073931,
    0.5403094315556412,
    0.5648908295629573,
    0.5717940773007316,
    0.5883760859886408,
    0.6133410395408163,
    0.6157032904553331,
    0.6361272471842511,
    0.6447087384482094,
    0.6560612305063535,
    0.6665168794522526,
    0.6757977955333077,
    0.6815157814304967,
    0.6858736492828265,
    0.7037864452974587,
    0.7084876329659222,
    0.7090347636696188,
    0.7094367449220254,
    0.7158259530227185,
    0.7294203648440509,
    0.7275232690363882,
    0.7318059299191375,
    0.7380048643867925,
    0.7416084063342319,
    0.7456504049143242,
    0.7455233051357335,
    0.7504087498796689,
    0.750984083196958,
    0.7550204412543319,
    0.7556175845927993,
    0.7590737208798614,
    0.7630905251251444,
    0.7692574966307277,
    0.7657795503224875,
    0.7708996408115133,
    0.7707676525798999,
    0.7693071332306507,
    0.7733972642712746,
    0.7764517953407779,
    0.7765777670148248,
    0.780467847516365,
    0.7827842221794379,
    0.783836367683866,
    0.7847779589430112,
    0.7874361492828265
  ],
  "test_accuracy": [
    0.33830000000000005,
    0.35589999999999994,
    0.40359999999999996,
    0.4551,
    0.4441,
    0.4756,
    0.43389999999999995,
    0.5075999999999999,
    0.5675,
    0.5392,
    0.5643,
    0.5381000000000001,
    0.6154,
    0.5548,
    0.6326,
    0.458,
    0.6275999999999999,
    0.6653,
    0.6215999999999999,
    0.6096,
    0.6277,
    0.6586000000000001,
    0.6846,
    0.6428,
    0.6572,
    0.6833,
    0.641,
    0.7115999999999999,
    0.6684000000000001,
    0.6956999999999999,
    0.6965,
    0.7110000000000001,
    0.7095999999999999,
    0.7304999999999999,
    0.7306,
    0.7111999999999999,
    0.722,
    0.7434999999999999,
    0.7112999999999998,
    0.7464999999999999,
    0.7466,
    0.7194,
    0.7394000000000001,
    0.7472000000000001,
    0.7366999999999999,
    0.7567999999999999,
    0.7221,
    0.75,
    0.7515000000000001,
    0.7207
  ]
}