{
  "setting": "setting_17",
  "train_accuracy": [
    0.40955083120204605,
    0.541923753196931,
    0.6141584079283888,
    0.6627917199488491,
    0.6886429028132992,
    0.7114330242966752,
    0.7315656969309463,
    0.7422274616368286,
    0.7596027813299232,
    0.7689937659846547,
    0.779599584398977,
    0.7868406329923274,
    0.7942934782608696,
    0.7959718670076726,
    0.8038123401534526,
    0.8092671035805626,
    0.8152293797953963,
    0.8189018542199489,
    0.8203524616368286,
    0.8272458439897699,
    0.8336357097186702,
    0.8308184143222507,
    0.8401854219948849,
    0.8407328964194374,
    0.8437460038363171,
    0.8470947890025575,
    0.8496563299232737,
    0.8525175831202046,
    0.8562539961636829,
    0.8578924232736573,
    0.8581122122762149,
    0.860378037084399,
    0.8616847826086956,
    0.8637827685421995,
    0.8654092071611253,
    0.8683224104859336,
    0.8694693094629156,
    0.8716791879795397,
    0.8738690856777493,
    0.8752237851662403,
    0.8776974104859335,
    0.8765744884910487,
    0.8765585038363172,
    0.8807265025575447,
    0.8812460038363171,
    0.8819173593350383,
    0.8842391304347826,
    0.883787563938619,
    0.8852501598465473,
    0.8865529092071611
  ],
  "test_accuracy": [
    0.36229999999999996,
    0.5553000000000001,
    0.5346000000000001,
    0.6014,
    0.6224,
    0.6476000000000001,
    0.7017,
    0.6246,
    0.7077,
    0.6415,
    0.696,
    0.7539999999999999,
    0.7544,
    0.7569,
    0.7381,
    0.7517,
    0.7745,
    0.7881,
    0.7727,
    0.7788999999999999,
    0.7963000000000001,
    0.7666,
    0.7848,
    0.7919,
    0.7853000000000001,
    0.7784,
    0.8157,
    0.8080999999999999,
    0.8109,
    0.8253,
    0.8267999999999999,
    0.8018000000000001,
    0.8054,
    0.8189,
    0.8157,
    0.8309,
    0.8211999999999999,
    0.8207000000000001,
    0.8331,
    0.8257,
    0.8337,
    0.8346,
    0.8359,
    0.826,
    0.834,
    0.8329999999999999,
    0.8343999999999999,
    0.8392,
    0.8389999999999999,
    0.8362999999999999
  ]
}