{
  "setting": "setting_27",
  "train_accuracy": [
    0.4077925191815857,
    0.5418718030690537,
    0.6131234015345268,
    0.6550071930946292,
    0.6876078964194373,
    0.7108216112531969,
    0.731397858056266,
    0.7469868925831201,
    0.7614769820971867,
    0.771283567774936,
    0.7815577046035805,
    0.7890784846547315,
    0.795076726342711,
    0.8016863810741689,
    0.8106178069053709,
    0.814681905370844,
    0.8197090792838875,
    0.8227821291560102,
    0.8244445332480819,
    0.8292119565217392,
    0.8371043797953964,
    0.8344669117647059,
    0.8426710358056266,
    0.8431066176470589,
    0.8493046675191815,
    0.8517703005115089,
    0.8548513427109974,
    0.8561381074168798,
    0.857193094629156,
    0.862943574168798,
    0.862763746803069,
    0.8631393861892583,
    0.8651054987212277,
    0.8683743606138108,
    0.8685062340153452,
    0.869309462915601,
    0.8707680626598465,
    0.8715153452685421,
    0.8755674552429668,
    0.8752677429667519,
    0.877561540920716,
    0.8770580242966752,
    0.8796914961636829,
    0.8813339194373402,
    0.8828284846547315,
    0.8829803388746803,
    0.8837675831202046,
    0.8833479859335039,
    0.886321131713555,
    0.8863531010230179
  ],
  "test_accuracy": [
    0.36439999999999995,
    0.5518,
    0.5520000000000002,
    0.5844999999999999,
    0.6175,
    0.6561,
    0.7031,
    0.6688000000000001,
    0.7138,
    0.631,
    0.7001999999999999,
    0.758,
    0.758,
    0.7685000000000001,
    0.7372,
    0.7676000000000001,
    0.7875,
    0.7979,
    0.7767000000000001,
    0.7910000000000001,
    0.7986000000000001,
    0.7620000000000001,
    0.8046000000000001,
    0.7981000000000001,
    0.7953000000000001,
    0.7904,
    0.8188000000000001,
    0.8157,
    0.8234999999999999,
    0.8243,
    0.8292999999999999,
    0.8145999999999999,
    0.8149,
    0.8177999999999999,
    0.8191,
    0.8308,
    0.8237,
    0.8139,
    0.834,
    0.8304,
    0.8327,
    0.8317,
    0.8375,
    0.8324,
    0.8341,
    0.8353999999999999,
    0.8361000000000001,
    0.8419000000000001,
    0.8379,
    0.8326
  ]
}