{
  "setting": "setting_29",
  "train_accuracy": [
    0.3418585626214771,
    0.440579635872206,
    0.49174240008503406,
    0.5340060131195336,
    0.5692353392249757,
    0.5981165345602526,
    0.621111781766278,
    0.6510796282798834,
    0.6673585170675413,
    0.6822233357628765,
    0.6915068482750243,
    0.70941618835034,
    0.7144612867468416,
    0.7291562272230321,
    0.7356666438896988,
    0.7474024766156462,
    0.7511397974368318,
    0.7525130587949466,
    0.7638427022594751,
    0.7675335201044704,
    0.7744150115403304,
    0.7765408618804664,
    0.7828187636661808,
    0.7873409408406219,
    0.7906436011904763,
    0.7946343157798834,
    0.7941028531948494,
    0.7954447962220602,
    0.7979872752672498,
    0.8038570897108844,
    0.8045024371355685,
    0.808235012755102,
    0.8085871067176871,
    0.8108866314382895,
    0.8147653592687074,
    0.8131605320699709,
    0.8153395286686103,
    0.8176314610665695,
    0.8178307595359573,
    0.8203694424198251,
    0.8197848335762876,
    0.822306433734208,
    0.8234851418245869,
    0.8250785805393586,
    0.8268029868197279,
    0.8283043686224489,
    0.8296795280612245,
    0.8314561315597667,
    0.8316288568999028,
    0.8341941129130224
  ],
  "test_accuracy": [
    0.37150000000000005,
    0.4051,
    0.41509999999999997,
    0.4779,
    0.5183,
    0.5776999999999999,
    0.5197,
    0.5118,
    0.5622,
    0.6204,
    0.5765,
    0.6878,
    0.6496999999999999,
    0.6702000000000001,
    0.6652,
    0.6826000000000001,
    0.6847000000000001,
    0.6815,
    0.7189,
    0.7057999999999999,
    0.6910999999999998,
    0.7222999999999999,
    0.6566,
    0.7335999999999999,
    0.7002999999999999,
    0.7373,
    0.7398,
    0.7582,
    0.7426,
    0.7706000000000001,
    0.7417999999999999,
    0.7588,
    0.7444000000000001,
    0.7547999999999999,
    0.7613,
    0.7735000000000001,
    0.7296,
    0.7706999999999999,
    0.7755,
    0.77,
    0.7735000000000001,
    0.7738,
    0.7668000000000001,
    0.7814000000000001,
    0.7788000000000002,
    0.7879,
    0.7731,
    0.7978999999999999,
    0.7830999999999999,
    0.7772
  ]
}