{
  "setting": "setting_28",
  "train_accuracy": [
    0.3769491390306122,
    0.4912707270408163,
    0.5518534757653061,
    0.6038624043367348,
    0.6371890943877551,
    0.6689333545918368,
    0.6954041772959183,
    0.707421875,
    0.7205994897959185,
    0.7370176977040817,
    0.7502471301020408,
    0.757338169642857,
    0.7654974489795918,
    0.7733697385204081,
    0.7776586415816327,
    0.784944993622449,
    0.7876833545918368,
    0.7948700573979592,
    0.7982142857142857,
    0.8055285395408163,
    0.8094068877551021,
    0.8115593112244899,
    0.8157326211734693,
    0.8207190688775511,
    0.8220822704081633,
    0.8227519132653062,
    0.8237244897959183,
    0.8273716517857143,
    0.8303970025510204,
    0.8323341836734693,
    0.8342514349489796,
    0.8338089923469387,
    0.8366350446428571,
    0.8379623724489795,
    0.8396045918367347,
    0.8414939413265307,
    0.8424226721938776,
    0.8447305484693877,
    0.8451610331632654,
    0.8479352678571429,
    0.8473732461734694,
    0.848748405612245,
    0.8501713966836734,
    0.851415019132653,
    0.8519252232142857,
    0.8543845663265306,
    0.8556401466836734,
    0.8568359375,
    0.8574139030612244,
    0.8591996173469387
  ],
  "test_accuracy": [
    0.3439,
    0.41679999999999995,
    0.46309999999999996,
    0.5085,
    0.4758,
    0.3378,
    0.3769,
    0.5325,
    0.5031,
    0.42940000000000006,
    0.6343,
    0.7114,
    0.6277000000000001,
    0.6858,
    0.46939999999999993,
    0.6767,
    0.6548999999999999,
    0.7422,
    0.7081999999999999,
    0.7484,
    0.7466,
    0.7336,
    0.7094,
    0.7599,
    0.7677999999999999,
    0.6082,
    0.7845000000000001,
    0.7628,
    0.7694,
    0.7799000000000001,
    0.7958000000000001,
    0.7358,
    0.7786000000000001,
    0.7631,
    0.7769,
    0.798,
    0.78,
    0.7856000000000001,
    0.7978000000000001,
    0.7611,
    0.7985000000000001,
    0.7837000000000001,
    0.8122999999999999,
    0.7963,
    0.8053999999999999,
    0.7921,
    0.7921,
    0.8092,
    0.8061,
    0.8027
  ]
}