{
  "setting": "setting_26",
  "train_accuracy": [
    0.4366608056265985,
    0.5819413363171355,
    0.6443214514066496,
    0.6843030690537084,
    0.7183304028132992,
    0.7334159207161125,
    0.7545756074168798,
    0.7651054987212276,
    0.7792319373401535,
    0.7872242647058824,
    0.7975543478260869,
    0.8020100703324808,
    0.8091831841432225,
    0.8124800191815856,
    0.819693094629156,
    0.8278852301790282,
    0.8301031010230179,
    0.8340193414322251,
    0.838355179028133,
    0.8402533567774936,
    0.8427709398976982,
    0.8487052429667519,
    0.8521619245524297,
    0.8538203324808185,
    0.8591552109974424,
    0.8580362851662404,
    0.86247202685422,
    0.8638307225063938,
    0.8659886508951407,
    0.868925831202046,
    0.8685861572890026,
    0.8736213235294118,
    0.8737412084398977,
    0.8763187340153452,
    0.8772977941176471,
    0.8787364130434783,
    0.8816136508951407,
    0.8814138427109974,
    0.8853700447570333,
    0.8855099104859335,
    0.8858695652173914,
    0.8884470907928389,
    0.8889066496163683,
    0.8911045396419437,
    0.8937619884910486,
    0.8926830242966752,
    0.894221547314578,
    0.8937020460358056,
    0.896639226342711,
    0.8972985933503836
  ],
  "test_accuracy": [
    0.36279999999999996,
    0.5062,
    0.6287,
    0.48869999999999997,
    0.6702,
    0.6746,
    0.6834999999999999,
    0.6660000000000001,
    0.7283999999999999,
    0.5854,
    0.6917,
    0.7632999999999999,
    0.7661,
    0.6718,
    0.6282,
    0.7882,
    0.7946000000000001,
    0.7613,
    0.7750999999999999,
    0.7952,
    0.7843000000000001,
    0.8098000000000001,
    0.7930000000000001,
    0.8148,
    0.8218,
    0.7682,
    0.7944,
    0.8247,
    0.8145999999999999,
    0.8240000000000001,
    0.8192,
    0.8219999999999998,
    0.8296999999999999,
    0.8219000000000001,
    0.8371999999999999,
    0.8225,
    0.8121,
    0.8379,
    0.8319999999999999,
    0.8456999999999999,
    0.8449,
    0.8365,
    0.8487,
    0.8445,
    0.8469999999999999,
    0.8375,
    0.8472999999999999,
    0.8452,
    0.8481,
    0.8501999999999998
  ]
}