{
  "setting": "setting_21",
  "train_accuracy": [
    0.4364210358056266,
    0.5816416240409207,
    0.6432624680306905,
    0.6844229539641944,
    0.7187300191815856,
    0.7348145780051151,
    0.7584718670076727,
    0.7675631393861893,
    0.7799312659846548,
    0.7870644181585678,
    0.7966951726342711,
    0.801650415601023,
    0.8075847186700768,
    0.8157169117647058,
    0.8215712915601023,
    0.8259071291560103,
    0.8279651534526854,
    0.831781489769821,
    0.8334199168797954,
    0.8384550831202046,
    0.8430706521739131,
    0.8439897698209718,
    0.8500839194373402,
    0.8540401214833759,
    0.8568574168797954,
    0.8560182225063938,
    0.8592151534526854,
    0.8594749040920716,
    0.8638107416879796,
    0.8634910485933504,
    0.8676470588235294,
    0.8685062340153452,
    0.8709438938618926,
    0.8739010549872123,
    0.8757792519181585,
    0.875559462915601,
    0.8775975063938619,
    0.8776574488491049,
    0.8778972186700768,
    0.8787963554987213,
    0.8831122122762148,
    0.8810941496163683,
    0.8833320012787724,
    0.8862092391304348,
    0.8875679347826086,
    0.8890664961636828,
    0.8879475703324808,
    0.8886269181585678,
    0.8913043478260869,
    0.8933024296675192
  ],
  "test_accuracy": [
    0.3355,
    0.4840999999999999,
    0.6148,
    0.5206000000000001,
    0.6565,
    0.6506000000000001,
    0.7069,
    0.6619,
    0.7379,
    0.6352,
    0.6586000000000001,
    0.7765,
    0.7651999999999999,
    0.7071,
    0.7072999999999998,
    0.7688,
    0.7807,
    0.7851000000000001,
    0.7771,
    0.7839000000000002,
    0.7783,
    0.8152000000000001,
    0.8042999999999999,
    0.8073,
    0.8122,
    0.7766,
    0.7938000000000002,
    0.8141,
    0.8219,
    0.8146000000000001,
    0.8239000000000001,
    0.8054,
    0.8311999999999999,
    0.8242999999999998,
    0.8310000000000001,
    0.8320000000000001,
    0.8321,
    0.8344999999999999,
    0.8314,
    0.8356999999999999,
    0.8408,
    0.8324,
    0.8376999999999999,
    0.8382,
    0.8311,
    0.8385,
    0.8343,
    0.8459,
    0.845,
    0.8421
  ]
}