{
  "setting": "setting_16",
  "train_accuracy": [
    0.10346067774936062,
    0.10152253836317135,
    0.10264146419437341,
    0.09752637468030691,
    0.09355019181585678,
    0.09562819693094629,
    0.09768622122762148,
    0.09924472506393862,
    0.09948449488491048,
    0.09960437979539642,
    0.09986413043478261,
    0.10008391943734016,
    0.09996403452685422,
    0.10002397698209718,
    0.10002397698209718,
    0.10002397698209718,
    0.10008391943734016,
    0.10002397698209718,
    0.09996403452685422,
    0.09990409207161126,
    0.09996403452685422,
    0.09990409207161126,
    0.09996403452685422,
    0.09990409207161126,
    0.09990409207161126,
    0.09996403452685422,
    0.09996403452685422,
    0.09996403452685422,
    0.10002397698209718,
    0.10014386189258312,
    0.10008391943734016,
    0.10014386189258312,
    0.09996403452685422,
    0.09996403452685422,
    0.09990409207161126,
    0.10008391943734016,
    0.10008391943734016,
    0.09996403452685422,
    0.09996403452685422,
    0.10008391943734016,
    0.10002397698209718,
    0.09990409207161126,
    0.10002397698209718,
    0.09990409207161126,
    0.10002397698209718,
    0.10008391943734016,
    0.09990409207161126,
    0.10014386189258312,
    0.10002397698209718,
    0.09996403452685422
  ],
  "test_accuracy": [
    0.1013,
    0.1035,
    0.102,
    0.1006,
    0.0955,
    0.097,
    0.0989,
    0.0997,
    0.0998,
    0.1,
    0.0999,
    0.1,
    0.1,
    0.1,
    0.1,
    0.1,
    0.1,
    0.1,
    0.1,
    0.1,
    0.1,
    0.1,
    0.1,
    0.1,
    0.1,
    0.1,
    0.1,
    0.1,
    0.1,
    0.1,
    0.1,
    0.1,
    0.1,
    0.1,
    0.1,
    0.1,
    0.1,
    0.1,
    0.1,
    0.1,
    0.1,
    0.1,
    0.1,
    0.1,
    0.1,
    0.1,
    0.1,
    0.1,
    0.1,
    0.1
  ]
}