{
  "setting": "setting_14",
  "train_accuracy": [
    0.10582369108357628,
    0.10391422193877552,
    0.10290634110787172,
    0.1023587448372206,
    0.10181019952623907,
    0.10142014395043732,
    0.10134232264334304,
    0.1011117058430515,
    0.10143248147473276,
    0.10174376670310982,
    0.10216893677113703,
    0.10249350856413994,
    0.10246693543488825,
    0.10279530338921283,
    0.10248781432215744,
    0.10245744503158405,
    0.10235684675655977,
    0.1009892796404276,
    0.10067989249271136,
    0.10061630679057336,
    0.10090196793002916,
    0.0995932413143829,
    0.09925443391642372,
    0.09898775358357628,
    0.09781379069484936,
    0.09807952198736637,
    0.09842117650631681,
    0.09681540026724976,
    0.09813646440719145,
    0.09749301506316813,
    0.09691504950194363,
    0.0963133579324587,
    0.09608369017249759,
    0.09594797740524783,
    0.09588628978377065,
    0.0955332467808552,
    0.09552090925655977,
    0.09408880739795919,
    0.09620991253644315,
    0.09490782920310982,
    0.09553989006316813,
    0.09495148505830904,
    0.0954801005223518,
    0.09506062469630709,
    0.09416473062439261,
    0.09387906948493684,
    0.09507296222060252,
    0.09488125607385811,
    0.09380219721817298,
    0.09582650024295432
  ],
  "test_accuracy": [
    0.1064,
    0.1046,
    0.1028,
    0.1019,
    0.1013,
    0.1024,
    0.1017,
    0.1034,
    0.1029,
    0.1035,
    0.1045,
    0.1039,
    0.1057,
    0.1042,
    0.1043,
    0.104,
    0.1048,
    0.1047,
    0.1033,
    0.1025,
    0.1025,
    0.1022,
    0.101,
    0.1012,
    0.102,
    0.1004,
    0.1028,
    0.101,
    0.1011,
    0.1001,
    0.1,
    0.0992,
    0.1001,
    0.1021,
    0.1022,
    0.1003,
    0.1002,
    0.1013,
    0.1003,
    0.1014,
    0.0972,
    0.0995,
    0.0984,
    0.0993,
    0.0993,
    0.0988,
    0.0988,
    0.0984,
    0.1001,
    0.0974
  ]
}