{
  "setting": "setting_17",
  "train_accuracy": [
    0.10495524296675192,
    0.10272937979539641,
    0.1013706841432225,
    0.10135869565217391,
    0.10230978260869565,
    0.10304108056265984,
    0.10206202046035806,
    0.0992247442455243,
    0.096403452685422,
    0.09534846547314578,
    0.09501678388746802,
    0.09426950127877237,
    0.09474104859335039,
    0.09533647698209718,
    0.09598785166240409,
    0.09663123401534526,
    0.09735054347826086,
    0.09821371483375958,
    0.09840952685421994,
    0.09900495524296675,
    0.09920076726342711,
    0.09927669437340154,
    0.09956042199488492,
    0.09975623401534528,
    0.09978820332480819,
    0.09981218030690536,
    0.09994005754475703,
    0.09992007672634272,
    0.09996003836317136,
    0.10001598465473147,
    0.09998001918158568,
    0.10002397698209718,
    0.10002397698209718,
    0.09995204603580563,
    0.09995204603580563,
    0.1,
    0.10002397698209718,
    0.1,
    0.0999880115089514,
    0.10001198849104859,
    0.1,
    0.0999880115089514,
    0.09996403452685422,
    0.09997602301790282,
    0.10003596547314579,
    0.10003596547314579,
    0.0999880115089514,
    0.10007193094629155,
    0.10002397698209718,
    0.0999880115089514
  ],
  "test_accuracy": [
    0.1042,
    0.1019,
    0.1017,
    0.1034,
    0.1057,
    0.1039,
    0.1027,
    0.1002,
    0.1006,
    0.0974,
    0.0988,
    0.0955,
    0.0954,
    0.0957,
    0.096,
    0.0962,
    0.0979,
    0.0983,
    0.0993,
    0.0998,
    0.0993,
    0.0999,
    0.0994,
    0.0999,
    0.1,
    0.1,
    0.1,
    0.0999,
    0.1,
    0.1,
    0.0999,
    0.1,
    0.1,
    0.1,
    0.1,
    0.1,
    0.1,
    0.1,
    0.1,
    0.1,
    0.1,
    0.1,
    0.1,
    0.1,
    0.1,
    0.1,
    0.1,
    0.1,
    0.1,
    0.1
  ]
}