{
  "setting": "setting_18",
  "train_accuracy": [
    0.10597895408163266,
    0.10416932397959185,
    0.10247528698979592,
    0.10200892857142857,
    0.10147480867346939,
    0.10141501913265306,
    0.10107621173469389,
    0.10098054846938775,
    0.10153459821428572,
    0.10184550382653061,
    0.10259885204081633,
    0.10196109693877552,
    0.10244738520408163,
    0.10279017857142858,
    0.10230389030612244,
    0.10286989795918368,
    0.10293765943877552,
    0.10185347576530612,
    0.10128348214285714,
    0.10023915816326531,
    0.10125956632653062,
    0.09860491071428572,
    0.09935825892857142,
    0.09903140943877552,
    0.09760044642857142,
    0.09823421556122448,
    0.09848931760204083,
    0.09764429209183673,
    0.09847337372448979,
    0.09768016581632653,
    0.09710618622448978,
    0.0966717155612245,
    0.09593431122448981,
    0.09644451530612244,
    0.09602997448979592,
    0.09583067602040815,
    0.09601403061224491,
    0.09492586096938775,
    0.0964764030612245,
    0.09549585459183674,
    0.09538026147959185,
    0.0959064094387755,
    0.09614556760204081,
    0.09549186862244897,
    0.09526865433673469,
    0.09392139668367348,
    0.09559948979591837,
    0.09535634566326531,
    0.09459103954081632,
    0.09532844387755102
  ],
  "test_accuracy": [
    0.1064,
    0.1046,
    0.1029,
    0.1017,
    0.1011,
    0.1021,
    0.1018,
    0.1035,
    0.103,
    0.1037,
    0.1042,
    0.1034,
    0.1059,
    0.1044,
    0.1043,
    0.104,
    0.1046,
    0.1047,
    0.1035,
    0.1026,
    0.1026,
    0.1025,
    0.1014,
    0.1011,
    0.1024,
    0.1004,
    0.103,
    0.1012,
    0.1013,
    0.0998,
    0.1003,
    0.1004,
    0.0994,
    0.1024,
    0.1022,
    0.1019,
    0.1002,
    0.1016,
    0.1004,
    0.1018,
    0.0982,
    0.0999,
    0.1001,
    0.0986,
    0.0989,
    0.0989,
    0.1001,
    0.0992,
    0.1,
    0.0977
  ]
}