{
  "setting": "setting_21",
  "train_accuracy": [
    0.1006633631713555,
    0.16086556905370844,
    0.20837995524296676,
    0.2271019820971867,
    0.23061860613810742,
    0.24176790281329924,
    0.24742247442455242,
    0.2515185421994885,
    0.2564538043478261,
    0.2599704283887468,
    0.25955083120204603,
    0.263207320971867,
    0.26362691815856776,
    0.2656050191815857,
    0.2669637148337596,
    0.27437659846547313,
    0.2780330882352941,
    0.2813299232736573,
    0.2827085997442455,
    0.2853061061381074,
    0.29110054347826086,
    0.2898017902813299,
    0.29639546035805625,
    0.29969229539641945,
    0.29807384910485935,
    0.3030890345268542,
    0.3075447570332481,
    0.30850383631713557,
    0.3096227621483376,
    0.31048193734015345,
    0.31291959718670076,
    0.31132113171355497,
    0.3139386189258312,
    0.3171555306905371,
    0.3155570652173913,
    0.3173553388746803,
    0.3218510230179028,
    0.32083200127877237,
    0.3226902173913043,
    0.3227701406649616,
    0.3264266304347826,
    0.32680626598465473,
    0.328065057544757,
    0.3286644820971867,
    0.3306625639386189,
    0.3283847506393862,
    0.3296635230179028,
    0.32994325447570333,
    0.33094229539641945,
    0.32846467391304346
  ],
  "test_accuracy": [
    0.1138,
    0.1877,
    0.232,
    0.2351,
    0.2441,
    0.2506,
    0.2546,
    0.2518,
    0.2593,
    0.2712,
    0.2553,
    0.2726,
    0.2737,
    0.2731,
    0.2813,
    0.2806,
    0.2905,
    0.2964,
    0.2881,
    0.2971,
    0.2898,
    0.304,
    0.296,
    0.2982,
    0.3064,
    0.3012,
    0.3185,
    0.3149,
    0.3143,
    0.3199,
    0.3187,
    0.3211,
    0.3221,
    0.3179,
    0.323,
    0.3251,
    0.3296,
    0.3297,
    0.3284,
    0.3368,
    0.3301,
    0.3362,
    0.333,
    0.3356,
    0.3348,
    0.3361,
    0.3338,
    0.339,
    0.3409,
    0.3385
  ]
}