{
  "setting": "setting_24",
  "train_accuracy": [
    0.11706412475704568,
    0.10238341988581147,
    0.09983999180029154,
    0.09998329689018465,
    0.10000417577745384,
    0.09999373633381925,
    0.09982006195335277,
    0.09989693422011663,
    0.10091050929300292,
    0.10895742225461613,
    0.11686197916666667,
    0.12635712767249757,
    0.13425978650388726,
    0.13475803267735667,
    0.14550876154033043,
    0.15553727071185616,
    0.1669912384596696,
    0.17674357689504372,
    0.18416507227891155,
    0.1931211658770651,
    0.2042610012755102,
    0.20486459092565595,
    0.21200232325072885,
    0.21094224520165208,
    0.21363657069970843,
    0.21561152362730807,
    0.21680826348396504,
    0.21624073736637514,
    0.21643813775510204,
    0.21664692662779397,
    0.2188505982750243,
    0.21981956845238093,
    0.22197673712342078,
    0.22103054391399415,
    0.2200131726797862,
    0.22308996143100096,
    0.2210267477526725,
    0.22179072521865892,
    0.22341358418367346,
    0.2236698250728863,
    0.22395453717201166,
    0.22487510629251703,
    0.22518544248056366,
    0.22473559736394558,
    0.22479538690476192,
    0.22616580114188534,
    0.22634706784499517,
    0.22741378917638486,
    0.2267219387755102,
    0.22635750728862974
  ],
  "test_accuracy": [
    0.1106,
    0.0999,
    0.1,
    0.1,
    0.1,
    0.1,
    0.1001,
    0.1009,
    0.1037,
    0.1165,
    0.125,
    0.1314,
    0.1319,
    0.1383,
    0.146,
    0.16,
    0.1683,
    0.1752,
    0.1951,
    0.2049,
    0.2101,
    0.2143,
    0.2199,
    0.217,
    0.2213,
    0.2165,
    0.2154,
    0.2174,
    0.2241,
    0.2235,
    0.2247,
    0.2269,
    0.2259,
    0.2253,
    0.2269,
    0.2282,
    0.2269,
    0.2271,
    0.2301,
    0.2314,
    0.2279,
    0.2274,
    0.2297,
    0.2301,
    0.2327,
    0.2287,
    0.2316,
    0.2324,
    0.2287,
    0.2338
  ]
}