{
  "setting": "setting_22",
  "train_accuracy": [
    0.10696930946291561,
    0.10075127877237851,
    0.12830083120204602,
    0.1723145780051151,
    0.20937499999999998,
    0.2164881713554987,
    0.22217471227621483,
    0.2299032928388747,
    0.2329403772378517,
    0.23351982097186702,
    0.23665281329923274,
    0.24051710358056266,
    0.24491288363171354,
    0.2472146739130435,
    0.24865728900255754,
    0.2508431905370844,
    0.2537563938618926,
    0.25421994884910487,
    0.25590632992327367,
    0.26033407928388747,
    0.26072969948849106,
    0.2605938299232737,
    0.2611852621483376,
    0.2628156969309463,
    0.2631673593350384,
    0.2649616368286445,
    0.26811460997442454,
    0.2680226982097187,
    0.2668718030690537,
    0.2687699808184143,
    0.2664641943734015,
    0.2710677749360614,
    0.26934942455242966,
    0.26972506393861895,
    0.26935741687979536,
    0.27155530690537083,
    0.270372442455243,
    0.2710997442455243,
    0.2734295076726343,
    0.2700447570332481,
    0.2704763427109974,
    0.27155530690537083,
    0.2728101023017903,
    0.2733176150895141,
    0.2719868925831202,
    0.2740768861892583,
    0.2748881074168798,
    0.2748281649616368,
    0.27394900895140667,
    0.2739649936061381
  ],
  "test_accuracy": [
    0.1,
    0.1063,
    0.1653,
    0.2027,
    0.2078,
    0.2336,
    0.2324,
    0.2325,
    0.233,
    0.243,
    0.247,
    0.2472,
    0.2511,
    0.2542,
    0.2592,
    0.249,
    0.2635,
    0.2603,
    0.2673,
    0.2631,
    0.2626,
    0.2659,
    0.2662,
    0.2658,
    0.2715,
    0.2673,
    0.2772,
    0.2728,
    0.2711,
    0.2678,
    0.2743,
    0.2749,
    0.2789,
    0.2799,
    0.2767,
    0.2724,
    0.2699,
    0.2791,
    0.2737,
    0.2813,
    0.276,
    0.274,
    0.2765,
    0.2766,
    0.2855,
    0.2776,
    0.2785,
    0.2776,
    0.2795,
    0.2788
  ]
}