{
  "setting": "setting_19",
  "train_accuracy": [
    0.10638172679786201,
    0.10520966198979592,
    0.10426251974003888,
    0.1035535866132167,
    0.10265674350097181,
    0.10255614522594753,
    0.10220025510204081,
    0.10193831997084549,
    0.10207972698007774,
    0.10157578656462586,
    0.10184056881681243,
    0.10154541727405247,
    0.10191649204324586,
    0.10154826439504373,
    0.10167069059766765,
    0.10148088253158405,
    0.10157009232264334,
    0.10115820881924198,
    0.1013394755223518,
    0.10122748876336249,
    0.10147044308794946,
    0.1015577547983479,
    0.10106804998785228,
    0.10118098578717202,
    0.10141255162779399,
    0.10135940536929057,
    0.10139926506316813,
    0.10136225249028183,
    0.10144481899902819,
    0.1015463663143829,
    0.10152169126579202,
    0.1013660486516035,
    0.10128443118318757,
    0.10146000364431487,
    0.10195255557580174,
    0.10156914328231292,
    0.10154921343537414,
    0.1016365251457726,
    0.1017855244776482,
    0.10149606717687075,
    0.1015207422254616,
    0.10147993349125364,
    0.10178647351797862,
    0.10160805393586006,
    0.10189656219630709,
    0.1016422193877551,
    0.1016517097910593,
    0.10152738550777454,
    0.10180735240524783,
    0.10171814261418853
  ],
  "test_accuracy": [
    0.1075,
    0.1065,
    0.1053,
    0.1044,
    0.1036,
    0.1035,
    0.1032,
    0.1026,
    0.1017,
    0.1014,
    0.1019,
    0.1016,
    0.102,
    0.1018,
    0.1018,
    0.1017,
    0.1021,
    0.1017,
    0.1019,
    0.1015,
    0.1016,
    0.1017,
    0.1017,
    0.1019,
    0.1019,
    0.1015,
    0.1022,
    0.1016,
    0.1028,
    0.1025,
    0.1019,
    0.1031,
    0.1023,
    0.102,
    0.1027,
    0.1035,
    0.1032,
    0.1029,
    0.1028,
    0.103,
    0.103,
    0.1036,
    0.1023,
    0.1037,
    0.1024,
    0.1018,
    0.1025,
    0.1023,
    0.1021,
    0.1031
  ]
}