{
  "setting": "setting_30",
  "train_accuracy": [
    0.10967846012225645,
    0.09965750746053138,
    0.0997917519012322,
    0.10245445465922219,
    0.10383299841162881,
    0.11202153325953022,
    0.10980367972660762,
    0.11467069876299577,
    0.10700447631882942,
    0.10618472035040433,
    0.11025943396226415,
    0.11308458377454755,
    0.12216244103773585,
    0.13140462552945706,
    0.14475085435117443,
    0.15351735476030035,
    0.1589119506882942,
    0.17872748303330765,
    0.19310931182614555,
    0.19453674010877936,
    0.20107260180015402,
    0.20764569094147092,
    0.20841693841451675,
    0.21256046640354254,
    0.21351070646418946,
    0.2139190803090104,
    0.21537734344917214,
    0.21871878910762418,
    0.2177132719243358,
    0.2219970609116288,
    0.2196224008471313,
    0.22145331452156336,
    0.22053578949268388,
    0.22187522562090875,
    0.2231375746053138,
    0.22321729399306892,
    0.22378172229976898,
    0.2250297819599538,
    0.22501511660088563,
    0.2239535702252599,
    0.22578523596938777,
    0.22544078804871004,
    0.22537122160184828,
    0.2272968960579515,
    0.22728599104736236,
    0.2271664119657297,
    0.2269829069599538,
    0.2287231962360416,
    0.22790043198883328,
    0.22681444334809397
  ],
  "test_accuracy": [
    0.10010000000000001,
    0.1,
    0.0999,
    0.10290000000000002,
    0.1142,
    0.11829999999999999,
    0.1111,
    0.10869999999999999,
    0.1082,
    0.1089,
    0.11080000000000001,
    0.11760000000000001,
    0.1266,
    0.13979999999999998,
    0.14689999999999998,
    0.1504,
    0.1613,
    0.1887,
    0.195,
    0.2023,
    0.20330000000000004,
    0.21230000000000002,
    0.2113,
    0.21590000000000004,
    0.2243,
    0.2212,
    0.22410000000000002,
    0.2209,
    0.225,
    0.22860000000000005,
    0.22489999999999996,
    0.2265,
    0.2258,
    0.23110000000000003,
    0.22950000000000004,
    0.23279999999999998,
    0.2325,
    0.2323,
    0.2344,
    0.2366,
    0.23499999999999996,
    0.23089999999999997,
    0.2372,
    0.23410000000000003,
    0.23669999999999997,
    0.23220000000000002,
    0.2339,
    0.2366,
    0.23420000000000002,
    0.2374
  ]
}