{
  "setting": "setting_3",
  "train_accuracy": [
    0.09939413265306123,
    0.09937818877551019,
    0.09991230867346938,
    0.09995615433673469,
    0.09991230867346938,
    0.09995615433673469,
    0.09991230867346938,
    0.09995615433673469,
    0.09986846301020408,
    0.09995615433673469,
    0.09991230867346938,
    0.10008769132653061,
    0.10013153698979592,
    0.1,
    0.10017538265306122,
    0.09995615433673469,
    0.1,
    0.10008769132653061,
    0.09995615433673469,
    0.10008769132653061,
    0.1,
    0.09991230867346938,
    0.1,
    0.09991230867346938,
    0.09995615433673469,
    0.09982461734693877,
    0.1,
    0.1,
    0.1,
    0.10013153698979592,
    0.1,
    0.10008769132653061,
    0.10008769132653061,
    0.09982461734693877,
    0.09982461734693877,
    0.1,
    0.10008769132653061,
    0.1,
    0.09995615433673469,
    0.10004384566326531,
    0.1,
    0.09995615433673469,
    0.09986846301020408,
    0.09991230867346938,
    0.10013153698979592,
    0.10013153698979592,
    0.09995615433673469,
    0.10026307397959185,
    0.10008769132653061,
    0.09995615433673469
  ],
  "test_accuracy": [
    0.0965,
    0.1,
    0.1,
    0.1,
    0.1,
    0.1,
    0.1,
    0.1,
    0.1,
    0.1,
    0.1,
    0.1,
    0.1,
    0.1,
    0.1,
    0.1,
    0.1,
    0.1,
    0.1,
    0.1,
    0.1,
    0.1,
    0.1,
    0.1,
    0.1,
    0.1,
    0.1,
    0.1,
    0.1,
    0.1,
    0.1,
    0.1,
    0.1,
    0.1,
    0.1,
    0.1,
    0.1,
    0.1,
    0.1,
    0.1,
    0.1,
    0.1,
    0.1,
    0.1,
    0.1,
    0.1,
    0.1,
    0.1,
    0.1,
    0.1
  ]
}