{
  "setting": "setting_10",
  "train_accuracy": [
    0.1041736859838275,
    0.10223522634289565,
    0.10151023115614169,
    0.10211075880824028,
    0.10226117274740086,
    0.10018282814304968,
    0.09728021515209857,
    0.09542373110800924,
    0.09469948799095111,
    0.09531731324605315,
    0.09735918247015787,
    0.09825452144301117,
    0.09911639331440122,
    0.099426246029072,
    0.0997921279360801,
    0.09980754536484404,
    0.09996510396611474,
    0.10002714971601848,
    0.10000421159029649,
    0.10001323642664613,
    0.09999255451001154,
    0.10004219110993454,
    0.09993878152676164,
    0.09996359982672315,
    0.0999511906767424,
    0.09994705429341547,
    0.09996773621005006,
    0.10002978195995378,
    0.09998841812668464,
    0.10000082727666539,
    0.09996773621005006,
    0.09997187259337698,
    0.10001323642664613,
    0.10001737280997305,
    0.09995532706006931,
    0.10001323642664613,
    0.10003391834328071,
    0.09998841812668464,
    0.09996359982672315,
    0.09998841812668464,
    0.09997600897670389,
    0.10000910004331923,
    0.09998428174335772,
    0.1000049636599923,
    0.10004219110993454,
    0.09999255451001154,
    0.10001737280997305,
    0.10002564557662688,
    0.10000910004331923,
    0.09998841812668464
  ],
  "test_accuracy": [
    0.1037,
    0.1022,
    0.1029,
    0.1047,
    0.1023,
    0.0984,
    0.1006,
    0.0949,
    0.0964,
    0.0964,
    0.0976,
    0.0987,
    0.0996,
    0.0997,
    0.1001,
    0.0998,
    0.1,
    0.1,
    0.1,
    0.1,
    0.1,
    0.1,
    0.1,
    0.1,
    0.1,
    0.1,
    0.1,
    0.1,
    0.1,
    0.1,
    0.1,
    0.1,
    0.1,
    0.1,
    0.1,
    0.1,
    0.1,
    0.1,
    0.1,
    0.1,
    0.1,
    0.1,
    0.1,
    0.1,
    0.1,
    0.1,
    0.1,
    0.1,
    0.1,
    0.1
  ]
}