{
  "setting": "setting_26",
  "train_accuracy": [
    0.14518062659846548,
    0.22248641304347827,
    0.23135789641943735,
    0.24230738491048592,
    0.25055946291560105,
    0.26130914322250637,
    0.26126918158567775,
    0.2663842710997442,
    0.28005115089514065,
    0.27385709718670076,
    0.275235773657289,
    0.2815097506393862,
    0.2866847826086957,
    0.2883232097186701,
    0.29709478900255754,
    0.30410805626598464,
    0.305306905370844,
    0.3023697250639386,
    0.308284047314578,
    0.3146579283887468,
    0.3205922314578005,
    0.3243686061381074,
    0.32233056265984655,
    0.32458839514066495,
    0.3200527493606138,
    0.32149136828644503,
    0.317894820971867,
    0.32472826086956524,
    0.3312420076726343,
    0.3342391304347826,
    0.33617726982097185,
    0.3413722826086957,
    0.3447290601023018,
    0.34470907928388744,
    0.35062340153452687,
    0.3483056265984655,
    0.35447969948849106,
    0.3556785485933504,
    0.35190217391304346,
    0.3525615409207161,
    0.3591152493606138,
    0.3622522378516624,
    0.353980179028133,
    0.3594549232736573,
    0.36229219948849106,
    0.3663882672634271,
    0.37046435421994883,
    0.3730218989769821,
    0.3804747442455243,
    0.37681825447570333
  ],
  "test_accuracy": [
    0.2069,
    0.2468,
    0.23200000000000004,
    0.23399999999999999,
    0.259,
    0.25539999999999996,
    0.2649,
    0.269,
    0.2703,
    0.2805,
    0.28209999999999996,
    0.2847,
    0.3005,
    0.2958,
    0.3068,
    0.30249999999999994,
    0.29429999999999995,
    0.3145,
    0.3224,
    0.3287,
    0.3237,
    0.32649999999999996,
    0.3278,
    0.33130000000000004,
    0.32020000000000004,
    0.319,
    0.32189999999999996,
    0.3214,
    0.33840000000000003,
    0.34109999999999996,
    0.3528,
    0.3387,
    0.34530000000000005,
    0.3508,
    0.3617,
    0.36110000000000003,
    0.365,
    0.3509,
    0.357,
    0.3538,
    0.3569,
    0.3588,
    0.3541,
    0.366,
    0.3678,
    0.37249999999999994,
    0.3659,
    0.37570000000000003,
    0.3775,
    0.38180000000000003
  ]
}