{
  "setting": "setting_5",
  "train_accuracy": [
    0.10315312740662302,
    0.10176856709664998,
    0.10184264596168657,
    0.09502588623892953,
    0.09548765703215249,
    0.09840982383519445,
    0.09953567216981132,
    0.09998766605698883,
    0.10001323642664613,
    0.10002150919329995,
    0.10003805472660762,
    0.09999669089333847,
    0.1000049636599923,
    0.09998841812668464,
    0.10007114579322296,
    0.09994705429341547,
    0.1000049636599923,
    0.10006700940989603,
    0.09998428174335772,
    0.10001323642664613,
    0.09999255451001154,
    0.10004219110993454,
    0.09993878152676164,
    0.09996359982672315,
    0.0999511906767424,
    0.09994705429341547,
    0.09996773621005006,
    0.10002978195995378,
    0.09998841812668464,
    0.10000082727666539,
    0.09996773621005006,
    0.09997187259337698,
    0.10001323642664613,
    0.10001737280997305,
    0.09995532706006931,
    0.10001323642664613,
    0.10003391834328071,
    0.09998841812668464,
    0.09996359982672315,
    0.09998841812668464,
    0.09997600897670389,
    0.10000910004331923,
    0.09998428174335772,
    0.1000049636599923,
    0.10004219110993454,
    0.09999255451001154,
    0.10001737280997305,
    0.10002564557662688,
    0.10000910004331923,
    0.09998841812668464
  ],
  "test_accuracy": [
    0.1017,
    0.1045,
    0.1011,
    0.0955,
    0.0974,
    0.0996,
    0.0998,
    0.1,
    0.1,
    0.1,
    0.1,
    0.1,
    0.1,
    0.1,
    0.1,
    0.1,
    0.1,
    0.1,
    0.1,
    0.1,
    0.1,
    0.1,
    0.1,
    0.1,
    0.1,
    0.1,
    0.1,
    0.1,
    0.1,
    0.1,
    0.1,
    0.1,
    0.1,
    0.1,
    0.1,
    0.1,
    0.1,
    0.1,
    0.1,
    0.1,
    0.1,
    0.1,
    0.1,
    0.1,
    0.1,
    0.1,
    0.1,
    0.1,
    0.1,
    0.1
  ]
}