{
  "setting": "setting_29",
  "train_accuracy": [
    0.11988467261904762,
    0.10386961704324586,
    0.11902958728134111,
    0.15512443816812438,
    0.11473897594752186,
    0.12066573281098153,
    0.15006510416666669,
    0.17235141824586978,
    0.19091085094752186,
    0.20696291909620992,
    0.21595792334791059,
    0.21879460489552965,
    0.21896353407434405,
    0.2218581070821186,
    0.22312127976190477,
    0.22527370323129253,
    0.22470617711370264,
    0.2277554436953353,
    0.22553374028182702,
    0.2277677812196307,
    0.22882216502672498,
    0.22580042061467442,
    0.23118053024781343,
    0.23040611333819241,
    0.23159526087220603,
    0.23206693391642372,
    0.23176513909135082,
    0.23425636995869775,
    0.23269424957482993,
    0.23398684250485907,
    0.23449457908163265,
    0.23667167759961127,
    0.23593712038386783,
    0.23737586552478135,
    0.23586973852040816,
    0.23785038568999028,
    0.2362341700072886,
    0.23716233145043733,
    0.23845492438046648,
    0.2391410805393586,
    0.23535535866132168,
    0.24006164965986396,
    0.2389768965621963,
    0.23886870596452867,
    0.2397826318027211,
    0.2408341684888241,
    0.2408977541909621,
    0.2413760705174927,
    0.2401859739431487,
    0.24016889121720117
  ],
  "test_accuracy": [
    0.1077,
    0.1021,
    0.1505,
    0.1387,
    0.1068,
    0.128,
    0.1589,
    0.1761,
    0.2048,
    0.2231,
    0.2221,
    0.2208,
    0.2235,
    0.2234,
    0.2299,
    0.2267,
    0.2343,
    0.2299,
    0.2314,
    0.2329,
    0.2369,
    0.2388,
    0.2398,
    0.2355,
    0.2419,
    0.2376,
    0.24,
    0.2408,
    0.2434,
    0.2429,
    0.2441,
    0.2447,
    0.2437,
    0.2439,
    0.2461,
    0.2421,
    0.2439,
    0.2466,
    0.247,
    0.2474,
    0.2454,
    0.2438,
    0.2459,
    0.2473,
    0.2463,
    0.2449,
    0.2445,
    0.249,
    0.2469,
    0.2461
  ]
}