{
  "setting": "setting_12",
  "train_accuracy": [
    0.10361652813299232,
    0.1017303388746803,
    0.10213794757033248,
    0.0998201726342711,
    0.09499280690537085,
    0.0954923273657289,
    0.09610374040920716,
    0.09856937340153453,
    0.09946451406649616,
    0.09984814578005115,
    0.0999560421994885,
    0.10002397698209718,
    0.10003596547314579,
    0.1,
    0.10004795396419437,
    0.0999880115089514,
    0.1,
    0.10002397698209718,
    0.0999880115089514,
    0.10002397698209718,
    0.1,
    0.09997602301790282,
    0.1,
    0.09997602301790282,
    0.0999880115089514,
    0.09995204603580563,
    0.1,
    0.1,
    0.1,
    0.10003596547314579,
    0.1,
    0.10002397698209718,
    0.10002397698209718,
    0.09995204603580563,
    0.09995204603580563,
    0.1,
    0.10002397698209718,
    0.1,
    0.0999880115089514,
    0.10001198849104859,
    0.1,
    0.0999880115089514,
    0.09996403452685422,
    0.09997602301790282,
    0.10003596547314579,
    0.10003596547314579,
    0.0999880115089514,
    0.10007193094629155,
    0.10002397698209718,
    0.0999880115089514
  ],
  "test_accuracy": [
    0.102,
    0.1037,
    0.1024,
    0.1013,
    0.0963,
    0.0955,
    0.0971,
    0.0995,
    0.0998,
    0.1,
    0.0999,
    0.1,
    0.1,
    0.1,
    0.1,
    0.1,
    0.1,
    0.1,
    0.1,
    0.1,
    0.1,
    0.1,
    0.1,
    0.1,
    0.1,
    0.1,
    0.1,
    0.1,
    0.1,
    0.1,
    0.1,
    0.1,
    0.1,
    0.1,
    0.1,
    0.1,
    0.1,
    0.1,
    0.1,
    0.1,
    0.1,
    0.1,
    0.1,
    0.1,
    0.1,
    0.1,
    0.1,
    0.1,
    0.1,
    0.1
  ]
}