{
  "setting": "setting_13",
  "train_accuracy": [
    0.10500239158163266,
    0.10283402423469389,
    0.10161830357142858,
    0.1018375318877551,
    0.1022201849489796,
    0.10284996811224491,
    0.10243941326530612,
    0.09994818239795919,
    0.09619738520408164,
    0.0947185905612245,
    0.09503746811224491,
    0.0937858737244898,
    0.09467075892857142,
    0.0948421556122449,
    0.0957389987244898,
    0.09654815051020407,
    0.09722576530612244,
    0.09827008928571429,
    0.09826211734693877,
    0.09901147959183673,
    0.09912308673469389,
    0.09937420280612244,
    0.09956154336734695,
    0.0997329400510204,
    0.09981664540816326,
    0.09966517857142858,
    0.09994021045918368,
    0.09994021045918368,
    0.09996014030612245,
    0.10011160714285713,
    0.1,
    0.10008769132653061,
    0.10008769132653061,
    0.09982461734693877,
    0.09982461734693877,
    0.1,
    0.10008769132653061,
    0.1,
    0.09995615433673469,
    0.10004384566326531,
    0.1,
    0.09995615433673469,
    0.09986846301020408,
    0.09991230867346938,
    0.10013153698979592,
    0.10013153698979592,
    0.09995615433673469,
    0.10026307397959185,
    0.10008769132653061,
    0.09995615433673469
  ],
  "test_accuracy": [
    0.1041,
    0.1022,
    0.1021,
    0.1036,
    0.1054,
    0.1052,
    0.1026,
    0.102,
    0.1024,
    0.098,
    0.0996,
    0.0956,
    0.0953,
    0.095,
    0.0959,
    0.0964,
    0.0973,
    0.0984,
    0.0992,
    0.0997,
    0.0993,
    0.0998,
    0.0994,
    0.0998,
    0.0999,
    0.0999,
    0.1,
    0.0999,
    0.1,
    0.1,
    0.0999,
    0.0999,
    0.1,
    0.1,
    0.1,
    0.1,
    0.1,
    0.1,
    0.1,
    0.1,
    0.1,
    0.1,
    0.1,
    0.1,
    0.1,
    0.1,
    0.1,
    0.1,
    0.1,
    0.1
  ]
}