{
  "setting": "setting_1",
  "train_accuracy": [
    0.10785645780051151,
    0.10326086956521739,
    0.11674792199488492,
    0.1224824168797954,
    0.1311940537084399,
    0.10999440537084398,
    0.1265984654731458,
    0.150855179028133,
    0.18030690537084398,
    0.19467311381074168,
    0.20282528772378516,
    0.212116368286445,
    0.21659207161125318,
    0.21339514066496162,
    0.21529331841432225,
    0.22200687340153452,
    0.22598305626598467,
    0.22518382352941177,
    0.22632273017902813,
    0.22768142583120204,
    0.22912004475703324,
    0.23047874040920716,
    0.22975943094629156,
    0.23217710997442456,
    0.23163762787723785,
    0.23187739769820973,
    0.23137787723785166,
    0.23263666879795397,
    0.23443494245524296,
    0.2338355179028133,
    0.23191735933503838,
    0.23503436700767263,
    0.2347346547314578,
    0.23533407928388747,
    0.23507432864450128,
    0.23609335038363172,
    0.23541400255754474,
    0.23351582480818414,
    0.23469469309462915,
    0.23699248721227623,
    0.23371563299232737,
    0.23299632352941177,
    0.23521419437340155,
    0.23489450127877237,
    0.234375,
    0.23711237212276215,
    0.23673273657289,
    0.23641304347826086,
    0.23651294757033248,
    0.23663283248081843
  ],
  "test_accuracy": [
    0.11839999999999999,
    0.1266,
    0.13240000000000002,
    0.15239999999999998,
    0.17229999999999998,
    0.17529999999999998,
    0.1567,
    0.1457,
    0.1516,
    0.1565,
    0.15229999999999996,
    0.1508,
    0.1474,
    0.1442,
    0.1466,
    0.14650000000000002,
    0.1438,
    0.1434,
    0.14190000000000003,
    0.14340000000000003,
    0.1427,
    0.14209999999999998,
    0.14150000000000001,
    0.14300000000000002,
    0.145,
    0.146,
    0.14450000000000002,
    0.1421,
    0.14450000000000002,
    0.14350000000000002,
    0.1429,
    0.144,
    0.14420000000000002,
    0.14290000000000003,
    0.14390000000000003,
    0.14089999999999997,
    0.1426,
    0.14290000000000003,
    0.14100000000000001,
    0.1393,
    0.141,
    0.1389,
    0.14330000000000004,
    0.14089999999999997,
    0.14040000000000002,
    0.1424,
    0.1416,
    0.13890000000000002,
    0.13999999999999999,
    0.1395
  ]
}