{
  "setting": "setting_7",
  "train_accuracy": [
    0.09811780690537085,
    0.09972826086956521,
    0.09997602301790282,
    0.0999880115089514,
    0.09997602301790282,
    0.0999880115089514,
    0.09997602301790282,
    0.0999880115089514,
    0.09996403452685422,
    0.0999880115089514,
    0.09997602301790282,
    0.10002397698209718,
    0.10003596547314579,
    0.1,
    0.10004795396419437,
    0.0999880115089514,
    0.1,
    0.10002397698209718,
    0.0999880115089514,
    0.10002397698209718,
    0.1,
    0.09997602301790282,
    0.1,
    0.09997602301790282,
    0.0999880115089514,
    0.09995204603580563,
    0.1,
    0.1,
    0.1,
    0.10003596547314579,
    0.1,
    0.10002397698209718,
    0.10002397698209718,
    0.09995204603580563,
    0.09995204603580563,
    0.1,
    0.10002397698209718,
    0.1,
    0.0999880115089514,
    0.10001198849104859,
    0.1,
    0.0999880115089514,
    0.09996403452685422,
    0.09997602301790282,
    0.10003596547314579,
    0.10003596547314579,
    0.0999880115089514,
    0.10007193094629155,
    0.10002397698209718,
    0.0999880115089514
  ],
  "test_accuracy": [
    0.096,
    0.1,
    0.1,
    0.1,
    0.1,
    0.1,
    0.1,
    0.1,
    0.1,
    0.1,
    0.1,
    0.1,
    0.1,
    0.1,
    0.1,
    0.1,
    0.1,
    0.1,
    0.1,
    0.1,
    0.1,
    0.1,
    0.1,
    0.1,
    0.1,
    0.1,
    0.1,
    0.1,
    0.1,
    0.1,
    0.1,
    0.1,
    0.1,
    0.1,
    0.1,
    0.1,
    0.1,
    0.1,
    0.1,
    0.1,
    0.1,
    0.1,
    0.1,
    0.1,
    0.1,
    0.1,
    0.1,
    0.1,
    0.1,
    0.1
  ]
}