{
  "setting": "setting_23",
  "train_accuracy": [
    0.10943877551020408,
    0.09991629464285713,
    0.09991230867346938,
    0.09917889030612244,
    0.10955436862244898,
    0.13363360969387755,
    0.1479751275510204,
    0.16614716198979593,
    0.18818558673469388,
    0.19893973214285715,
    0.21267139668367346,
    0.2170719068877551,
    0.21715959821428574,
    0.2202088647959184,
    0.22141661352040815,
    0.226578443877551,
    0.22376036352040815,
    0.22633529974489797,
    0.22779017857142858,
    0.23313137755102042,
    0.2282844387755102,
    0.2300342793367347,
    0.23319116709183674,
    0.23322704081632653,
    0.2334701849489796,
    0.23524394132653062,
    0.23653539540816326,
    0.23976403061224488,
    0.23895089285714285,
    0.23720105229591834,
    0.2382174744897959,
    0.23923389668367345,
    0.24016661352040816,
    0.24023038903061222,
    0.23994738520408165,
    0.24085618622448982,
    0.24045360331632654,
    0.24125079719387754,
    0.24226323341836734,
    0.2424904336734694,
    0.24107142857142858,
    0.2439891581632653,
    0.2422751913265306,
    0.24294483418367346,
    0.24303252551020407,
    0.244547193877551,
    0.24256616709183673,
    0.2453045280612245,
    0.2443718112244898,
    0.24321189413265307
  ],
  "test_accuracy": [
    0.0999,
    0.1,
    0.1,
    0.1016,
    0.1351,
    0.1336,
    0.1683,
    0.1772,
    0.2034,
    0.2222,
    0.2204,
    0.2218,
    0.2198,
    0.2216,
    0.233,
    0.2303,
    0.2311,
    0.2324,
    0.2373,
    0.2345,
    0.2382,
    0.2449,
    0.2398,
    0.2378,
    0.2444,
    0.2405,
    0.2458,
    0.2395,
    0.2427,
    0.2482,
    0.2478,
    0.2454,
    0.2464,
    0.2453,
    0.2453,
    0.247,
    0.2456,
    0.2472,
    0.2477,
    0.2495,
    0.2471,
    0.2469,
    0.2499,
    0.2497,
    0.2507,
    0.2479,
    0.25,
    0.251,
    0.248,
    0.2492
  ]
}