{
  "setting": "setting_21",
  "train_accuracy": [
    0.11498960997442455,
    0.16166480179028134,
    0.18432304987212275,
    0.1816456202046036,
    0.18344389386189258,
    0.19201566496163683,
    0.1968310421994885,
    0.19723065856777494,
    0.20098705242966752,
    0.20620204603580564,
    0.21297554347826086,
    0.2129156010230179,
    0.219928868286445,
    0.22480418797953963,
    0.22812100383631714,
    0.23323609335038364,
    0.23769181585677748,
    0.23489450127877237,
    0.23980978260869565,
    0.24778212915601022,
    0.25247762148337594,
    0.2491008631713555,
    0.2522378516624041,
    0.2577925191815857,
    0.25751278772378516,
    0.2571531329923274,
    0.2607696611253197,
    0.263826726342711,
    0.25971067774936063,
    0.26466592071611256,
    0.27062020460358055,
    0.2704803388746803,
    0.27373721227621484,
    0.2759351023017903,
    0.2839474104859335,
    0.27889226342711,
    0.27877237851662406,
    0.2812699808184143,
    0.28246882992327366,
    0.28622522378516624,
    0.2852062020460358,
    0.2875439578005115,
    0.2892423273657289,
    0.28774376598465473,
    0.2884231138107417,
    0.28940217391304346,
    0.29253916240409206,
    0.2929187979539642,
    0.2946171675191816,
    0.29647538363171355
  ],
  "test_accuracy": [
    0.1551,
    0.17359999999999998,
    0.1869,
    0.1874,
    0.1861,
    0.1943,
    0.2032,
    0.20140000000000002,
    0.2057,
    0.2084,
    0.22590000000000005,
    0.2278,
    0.23079999999999998,
    0.2304,
    0.23659999999999998,
    0.24009999999999998,
    0.2412,
    0.2455,
    0.2479,
    0.261,
    0.2539,
    0.2528,
    0.2716,
    0.2664,
    0.274,
    0.26349999999999996,
    0.2698,
    0.2626,
    0.2658,
    0.2714,
    0.27890000000000004,
    0.2864,
    0.2837,
    0.284,
    0.28969999999999996,
    0.28859999999999997,
    0.28209999999999996,
    0.28429999999999994,
    0.28959999999999997,
    0.2907,
    0.29279999999999995,
    0.2874,
    0.2917,
    0.29269999999999996,
    0.29569999999999996,
    0.29379999999999995,
    0.29819999999999997,
    0.3005,
    0.29860000000000003,
    0.2976
  ]
}