{
  "setting": "setting_29",
  "train_accuracy": [
    0.13605252368804666,
    0.13625466927842564,
    0.10096840075315841,
    0.09989978134110787,
    0.10005637299562682,
    0.09998329689018465,
    0.1000981307701652,
    0.10000417577745384,
    0.09997285744655005,
    0.09994153911564627,
    0.09996241800291544,
    0.1001190096574344,
    0.10000417577745384,
    0.10008769132653061,
    0.10004593355199222,
    0.09993109967201165,
    0.09999278729348883,
    0.10015792031098153,
    0.10009148748785228,
    0.1000819970845481,
    0.1005811922983479,
    0.10143627763605442,
    0.10157578656462586,
    0.10182348609086493,
    0.10138787657920312,
    0.10246219023323615,
    0.10543458454810496,
    0.11308290057094267,
    0.11500091107871721,
    0.11826181365403303,
    0.1284023095845481,
    0.15438608479105928,
    0.17040208940719145,
    0.20681866496598642,
    0.2196886008867833,
    0.23939732142857142,
    0.28819982233965014,
    0.3116306790573372,
    0.3175166271865889,
    0.32001734845724006,
    0.3216126852526725,
    0.327159825983965,
    0.3246695441569485,
    0.32407734299076774,
    0.32826261084791064,
    0.3308098350947522,
    0.3315035835762877,
    0.3354487442298348,
    0.3367327957968902,
    0.33190502763605445
  ],
  "test_accuracy": [
    0.129,
    0.10699999999999998,
    0.09999999999999999,
    0.09999999999999999,
    0.09999999999999999,
    0.09999999999999999,
    0.09999999999999999,
    0.09999999999999999,
    0.09999999999999999,
    0.09999999999999999,
    0.09999999999999999,
    0.09999999999999999,
    0.09999999999999999,
    0.09999999999999999,
    0.09999999999999999,
    0.09999999999999999,
    0.10010000000000001,
    0.1002,
    0.1004,
    0.10030000000000001,
    0.10070000000000001,
    0.10169999999999998,
    0.1026,
    0.1012,
    0.1021,
    0.10189999999999999,
    0.1082,
    0.1179,
    0.1116,
    0.11900000000000002,
    0.1416,
    0.1623,
    0.1883,
    0.21750000000000003,
    0.21389999999999998,
    0.26460000000000006,
    0.3029,
    0.3259,
    0.3277,
    0.3175,
    0.3222,
    0.3276,
    0.3332,
    0.3283,
    0.33069999999999994,
    0.3315,
    0.3397,
    0.33130000000000004,
    0.3357,
    0.33999999999999997
  ]
}