{
  "setting": "setting_23",
  "train_accuracy": [
    0.1439532844387755,
    0.168538743622449,
    0.20866151147959183,
    0.22665417729591839,
    0.24037388392857142,
    0.22999441964285716,
    0.24092394770408165,
    0.24850526147959184,
    0.2547472895408163,
    0.25986128826530613,
    0.2710578762755102,
    0.27083864795918366,
    0.2664142219387755,
    0.2814014668367347,
    0.27061941964285713,
    0.2819794323979592,
    0.27982302295918365,
    0.27755899234693876,
    0.2837492028061224,
    0.2900390625,
    0.2883888711734694,
    0.28846460459183676,
    0.29030213647959185,
    0.2967952806122449,
    0.30849410076530615,
    0.3137197066326531,
    0.3086575255102041,
    0.3126355229591837,
    0.3201610331632653,
    0.32051977040816326,
    0.328499681122449,
    0.32749123086734694,
    0.3276267538265306,
    0.3327327806122449,
    0.33559869260204084,
    0.33822544642857144,
    0.33906648596938777,
    0.3387236926020408,
    0.3405931122448979,
    0.34521683673469383,
    0.34449537627551025,
    0.34548389668367346,
    0.3515744579081632,
    0.35159837372448977,
    0.35439253826530615,
    0.35535714285714287,
    0.35453204719387754,
    0.3588010204081633,
    0.3609614158163265,
    0.36041932397959187
  ],
  "test_accuracy": [
    0.17029999999999998,
    0.1734,
    0.21830000000000002,
    0.24009999999999998,
    0.23480000000000004,
    0.23520000000000002,
    0.24370000000000003,
    0.23900000000000002,
    0.2597,
    0.2607,
    0.2744,
    0.2641,
    0.2718,
    0.27620000000000006,
    0.2731,
    0.29100000000000004,
    0.2861000000000001,
    0.2858,
    0.2954,
    0.2884,
    0.30029999999999996,
    0.30179999999999996,
    0.3025,
    0.3184,
    0.32080000000000003,
    0.3224,
    0.3176,
    0.3228,
    0.31829999999999997,
    0.3359,
    0.32789999999999997,
    0.3276,
    0.33299999999999996,
    0.33809999999999996,
    0.3406,
    0.34500000000000003,
    0.3487,
    0.3424,
    0.3564,
    0.35200000000000004,
    0.35559999999999997,
    0.3577,
    0.35239999999999994,
    0.36239999999999994,
    0.3625999999999999,
    0.35850000000000004,
    0.3651,
    0.3686,
    0.3752,
    0.3681
  ]
}