{
  "setting": "setting_28",
  "train_accuracy": [
    0.1253109056122449,
    0.11994180484693877,
    0.15905213647959185,
    0.12348134566326531,
    0.10010762117346939,
    0.1,
    0.09982461734693877,
    0.09995615433673469,
    0.1,
    0.1,
    0.09995615433673469,
    0.1,
    0.09982461734693877,
    0.09991230867346938,
    0.10004384566326531,
    0.10043845663265306,
    0.10285395408163266,
    0.10416932397959185,
    0.10655691964285716,
    0.11580038265306122,
    0.11604751275510204,
    0.11975047831632654,
    0.12536670918367346,
    0.13917809311224488,
    0.15195711096938777,
    0.14805883290816327,
    0.1583625637755102,
    0.18810586734693877,
    0.2221141581632653,
    0.24261798469387755,
    0.2590282206632653,
    0.26372767857142854,
    0.27989477040816324,
    0.2846101721938776,
    0.2889309630102041,
    0.2903061224489796,
    0.28677056760204084,
    0.2911750637755102,
    0.29532844387755103,
    0.2973373724489796,
    0.300179368622449,
    0.298046875,
    0.3031050701530612,
    0.30344786352040815,
    0.30471540178571427,
    0.2996173469387755,
    0.30450414540816323,
    0.3091438137755102,
    0.31245216836734696,
    0.314632493622449
  ],
  "test_accuracy": [
    0.1196,
    0.1254,
    0.1634,
    0.10030000000000001,
    0.1,
    0.1,
    0.1,
    0.1,
    0.1,
    0.1,
    0.1,
    0.1,
    0.1,
    0.1,
    0.1,
    0.1024,
    0.10350000000000001,
    0.10300000000000001,
    0.11180000000000001,
    0.11829999999999999,
    0.11979999999999999,
    0.11589999999999998,
    0.13190000000000002,
    0.1447,
    0.1587,
    0.1453,
    0.16949999999999998,
    0.21139999999999998,
    0.24090000000000003,
    0.25870000000000004,
    0.2686,
    0.27759999999999996,
    0.2876,
    0.2921,
    0.2954,
    0.2987,
    0.2973,
    0.3002,
    0.30300000000000005,
    0.3054,
    0.29860000000000003,
    0.3086,
    0.3121,
    0.31189999999999996,
    0.3045,
    0.3073,
    0.3098,
    0.3133,
    0.3183,
    0.31789999999999996
  ]
}