{
  "setting": "setting_11",
  "train_accuracy": [
    0.11199248721227621,
    0.17039641943734016,
    0.18082640664961636,
    0.18690057544757033,
    0.19077685421994886,
    0.19517263427109974,
    0.19892902813299232,
    0.20406409846547316,
    0.2066216432225064,
    0.21065776854219948,
    0.2147937979539642,
    0.2223265664961637,
    0.22804108056265984,
    0.2332161125319693,
    0.23911045396419436,
    0.24668318414322252,
    0.25415601023017903,
    0.26054987212276215,
    0.265565057544757,
    0.2723585358056266,
    0.27461636828644503,
    0.28091032608695654,
    0.2823289641943734,
    0.28616528132992325,
    0.29090073529411764,
    0.29451726342711,
    0.296195652173913,
    0.30113091432225064,
    0.3046875,
    0.3080242966751918,
    0.31068174552429667,
    0.31379875319693096,
    0.3147578324808184,
    0.3163962595907928,
    0.31829443734015345,
    0.31925351662404094,
    0.3211117327365729,
    0.3226502557544757,
    0.3235493925831202,
    0.32564737851662406,
    0.32944373401534527,
    0.3302829283887468,
    0.32944373401534527,
    0.3296435421994885,
    0.33178148976982097,
    0.33212116368286443,
    0.3336996483375959,
    0.33481857416879796,
    0.3360174232736573,
    0.3362971547314578
  ],
  "test_accuracy": [
    0.1624,
    0.1814,
    0.1895,
    0.19460000000000002,
    0.198,
    0.20180000000000003,
    0.2083,
    0.20820000000000002,
    0.2153,
    0.2178,
    0.22319999999999998,
    0.2333,
    0.23030000000000003,
    0.24409999999999998,
    0.24930000000000002,
    0.2546,
    0.26220000000000004,
    0.2667,
    0.27340000000000003,
    0.27959999999999996,
    0.2821,
    0.2852,
    0.28659999999999997,
    0.2922,
    0.30100000000000005,
    0.2994,
    0.3035,
    0.31290000000000007,
    0.3106,
    0.3168000000000001,
    0.3146,
    0.3238,
    0.3237,
    0.32330000000000003,
    0.3271,
    0.3301,
    0.3303,
    0.32910000000000006,
    0.3403,
    0.3352,
    0.33430000000000004,
    0.3447,
    0.3396,
    0.343,
    0.3417,
    0.3419,
    0.3452,
    0.3411,
    0.34550000000000003,
    0.3425999999999999
  ]
}