{
  "setting": "setting_4",
  "train_accuracy": [
    0.17668094023323613,
    0.2507990919582119,
    0.2711408224003887,
    0.24220648080660837,
    0.21626351433430516,
    0.2091903167517007,
    0.2052090925655977,
    0.20673420037657922,
    0.20494051415208941,
    0.20451819120505343,
    0.20554884900388726,
    0.20447928055150633,
    0.19973692602040816,
    0.19800967261904764,
    0.19975400874635568,
    0.19886760507774537,
    0.19526314990281826,
    0.20008142766034984,
    0.20188840044946552,
    0.19984606565840624,
    0.20196811983722063,
    0.20537517462342078,
    0.20487882653061223,
    0.20993531341107874,
    0.21112256286443148,
    0.21628059706025268,
    0.21954055059523808,
    0.21786549441205053,
    0.22851182883867832,
    0.22966491284013604,
    0.23443953474246843,
    0.23707312165937802,
    0.23781527119776483,
    0.24954256256073856,
    0.2557976873785228,
    0.25841324252915454,
    0.25716905065597667,
    0.2627380193148688,
    0.2672402666423712,
    0.26725165512633625,
    0.2743295979105928,
    0.2817444500121477,
    0.2821914480077745,
    0.29325156401846453,
    0.30068349884596696,
    0.3085443999028183,
    0.313233608175413,
    0.32071963830174927,
    0.3242994184280855,
    0.3356167243683188
  ],
  "test_accuracy": [
    0.22799999999999998,
    0.26980000000000004,
    0.27560000000000007,
    0.2252,
    0.21610000000000001,
    0.20500000000000002,
    0.2138,
    0.1961,
    0.20750000000000002,
    0.20190000000000002,
    0.20980000000000004,
    0.21059999999999998,
    0.20340000000000003,
    0.202,
    0.2043,
    0.2077,
    0.2002,
    0.20820000000000002,
    0.209,
    0.2061,
    0.2136,
    0.2172,
    0.2096,
    0.21810000000000002,
    0.2193,
    0.2173,
    0.22740000000000005,
    0.2254,
    0.2367,
    0.23679999999999998,
    0.23559999999999998,
    0.24500000000000002,
    0.24149999999999996,
    0.2511,
    0.2585,
    0.26080000000000003,
    0.25590000000000007,
    0.2715,
    0.2764,
    0.2672,
    0.2832,
    0.2874,
    0.28300000000000003,
    0.2997,
    0.2992,
    0.3101,
    0.31320000000000003,
    0.3247,
    0.3227,
    0.34669999999999995
  ]
}