{
  "setting": "setting_13",
  "train_accuracy": [
    0.1497767857142857,
    0.1992825255102041,
    0.21719148596938775,
    0.24215561224489796,
    0.2585379464285714,
    0.2654496173469388,
    0.2688576211734694,
    0.26615513392857143,
    0.26962691326530613,
    0.27431839923469387,
    0.27700494260204084,
    0.27584901147959184,
    0.2707310267857143,
    0.2676658163265306,
    0.26192602040816326,
    0.26396683673469384,
    0.25534917091836734,
    0.25372289540816323,
    0.2569435586734694,
    0.2579201211734694,
    0.25916772959183676,
    0.26319754464285716,
    0.26833545918367346,
    0.27053571428571427,
    0.2768534757653061,
    0.2751235650510204,
    0.27810108418367346,
    0.2797193877551021,
    0.282405931122449,
    0.2887555803571429,
    0.29392538265306123,
    0.2979711415816326,
    0.30195711096938777,
    0.30520567602040816,
    0.30423309948979593,
    0.30391820790816326,
    0.3099330357142857,
    0.30916374362244897,
    0.31216517857142856,
    0.3169682716836735,
    0.3173030931122449,
    0.3181999362244898,
    0.32308673469387755,
    0.32650271045918366,
    0.3299465880102041,
    0.33152901785714284,
    0.3347177933673469,
    0.33431919642857144,
    0.3347377232142857,
    0.33535953443877553
  ],
  "test_accuracy": [
    0.19160000000000002,
    0.21459999999999999,
    0.23010000000000003,
    0.2527,
    0.26630000000000004,
    0.27349999999999997,
    0.27669999999999995,
    0.2673,
    0.2756,
    0.2817,
    0.2757,
    0.2792,
    0.269,
    0.2724,
    0.2618,
    0.2656,
    0.2543,
    0.2515,
    0.2584,
    0.25739999999999996,
    0.2654,
    0.27240000000000003,
    0.2689,
    0.28,
    0.28489999999999993,
    0.2783,
    0.28309999999999996,
    0.28559999999999997,
    0.282,
    0.29910000000000003,
    0.29510000000000003,
    0.3032,
    0.30500000000000005,
    0.30920000000000003,
    0.31050000000000005,
    0.30510000000000004,
    0.3136,
    0.31370000000000003,
    0.3125,
    0.32130000000000003,
    0.32700000000000007,
    0.32310000000000005,
    0.32939999999999997,
    0.3288,
    0.33449999999999996,
    0.3348000000000001,
    0.33749999999999997,
    0.33859999999999996,
    0.3403,
    0.33920000000000006
  ]
}