{
  "setting": "setting_14",
  "train_accuracy": [
    0.17012022442905736,
    0.23349998481535472,
    0.2654930833940719,
    0.2675572461127308,
    0.2680450528425656,
    0.25734747023809523,
    0.25182215743440234,
    0.2419198706268222,
    0.23439398080660837,
    0.22107609784985424,
    0.22230795219873664,
    0.2194019907069971,
    0.21480863550777454,
    0.22051711309523808,
    0.22577859268707481,
    0.2325699252915452,
    0.2403416165573372,
    0.24317829810495628,
    0.24960614826287658,
    0.2504356095116618,
    0.2598852040816326,
    0.26140461765063167,
    0.2612935799319728,
    0.2708428237366375,
    0.27804319272351796,
    0.2866130269071915,
    0.28795117377308066,
    0.29081537749028186,
    0.29313483205782315,
    0.2934726904154519,
    0.2939491086613217,
    0.2978392249757046,
    0.30048325133624876,
    0.3022845298833819,
    0.3067725416059281,
    0.3088120292759961,
    0.31552269345238093,
    0.32358289297862003,
    0.3251516566448008,
    0.32848278820456756,
    0.3327933293853256,
    0.33000884505587946,
    0.3383831769314869,
    0.3394527453838679,
    0.3361776072035957,
    0.3443953474246842,
    0.34764675959669583,
    0.3509418276239067,
    0.36031739704810495,
    0.3580045857628766
  ],
  "test_accuracy": [
    0.2142,
    0.25670000000000004,
    0.27359999999999995,
    0.27480000000000004,
    0.2638,
    0.25549999999999995,
    0.2428,
    0.23089999999999997,
    0.22959999999999997,
    0.21880000000000002,
    0.22480000000000003,
    0.2157,
    0.21539999999999998,
    0.2265,
    0.223,
    0.23819999999999997,
    0.24230000000000002,
    0.23779999999999996,
    0.24509999999999996,
    0.24969999999999998,
    0.2584000000000001,
    0.26280000000000003,
    0.2624,
    0.2732,
    0.2789,
    0.2815,
    0.2895,
    0.3015,
    0.28829999999999995,
    0.2961,
    0.30100000000000005,
    0.2995,
    0.3052,
    0.30429999999999996,
    0.3091,
    0.3074,
    0.3164,
    0.3267,
    0.3248000000000001,
    0.3279,
    0.33340000000000003,
    0.3281,
    0.3389,
    0.34069999999999995,
    0.3377,
    0.3517,
    0.3513,
    0.36419999999999997,
    0.3651,
    0.36760000000000004
  ]
}