{
  "setting": "setting_6",
  "train_accuracy": [
    0.11343110613810742,
    0.17155530690537085,
    0.18152573529411764,
    0.18612132352941177,
    0.1901774296675192,
    0.19467311381074168,
    0.20066735933503838,
    0.20562260230179027,
    0.2105578644501279,
    0.21671195652173914,
    0.22002877237851662,
    0.2262228260869565,
    0.23367567135549872,
    0.23713235294117646,
    0.2433463874680307,
    0.25289721867007675,
    0.2591711956521739,
    0.2654251918158568,
    0.27139945652173914,
    0.2789322250639386,
    0.2817894820971867,
    0.284846547314578,
    0.2858855498721228,
    0.29106058184143224,
    0.29423753196930946,
    0.29737452046035806,
    0.2990329283887468,
    0.30284926470588236,
    0.30808423913043476,
    0.3107816496163683,
    0.313179347826087,
    0.31657608695652173,
    0.31669597186700765,
    0.3189737851662404,
    0.3199528452685422,
    0.32141144501278773,
    0.32474824168797956,
    0.32602701406649615,
    0.3266664002557545,
    0.3283248081841432,
    0.33174152813299235,
    0.3326206841432225,
    0.3333999360613811,
    0.3328804347826087,
    0.33397937979539644,
    0.3352781329923274,
    0.336616847826087,
    0.3380155051150895,
    0.33697650255754474,
    0.3366967710997442
  ],
  "test_accuracy": [
    0.1626,
    0.18280000000000002,
    0.1882,
    0.1944,
    0.19569999999999999,
    0.20269999999999996,
    0.20900000000000002,
    0.2096,
    0.21839999999999998,
    0.22369999999999995,
    0.2253,
    0.23570000000000002,
    0.2334,
    0.2448,
    0.2536,
    0.2636,
    0.2662,
    0.2744,
    0.2802,
    0.2834,
    0.28659999999999997,
    0.29079999999999995,
    0.29629999999999995,
    0.29579999999999995,
    0.3051,
    0.30179999999999996,
    0.3135,
    0.31570000000000004,
    0.31689999999999996,
    0.3243,
    0.32,
    0.32810000000000006,
    0.3268,
    0.32710000000000006,
    0.3321,
    0.3376,
    0.33459999999999995,
    0.3317,
    0.34290000000000004,
    0.3346,
    0.33870000000000006,
    0.34550000000000003,
    0.3418,
    0.34859999999999997,
    0.3468,
    0.34429999999999994,
    0.347,
    0.34450000000000003,
    0.3482,
    0.3473
  ]
}