{
  "setting": "setting_2",
  "train_accuracy": [
    0.13011109335038362,
    0.1823089833759591,
    0.19284686700767265,
    0.20348865089514068,
    0.21128117007672637,
    0.22236253196930944,
    0.2387148337595908,
    0.2419836956521739,
    0.24006953324808183,
    0.236644820971867,
    0.2369485294117647,
    0.2381633631713555,
    0.2366128516624041,
    0.23457480818414322,
    0.2329403772378517,
    0.23443094629156008,
    0.23443494245524296,
    0.23775175831202047,
    0.24032528772378514,
    0.2404651534526854,
    0.24571611253196932,
    0.2422874040920716,
    0.24611972506393862,
    0.24639146419437338,
    0.24985214194373404,
    0.2525135869565217,
    0.2553468670076726,
    0.25677349744245526,
    0.25736492966751917,
    0.26232816496163686,
    0.2622002877237852,
    0.263443094629156,
    0.2701526534526854,
    0.2728540601023018,
    0.27333359974424554,
    0.2767742966751918,
    0.284462915601023,
    0.2846667199488491,
    0.2878276854219949,
    0.28909047314578007,
    0.28672874040920715,
    0.28943014705882353,
    0.2931106138107417,
    0.29275495524296674,
    0.2965952685421995,
    0.29980418797953967,
    0.3019860933503836,
    0.3053268861892583,
    0.3097906010230179,
    0.31244804987212277
  ],
  "test_accuracy": [
    0.1779,
    0.19160000000000002,
    0.2008,
    0.2097,
    0.2192,
    0.2394,
    0.24860000000000007,
    0.2472,
    0.24359999999999998,
    0.24250000000000002,
    0.2394,
    0.24109999999999995,
    0.2448,
    0.23519999999999994,
    0.2391,
    0.2355,
    0.23349999999999999,
    0.2434,
    0.2415,
    0.24969999999999998,
    0.25039999999999996,
    0.24720000000000003,
    0.25470000000000004,
    0.2552,
    0.25410000000000005,
    0.2616,
    0.2591,
    0.26280000000000003,
    0.26180000000000003,
    0.26870000000000005,
    0.2725,
    0.2693,
    0.2819,
    0.2834,
    0.2785,
    0.28779999999999994,
    0.2855,
    0.29359999999999997,
    0.29700000000000004,
    0.29569999999999996,
    0.2929,
    0.298,
    0.30379999999999996,
    0.3029,
    0.3047,
    0.3102,
    0.3076,
    0.31449999999999995,
    0.3224,
    0.3184
  ]
}