{
  "setting": "setting_20",
  "train_accuracy": [
    0.2013301856709665,
    0.2757016058192145,
    0.292987927777243,
    0.29925680472660765,
    0.2776077264632268,
    0.2491764836830959,
    0.22731532176549865,
    0.20972892399884482,
    0.20041266064208704,
    0.19804514523969965,
    0.19489472528398152,
    0.1959194202445129,
    0.19413137454274162,
    0.19348121029072007,
    0.19102833497785907,
    0.19479169173565652,
    0.19416822595783595,
    0.1968730446187909,
    0.2006924305689257,
    0.20247784402676164,
    0.2070823907393146,
    0.20940515799480172,
    0.21182155792741625,
    0.21046745644012324,
    0.20860533187331537,
    0.21192383940604542,
    0.21273682674720834,
    0.21453352125048133,
    0.2190876792934155,
    0.2199826422314209,
    0.21617378525702735,
    0.2203583010444744,
    0.2221008465296496,
    0.22367342426357337,
    0.2222512604688102,
    0.2263759867154409,
    0.22987423890546785,
    0.22860624939834426,
    0.2362224592077397,
    0.24357694876299574,
    0.25030233201771274,
    0.2515846108490566,
    0.2524637803234501,
    0.25313199424817096,
    0.2528830591788602,
    0.25859615662302654,
    0.2668448570465922,
    0.27678684239025797,
    0.28620237894686174,
    0.2880637514439738
  ],
  "test_accuracy": [
    0.255,
    0.28950000000000004,
    0.30920000000000003,
    0.29579999999999995,
    0.26369999999999993,
    0.2408,
    0.21669999999999998,
    0.2121,
    0.19870000000000002,
    0.2032,
    0.1958,
    0.1905,
    0.1979,
    0.193,
    0.19619999999999999,
    0.197,
    0.20800000000000002,
    0.19990000000000002,
    0.2133,
    0.20990000000000003,
    0.21059999999999998,
    0.21220000000000003,
    0.215,
    0.22030000000000002,
    0.22089999999999996,
    0.2211,
    0.21869999999999998,
    0.2202,
    0.22440000000000002,
    0.23240000000000002,
    0.2244,
    0.22549999999999998,
    0.2287,
    0.231,
    0.22759999999999997,
    0.22820000000000001,
    0.2371,
    0.23510000000000003,
    0.24850000000000003,
    0.24799999999999994,
    0.251,
    0.2551,
    0.2591,
    0.2641,
    0.2552,
    0.2717,
    0.26890000000000003,
    0.28340000000000004,
    0.2902,
    0.2880000000000001
  ]
}