{
  "setting": "setting_27",
  "train_accuracy": [
    0.10743286445012788,
    0.12484814578005114,
    0.13309223145780052,
    0.13363570971867006,
    0.14044916879795397,
    0.1365888746803069,
    0.12193494245524297,
    0.11285166240409207,
    0.10147858056265985,
    0.10056345907928389,
    0.10020380434782608,
    0.10003196930946291,
    0.09992806905370843,
    0.0999880115089514,
    0.10024376598465473,
    0.10016384271099744,
    0.10007592710997443,
    0.10039961636828645,
    0.10169037723785165,
    0.10332880434782608,
    0.10427189897698211,
    0.10597426470588235,
    0.10625399616368286,
    0.1063299232736573,
    0.10955083120204603,
    0.11639625959079283,
    0.11509750639386189,
    0.12305786445012788,
    0.13972985933503837,
    0.178272858056266,
    0.2051270780051151,
    0.24307065217391305,
    0.26745124680306903,
    0.2811341112531969,
    0.284051310741688,
    0.281014226342711,
    0.28643302429667516,
    0.28563379156010227,
    0.28928228900255754,
    0.28365169437340154,
    0.29126838235294117,
    0.29343829923273657,
    0.2961556905370844,
    0.2974784207161125,
    0.296875,
    0.2967551150895141,
    0.29520460358056266,
    0.30069133631713557,
    0.30241368286445014,
    0.3011948529411765
  ],
  "test_accuracy": [
    0.11640000000000002,
    0.14939999999999998,
    0.11829999999999999,
    0.14200000000000002,
    0.1426,
    0.12990000000000002,
    0.12730000000000002,
    0.1034,
    0.1008,
    0.10010000000000001,
    0.10030000000000001,
    0.1,
    0.1,
    0.1,
    0.1004,
    0.1,
    0.1002,
    0.10070000000000001,
    0.10170000000000001,
    0.1036,
    0.1051,
    0.10800000000000001,
    0.10700000000000001,
    0.1076,
    0.1203,
    0.1086,
    0.1299,
    0.12120000000000002,
    0.17109999999999997,
    0.1848,
    0.23509999999999995,
    0.25250000000000006,
    0.28069999999999995,
    0.28979999999999995,
    0.29090000000000005,
    0.2881,
    0.2907,
    0.2915,
    0.2961,
    0.2892,
    0.30029999999999996,
    0.29719999999999996,
    0.3003,
    0.3021,
    0.30429999999999996,
    0.2934,
    0.2961,
    0.3025,
    0.3024,
    0.3024
  ]
}