{
  "setting": "setting_30",
  "train_accuracy": [
    0.12867987702156336,
    0.10042198630631499,
    0.10002978195995378,
    0.10001323642664613,
    0.09995532706006931,
    0.0999801453600308,
    0.1000049636599923,
    0.1000049636599923,
    0.10001737280997305,
    0.09999255451001154,
    0.10001586867058143,
    0.10005309612052368,
    0.10000421159029649,
    0.09997036845398537,
    0.1001666586445899,
    0.10011025341740469,
    0.10097663770696959,
    0.10207014704466692,
    0.10476406069503275,
    0.10442938968040046,
    0.10443615830766269,
    0.10727634951386214,
    0.10382209340103965,
    0.10683751684636118,
    0.11719238845302271,
    0.11721983899691953,
    0.11250925045725838,
    0.11238929534077781,
    0.12823164348286484,
    0.1337657483394301,
    0.12767285569888331,
    0.13760694431074316,
    0.16507365770600693,
    0.1730147616239892,
    0.21340428860223334,
    0.2893212119753562,
    0.3235832511070466,
    0.33260883952637654,
    0.3322437096890643,
    0.33621726992683865,
    0.33760747075953024,
    0.331561958509819,
    0.34010847853292264,
    0.3455233803427031,
    0.34606073414035426,
    0.3506318137514439,
    0.34605659775702735,
    0.35177947210723914,
    0.3518535509722757,
    0.3516068721120524
  ],
  "test_accuracy": [
    0.1018,
    0.1,
    0.1,
    0.1,
    0.1,
    0.1,
    0.1,
    0.1,
    0.1,
    0.1,
    0.1,
    0.1,
    0.1,
    0.1002,
    0.1,
    0.1,
    0.10070000000000001,
    0.10400000000000001,
    0.1052,
    0.1058,
    0.1036,
    0.1091,
    0.10290000000000002,
    0.10869999999999999,
    0.1192,
    0.1217,
    0.1052,
    0.1248,
    0.13799999999999998,
    0.132,
    0.1327,
    0.14030000000000004,
    0.17439999999999997,
    0.1851,
    0.25370000000000004,
    0.3187,
    0.3248,
    0.33409999999999995,
    0.3331,
    0.3372,
    0.33720000000000006,
    0.33999999999999997,
    0.34809999999999997,
    0.3431,
    0.352,
    0.3473,
    0.34700000000000003,
    0.3435,
    0.34609999999999996,
    0.3535
  ]
}