{
  "setting": "setting_1",
  "train_accuracy": [
    0.11445012787723785,
    0.1734934462915601,
    0.1824648337595908,
    0.1880394820971867,
    0.1940537084398977,
    0.19397378516624042,
    0.1956521739130435,
    0.203125,
    0.20280530690537085,
    0.21215632992327366,
    0.21303548593350383,
    0.21347506393861893,
    0.21763107416879796,
    0.221167679028133,
    0.22860054347826086,
    0.23505434782608695,
    0.24482496803069054,
    0.25115888746803067,
    0.26039002557544755,
    0.2648257672634271,
    0.2726782289002558,
    0.27159926470588236,
    0.27705402813299235,
    0.2820692135549872,
    0.2850463554987212,
    0.2874440537084399,
    0.2927389705882353,
    0.2951966112531969,
    0.2953564578005115,
    0.2968949808184143,
    0.30264945652173914,
    0.3029891304347826,
    0.3088235294117647,
    0.3110014386189258,
    0.31148097826086957,
    0.3148976982097187,
    0.316096547314578,
    0.3179747442455243,
    0.319633152173913,
    0.3200327685421995,
    0.3217710997442455,
    0.3237292199488491,
    0.3258471867007673,
    0.32576726342711,
    0.3265065537084399,
    0.33080242966751916,
    0.3277653452685422,
    0.32952365728900257,
    0.3306625639386189,
    0.3315417199488491
  ],
  "test_accuracy": [
    0.1645,
    0.1804,
    0.188,
    0.1956,
    0.1995,
    0.1967,
    0.2037,
    0.20729999999999998,
    0.2145,
    0.21760000000000002,
    0.21430000000000002,
    0.21669999999999998,
    0.2223,
    0.22759999999999997,
    0.2334,
    0.24359999999999998,
    0.24850000000000003,
    0.2609,
    0.26780000000000004,
    0.2724,
    0.2792,
    0.2745000000000001,
    0.2842,
    0.28569999999999995,
    0.29769999999999996,
    0.2994,
    0.30300000000000005,
    0.3025,
    0.30469999999999997,
    0.30720000000000003,
    0.3153,
    0.31779999999999997,
    0.318,
    0.321,
    0.31989999999999996,
    0.32539999999999997,
    0.3222,
    0.32080000000000003,
    0.32700000000000007,
    0.3281,
    0.33390000000000003,
    0.3382,
    0.33599999999999997,
    0.33819999999999995,
    0.33599999999999997,
    0.3357,
    0.3376,
    0.3361,
    0.33920000000000006,
    0.34209999999999996
  ]
}