{
  "setting": "setting_19",
  "train_accuracy": [
    0.16965139850583089,
    0.2332911959426628,
    0.26581290998542273,
    0.26808586157677355,
    0.2678637861394558,
    0.2554864021501458,
    0.25018790998542273,
    0.23874153456025268,
    0.23137413447521865,
    0.21960128917638486,
    0.22044308794946552,
    0.21844535805393586,
    0.2151673727526725,
    0.21542361364188534,
    0.2166488247084548,
    0.22213237973760935,
    0.22864943968658893,
    0.2316949101068999,
    0.237495444606414,
    0.23888483965014576,
    0.246348092808552,
    0.2483287399781341,
    0.2484454719387755,
    0.25702005132410105,
    0.26365004707240036,
    0.27243910957240036,
    0.27352006650874633,
    0.2748268950437318,
    0.2766395620748299,
    0.27902260234450926,
    0.28258814686588923,
    0.28651242863216714,
    0.29108490494412054,
    0.29477002854713313,
    0.29308927812196306,
    0.29790850491982507,
    0.3028254828717201,
    0.3092030338921283,
    0.3090265123906706,
    0.3112823812560738,
    0.31563942541302237,
    0.3147881362366375,
    0.3226651709791059,
    0.3235382880830904,
    0.3274986333819242,
    0.3336408224003887,
    0.3334348806486881,
    0.33767709092565595,
    0.3454763043610301,
    0.3441001958819242
  ],
  "test_accuracy": [
    0.21220000000000003,
    0.2562,
    0.2738,
    0.275,
    0.26260000000000006,
    0.2536,
    0.24080000000000004,
    0.22869999999999996,
    0.22690000000000002,
    0.217,
    0.22469999999999998,
    0.2153,
    0.21620000000000003,
    0.2192,
    0.21339999999999998,
    0.22890000000000002,
    0.22939999999999997,
    0.2257,
    0.2346,
    0.2384,
    0.24690000000000004,
    0.24980000000000002,
    0.2485,
    0.2573,
    0.2669,
    0.2675,
    0.27410000000000007,
    0.2873,
    0.274,
    0.2838,
    0.28769999999999996,
    0.2871,
    0.2959,
    0.2987,
    0.2959,
    0.29869999999999997,
    0.29989999999999994,
    0.30920000000000003,
    0.3079,
    0.3134,
    0.3163,
    0.31520000000000004,
    0.3268,
    0.3256,
    0.3316,
    0.3408,
    0.3353,
    0.3473,
    0.3479,
    0.3518
  ]
}