{
  "setting": "setting_18",
  "train_accuracy": [
    0.14983657525510205,
    0.19941804846938777,
    0.21772959183673468,
    0.24386957908163265,
    0.2592514349489796,
    0.26612723214285716,
    0.27010921556122447,
    0.2668327487244898,
    0.27116151147959183,
    0.27565369897959185,
    0.2776426977040816,
    0.276383131377551,
    0.2728794642857143,
    0.26884167729591835,
    0.26242426658163265,
    0.26372767857142854,
    0.25455197704081634,
    0.251789700255102,
    0.25508211096938777,
    0.25522560586734694,
    0.25645727040816324,
    0.260921556122449,
    0.26564492984693877,
    0.26790098852040817,
    0.2743383290816327,
    0.273062818877551,
    0.27591278698979593,
    0.27810905612244896,
    0.280110012755102,
    0.28707748724489796,
    0.2930285395408163,
    0.2975964604591837,
    0.30155851403061223,
    0.3049465880102041,
    0.3045121173469388,
    0.3032047193877551,
    0.3091557716836735,
    0.308968431122449,
    0.31692841198979593,
    0.32001753826530616,
    0.3189213966836735,
    0.3188217474489796,
    0.3248804209183674,
    0.3270169005102041,
    0.32597257653061223,
    0.3303531568877551,
    0.3350765306122449,
    0.33445870535714284,
    0.34086017219387754,
    0.34419244260204085
  ],
  "test_accuracy": [
    0.19119999999999998,
    0.2137,
    0.22999999999999998,
    0.25220000000000004,
    0.26749999999999996,
    0.27419999999999994,
    0.27690000000000003,
    0.2694,
    0.27599999999999997,
    0.2818,
    0.2751,
    0.279,
    0.26959999999999995,
    0.2739,
    0.263,
    0.2656,
    0.253,
    0.2495,
    0.25710000000000005,
    0.2565,
    0.2645,
    0.26990000000000003,
    0.2669,
    0.27559999999999996,
    0.28179999999999994,
    0.2746,
    0.28040000000000004,
    0.2851,
    0.28030000000000005,
    0.295,
    0.29499999999999993,
    0.30199999999999994,
    0.30389999999999995,
    0.30789999999999995,
    0.30989999999999995,
    0.30700000000000005,
    0.3127,
    0.3123,
    0.3182,
    0.3214,
    0.3281,
    0.3239,
    0.3294,
    0.3305,
    0.32789999999999997,
    0.3336,
    0.3399,
    0.3388999999999999,
    0.34930000000000005,
    0.34830000000000005
  ]
}