{
  "setting": "setting_10",
  "train_accuracy": [
    0.2056632352233346,
    0.2785102100981902,
    0.28622193275895264,
    0.28619974670292647,
    0.2633646545292645,
    0.2438725121534463,
    0.22684114182229498,
    0.2112217823450135,
    0.20855456716884868,
    0.20759567830670003,
    0.2090648464574509,
    0.20978796146996534,
    0.2077648939882557,
    0.20961009698690797,
    0.20925737629957644,
    0.2098518873941086,
    0.20810708569984598,
    0.21126201807373896,
    0.2130158446043512,
    0.21520624759337695,
    0.21994767099056603,
    0.2210250108298036,
    0.22845658752887948,
    0.2338936753946862,
    0.23365263705718134,
    0.2474948558432807,
    0.25179030191085866,
    0.2494675346553716,
    0.26115507376299574,
    0.26389599176934925,
    0.2656438017423951,
    0.2687615066663458,
    0.2765819033981517,
    0.28202425575182904,
    0.2919598485030805,
    0.2919384145167501,
    0.29772295858201775,
    0.3048634843088179,
    0.3106123050635349,
    0.31451629885444743,
    0.3084459683047747,
    0.3153815550394686,
    0.32482755041875244,
    0.3285803782008086,
    0.327983610897189,
    0.33736605638717754,
    0.3479341397525992,
    0.36158157248748557,
    0.3832250102281479,
    0.3894773416442049
  ],
  "test_accuracy": [
    0.26430000000000003,
    0.2815,
    0.29890000000000005,
    0.27690000000000003,
    0.2525,
    0.24089999999999998,
    0.21959999999999996,
    0.21539999999999998,
    0.2071,
    0.2132,
    0.21150000000000002,
    0.20980000000000004,
    0.2152,
    0.21150000000000002,
    0.21280000000000002,
    0.21459999999999999,
    0.2212,
    0.2133,
    0.2266,
    0.22449999999999998,
    0.2291,
    0.22479999999999997,
    0.23879999999999998,
    0.2459,
    0.2455,
    0.2599,
    0.2624,
    0.25529999999999997,
    0.2653,
    0.28049999999999997,
    0.2756,
    0.28440000000000004,
    0.28409999999999996,
    0.3012,
    0.3063,
    0.2922,
    0.3099,
    0.31829999999999997,
    0.3229,
    0.32330000000000003,
    0.3156,
    0.32589999999999997,
    0.33299999999999996,
    0.3393,
    0.3347,
    0.3581,
    0.3478,
    0.3746,
    0.39479999999999993,
    0.3983
  ]
}