{
  "setting": "setting_22",
  "train_accuracy": [
    0.12294996803069053,
    0.16272778132992327,
    0.17432464833759592,
    0.19392583120204604,
    0.20581841432225062,
    0.21560901534526852,
    0.23268462276214832,
    0.22732177109974425,
    0.22582320971867006,
    0.22764945652173912,
    0.24739450127877238,
    0.25750079923273655,
    0.2622842071611253,
    0.2752317774936061,
    0.27458040281329926,
    0.2777293797953964,
    0.2770780051150895,
    0.2748960997442455,
    0.28734015345268543,
    0.2835318094629156,
    0.28522218670076727,
    0.292039641943734,
    0.2953884271099744,
    0.30012787723785167,
    0.3079923273657289,
    0.30718909846547315,
    0.31282368925831205,
    0.309994405370844,
    0.30784047314578006,
    0.307193094629156,
    0.3116008631713555,
    0.30906329923273657,
    0.3151974104859335,
    0.31671994884910487,
    0.31956521739130433,
    0.3210717710997442,
    0.3235493925831202,
    0.325323689258312,
    0.3292119565217392,
    0.3257472826086957,
    0.3284127237851663,
    0.32914801790281334,
    0.3291759910485933,
    0.331162084398977,
    0.33226502557544757,
    0.33432704603580565,
    0.33673273657289,
    0.33917838874680306,
    0.33755994245524296,
    0.3410485933503836
  ],
  "test_accuracy": [
    0.15819999999999998,
    0.16670000000000001,
    0.17329999999999998,
    0.20900000000000002,
    0.20309999999999997,
    0.23679999999999998,
    0.2305,
    0.23030000000000003,
    0.2306,
    0.2375,
    0.2605,
    0.26000000000000006,
    0.2744,
    0.2732,
    0.2779,
    0.2829,
    0.2745,
    0.28609999999999997,
    0.28590000000000004,
    0.29219999999999996,
    0.287,
    0.2946,
    0.2982,
    0.30619999999999997,
    0.31589999999999996,
    0.31939999999999996,
    0.31599999999999995,
    0.3129,
    0.31320000000000003,
    0.3149,
    0.3109,
    0.30799999999999994,
    0.3198,
    0.3194,
    0.32319999999999993,
    0.32810000000000006,
    0.32709999999999995,
    0.3295,
    0.333,
    0.32770000000000005,
    0.3346,
    0.3276,
    0.3435,
    0.3334,
    0.34259999999999996,
    0.3409,
    0.34049999999999997,
    0.3464,
    0.34520000000000006,
    0.34709999999999996
  ]
}