{
  "setting": "setting_3",
  "train_accuracy": [
    0.15029894770408161,
    0.192578125,
    0.2134765625,
    0.2339405293367347,
    0.25247927295918365,
    0.2651626275510204,
    0.26319754464285716,
    0.26174266581632655,
    0.2678332270408163,
    0.25722656250000003,
    0.2525749362244898,
    0.2495176977040816,
    0.25075733418367346,
    0.24623325892857142,
    0.24118303571428573,
    0.24077248086734693,
    0.23875558035714284,
    0.2409717793367347,
    0.24548788265306123,
    0.2458466198979592,
    0.24525669642857142,
    0.24901147959183673,
    0.2447863520408163,
    0.24371014030612245,
    0.25053411989795915,
    0.2526466836734694,
    0.2526227678571429,
    0.25296954719387754,
    0.2544005102040816,
    0.2568957270408163,
    0.25815927933673466,
    0.26387515943877554,
    0.2653260522959184,
    0.2647839604591837,
    0.27242107780612246,
    0.28199139030612247,
    0.2896245216836735,
    0.29301658163265304,
    0.29929448341836734,
    0.3064532844387755,
    0.3057955994897959,
    0.3111208545918367,
    0.3069156568877551,
    0.3147122130102041,
    0.31760204081632654,
    0.3187220982142857,
    0.3227359693877551,
    0.3278260522959184,
    0.33558673469387756,
    0.34004703443877554
  ],
  "test_accuracy": [
    0.18560000000000001,
    0.2088,
    0.22210000000000002,
    0.2399,
    0.2665,
    0.2742,
    0.25470000000000004,
    0.27170000000000005,
    0.2694,
    0.25260000000000005,
    0.24609999999999999,
    0.2509,
    0.25339999999999996,
    0.2405,
    0.24609999999999999,
    0.24899999999999997,
    0.24159999999999998,
    0.2474,
    0.2472,
    0.24899999999999997,
    0.2472,
    0.25149999999999995,
    0.2528,
    0.24779999999999996,
    0.2543,
    0.2544,
    0.2522,
    0.25420000000000004,
    0.25489999999999996,
    0.2631,
    0.2582,
    0.26739999999999997,
    0.2753,
    0.26680000000000004,
    0.2807,
    0.28009999999999996,
    0.296,
    0.2983,
    0.29819999999999997,
    0.30879999999999996,
    0.3089,
    0.3111,
    0.3031,
    0.3198,
    0.3203,
    0.3242,
    0.3239,
    0.33609999999999995,
    0.3376,
    0.34340000000000004
  ]
}