{
  "setting": "setting_25",
  "train_accuracy": [
    0.17719890137658836,
    0.15305558396707739,
    0.19641014572102428,
    0.1662280846890643,
    0.10750873904986522,
    0.0999801453600308,
    0.1000049636599923,
    0.1000049636599923,
    0.10001737280997305,
    0.09999255451001154,
    0.09997600897670389,
    0.10001323642664613,
    0.10004407128417404,
    0.10005008784174046,
    0.10060925166056989,
    0.10160499193781286,
    0.1029372834039276,
    0.10374763850115519,
    0.1076862274980747,
    0.11118635986234117,
    0.11707055316230265,
    0.1343158873219099,
    0.14536191097901424,
    0.17032799263573356,
    0.21299027423469388,
    0.2592121017038891,
    0.2942653181555641,
    0.3046980289757412,
    0.36844082414805546,
    0.3983754542500963,
    0.4034173294907586,
    0.4070900618502118,
    0.4116731745764343,
    0.4131100037302657,
    0.41335630655564115,
    0.414291505222372,
    0.419864717703119,
    0.41863545978532923,
    0.4217509085001925,
    0.41871931555641123,
    0.42439819382941857,
    0.4192935207691567,
    0.423259560309973,
    0.42598054846938777,
    0.42312870018290333,
    0.4246542735608394,
    0.4264159968232576,
    0.4345221800394686,
    0.4316616829514825,
    0.43354148115614166
  ],
  "test_accuracy": [
    0.194,
    0.146,
    0.191,
    0.12929999999999997,
    0.1,
    0.1,
    0.1,
    0.1,
    0.1,
    0.1,
    0.1,
    0.1,
    0.10010000000000001,
    0.1,
    0.1018,
    0.1016,
    0.10429999999999999,
    0.10400000000000001,
    0.11349999999999998,
    0.1106,
    0.12309999999999999,
    0.139,
    0.1661,
    0.1865,
    0.23810000000000003,
    0.2898,
    0.281,
    0.3437,
    0.3992,
    0.4105,
    0.39980000000000004,
    0.4079,
    0.40809999999999996,
    0.4143,
    0.4183,
    0.41790000000000005,
    0.4145,
    0.42110000000000003,
    0.4271000000000001,
    0.4189,
    0.42429999999999995,
    0.4157,
    0.4232,
    0.42139999999999994,
    0.42940000000000006,
    0.4324,
    0.42510000000000003,
    0.4332,
    0.4295999999999999,
    0.4293
  ]
}