{
  "setting": "setting_24",
  "train_accuracy": [
    0.10039999999999999,
    0.10865999999999999,
    0.1331,
    0.15295999999999998,
    0.18564,
    0.20156,
    0.21330000000000002,
    0.22896,
    0.24038,
    0.24846000000000001,
    0.2564,
    0.26227999999999996,
    0.26642000000000005,
    0.28286,
    0.28248,
    0.29124,
    0.2896,
    0.2954,
    0.3019,
    0.3006,
    0.30451999999999996,
    0.31064,
    0.31501999999999997,
    0.31207999999999997,
    0.3158,
    0.32,
    0.32160000000000005,
    0.32545999999999997,
    0.32728,
    0.32758,
    0.33336,
    0.33140000000000003,
    0.33636000000000005,
    0.34092,
    0.34204,
    0.3459,
    0.34857999999999995,
    0.34757999999999994,
    0.34929999999999994,
    0.35157999999999995,
    0.35422000000000003,
    0.35308,
    0.35752,
    0.3586,
    0.36132000000000003,
    0.36234,
    0.36266,
    0.36252,
    0.36306000000000005,
    0.36488
  ],
  "test_accuracy": [
    0.10090000000000002,
    0.12450000000000001,
    0.14509999999999998,
    0.1742,
    0.21750000000000003,
    0.20180000000000003,
    0.23360000000000003,
    0.22609999999999997,
    0.24630000000000002,
    0.27080000000000004,
    0.2647,
    0.2773,
    0.2703,
    0.24900000000000003,
    0.2697,
    0.2951,
    0.2611,
    0.27549999999999997,
    0.296,
    0.31070000000000003,
    0.3183,
    0.3108,
    0.3195,
    0.3247,
    0.3309,
    0.3361,
    0.3411,
    0.3387,
    0.3405,
    0.3264,
    0.346,
    0.3478,
    0.34459999999999996,
    0.3524,
    0.354,
    0.3417,
    0.36260000000000003,
    0.355,
    0.3646,
    0.36789999999999995,
    0.36160000000000003,
    0.3609,
    0.3689,
    0.36329999999999996,
    0.3678,
    0.37250000000000005,
    0.3709,
    0.37279999999999996,
    0.37350000000000005,
    0.37370000000000003
  ]
}