{
  "setting": "setting_22",
  "train_accuracy": [
    0.10586000000000001,
    0.14362,
    0.1931,
    0.21854000000000004,
    0.2373,
    0.25564,
    0.27230000000000004,
    0.28294,
    0.29548,
    0.30804,
    0.31557999999999997,
    0.32410000000000005,
    0.33572,
    0.34062000000000003,
    0.34653999999999996,
    0.3564199999999999,
    0.36018,
    0.37073999999999996,
    0.37274,
    0.37888,
    0.38465999999999995,
    0.38646,
    0.39122,
    0.4061600000000001,
    0.40696,
    0.4123199999999999,
    0.4177,
    0.42594,
    0.42612,
    0.43271999999999994,
    0.43296000000000007,
    0.43613999999999997,
    0.44186,
    0.44012,
    0.44468,
    0.44453999999999994,
    0.44892000000000004,
    0.45182,
    0.45653999999999995,
    0.45812,
    0.45694,
    0.4591200000000001,
    0.46108,
    0.46035999999999994,
    0.4625,
    0.4672799999999999,
    0.46751999999999994,
    0.46744,
    0.46790000000000004,
    0.46991999999999995
  ],
  "test_accuracy": [
    0.12490000000000001,
    0.17099999999999999,
    0.2017,
    0.2475,
    0.26559999999999995,
    0.2813,
    0.28290000000000004,
    0.2967,
    0.31179999999999997,
    0.3242,
    0.3453,
    0.3423,
    0.3624,
    0.366,
    0.3637,
    0.375,
    0.35050000000000003,
    0.37039999999999995,
    0.38730000000000003,
    0.4001,
    0.402,
    0.40329999999999994,
    0.40279999999999994,
    0.41479999999999995,
    0.4082,
    0.4183,
    0.41719999999999996,
    0.42279999999999995,
    0.4215,
    0.4391,
    0.441,
    0.44020000000000004,
    0.4473000000000001,
    0.44889999999999997,
    0.45,
    0.4554,
    0.4528,
    0.4445,
    0.45520000000000005,
    0.45759999999999995,
    0.4518000000000001,
    0.462,
    0.46420000000000006,
    0.4694,
    0.4629999999999999,
    0.46719999999999995,
    0.4631,
    0.47170000000000006,
    0.46610000000000007,
    0.4696000000000001
  ]
}