{
  "setting": "setting_30",
  "train_accuracy": [
    0.10032,
    0.10264,
    0.12282,
    0.14070000000000002,
    0.15689999999999998,
    0.18330000000000002,
    0.19814,
    0.20836000000000002,
    0.22222000000000003,
    0.23266,
    0.23825999999999997,
    0.24423999999999996,
    0.25845999999999997,
    0.26562,
    0.26050000000000006,
    0.2686,
    0.27402,
    0.28314,
    0.29232,
    0.29,
    0.2926,
    0.29908000000000007,
    0.2940999999999999,
    0.29916,
    0.30239999999999995,
    0.30892,
    0.30396,
    0.31370000000000003,
    0.31339999999999996,
    0.3168399999999999,
    0.31128000000000006,
    0.31964000000000004,
    0.3187399999999999,
    0.32101999999999997,
    0.3233,
    0.32498,
    0.32656,
    0.32576000000000005,
    0.32716,
    0.3283600000000001,
    0.32936,
    0.3285,
    0.32747999999999994,
    0.32968000000000003,
    0.33116,
    0.33236,
    0.33236,
    0.33340000000000003,
    0.33563999999999994,
    0.33531999999999995
  ],
  "test_accuracy": [
    0.1002,
    0.10969999999999999,
    0.1355,
    0.149,
    0.176,
    0.2029,
    0.2219,
    0.215,
    0.2088,
    0.24529999999999993,
    0.2627,
    0.25600000000000006,
    0.2448,
    0.28069999999999995,
    0.2851,
    0.279,
    0.30379999999999996,
    0.2960999999999999,
    0.2932,
    0.30619999999999997,
    0.29569999999999996,
    0.2997,
    0.3085,
    0.31439999999999996,
    0.284,
    0.32520000000000004,
    0.2985,
    0.3216,
    0.3234,
    0.32789999999999997,
    0.32710000000000006,
    0.32430000000000003,
    0.32380000000000003,
    0.33659999999999995,
    0.3337,
    0.33910000000000007,
    0.33540000000000003,
    0.3375,
    0.3378,
    0.3392,
    0.32780000000000004,
    0.333,
    0.3436,
    0.3432,
    0.3438,
    0.3452,
    0.34340000000000004,
    0.346,
    0.34470000000000006,
    0.3464
  ]
}