{
  "setting": "setting_27",
  "train_accuracy": [
    0.10572,
    0.14704,
    0.19286,
    0.21356000000000003,
    0.23807999999999999,
    0.2551,
    0.26862,
    0.28678000000000003,
    0.29626,
    0.30428,
    0.31652,
    0.32789999999999997,
    0.33655999999999997,
    0.3414,
    0.35204,
    0.35484000000000004,
    0.36278,
    0.3668999999999999,
    0.3743,
    0.37744000000000005,
    0.38132,
    0.39186,
    0.3957399999999999,
    0.39744,
    0.40187999999999996,
    0.40574000000000005,
    0.41190000000000004,
    0.41634,
    0.41603999999999997,
    0.41912,
    0.41894000000000003,
    0.42393999999999993,
    0.4282599999999999,
    0.43322000000000005,
    0.43332,
    0.43722,
    0.44181999999999994,
    0.44278,
    0.44445999999999997,
    0.44842000000000004,
    0.44984,
    0.44683999999999996,
    0.44832,
    0.45232000000000006,
    0.45690000000000003,
    0.45437999999999995,
    0.45578,
    0.45980000000000004,
    0.45858,
    0.46165999999999996
  ],
  "test_accuracy": [
    0.12080000000000002,
    0.16839999999999997,
    0.20080000000000003,
    0.2245,
    0.27219999999999994,
    0.27899999999999997,
    0.3053,
    0.3095,
    0.323,
    0.3337,
    0.3306,
    0.33,
    0.361,
    0.3538,
    0.374,
    0.36669999999999997,
    0.3815,
    0.36819999999999997,
    0.3863,
    0.3973,
    0.3856,
    0.3961,
    0.3952,
    0.40709999999999996,
    0.42460000000000003,
    0.3665,
    0.4048,
    0.4187,
    0.42540000000000006,
    0.42669999999999997,
    0.42749999999999994,
    0.43979999999999997,
    0.4303,
    0.44749999999999995,
    0.43970000000000004,
    0.44049999999999995,
    0.4433000000000001,
    0.44449999999999995,
    0.4365,
    0.4443,
    0.4485,
    0.4535,
    0.4553,
    0.45100000000000007,
    0.45330000000000004,
    0.45920000000000005,
    0.45550000000000007,
    0.4622,
    0.4601,
    0.4622
  ]
}