{
  "setting": "setting_21",
  "train_accuracy": [
    0.13155999999999998,
    0.20020000000000004,
    0.2438,
    0.27554,
    0.29538,
    0.32058,
    0.33303999999999995,
    0.34708,
    0.35678000000000004,
    0.37091999999999997,
    0.38192,
    0.38872,
    0.40430000000000005,
    0.41090000000000004,
    0.41774,
    0.42626000000000003,
    0.43311999999999995,
    0.4403800000000001,
    0.4497400000000001,
    0.45068000000000014,
    0.45804,
    0.45996000000000004,
    0.4627800000000001,
    0.46990000000000004,
    0.47206000000000004,
    0.4751999999999999,
    0.47979999999999995,
    0.4804999999999999,
    0.48704000000000003,
    0.4903,
    0.4918199999999999,
    0.4946799999999999,
    0.49676000000000003,
    0.5013599999999999,
    0.50188,
    0.5049199999999999,
    0.5079,
    0.5085000000000001,
    0.5119,
    0.51518,
    0.51404,
    0.51694,
    0.51986,
    0.5214600000000001,
    0.52288,
    0.5243,
    0.5251600000000001,
    0.5281600000000001,
    0.5299200000000001,
    0.53234
  ],
  "test_accuracy": [
    0.17070000000000002,
    0.23659999999999998,
    0.25270000000000004,
    0.3104,
    0.3055,
    0.3351,
    0.3452,
    0.3675,
    0.2960999999999999,
    0.3839,
    0.40140000000000003,
    0.38930000000000003,
    0.41659999999999997,
    0.4266,
    0.4295999999999999,
    0.4128,
    0.4511,
    0.44370000000000004,
    0.4561,
    0.4172999999999999,
    0.4643999999999999,
    0.45009999999999994,
    0.4728,
    0.4765,
    0.48019999999999996,
    0.4725,
    0.48789999999999994,
    0.4851,
    0.4798,
    0.49560000000000004,
    0.48279999999999995,
    0.5012000000000001,
    0.5004,
    0.5066,
    0.5008000000000001,
    0.5122,
    0.5139,
    0.5086999999999999,
    0.5093000000000001,
    0.5187,
    0.5168,
    0.5222,
    0.5239999999999999,
    0.5249999999999999,
    0.5183000000000001,
    0.5282000000000002,
    0.5222,
    0.5327999999999999,
    0.5273999999999999,
    0.5376000000000001
  ]
}