{
  "setting": "setting_28",
  "train_accuracy": [
    0.10176470588235294,
    0.12068627450980393,
    0.1503137254901961,
    0.18931372549019607,
    0.21049019607843136,
    0.2252352941176471,
    0.23882352941176468,
    0.2503529411764706,
    0.2626078431372549,
    0.2769019607843138,
    0.2881764705882353,
    0.2899803921568628,
    0.29723529411764704,
    0.3037254901960784,
    0.308,
    0.3145294117647059,
    0.32145098039215686,
    0.32517647058823534,
    0.3298627450980392,
    0.3368235294117647,
    0.3377254901960784,
    0.34631372549019607,
    0.3435098039215686,
    0.3434705882352941,
    0.35090196078431374,
    0.35833333333333334,
    0.36307843137254897,
    0.3642549019607843,
    0.3640588235294117,
    0.3696666666666667,
    0.37235294117647066,
    0.37619607843137254,
    0.37745098039215685,
    0.3786862745098039,
    0.3776862745098039,
    0.380921568627451,
    0.38294117647058823,
    0.38509803921568625,
    0.38699999999999996,
    0.3874901960784314,
    0.38852941176470585,
    0.392764705882353,
    0.388921568627451,
    0.3933725490196079,
    0.39582352941176474,
    0.39839215686274504,
    0.39494117647058824,
    0.3976666666666667,
    0.3963333333333333,
    0.39962745098039215
  ],
  "test_accuracy": [
    0.1016,
    0.1416,
    0.1751,
    0.19490000000000002,
    0.2131,
    0.2391,
    0.25410000000000005,
    0.1895,
    0.2716,
    0.26470000000000005,
    0.3036,
    0.2885,
    0.3206,
    0.32130000000000003,
    0.2992,
    0.336,
    0.2979,
    0.3393,
    0.3298,
    0.3559,
    0.337,
    0.34109999999999996,
    0.348,
    0.3578,
    0.3569,
    0.3515,
    0.3705,
    0.36679999999999996,
    0.351,
    0.3799,
    0.3745,
    0.38289999999999996,
    0.3798,
    0.3832,
    0.391,
    0.38150000000000006,
    0.39,
    0.3871,
    0.39520000000000005,
    0.39410000000000006,
    0.394,
    0.39740000000000003,
    0.3985,
    0.396,
    0.3965,
    0.3993,
    0.4034,
    0.40280000000000005,
    0.40380000000000005,
    0.4084
  ]
}