{
  "setting": "setting_29",
  "train_accuracy": [
    0.10039999999999999,
    0.10865999999999999,
    0.1331,
    0.15295999999999998,
    0.18566000000000002,
    0.20154,
    0.21328,
    0.22899999999999998,
    0.24038,
    0.24846000000000001,
    0.25638,
    0.26227999999999996,
    0.26638,
    0.28276,
    0.28288,
    0.29086,
    0.28958,
    0.29535999999999996,
    0.30191999999999997,
    0.30058,
    0.30454000000000003,
    0.3107,
    0.31507999999999997,
    0.31207999999999997,
    0.31584,
    0.32004,
    0.32167999999999997,
    0.32545999999999997,
    0.32702,
    0.3274,
    0.33327999999999997,
    0.33154000000000006,
    0.33646,
    0.34093999999999997,
    0.34206000000000003,
    0.34582,
    0.34865999999999997,
    0.34772,
    0.3492,
    0.35169999999999996,
    0.35426,
    0.35304,
    0.35572000000000004,
    0.35611999999999994,
    0.36078000000000005,
    0.36292,
    0.3629,
    0.3635999999999999,
    0.36379999999999996,
    0.36568
  ],
  "test_accuracy": [
    0.10090000000000002,
    0.12450000000000001,
    0.14509999999999998,
    0.1742,
    0.21750000000000003,
    0.20180000000000003,
    0.23360000000000003,
    0.2263,
    0.24630000000000002,
    0.271,
    0.26460000000000006,
    0.2773,
    0.2704,
    0.2492,
    0.26890000000000003,
    0.2948,
    0.25999999999999995,
    0.27549999999999997,
    0.2961,
    0.3107,
    0.3185,
    0.31070000000000003,
    0.3196,
    0.32460000000000006,
    0.331,
    0.33590000000000003,
    0.34059999999999996,
    0.33840000000000003,
    0.3404,
    0.32660000000000006,
    0.3459,
    0.34750000000000003,
    0.3445,
    0.3524,
    0.35320000000000007,
    0.3411,
    0.363,
    0.3549,
    0.3646,
    0.368,
    0.3612,
    0.36150000000000004,
    0.3693000000000001,
    0.35769999999999996,
    0.36819999999999997,
    0.3726,
    0.371,
    0.3704,
    0.3741,
    0.375
  ]
}