{
  "setting": "setting_12",
  "train_accuracy": [
    0.10586000000000001,
    0.14362,
    0.19314,
    0.21844000000000002,
    0.23728,
    0.25562,
    0.27225999999999995,
    0.2864,
    0.29634,
    0.30822,
    0.31526,
    0.32295999999999997,
    0.33016000000000006,
    0.33744,
    0.34268,
    0.35174,
    0.35710000000000003,
    0.36113999999999996,
    0.37227999999999994,
    0.3776,
    0.3814400000000001,
    0.38702,
    0.39116,
    0.402,
    0.40449999999999997,
    0.41003999999999996,
    0.4150800000000001,
    0.41912,
    0.42542,
    0.42802000000000007,
    0.42751999999999996,
    0.4337,
    0.43914000000000003,
    0.43788,
    0.44208000000000003,
    0.44514000000000004,
    0.44897999999999993,
    0.45208,
    0.45638,
    0.45776000000000006,
    0.45744,
    0.45843999999999996,
    0.46092,
    0.46114,
    0.46194,
    0.46652,
    0.46746000000000004,
    0.46716,
    0.46778,
    0.47002000000000005
  ],
  "test_accuracy": [
    0.12490000000000001,
    0.17099999999999999,
    0.20179999999999998,
    0.2475,
    0.2657,
    0.2813,
    0.2791,
    0.29750000000000004,
    0.3108,
    0.3282,
    0.3439,
    0.3468,
    0.3596,
    0.3647,
    0.35250000000000004,
    0.3736,
    0.3836,
    0.3819,
    0.3854,
    0.3856,
    0.39320000000000005,
    0.3954000000000001,
    0.39490000000000003,
    0.41080000000000005,
    0.4043,
    0.4173,
    0.41739999999999994,
    0.41689999999999994,
    0.4224,
    0.4372,
    0.4378,
    0.4366,
    0.4455,
    0.44719999999999993,
    0.44699999999999995,
    0.4553,
    0.453,
    0.4469,
    0.45410000000000006,
    0.4587,
    0.4535,
    0.4633,
    0.46580000000000005,
    0.46950000000000003,
    0.4627,
    0.46769999999999995,
    0.4636,
    0.472,
    0.4659,
    0.47030000000000005
  ]
}