{
  "setting": "setting_8",
  "train_accuracy": [
    0.10176470588235294,
    0.12068627450980393,
    0.1503137254901961,
    0.18933333333333333,
    0.21054901960784314,
    0.2253137254901961,
    0.23888235294117646,
    0.2499019607843137,
    0.2629019607843137,
    0.27703921568627454,
    0.28868627450980394,
    0.2882156862745098,
    0.2972549019607843,
    0.30401960784313725,
    0.31213725490196087,
    0.3152156862745098,
    0.32213725490196077,
    0.3256470588235294,
    0.32862745098039214,
    0.337313725490196,
    0.3375294117647059,
    0.3431372549019608,
    0.34478431372549023,
    0.34758823529411764,
    0.35011764705882353,
    0.355078431372549,
    0.359078431372549,
    0.3612549019607843,
    0.3619411764705882,
    0.3654313725490197,
    0.3688627450980392,
    0.3694313725490196,
    0.3719607843137255,
    0.37196078431372553,
    0.37301960784313726,
    0.3759019607843137,
    0.3764901960784314,
    0.3792745098039216,
    0.3800196078431372,
    0.38090196078431365,
    0.38178431372549015,
    0.38394117647058823,
    0.3815294117647059,
    0.38423529411764706,
    0.386156862745098,
    0.38988235294117646,
    0.38662745098039214,
    0.390235294117647,
    0.3887254901960785,
    0.39037254901960783
  ],
  "test_accuracy": [
    0.1016,
    0.1416,
    0.1751,
    0.1951,
    0.21340000000000003,
    0.2391,
    0.25410000000000005,
    0.1975,
    0.27149999999999996,
    0.2673,
    0.3026,
    0.29510000000000003,
    0.3209,
    0.3209,
    0.2926,
    0.3347,
    0.3124,
    0.34099999999999997,
    0.3295,
    0.35229999999999995,
    0.3375,
    0.32230000000000003,
    0.35839999999999994,
    0.3348000000000001,
    0.35869999999999996,
    0.351,
    0.3701,
    0.3569,
    0.3534999999999999,
    0.37479999999999997,
    0.37089999999999995,
    0.3776,
    0.3762,
    0.37649999999999995,
    0.38660000000000005,
    0.382,
    0.38020000000000004,
    0.3859,
    0.38950000000000007,
    0.389,
    0.3849,
    0.3908,
    0.39189999999999997,
    0.38730000000000003,
    0.3914,
    0.3908,
    0.3952,
    0.39330000000000004,
    0.39840000000000003,
    0.3962
  ]
}