{
  "setting": "setting_15",
  "train_accuracy": [
    0.10032,
    0.10262,
    0.12282,
    0.14070000000000002,
    0.15689999999999998,
    0.18330000000000002,
    0.19814,
    0.20844000000000004,
    0.2222,
    0.23264,
    0.23820000000000002,
    0.24416,
    0.2585,
    0.26566,
    0.26046,
    0.26857999999999993,
    0.27398,
    0.28315999999999997,
    0.2924,
    0.29008,
    0.2926,
    0.29906,
    0.29411999999999994,
    0.29922,
    0.30244,
    0.30898,
    0.30330000000000007,
    0.31408,
    0.31335999999999997,
    0.31659999999999994,
    0.3113,
    0.31976,
    0.31886,
    0.32118,
    0.3233200000000001,
    0.32502,
    0.32658,
    0.32572000000000007,
    0.32698,
    0.32836000000000004,
    0.32932,
    0.32846,
    0.32764000000000004,
    0.32966000000000006,
    0.3309,
    0.33224,
    0.3323999999999999,
    0.33352000000000004,
    0.33564,
    0.33526
  ],
  "test_accuracy": [
    0.1002,
    0.10969999999999999,
    0.1355,
    0.149,
    0.1759,
    0.203,
    0.2219,
    0.2151,
    0.20860000000000004,
    0.24529999999999993,
    0.2627,
    0.25600000000000006,
    0.2448,
    0.28069999999999995,
    0.285,
    0.2791,
    0.30369999999999997,
    0.2960999999999999,
    0.2933,
    0.30629999999999996,
    0.29589999999999994,
    0.2997,
    0.3085,
    0.31449999999999995,
    0.28419999999999995,
    0.32530000000000003,
    0.3015,
    0.3215,
    0.32339999999999997,
    0.3277,
    0.32710000000000006,
    0.32450000000000007,
    0.3238,
    0.3365,
    0.3338,
    0.33930000000000005,
    0.3355,
    0.3375,
    0.3376,
    0.33930000000000005,
    0.3282,
    0.3331,
    0.34369999999999995,
    0.3432,
    0.3437,
    0.345,
    0.34349999999999997,
    0.34579999999999994,
    0.34480000000000005,
    0.3464
  ]
}