{
  "setting": "setting_13",
  "train_accuracy": [
    0.10176470588235294,
    0.12068627450980393,
    0.1503137254901961,
    0.18931372549019607,
    0.21049019607843136,
    0.22523529411764703,
    0.23886274509803918,
    0.2518431372549019,
    0.2624901960784314,
    0.27705882352941175,
    0.2880196078431373,
    0.2907843137254902,
    0.2973529411764706,
    0.3037450980392156,
    0.30752941176470594,
    0.31380392156862746,
    0.32094117647058823,
    0.3247843137254902,
    0.32943137254901966,
    0.33631372549019606,
    0.33798039215686276,
    0.34615686274509805,
    0.346313725490196,
    0.34603921568627455,
    0.3543725490196078,
    0.35723529411764704,
    0.3624117647058823,
    0.3646274509803921,
    0.36368627450980395,
    0.36819607843137253,
    0.371921568627451,
    0.3744705882352941,
    0.376078431372549,
    0.3768627450980392,
    0.3766470588235294,
    0.3802549019607844,
    0.3810392156862745,
    0.38323529411764706,
    0.3847450980392157,
    0.38480392156862747,
    0.3865882352941176,
    0.389686274509804,
    0.3855490196078431,
    0.3900588235294118,
    0.39162745098039214,
    0.3952156862745098,
    0.39135294117647057,
    0.3940196078431372,
    0.393078431372549,
    0.3957254901960785
  ],
  "test_accuracy": [
    0.1016,
    0.1416,
    0.1751,
    0.195,
    0.21300000000000002,
    0.2391,
    0.25410000000000005,
    0.17219999999999996,
    0.2719,
    0.2609,
    0.3025,
    0.2509,
    0.31920000000000004,
    0.3218,
    0.3053,
    0.33640000000000003,
    0.2974,
    0.3379,
    0.3269,
    0.3558,
    0.3378,
    0.33249999999999996,
    0.36,
    0.35750000000000004,
    0.35960000000000003,
    0.35019999999999996,
    0.3713,
    0.36289999999999994,
    0.35169999999999996,
    0.3806,
    0.3744,
    0.38079999999999997,
    0.3787999999999999,
    0.38170000000000004,
    0.39109999999999995,
    0.3843,
    0.388,
    0.3851,
    0.39370000000000005,
    0.39239999999999997,
    0.391,
    0.39530000000000004,
    0.39540000000000003,
    0.39459999999999995,
    0.3952,
    0.396,
    0.4003,
    0.39860000000000007,
    0.4001,
    0.4024
  ]
}