{
  "setting": "setting_10",
  "train_accuracy": [
    0.10032,
    0.10262,
    0.12282,
    0.14070000000000002,
    0.15689999999999998,
    0.18330000000000002,
    0.19812000000000002,
    0.20842,
    0.22216000000000005,
    0.23266,
    0.23820000000000002,
    0.24419999999999997,
    0.25852,
    0.2657,
    0.26162,
    0.26839999999999997,
    0.27418,
    0.2833,
    0.29254,
    0.28996,
    0.29258,
    0.29908,
    0.29405999999999993,
    0.29928,
    0.30247999999999997,
    0.30898,
    0.30401999999999996,
    0.31376000000000004,
    0.31338,
    0.3167999999999999,
    0.31121999999999994,
    0.31964,
    0.31867999999999996,
    0.32101999999999997,
    0.32334000000000007,
    0.32494,
    0.32655999999999996,
    0.32578000000000007,
    0.32717999999999997,
    0.32828000000000007,
    0.3294,
    0.32842,
    0.32748,
    0.32968000000000003,
    0.33114,
    0.33233999999999997,
    0.33236,
    0.33340000000000003,
    0.33569999999999994,
    0.33524
  ],
  "test_accuracy": [
    0.1002,
    0.10969999999999999,
    0.1355,
    0.149,
    0.1759,
    0.203,
    0.22190000000000004,
    0.2151,
    0.20860000000000004,
    0.24539999999999998,
    0.2627,
    0.2559,
    0.2447,
    0.2813,
    0.2854,
    0.28040000000000004,
    0.3033,
    0.29599999999999993,
    0.29219999999999996,
    0.3065,
    0.2954,
    0.2997,
    0.3084,
    0.31429999999999997,
    0.284,
    0.32510000000000006,
    0.2984,
    0.3218,
    0.3236,
    0.3277,
    0.32730000000000004,
    0.32460000000000006,
    0.3239,
    0.33659999999999995,
    0.3338,
    0.33910000000000007,
    0.33540000000000003,
    0.3376,
    0.33799999999999997,
    0.33930000000000005,
    0.32780000000000004,
    0.333,
    0.3436,
    0.3432,
    0.3438,
    0.3452,
    0.3435,
    0.3459,
    0.34470000000000006,
    0.3464
  ]
}