{
  "setting": "setting_1",
  "train_accuracy": [
    0.1316,
    0.20032,
    0.2438,
    0.27548,
    0.2955400000000001,
    0.3205799999999999,
    0.33393999999999996,
    0.34637999999999997,
    0.35714,
    0.37074000000000007,
    0.38168,
    0.3887000000000001,
    0.40434,
    0.41101999999999994,
    0.41766000000000003,
    0.42640000000000006,
    0.43318000000000006,
    0.4405800000000001,
    0.44974,
    0.45102000000000003,
    0.45824000000000004,
    0.45968000000000003,
    0.46282,
    0.46946000000000004,
    0.47216,
    0.47518,
    0.48012,
    0.48056,
    0.4870199999999999,
    0.49034,
    0.49201999999999996,
    0.49486,
    0.49666,
    0.5011800000000001,
    0.5020399999999999,
    0.5048800000000001,
    0.50786,
    0.50832,
    0.5122400000000001,
    0.51638,
    0.51526,
    0.5175,
    0.52024,
    0.5212600000000002,
    0.5233000000000001,
    0.5242200000000001,
    0.52528,
    0.5285,
    0.52902,
    0.5315200000000001
  ],
  "test_accuracy": [
    0.17060000000000003,
    0.2367,
    0.2528,
    0.31039999999999995,
    0.3053,
    0.335,
    0.3446,
    0.3683,
    0.289,
    0.3843,
    0.40190000000000003,
    0.3893,
    0.4166,
    0.4269,
    0.42939999999999995,
    0.4131,
    0.45200000000000007,
    0.44370000000000004,
    0.4561,
    0.4171,
    0.4648,
    0.4505,
    0.4726,
    0.47700000000000004,
    0.4801,
    0.4723,
    0.48789999999999994,
    0.48460000000000003,
    0.4793,
    0.495,
    0.48310000000000003,
    0.5006999999999999,
    0.5004000000000001,
    0.5063,
    0.5012000000000001,
    0.5124000000000001,
    0.5138,
    0.5093,
    0.509,
    0.5206999999999999,
    0.5175000000000001,
    0.5218,
    0.5242,
    0.5245,
    0.5190000000000001,
    0.5274000000000001,
    0.5219000000000001,
    0.5293,
    0.5273000000000001,
    0.5382000000000001
  ]
}