{
  "setting": "setting_5",
  "train_accuracy": [
    0.10024,
    0.10346000000000002,
    0.12043999999999999,
    0.13723999999999997,
    0.15650000000000003,
    0.18522,
    0.1988,
    0.2121,
    0.2197,
    0.22712000000000004,
    0.23920000000000002,
    0.24559999999999996,
    0.25056,
    0.25794,
    0.26682,
    0.27398,
    0.27915999999999996,
    0.28046,
    0.29134000000000004,
    0.2901599999999999,
    0.3043,
    0.30326,
    0.30592,
    0.30056000000000005,
    0.31138,
    0.30790000000000006,
    0.31514000000000003,
    0.32294,
    0.3127,
    0.3249,
    0.31862,
    0.32814,
    0.324,
    0.32798000000000005,
    0.33218,
    0.32696000000000003,
    0.33564000000000005,
    0.33215999999999996,
    0.34256000000000003,
    0.34038,
    0.34052000000000004,
    0.34222,
    0.34593999999999997,
    0.34415999999999997,
    0.3465,
    0.3505,
    0.35062,
    0.35028000000000004,
    0.35240000000000005,
    0.35234
  ],
  "test_accuracy": [
    0.09999999999999999,
    0.1099,
    0.1345,
    0.14819999999999997,
    0.16999999999999998,
    0.1967,
    0.2251,
    0.2265,
    0.22219999999999995,
    0.2533,
    0.2571,
    0.2717,
    0.27820000000000006,
    0.2714,
    0.2892,
    0.29359999999999997,
    0.2912,
    0.2845,
    0.3095,
    0.2949,
    0.29209999999999997,
    0.2983,
    0.31070000000000003,
    0.3244,
    0.32839999999999997,
    0.3167,
    0.3271,
    0.3355,
    0.3353,
    0.33709999999999996,
    0.34059999999999996,
    0.3428,
    0.3437,
    0.3326,
    0.3415,
    0.3465,
    0.3485,
    0.3471,
    0.3444,
    0.3423,
    0.34609999999999996,
    0.3536,
    0.36069999999999997,
    0.34259999999999996,
    0.3566,
    0.35889999999999994,
    0.3617,
    0.35339999999999994,
    0.3616,
    0.3629
  ]
}