{
  "setting": "setting_19",
  "train_accuracy": [
    0.10039999999999999,
    0.10865999999999999,
    0.13308,
    0.15295999999999998,
    0.18568,
    0.20152,
    0.21330000000000002,
    0.229,
    0.24036,
    0.24841999999999997,
    0.25644,
    0.26226,
    0.2664,
    0.28276,
    0.28309999999999996,
    0.29078,
    0.28964,
    0.29541999999999996,
    0.30197999999999997,
    0.3006,
    0.30441999999999997,
    0.31052,
    0.3155,
    0.31206,
    0.31574,
    0.31980000000000003,
    0.32182,
    0.32532000000000005,
    0.32677999999999996,
    0.32762,
    0.33352,
    0.33158,
    0.3367,
    0.34093999999999997,
    0.34218000000000004,
    0.34587999999999997,
    0.34873999999999994,
    0.34772,
    0.34930000000000005,
    0.3514,
    0.35406,
    0.35300000000000004,
    0.3576,
    0.35868,
    0.3611,
    0.36219999999999997,
    0.36251999999999995,
    0.3623799999999999,
    0.3633599999999999,
    0.36491999999999997
  ],
  "test_accuracy": [
    0.10090000000000002,
    0.12450000000000001,
    0.14509999999999998,
    0.1742,
    0.21739999999999998,
    0.20180000000000003,
    0.23360000000000003,
    0.22610000000000002,
    0.24619999999999997,
    0.27080000000000004,
    0.2649,
    0.2773,
    0.2704,
    0.2494,
    0.2683,
    0.2945,
    0.25999999999999995,
    0.27559999999999996,
    0.2964,
    0.3108,
    0.3185,
    0.3106,
    0.3205,
    0.32500000000000007,
    0.3315,
    0.3355,
    0.3407,
    0.3384,
    0.34019999999999995,
    0.32639999999999997,
    0.3459,
    0.3474,
    0.3439,
    0.3526,
    0.3539,
    0.33920000000000006,
    0.363,
    0.3544,
    0.364,
    0.3675999999999999,
    0.3616,
    0.36119999999999997,
    0.3688,
    0.3633,
    0.36740000000000006,
    0.37259999999999993,
    0.3707,
    0.372,
    0.37310000000000004,
    0.37320000000000003
  ]
}