{
  "setting": "setting_26",
  "train_accuracy": [
    0.13158,
    0.2004,
    0.24353999999999998,
    0.2757,
    0.29568000000000005,
    0.32059999999999994,
    0.33378,
    0.347,
    0.35764,
    0.37011999999999995,
    0.38192,
    0.38872,
    0.40434,
    0.4107,
    0.41778,
    0.4261,
    0.43334000000000006,
    0.44044000000000005,
    0.4499000000000001,
    0.45071999999999995,
    0.4583,
    0.45966,
    0.46284000000000014,
    0.4694400000000001,
    0.47193999999999986,
    0.4753,
    0.47981999999999997,
    0.48044,
    0.4869799999999999,
    0.4902600000000001,
    0.4918600000000001,
    0.49474,
    0.49628000000000005,
    0.5015,
    0.50178,
    0.50512,
    0.5074799999999999,
    0.50836,
    0.51232,
    0.51518,
    0.51402,
    0.5168,
    0.51994,
    0.5209600000000001,
    0.5228,
    0.52388,
    0.5252600000000001,
    0.5284800000000001,
    0.53024,
    0.5322
  ],
  "test_accuracy": [
    0.17070000000000002,
    0.23689999999999997,
    0.2534,
    0.31029999999999996,
    0.3052,
    0.3351,
    0.3451,
    0.368,
    0.3468,
    0.384,
    0.40170000000000006,
    0.3899,
    0.41640000000000005,
    0.4265,
    0.4294999999999999,
    0.41319999999999996,
    0.4514,
    0.44299999999999995,
    0.45620000000000005,
    0.41690000000000005,
    0.4641,
    0.45039999999999997,
    0.473,
    0.47709999999999997,
    0.48089999999999994,
    0.47329999999999994,
    0.48810000000000003,
    0.4847999999999999,
    0.48020000000000007,
    0.4946,
    0.4828,
    0.5012000000000001,
    0.5,
    0.5060999999999999,
    0.5007999999999999,
    0.5123,
    0.5133000000000001,
    0.5084000000000001,
    0.5093,
    0.5184,
    0.5168,
    0.5216000000000001,
    0.5237,
    0.5248999999999999,
    0.5178,
    0.5275000000000001,
    0.5226000000000001,
    0.5323,
    0.5263000000000001,
    0.5372
  ]
}