{
  "setting": "setting_23",
  "train_accuracy": [
    0.10176470588235294,
    0.12068627450980393,
    0.15033333333333337,
    0.18933333333333333,
    0.21052941176470585,
    0.2253137254901961,
    0.23888235294117646,
    0.2501960784313726,
    0.26303921568627453,
    0.27684313725490195,
    0.28852941176470587,
    0.2910392156862745,
    0.2984313725490196,
    0.3043137254901961,
    0.3080588235294118,
    0.3156078431372549,
    0.32023529411764706,
    0.32388235294117645,
    0.3296862745098039,
    0.3357058823529412,
    0.3385294117647059,
    0.34598039215686277,
    0.3454509803921569,
    0.34713725490196073,
    0.35258823529411765,
    0.35666666666666663,
    0.3622941176470588,
    0.3646470588235294,
    0.36400000000000005,
    0.36831372549019603,
    0.3713333333333333,
    0.3743333333333333,
    0.3759411764705882,
    0.37686274509803924,
    0.37670588235294117,
    0.3800980392156863,
    0.38092156862745097,
    0.3834117647058823,
    0.3848039215686275,
    0.3847254901960784,
    0.3865686274509804,
    0.38986274509803925,
    0.3854901960784313,
    0.39084313725490194,
    0.39176470588235296,
    0.395,
    0.39105882352941174,
    0.3943529411764706,
    0.3932745098039216,
    0.3951176470588235
  ],
  "test_accuracy": [
    0.1016,
    0.1416,
    0.1751,
    0.195,
    0.21300000000000002,
    0.2391,
    0.2542,
    0.191,
    0.2709,
    0.26680000000000004,
    0.3028,
    0.27870000000000006,
    0.32070000000000004,
    0.3218,
    0.3133,
    0.3343,
    0.3036,
    0.33490000000000003,
    0.3177,
    0.3548,
    0.33459999999999995,
    0.3164,
    0.3584,
    0.33819999999999995,
    0.3599,
    0.35129999999999995,
    0.37110000000000004,
    0.3625,
    0.3516,
    0.3805,
    0.3744,
    0.3811,
    0.3784,
    0.3814000000000001,
    0.3909,
    0.38380000000000003,
    0.3875,
    0.3853,
    0.3936,
    0.3916,
    0.3907,
    0.3962,
    0.3959,
    0.39530000000000004,
    0.3955,
    0.3954,
    0.40049999999999997,
    0.3985,
    0.40049999999999997,
    0.4018
  ]
}