{
  "setting": "setting_20",
  "train_accuracy": [
    0.10032,
    0.10262,
    0.12282,
    0.14070000000000002,
    0.15689999999999998,
    0.18330000000000002,
    0.1981,
    0.20838,
    0.22216,
    0.23268,
    0.23824,
    0.24423999999999996,
    0.25842,
    0.26572,
    0.26050000000000006,
    0.26852,
    0.27398,
    0.28315999999999997,
    0.29238,
    0.29002000000000006,
    0.29262,
    0.29902,
    0.29405999999999993,
    0.29925999999999997,
    0.30244,
    0.30898,
    0.30330000000000007,
    0.314,
    0.31338,
    0.3165799999999999,
    0.31124,
    0.31978000000000006,
    0.31881999999999994,
    0.32121999999999995,
    0.32334000000000007,
    0.32493999999999995,
    0.32664,
    0.32570000000000005,
    0.32694,
    0.32834,
    0.3292800000000001,
    0.32844,
    0.32761999999999997,
    0.32970000000000005,
    0.33086000000000004,
    0.33224,
    0.3323999999999999,
    0.33352000000000004,
    0.33565999999999996,
    0.33524
  ],
  "test_accuracy": [
    0.1002,
    0.10969999999999999,
    0.1355,
    0.149,
    0.1759,
    0.203,
    0.2219,
    0.2151,
    0.2085,
    0.24529999999999993,
    0.2627,
    0.2559,
    0.2447,
    0.28069999999999995,
    0.285,
    0.2791,
    0.30369999999999997,
    0.2960999999999999,
    0.2932,
    0.30629999999999996,
    0.29589999999999994,
    0.2997,
    0.3086,
    0.3146,
    0.28409999999999996,
    0.32530000000000003,
    0.3016,
    0.3214,
    0.3236,
    0.3278,
    0.32720000000000005,
    0.3245,
    0.3238,
    0.33649999999999997,
    0.33390000000000003,
    0.33930000000000005,
    0.3355,
    0.3374,
    0.3377,
    0.33930000000000005,
    0.3282,
    0.3331,
    0.34369999999999995,
    0.3434,
    0.34369999999999995,
    0.345,
    0.3436,
    0.34579999999999994,
    0.34480000000000005,
    0.3464
  ]
}