{
  "setting": "setting_9",
  "train_accuracy": [
    0.1006810141509434,
    0.13234301297169812,
    0.1567117482311321,
    0.14079341096698114,
    0.13988060141509434,
    0.1512278891509434,
    0.17283276827830188,
    0.1919623378537736,
    0.19829083136792452,
    0.2044089033018868,
    0.2084780365566038,
    0.21130933077830188,
    0.21287183077830188,
    0.21773474351415092,
    0.21962853773584906,
    0.21829193691037738,
    0.21987912735849058,
    0.2251437205188679,
    0.22636276533018868,
    0.2247987912735849,
    0.22477594339622642,
    0.22468381485849057,
    0.2293315153301887,
    0.2284721403301887,
    0.22892799233490568,
    0.23279444280660377,
    0.22863981426886792,
    0.2328651975235849,
    0.23431382665094339,
    0.2369674970518868,
    0.2372612028301887,
    0.23639298349056603,
    0.23732753537735848,
    0.23791568396226417,
    0.23900427476415093,
    0.2407565595518868,
    0.2397726267688679,
    0.2412857458726415,
    0.24338848761792453,
    0.24525095813679246,
    0.24489865860849058,
    0.24308298938679246,
    0.24439747936320758,
    0.2437584758254717,
    0.24677329009433963,
    0.24466944280660377,
    0.24549786261792453,
    0.24570017688679247,
    0.2455096550707547,
    0.24595703125
  ],
  "test_accuracy": [
    0.10629999999999999,
    0.1585,
    0.16019999999999998,
    0.1356,
    0.1484,
    0.16570000000000001,
    0.1971,
    0.20529999999999998,
    0.2101,
    0.2209,
    0.2173,
    0.2298,
    0.22809999999999997,
    0.23070000000000004,
    0.238,
    0.2343,
    0.2298,
    0.2299,
    0.23459999999999998,
    0.231,
    0.23619999999999997,
    0.23929999999999998,
    0.23959999999999998,
    0.2323,
    0.24230000000000002,
    0.2373,
    0.2385,
    0.24369999999999997,
    0.24549999999999997,
    0.24489999999999998,
    0.246,
    0.2481,
    0.24530000000000002,
    0.2452,
    0.2464,
    0.24900000000000003,
    0.2499,
    0.253,
    0.253,
    0.2575,
    0.2486,
    0.25020000000000003,
    0.2526,
    0.25630000000000003,
    0.254,
    0.254,
    0.25339999999999996,
    0.2554,
    0.2525,
    0.25100000000000006
  ]
}