{
  "setting": "setting_24",
  "train_accuracy": [
    0.1002317954009434,
    0.13290647110849055,
    0.158190227004717,
    0.1732208136792453,
    0.1814552623820755,
    0.1942946639150943,
    0.2097376179245283,
    0.2167850825471698,
    0.21611254422169812,
    0.2196465949292453,
    0.22379790683962264,
    0.22739349941037737,
    0.23098209021226418,
    0.2353405070754717,
    0.2387975383254717,
    0.2417025353773585,
    0.2425280070754717,
    0.2489114091981132,
    0.2510657429245283,
    0.2531227889150943,
    0.253307045990566,
    0.25558630601415094,
    0.2608442659198113,
    0.2619361733490566,
    0.2657418189858491,
    0.26699403007075473,
    0.2642493366745283,
    0.2692213295990566,
    0.26793447818396227,
    0.2711497641509434,
    0.27276090801886793,
    0.27404517983490567,
    0.27459537146226415,
    0.27769310141509435,
    0.2760229952830189,
    0.2780487175707547,
    0.2777922317216981,
    0.2785539504716981,
    0.27972214033018866,
    0.27886239681603775,
    0.2786173349056604,
    0.2810495283018868,
    0.2814751621462264,
    0.27991487323113207,
    0.282877358490566,
    0.2838259139150943,
    0.2812230984669811,
    0.2834739829009434,
    0.2848607016509434,
    0.2849874705188679
  ],
  "test_accuracy": [
    0.10250000000000001,
    0.15419999999999998,
    0.17429999999999998,
    0.17859999999999998,
    0.19260000000000002,
    0.20600000000000002,
    0.2206,
    0.22160000000000002,
    0.22760000000000002,
    0.2355,
    0.23400000000000004,
    0.2371,
    0.23670000000000005,
    0.2435,
    0.2569,
    0.2501,
    0.2592,
    0.2525,
    0.2669,
    0.25809999999999994,
    0.26530000000000004,
    0.2714,
    0.27349999999999997,
    0.2673,
    0.28300000000000003,
    0.2763,
    0.28019999999999995,
    0.28090000000000004,
    0.28200000000000003,
    0.2825,
    0.28639999999999993,
    0.2875,
    0.289,
    0.28550000000000003,
    0.2882,
    0.2939,
    0.2892,
    0.2913,
    0.29269999999999996,
    0.2933,
    0.28450000000000003,
    0.2903,
    0.29379999999999995,
    0.29719999999999996,
    0.29600000000000004,
    0.28769999999999996,
    0.29009999999999997,
    0.2974,
    0.28990000000000005,
    0.29179999999999995
  ]
}