{
  "setting": "setting_28",
  "train_accuracy": [
    0.11991262454274162,
    0.16402452048036195,
    0.19183605783115132,
    0.2175380396852137,
    0.2258412651617251,
    0.22963432867250674,
    0.23883364519156716,
    0.24698232034559106,
    0.2560725867587601,
    0.25844198233538695,
    0.26567238039083557,
    0.2686862996967655,
    0.27250192529842127,
    0.2747427169570658,
    0.2780811543367347,
    0.28298690496245665,
    0.28347424612533695,
    0.28952389475837503,
    0.29185606288505966,
    0.2932846192722372,
    0.29466805147766656,
    0.2948466680304197,
    0.29860099995186756,
    0.29505799961494034,
    0.29793955465440897,
    0.29902479122545245,
    0.30016605698883325,
    0.30218235584328074,
    0.30042627310358105,
    0.30181948221505583,
    0.3044532302897574,
    0.30542603244127836,
    0.3055527561850212,
    0.3058171086830959,
    0.3072746197535618,
    0.31033065496245665,
    0.3067045509241432,
    0.310543114651521,
    0.3094499813486715,
    0.3076916423998845,
    0.30865692385444743,
    0.3118415629813246,
    0.3123619952108202,
    0.31063524318925684,
    0.314289173806315,
    0.3145313402483635,
    0.3125549010877936,
    0.31186638128128613,
    0.3159061236522911,
    0.31285272068733155
  ],
  "test_accuracy": [
    0.149,
    0.17870000000000003,
    0.21400000000000002,
    0.23339999999999997,
    0.2182,
    0.24489999999999998,
    0.24450000000000002,
    0.2591,
    0.26980000000000004,
    0.27869999999999995,
    0.2758,
    0.27640000000000003,
    0.28880000000000006,
    0.2855,
    0.289,
    0.2963,
    0.30429999999999996,
    0.2996,
    0.3043,
    0.30119999999999997,
    0.3013,
    0.29910000000000003,
    0.30720000000000003,
    0.30369999999999997,
    0.3075,
    0.3099,
    0.3109,
    0.3059,
    0.30920000000000003,
    0.30999999999999994,
    0.31249999999999994,
    0.314,
    0.3139,
    0.319,
    0.3176,
    0.3174,
    0.3224,
    0.3215,
    0.3244,
    0.32209999999999994,
    0.31700000000000006,
    0.3194,
    0.3262,
    0.3217,
    0.32439999999999997,
    0.3205,
    0.32460000000000006,
    0.32199999999999995,
    0.32520000000000004,
    0.3199
  ]
}