{
  "setting": "setting_30",
  "train_accuracy": [
    0.09972028358581278,
    0.10193597491835994,
    0.12242288132710451,
    0.15056070845428157,
    0.1618726755261248,
    0.1677277984397678,
    0.16830643652485489,
    0.17257375952467344,
    0.18353457513153118,
    0.19005089747369375,
    0.19832085109760522,
    0.2050607623140421,
    0.21059485270772857,
    0.21348024764150944,
    0.21504678712354863,
    0.21770965620464441,
    0.21778796546171988,
    0.22248510352412915,
    0.2247167401805152,
    0.22359596108490568,
    0.22509234114205368,
    0.22453638085087085,
    0.2272024389967344,
    0.23031886395591436,
    0.23068277167997098,
    0.2339299482946299,
    0.232829720949746,
    0.23632954236211903,
    0.2372554341663643,
    0.23966459542815674,
    0.23981270976959362,
    0.24034634660740203,
    0.24338269060685777,
    0.2405830460812772,
    0.24285472321752538,
    0.24357934960087085,
    0.24416613751814223,
    0.24501974385431785,
    0.2477460398902395,
    0.24779706492652395,
    0.2485748423893324,
    0.2482197931785196,
    0.2502841811048621,
    0.2504198935277576,
    0.2488466215756531,
    0.2520753724827649,
    0.2541936201696299,
    0.2544225241518505,
    0.25446681671806964,
    0.2542095654934688
  ],
  "test_accuracy": [
    0.0999,
    0.10879999999999998,
    0.14409999999999998,
    0.15760000000000002,
    0.17099999999999999,
    0.17319999999999997,
    0.17489999999999997,
    0.18419999999999997,
    0.19350000000000003,
    0.20950000000000002,
    0.2085,
    0.2234,
    0.22749999999999995,
    0.2313,
    0.23489999999999997,
    0.22480000000000003,
    0.2226,
    0.2222,
    0.22979999999999995,
    0.23110000000000003,
    0.2411,
    0.23700000000000002,
    0.24220000000000003,
    0.2311,
    0.2448,
    0.23709999999999995,
    0.24689999999999998,
    0.24650000000000002,
    0.24830000000000002,
    0.2501,
    0.25020000000000003,
    0.25229999999999997,
    0.24889999999999998,
    0.24899999999999997,
    0.25420000000000004,
    0.2551,
    0.25620000000000004,
    0.25730000000000003,
    0.2613,
    0.2603000000000001,
    0.25170000000000003,
    0.25850000000000006,
    0.2582,
    0.2627,
    0.2634,
    0.2614000000000001,
    0.26189999999999997,
    0.2629,
    0.2609,
    0.25999999999999995
  ]
}