{
  "setting": "setting_7",
  "train_accuracy": [
    0.1348984906462585,
    0.16879441508746354,
    0.2078426794825073,
    0.21978350491982507,
    0.22699336431000972,
    0.23125645347424684,
    0.23898448888483964,
    0.24788553814382897,
    0.2568198038143829,
    0.2625311285228377,
    0.26787232750242956,
    0.27364059463070944,
    0.2729326105442177,
    0.27711408224003886,
    0.27961954871234207,
    0.2823005876457726,
    0.28615653850826045,
    0.29045474216472306,
    0.29059235301263364,
    0.2921990782920311,
    0.2935505117225462,
    0.2957788584183674,
    0.29868292182944606,
    0.2963482826166181,
    0.30203113611516036,
    0.3000950938411079,
    0.30386183491253643,
    0.3048678176627794,
    0.3080119882774538,
    0.30546476403061223,
    0.3085045402089407,
    0.3073761312560738,
    0.31016630982750243,
    0.31076420523566567,
    0.3117720860665695,
    0.3128046419460641,
    0.3105288432337221,
    0.3138163189382896,
    0.31336837190233235,
    0.31214695699708456,
    0.3143696094509232,
    0.31620125728862974,
    0.3155663493075802,
    0.3153186497813411,
    0.31782032009232264,
    0.31939477800048593,
    0.31615570335276966,
    0.3163113459669582,
    0.31749859542031095,
    0.31937200103255586
  ],
  "test_accuracy": [
    0.13979999999999998,
    0.2045,
    0.21990000000000004,
    0.23069999999999996,
    0.2291,
    0.2495,
    0.2522,
    0.263,
    0.2642,
    0.2791,
    0.28500000000000003,
    0.2848,
    0.2805,
    0.292,
    0.2937,
    0.2946000000000001,
    0.3075,
    0.29529999999999995,
    0.30110000000000003,
    0.299,
    0.3033,
    0.29779999999999995,
    0.3076,
    0.3086,
    0.30860000000000004,
    0.3134,
    0.31310000000000004,
    0.31239999999999996,
    0.315,
    0.3125,
    0.31970000000000004,
    0.3186,
    0.3136,
    0.32219999999999993,
    0.3203,
    0.3197,
    0.3244,
    0.3254,
    0.3184,
    0.3258,
    0.3235,
    0.3253,
    0.3282,
    0.32510000000000006,
    0.3276,
    0.32469999999999993,
    0.3262,
    0.32330000000000003,
    0.3289,
    0.325
  ]
}