{
  "setting": "setting_19",
  "train_accuracy": [
    0.10018794221698114,
    0.1324329304245283,
    0.15891288325471697,
    0.17574992629716982,
    0.17979842275943397,
    0.1891955336084906,
    0.2038491303066038,
    0.21351009728773584,
    0.2130332399764151,
    0.21697560436320754,
    0.2205428213443396,
    0.22327903891509432,
    0.2251112912735849,
    0.2286869840801887,
    0.23340912441037737,
    0.23517135908018869,
    0.23661372346698112,
    0.24224977889150942,
    0.2450143720518868,
    0.2451967865566038,
    0.2456478478773585,
    0.24762603183962262,
    0.253190227004717,
    0.2532565595518868,
    0.254583210495283,
    0.2565271226415094,
    0.2557108637971698,
    0.26029112617924527,
    0.25919774469339624,
    0.26143978478773583,
    0.26364865860849057,
    0.26268315153301885,
    0.2632270784198113,
    0.266829304245283,
    0.2674262971698113,
    0.2693281987028302,
    0.2677878095518868,
    0.2702922317216981,
    0.2719391214622642,
    0.2710299970518868,
    0.27106869103773584,
    0.272428139740566,
    0.2737897995283019,
    0.2715787146226415,
    0.2750147405660377,
    0.2759028596698113,
    0.2754466391509434,
    0.27549565153301886,
    0.27596919221698113,
    0.2777708579009434
  ],
  "test_accuracy": [
    0.1025,
    0.15439999999999998,
    0.17419999999999997,
    0.1848,
    0.1856,
    0.19880000000000003,
    0.21589999999999998,
    0.22080000000000002,
    0.22690000000000002,
    0.2311,
    0.2273,
    0.2333,
    0.23279999999999998,
    0.23970000000000002,
    0.252,
    0.24579999999999996,
    0.25010000000000004,
    0.2452,
    0.2556,
    0.25060000000000004,
    0.2543,
    0.2609,
    0.26420000000000005,
    0.25870000000000004,
    0.2718,
    0.2644000000000001,
    0.26809999999999995,
    0.27040000000000003,
    0.2699,
    0.271,
    0.2782,
    0.2786,
    0.27790000000000004,
    0.2787,
    0.282,
    0.2854,
    0.2814,
    0.28450000000000003,
    0.2848,
    0.2892,
    0.27790000000000004,
    0.28440000000000004,
    0.28609999999999997,
    0.29100000000000004,
    0.28840000000000005,
    0.28700000000000003,
    0.2875,
    0.289,
    0.28359999999999996,
    0.2856
  ]
}