{
  "setting": "setting_18",
  "train_accuracy": [
    0.11866870126588372,
    0.1645949653446284,
    0.18106491564786292,
    0.20700943997882174,
    0.21609745018290336,
    0.21844052332017713,
    0.22419047217943783,
    0.2333788836879091,
    0.23857869356469003,
    0.24310540106372736,
    0.24535484152387368,
    0.25003760348479015,
    0.2533042182085098,
    0.25758913530034655,
    0.26228844279457064,
    0.2649214387995764,
    0.2659480139343473,
    0.27358866600885634,
    0.2749931561657682,
    0.2783970236089719,
    0.2778149216644205,
    0.2784827595542934,
    0.28322343088178664,
    0.2806223978388525,
    0.28489678595494805,
    0.28348552717077397,
    0.28687548132460533,
    0.2887970193973816,
    0.28672205910666154,
    0.28657578155082786,
    0.2905027134674625,
    0.29119612172699266,
    0.29069110692626104,
    0.29081181411243745,
    0.2906519993020793,
    0.29491510637273777,
    0.29086483502599153,
    0.2940776767664613,
    0.2941844706632653,
    0.2929653656863689,
    0.2936523813534848,
    0.29636735295533306,
    0.29648467582787835,
    0.2939791556363111,
    0.29775492154408933,
    0.2975612635974201,
    0.2965756762610705,
    0.29551074557181367,
    0.2982603123796689,
    0.29533476126299574
  ],
  "test_accuracy": [
    0.1492,
    0.18680000000000002,
    0.2016,
    0.22290000000000001,
    0.21340000000000003,
    0.23729999999999998,
    0.23650000000000002,
    0.2364,
    0.2452,
    0.2572,
    0.2543,
    0.25529999999999997,
    0.26630000000000004,
    0.27169999999999994,
    0.2764,
    0.2792,
    0.2892,
    0.27870000000000006,
    0.2874,
    0.2815,
    0.2919,
    0.2872,
    0.29429999999999995,
    0.29159999999999997,
    0.2995,
    0.29460000000000003,
    0.2976,
    0.2951,
    0.2947,
    0.30010000000000003,
    0.2995,
    0.30110000000000003,
    0.3009,
    0.30230000000000007,
    0.30310000000000004,
    0.30369999999999997,
    0.2999,
    0.3043,
    0.3087,
    0.3052,
    0.2981,
    0.2985,
    0.3094,
    0.3045,
    0.3089,
    0.30229999999999996,
    0.3036,
    0.30639999999999995,
    0.3054,
    0.304
  ]
}