{
  "setting": "setting_1",
  "train_accuracy": [
    0.12439811862244898,
    0.1982421875,
    0.2146922831632653,
    0.23180404974489796,
    0.24168925382653061,
    0.2524513711734694,
    0.26097735969387753,
    0.2709343112244898,
    0.2770448022959184,
    0.28260522959183676,
    0.2848812181122449,
    0.2931401466836735,
    0.29490194515306123,
    0.3020487882653061,
    0.3028220663265306,
    0.30403380102040817,
    0.3074896364795918,
    0.3096380739795918,
    0.31442920918367345,
    0.317757493622449,
    0.31997369260204084,
    0.31498724489795915,
    0.32327407525510204,
    0.3244419642857143,
    0.32498405612244896,
    0.32598852040816323,
    0.32666214923469383,
    0.3310985331632653,
    0.332405931122449,
    0.3309191645408163,
    0.33267697704081634,
    0.33231026785714285,
    0.3332310267857143,
    0.3352598852040816,
    0.3393176020408163,
    0.33828523596938775,
    0.3416812818877551,
    0.34457509566326533,
    0.34170918367346936,
    0.34190051020408163,
    0.3430763711734694,
    0.3439772002551021,
    0.34830596301020406,
    0.34858099489795924,
    0.3497767857142857,
    0.35009964923469383,
    0.35087691326530607,
    0.3509685905612245,
    0.35249920280612246,
    0.3520607461734694
  ],
  "test_accuracy": [
    0.1809,
    0.22490000000000002,
    0.22149999999999997,
    0.24019999999999997,
    0.2654,
    0.2748,
    0.27690000000000003,
    0.2818,
    0.28759999999999997,
    0.2797,
    0.29799999999999993,
    0.3036,
    0.3069,
    0.3116,
    0.3021,
    0.3134,
    0.3127,
    0.32009999999999994,
    0.32320000000000004,
    0.3184,
    0.32280000000000003,
    0.32720000000000005,
    0.32720000000000005,
    0.3312,
    0.3282,
    0.3401,
    0.336,
    0.3366,
    0.33899999999999997,
    0.3325,
    0.3436,
    0.33440000000000003,
    0.3379,
    0.34519999999999995,
    0.3403999999999999,
    0.33690000000000003,
    0.3459,
    0.3463,
    0.34769999999999995,
    0.3482,
    0.3478,
    0.3472,
    0.3558,
    0.3544,
    0.35129999999999995,
    0.36029999999999995,
    0.357,
    0.3522,
    0.3565,
    0.3566
  ]
}