{
  "setting": "setting_17",
  "train_accuracy": [
    0.14120960884353742,
    0.20013742103984453,
    0.2261155020043732,
    0.23745558491253646,
    0.24231182428328474,
    0.2501651330174927,
    0.2636453018707483,
    0.27133727374878525,
    0.27717292274052474,
    0.2840686497813411,
    0.2890027104591837,
    0.29362453686831874,
    0.297608608175413,
    0.3031747297133139,
    0.30487635902575316,
    0.3091508366739553,
    0.3139074268100097,
    0.31769884293002915,
    0.3223567328717201,
    0.32362654883381925,
    0.3297345724003887,
    0.3322352936710398,
    0.33881404124149656,
    0.33400715196793007,
    0.34019299684159376,
    0.341785486516035,
    0.35038758807094267,
    0.3526358646137026,
    0.3574465500485909,
    0.3555228452988338,
    0.3551973244655005,
    0.35746932701652095,
    0.3589659636175899,
    0.35866511783284744,
    0.36221073250728864,
    0.3632318999028183,
    0.36412874301506315,
    0.3662356125485909,
    0.36904097576530615,
    0.3682751002186589,
    0.36966449526239065,
    0.3695544065840622,
    0.37184064474003886,
    0.3734027651239067,
    0.37792209517735664,
    0.37730047376093295,
    0.3757487928206997,
    0.3771163599368319,
    0.3794481520286686,
    0.3811877429543246
  ],
  "test_accuracy": [
    0.1823,
    0.22870000000000004,
    0.2311,
    0.2532,
    0.25620000000000004,
    0.26480000000000004,
    0.27290000000000003,
    0.2816,
    0.2929,
    0.28800000000000003,
    0.29800000000000004,
    0.3111,
    0.31270000000000003,
    0.31920000000000004,
    0.3114,
    0.3207,
    0.33190000000000003,
    0.33649999999999997,
    0.33519999999999994,
    0.3294,
    0.33540000000000003,
    0.3361,
    0.3477,
    0.34129999999999994,
    0.34429999999999994,
    0.35329999999999995,
    0.3528,
    0.3561,
    0.35910000000000003,
    0.3566999999999999,
    0.3634,
    0.36499999999999994,
    0.3617,
    0.3649,
    0.3652,
    0.3638,
    0.37910000000000005,
    0.3699,
    0.37729999999999997,
    0.3785,
    0.3701,
    0.3742,
    0.3771,
    0.379,
    0.3796,
    0.3826,
    0.3879,
    0.3792,
    0.3856,
    0.383
  ]
}