{
  "setting": "setting_14",
  "train_accuracy": [
    0.10041900058962265,
    0.13220666273584905,
    0.15961121757075472,
    0.1782650353773585,
    0.1700917600235849,
    0.17816885318396228,
    0.19391767393867923,
    0.20614018278301888,
    0.20795032429245283,
    0.2107760908018868,
    0.21450471698113208,
    0.2164935878537736,
    0.2178865713443396,
    0.2223783903301887,
    0.22423607016509434,
    0.22584868808962263,
    0.22616303066037738,
    0.2331154186320755,
    0.2325099498820755,
    0.2325508549528302,
    0.23364792158018868,
    0.2333652712264151,
    0.23781618514150943,
    0.2387728478773585,
    0.2391719487028302,
    0.24103294516509433,
    0.23749889445754718,
    0.2453991008254717,
    0.2438450766509434,
    0.24577240566037736,
    0.24728368219339622,
    0.24550560141509434,
    0.2475110554245283,
    0.2487455778301887,
    0.24902196344339622,
    0.2514235701650943,
    0.25042489681603775,
    0.2496757075471698,
    0.25287551591981133,
    0.25449071344339624,
    0.25200950766509433,
    0.2517567069575472,
    0.2544380159198113,
    0.254017172759434,
    0.2550512234669811,
    0.255592570754717,
    0.25706662735849056,
    0.2563915094339623,
    0.2563424970518868,
    0.25801886792452833
  ],
  "test_accuracy": [
    0.10300000000000001,
    0.1556,
    0.1749,
    0.184,
    0.175,
    0.1869,
    0.21140000000000003,
    0.21430000000000002,
    0.21830000000000002,
    0.2293,
    0.2237,
    0.2314,
    0.23079999999999998,
    0.23489999999999997,
    0.24289999999999998,
    0.23770000000000002,
    0.23760000000000003,
    0.23349999999999999,
    0.24210000000000004,
    0.23759999999999998,
    0.24530000000000002,
    0.2454,
    0.24889999999999998,
    0.24219999999999997,
    0.2521,
    0.2465,
    0.24910000000000004,
    0.2517,
    0.25270000000000004,
    0.2558,
    0.2586,
    0.2573,
    0.2554,
    0.25320000000000004,
    0.26130000000000003,
    0.258,
    0.26080000000000003,
    0.2639,
    0.2671,
    0.2684,
    0.2571,
    0.26209999999999994,
    0.26339999999999997,
    0.2655,
    0.2672,
    0.2633,
    0.2637,
    0.2653,
    0.2636,
    0.26280000000000003
  ]
}