{
  "setting": "setting_26",
  "train_accuracy": [
    0.17982700892857142,
    0.23769929846938775,
    0.25290178571428573,
    0.26566087372448977,
    0.28812579719387754,
    0.28586973852040815,
    0.28338647959183677,
    0.29722177933673466,
    0.30123565051020407,
    0.3109016262755102,
    0.3043686224489796,
    0.2992466517857143,
    0.3074577487244898,
    0.3239596619897959,
    0.32168765943877553,
    0.3243781887755102,
    0.3274553571428572,
    0.3332310267857143,
    0.3499242665816326,
    0.3512476084183674,
    0.35445232780612246,
    0.3606505102040816,
    0.3662109375,
    0.36695631377551025,
    0.3677455357142857,
    0.3723533163265306,
    0.372867506377551,
    0.37002152423469387,
    0.377164381377551,
    0.3762794961734694,
    0.38459422831632656,
    0.3855349170918367,
    0.388883131377551,
    0.39854910714285713,
    0.39963329081632654,
    0.402718431122449,
    0.4013671875,
    0.40074936224489793,
    0.39854113520408163,
    0.4034518494897959,
    0.40526546556122445,
    0.4096061862244898,
    0.41062659438775506,
    0.4130739795918368,
    0.4125239158163265,
    0.4160913584183673,
    0.4186941964285715,
    0.4244858099489796,
    0.42263233418367346,
    0.42574537627551023
  ],
  "test_accuracy": [
    0.2367,
    0.2472,
    0.26050000000000006,
    0.2727,
    0.29910000000000003,
    0.301,
    0.3041,
    0.30179999999999996,
    0.3056,
    0.32109999999999994,
    0.3053,
    0.3077,
    0.3207,
    0.3148,
    0.3121,
    0.329,
    0.32789999999999997,
    0.3418,
    0.3566,
    0.34459999999999996,
    0.35279999999999995,
    0.3569,
    0.3597,
    0.3702,
    0.36419999999999997,
    0.3766,
    0.3686,
    0.36819999999999997,
    0.3666,
    0.39,
    0.3849,
    0.3836,
    0.39879999999999993,
    0.4008,
    0.4,
    0.4039,
    0.40549999999999997,
    0.40190000000000003,
    0.4040000000000001,
    0.4069,
    0.4076000000000001,
    0.40709999999999996,
    0.40490000000000004,
    0.4175,
    0.41319999999999996,
    0.4231,
    0.414,
    0.4149999999999999,
    0.42780000000000007,
    0.4222
  ]
}