{
  "setting": "setting_10",
  "train_accuracy": [
    0.09975146555243106,
    0.1037165360803701,
    0.12514846868196663,
    0.15176794663915094,
    0.16847333091436864,
    0.16060555379172714,
    0.14346468500544268,
    0.1356415547895501,
    0.13649303508254718,
    0.13903826310776488,
    0.14616972060957908,
    0.15190684812681424,
    0.16483956878174894,
    0.17498646419176345,
    0.18329326923076922,
    0.18500827739477502,
    0.1888709435096154,
    0.1934458340892598,
    0.19849802136248185,
    0.1992726097605225,
    0.2024319099238026,
    0.20352221573385343,
    0.20688313565856314,
    0.20712408721879536,
    0.2100821219611756,
    0.2128041659107402,
    0.2100070017688679,
    0.20993755102503628,
    0.21129715563769957,
    0.21380305186411463,
    0.2154177816582003,
    0.21664096516690856,
    0.2136156057238752,
    0.2132903211175617,
    0.2161789051161103,
    0.21652934790003628,
    0.2136723002086357,
    0.2163078850689405,
    0.2181185651759797,
    0.2189516197614296,
    0.2161509122142598,
    0.21795663155388242,
    0.2198243604862119,
    0.21884531760250364,
    0.21736594589078376,
    0.21877338647496372,
    0.21866070618650219,
    0.21903949621280844,
    0.2194246643686502,
    0.2184519996144775
  ],
  "test_accuracy": [
    0.0996,
    0.11040000000000001,
    0.14279999999999998,
    0.1656,
    0.16999999999999998,
    0.15189999999999998,
    0.1396,
    0.1391,
    0.1395,
    0.1488,
    0.1471,
    0.16329999999999997,
    0.1794,
    0.1855,
    0.1883,
    0.193,
    0.1986,
    0.1998,
    0.2052,
    0.2116,
    0.20790000000000003,
    0.21789999999999998,
    0.21680000000000002,
    0.2136,
    0.2202,
    0.2186,
    0.21949999999999997,
    0.22139999999999999,
    0.22070000000000004,
    0.2277,
    0.22999999999999998,
    0.2231,
    0.2264,
    0.22960000000000003,
    0.22809999999999997,
    0.225,
    0.23129999999999998,
    0.22959999999999997,
    0.2314,
    0.2312,
    0.22559999999999997,
    0.2283,
    0.22769999999999996,
    0.22810000000000002,
    0.22719999999999999,
    0.2284,
    0.22599999999999998,
    0.2294,
    0.22769999999999996,
    0.22810000000000002
  ]
}