{
  "setting": "setting_6",
  "train_accuracy": [
    0.14775988520408162,
    0.21803651147959185,
    0.2276108099489796,
    0.2464245854591837,
    0.25068957270408165,
    0.267594068877551,
    0.27970344387755103,
    0.28670280612244897,
    0.2967075892857143,
    0.30288982780612245,
    0.3064971301020408,
    0.3154416454081633,
    0.3181720344387755,
    0.3266342474489796,
    0.32872289540816324,
    0.3299107142857143,
    0.3328762755102041,
    0.33463408801020406,
    0.3383370535714286,
    0.3381736288265306,
    0.34247847576530616,
    0.3361447704081633,
    0.3428172831632653,
    0.3417530293367347,
    0.3464086415816327,
    0.3471898915816326,
    0.34389748086734695,
    0.3478236607142857,
    0.3512436224489796,
    0.3490951849489796,
    0.35518973214285715,
    0.3585897640306122,
    0.3601124043367347,
    0.36287069515306125,
    0.3682118941326531,
    0.3688416772959184,
    0.37041214923469384,
    0.37087850765306124,
    0.37313855229591836,
    0.37685746173469387,
    0.3777543048469388,
    0.3763313137755102,
    0.38088329081632655,
    0.38119021045918366,
    0.381070631377551,
    0.38767139668367345,
    0.3871372767857143,
    0.38630819515306125,
    0.38619658801020407,
    0.38779496173469385
  ],
  "test_accuracy": [
    0.21080000000000002,
    0.23220000000000002,
    0.2332,
    0.2434,
    0.2713,
    0.2821,
    0.29389999999999994,
    0.29090000000000005,
    0.3085,
    0.3074,
    0.3222,
    0.32650000000000007,
    0.3257,
    0.3342,
    0.32100000000000006,
    0.3324,
    0.33279999999999993,
    0.33849999999999997,
    0.336,
    0.34090000000000004,
    0.34159999999999996,
    0.3408,
    0.3487,
    0.3479,
    0.34819999999999995,
    0.3498,
    0.3487,
    0.34909999999999997,
    0.35689999999999994,
    0.3535,
    0.35779999999999995,
    0.3642,
    0.3708,
    0.3722,
    0.3619,
    0.3693,
    0.3762,
    0.3761,
    0.3818,
    0.378,
    0.3827,
    0.38049999999999995,
    0.39289999999999997,
    0.3917,
    0.38680000000000003,
    0.3926,
    0.3839,
    0.3894,
    0.3922,
    0.3922
  ]
}