{
  "setting": "setting_4",
  "train_accuracy": [
    0.10843086674528302,
    0.128372272995283,
    0.12089438384433962,
    0.11909013856132075,
    0.1244302771226415,
    0.12918447818396225,
    0.13444833431603775,
    0.14280697228773584,
    0.15645084021226416,
    0.1703880454009434,
    0.1847545695754717,
    0.19138966686320752,
    0.20137013561320752,
    0.2043775795990566,
    0.2108040978773585,
    0.2103574587264151,
    0.21125626474056602,
    0.2146281692216981,
    0.21812868514150943,
    0.2179746462264151,
    0.21866782134433962,
    0.2185561615566038,
    0.22228736733490567,
    0.22094966096698113,
    0.2209758254716981,
    0.2244140625,
    0.22175375884433962,
    0.2232576650943396,
    0.2238096992924528,
    0.2273326945754717,
    0.22617592865566039,
    0.22583689563679246,
    0.22952314268867924,
    0.22973724941037738,
    0.23337927476415093,
    0.2337986438679245,
    0.2313222287735849,
    0.2314928508254717,
    0.234674602004717,
    0.2383840654481132,
    0.2356006780660377,
    0.23615750294811322,
    0.2365982458726415,
    0.2363612912735849,
    0.2396524911556604,
    0.23850272700471697,
    0.2385970666273585,
    0.23749889445754718,
    0.2382753537735849,
    0.23958026238207547
  ],
  "test_accuracy": [
    0.13430000000000003,
    0.1256,
    0.11929999999999999,
    0.12450000000000001,
    0.13169999999999998,
    0.13330000000000003,
    0.14609999999999998,
    0.1529,
    0.1658,
    0.1888,
    0.1934,
    0.20900000000000002,
    0.2151,
    0.2213,
    0.22210000000000002,
    0.2262,
    0.22670000000000004,
    0.22600000000000003,
    0.22969999999999996,
    0.2271,
    0.2283,
    0.2306,
    0.23369999999999996,
    0.2238,
    0.2351,
    0.2253,
    0.2305,
    0.23420000000000002,
    0.2365,
    0.23679999999999998,
    0.23729999999999998,
    0.2374,
    0.24,
    0.23820000000000002,
    0.2411,
    0.23850000000000002,
    0.2384,
    0.24289999999999998,
    0.24339999999999998,
    0.2479,
    0.2394,
    0.2451,
    0.24569999999999997,
    0.248,
    0.2496,
    0.2454,
    0.2432,
    0.24430000000000002,
    0.2434,
    0.2425
  ]
}