{
  "setting": "setting_12",
  "train_accuracy": [
    0.14310958758503403,
    0.19029966897473274,
    0.21892652150145772,
    0.2266004616132167,
    0.23552428784013604,
    0.24316690962099125,
    0.2528879297254616,
    0.2634146850704568,
    0.2690652711977648,
    0.27734090287900875,
    0.28173685768950435,
    0.2857494002065112,
    0.2863283148080661,
    0.29286245748299317,
    0.2930228452988338,
    0.2974605578838678,
    0.30275430484693877,
    0.30538124848153547,
    0.30785444758260444,
    0.3068608023566569,
    0.3101122145286686,
    0.3131415512633625,
    0.31971650267249757,
    0.316249658345481,
    0.323178601797862,
    0.3199395271501458,
    0.3271436922983479,
    0.32981144466715256,
    0.33325456298590866,
    0.3360115251457726,
    0.33250577016520894,
    0.3360978878158406,
    0.33702984542031095,
    0.3363788037536444,
    0.3400250167031098,
    0.33953246477162297,
    0.3407197142249757,
    0.34150172345724006,
    0.3443621310131195,
    0.3450995353498542,
    0.34482905885568516,
    0.34435074252915454,
    0.34584453200923226,
    0.3483082407069971,
    0.3524536488702624,
    0.3514182458697765,
    0.3484989978134111,
    0.35078428692905733,
    0.35097409499514093,
    0.35176274750971814
  ],
  "test_accuracy": [
    0.17320000000000002,
    0.2192,
    0.22599999999999998,
    0.242,
    0.24330000000000002,
    0.2589,
    0.2665,
    0.27690000000000003,
    0.28600000000000003,
    0.2859,
    0.29449999999999993,
    0.29680000000000006,
    0.30269999999999997,
    0.3083000000000001,
    0.3032,
    0.31189999999999996,
    0.3174,
    0.31910000000000005,
    0.3209,
    0.3156,
    0.3195,
    0.3162,
    0.33089999999999997,
    0.3262,
    0.324,
    0.33649999999999997,
    0.335,
    0.33219999999999994,
    0.3405,
    0.33520000000000005,
    0.34259999999999996,
    0.3467,
    0.34219999999999995,
    0.3478,
    0.34740000000000004,
    0.34419999999999995,
    0.3528,
    0.3502,
    0.3501,
    0.3541,
    0.35109999999999997,
    0.35350000000000004,
    0.35409999999999997,
    0.354,
    0.354,
    0.35819999999999996,
    0.3616,
    0.35269999999999996,
    0.3573,
    0.3615
  ]
}