{
  "setting": "setting_20",
  "train_accuracy": [
    0.09993926603320029,
    0.10247421818305515,
    0.12360885908018868,
    0.15126513742743106,
    0.1629775092978955,
    0.16705171670899854,
    0.17047818963171263,
    0.17878570335177796,
    0.17933776589713354,
    0.1787275915048984,
    0.18724700086175616,
    0.19495815947024672,
    0.20211619251179247,
    0.20940497720881712,
    0.21106293654753266,
    0.21319571219611758,
    0.21134640897133528,
    0.2162972548530479,
    0.21901398369466618,
    0.21702719634433962,
    0.2178531641191945,
    0.21735992210177796,
    0.21998771147042817,
    0.22109254524219885,
    0.2215212972832003,
    0.22639347956730768,
    0.22389148108671988,
    0.22478654526487662,
    0.22412924358218433,
    0.2286694087899129,
    0.22927781147949927,
    0.22943620169629897,
    0.23175536046353412,
    0.229384467978955,
    0.23239777984397675,
    0.23378325131531202,
    0.2335841119375907,
    0.23474457717253266,
    0.23694467752177067,
    0.23775930639967344,
    0.23707011406930334,
    0.2368199496552975,
    0.23828408472423804,
    0.23740602889150944,
    0.2388839832411103,
    0.23966176070391873,
    0.24050083907837444,
    0.24076092502721336,
    0.24076446843251087,
    0.24054796636883163
  ],
  "test_accuracy": [
    0.0997,
    0.1086,
    0.14370000000000002,
    0.1608,
    0.1692,
    0.1736,
    0.1795,
    0.186,
    0.1828,
    0.1921,
    0.19310000000000002,
    0.21100000000000002,
    0.22149999999999997,
    0.22560000000000002,
    0.22389999999999993,
    0.22100000000000003,
    0.2226,
    0.2237,
    0.22810000000000002,
    0.2274,
    0.2286,
    0.2293,
    0.23359999999999995,
    0.22569999999999996,
    0.2374,
    0.2263,
    0.23379999999999995,
    0.2374,
    0.2378,
    0.24020000000000002,
    0.238,
    0.242,
    0.23870000000000005,
    0.2425,
    0.24180000000000001,
    0.2394,
    0.24169999999999997,
    0.2459,
    0.2424,
    0.2487,
    0.2399,
    0.244,
    0.24539999999999998,
    0.24760000000000004,
    0.24569999999999997,
    0.2473,
    0.2466,
    0.24749999999999997,
    0.24450000000000002,
    0.2432
  ]
}