{
  "setting": "setting_21",
  "train_accuracy": [
    0.17433832908163266,
    0.2337332589285714,
    0.2489875637755102,
    0.26291454081632654,
    0.27779815051020407,
    0.2805644132653061,
    0.28700972576530615,
    0.29861686862244896,
    0.2974689094387755,
    0.31246014030612246,
    0.31014827806122447,
    0.3128148915816326,
    0.31454480229591836,
    0.33461017219387756,
    0.33461814413265306,
    0.3306242028061225,
    0.33301578443877555,
    0.3385004783163265,
    0.35499441964285716,
    0.3564572704081632,
    0.3559032206632653,
    0.36104910714285715,
    0.3653659119897959,
    0.3713647959183673,
    0.3738161670918367,
    0.3733936543367347,
    0.3804288903061225,
    0.37523517219387753,
    0.38032525510204085,
    0.37391980229591837,
    0.3831234056122449,
    0.37991868622448977,
    0.381461256377551,
    0.38813775510204085,
    0.39345105229591837,
    0.39601403061224494,
    0.39453922193877555,
    0.39290497448979594,
    0.3973812181122449,
    0.39737723214285714,
    0.4012874681122449,
    0.4026905293367347,
    0.40542091836734695,
    0.40890066964285715,
    0.4069276147959184,
    0.4127670599489796,
    0.4127670599489796,
    0.4164341517857143,
    0.4179089604591837,
    0.41876195790816323
  ],
  "test_accuracy": [
    0.23479999999999998,
    0.2375,
    0.24910000000000002,
    0.26890000000000003,
    0.2887,
    0.2967,
    0.3015,
    0.30619999999999997,
    0.29719999999999996,
    0.3177,
    0.32380000000000003,
    0.31460000000000005,
    0.3305,
    0.3363,
    0.32110000000000005,
    0.3342,
    0.33340000000000003,
    0.353,
    0.3484,
    0.35309999999999997,
    0.354,
    0.36119999999999997,
    0.3646,
    0.3705,
    0.36619999999999997,
    0.3745,
    0.3849,
    0.36629999999999996,
    0.368,
    0.3906,
    0.38370000000000004,
    0.3674,
    0.3916,
    0.3889,
    0.38499999999999995,
    0.3961,
    0.4024,
    0.4001,
    0.40190000000000003,
    0.40190000000000003,
    0.39970000000000006,
    0.4039,
    0.4029,
    0.40279999999999994,
    0.40990000000000004,
    0.4154,
    0.40569999999999995,
    0.413,
    0.4149,
    0.4131
  ]
}