{
  "setting": "setting_16",
  "train_accuracy": [
    0.16619897959183674,
    0.23209901147959183,
    0.24235889668367347,
    0.259929049744898,
    0.27041214923469387,
    0.2751076211734694,
    0.2873485331632653,
    0.2973812181122449,
    0.3024872448979592,
    0.31241629464285714,
    0.3143375318877551,
    0.3217713647959184,
    0.3213647959183673,
    0.3368662308673469,
    0.3364676339285714,
    0.33292410714285714,
    0.33854432397959183,
    0.3451530612244898,
    0.3501076211734694,
    0.3511280293367347,
    0.35008370535714284,
    0.35422911352040815,
    0.35821508290816323,
    0.3591677295918367,
    0.369304049744898,
    0.36951929209183676,
    0.3725805165816326,
    0.3747927295918367,
    0.3757493622448979,
    0.37702088647959187,
    0.38174426020408164,
    0.37795360331632655,
    0.3827686543367347,
    0.3912348533163265,
    0.3935108418367347,
    0.39452327806122445,
    0.3975247130102041,
    0.3908840880102041,
    0.39639269770408164,
    0.3973014987244898,
    0.3979551977040816,
    0.4009406887755102,
    0.4038823341836735,
    0.4021045918367347,
    0.4002032844387755,
    0.40598294005102037,
    0.4090601084183674,
    0.4090361926020408,
    0.4109893176020408,
    0.40932716836734695
  ],
  "test_accuracy": [
    0.2314,
    0.23459999999999998,
    0.2426,
    0.2631,
    0.2829,
    0.28559999999999997,
    0.30670000000000003,
    0.3002,
    0.30479999999999996,
    0.3119,
    0.33720000000000006,
    0.3264,
    0.3277,
    0.34080000000000005,
    0.33269999999999994,
    0.3377,
    0.3444,
    0.3516,
    0.3476,
    0.351,
    0.3513,
    0.3442,
    0.34609999999999996,
    0.36130000000000007,
    0.3661,
    0.37470000000000003,
    0.3817,
    0.35690000000000005,
    0.37570000000000003,
    0.37879999999999997,
    0.3818,
    0.374,
    0.3886,
    0.39,
    0.3893000000000001,
    0.39499999999999996,
    0.3953,
    0.4013,
    0.39580000000000004,
    0.4006,
    0.3919,
    0.3998,
    0.40099999999999997,
    0.3977,
    0.3998,
    0.40679999999999994,
    0.4042,
    0.4029,
    0.4117,
    0.40650000000000003
  ]
}