{
  "setting": "setting_29",
  "train_accuracy": [
    0.10481758549528301,
    0.1419888708726415,
    0.15655181308962265,
    0.17181345813679247,
    0.18470813679245282,
    0.20434662441037738,
    0.21344302771226417,
    0.22065521816037736,
    0.22432377653301888,
    0.2290344929245283,
    0.2324484080188679,
    0.2359688237028302,
    0.24241892688679248,
    0.2416494693396226,
    0.24557709316037737,
    0.25268904775943396,
    0.251875,
    0.256998452240566,
    0.26031544811320756,
    0.2619383844339623,
    0.263508991745283,
    0.26511350235849057,
    0.26848540683962263,
    0.2707167600235849,
    0.2696252211084906,
    0.27307267099056604,
    0.2745751031839623,
    0.2733276827830189,
    0.2730590359669811,
    0.2750092128537736,
    0.2770334610849057,
    0.27701724646226417,
    0.27979584316037737,
    0.27919184846698114,
    0.2817194870283019,
    0.2794881338443396,
    0.27889630011792454,
    0.283723835495283,
    0.2818676297169811,
    0.2800449587264151,
    0.2836516067216981,
    0.28461306014150944,
    0.2847626768867924,
    0.2862164652122642,
    0.2818001916273585,
    0.28612212558962263,
    0.2877708579009434,
    0.28179318985849056,
    0.2852240566037736,
    0.2877922317216981
  ],
  "test_accuracy": [
    0.1312,
    0.1519,
    0.1688,
    0.1767,
    0.2061,
    0.22400000000000003,
    0.22080000000000002,
    0.22999999999999998,
    0.23499999999999996,
    0.2364,
    0.23569999999999997,
    0.2515,
    0.24899999999999997,
    0.25,
    0.26149999999999995,
    0.2556,
    0.26680000000000004,
    0.268,
    0.26880000000000004,
    0.26339999999999997,
    0.2782,
    0.2816,
    0.2855,
    0.2869,
    0.2852,
    0.2823,
    0.2882,
    0.2923,
    0.28650000000000003,
    0.2896,
    0.29179999999999995,
    0.2911,
    0.29510000000000003,
    0.2914,
    0.28709999999999997,
    0.2941,
    0.2953,
    0.29629999999999995,
    0.28809999999999997,
    0.29300000000000004,
    0.29650000000000004,
    0.2926,
    0.2923,
    0.2996,
    0.29599999999999993,
    0.2993,
    0.2897,
    0.2996,
    0.29660000000000003,
    0.2938
  ]
}