{
  "setting": "setting_14",
  "train_accuracy": [
    0.10896521226415094,
    0.0999778891509434,
    0.09989497346698113,
    0.10019899764150944,
    0.09970150353773585,
    0.10022663620283019,
    0.0997291420990566,
    0.10014372051886791,
    0.10025427476415094,
    0.09970150353773585,
    0.09983969634433962,
    0.0997844192216981,
    0.09995025058962265,
    0.10019899764150944,
    0.09983969634433962,
    0.10008844339622641,
    0.09959094929245284,
    0.1000331662735849,
    0.09989497346698113,
    0.09964622641509434,
    0.09983969634433962,
    0.09989497346698113,
    0.10000552771226415,
    0.10000552771226415,
    0.09959094929245284,
    0.09986733490566038,
    0.10000552771226415,
    0.1003567216981132,
    0.10006080483490566,
    0.09977631191037735,
    0.09956994398584905,
    0.10017467570754716,
    0.10042342275943396,
    0.10007407134433961,
    0.09996499115566039,
    0.1002642246462264,
    0.10002026827830189,
    0.1002708579009434,
    0.10015219634433961,
    0.1002155807783019,
    0.1005214475235849,
    0.10180056014150944,
    0.11074403007075471,
    0.14633696933962265,
    0.17887713738207547,
    0.1766280955188679,
    0.18568654186320754,
    0.18687610554245282,
    0.183483195754717,
    0.1821425412735849
  ],
  "test_accuracy": [
    0.1,
    0.1,
    0.1,
    0.1,
    0.1,
    0.1,
    0.1,
    0.1,
    0.1,
    0.1,
    0.1,
    0.1,
    0.1,
    0.1,
    0.1,
    0.1,
    0.1,
    0.10010000000000001,
    0.1,
    0.1,
    0.1,
    0.1,
    0.1,
    0.1,
    0.0999,
    0.1,
    0.1,
    0.1,
    0.0999,
    0.10010000000000001,
    0.10010000000000001,
    0.1,
    0.1,
    0.10010000000000001,
    0.0999,
    0.10030000000000001,
    0.1004,
    0.10030000000000001,
    0.1006,
    0.10030000000000001,
    0.1,
    0.1014,
    0.1296,
    0.16330000000000003,
    0.18209999999999998,
    0.17729999999999999,
    0.19340000000000002,
    0.1951,
    0.17880000000000001,
    0.1906
  ]
}