{
  "setting": "setting_7",
  "train_accuracy": [
    0.09956382106413994,
    0.11128352010447036,
    0.1001446337463557,
    0.10002505466472304,
    0.09998329689018465,
    0.09996241800291544,
    0.10003549410835763,
    0.10002505466472304,
    0.09999373633381925,
    0.09996241800291544,
    0.10005637299562682,
    0.10004593355199222,
    0.10002505466472304,
    0.1000981307701652,
    0.09995197855928085,
    0.09994153911564627,
    0.09994153911564627,
    0.10004593355199222,
    0.09994153911564627,
    0.09994248815597667,
    0.1001351433430515,
    0.10011995869776483,
    0.1005650586127308,
    0.1010528653425656,
    0.10103862973760933,
    0.10148183157191448,
    0.10144956420068027,
    0.10183677265549076,
    0.10195350461613217,
    0.10244605654761904,
    0.10238721604713313,
    0.10332581693391643,
    0.10400058460884354,
    0.10750349246841595,
    0.11039521835519922,
    0.11596228893343051,
    0.11707266612001944,
    0.11805492286200193,
    0.12043131984936832,
    0.1274143586005831,
    0.1329719387755102,
    0.14118967899659862,
    0.14984682489067055,
    0.1525876533649174,
    0.14425792638483967,
    0.14904014060981535,
    0.166535699101069,
    0.17453326196550048,
    0.18588852951895043,
    0.19666678055150633
  ],
  "test_accuracy": [
    0.09509999999999999,
    0.1,
    0.1,
    0.1,
    0.1,
    0.1,
    0.1,
    0.1,
    0.1,
    0.1,
    0.1,
    0.1,
    0.1,
    0.1,
    0.1,
    0.1,
    0.1,
    0.1,
    0.1,
    0.1,
    0.10030000000000001,
    0.10030000000000001,
    0.10070000000000001,
    0.10190000000000002,
    0.1022,
    0.10110000000000001,
    0.10300000000000001,
    0.1016,
    0.10250000000000001,
    0.1028,
    0.10170000000000001,
    0.10450000000000001,
    0.10650000000000001,
    0.10640000000000001,
    0.1166,
    0.11710000000000001,
    0.11709999999999998,
    0.1202,
    0.1271,
    0.12930000000000003,
    0.1397,
    0.1484,
    0.1496,
    0.153,
    0.1404,
    0.1638,
    0.1774,
    0.1803,
    0.1971,
    0.19970000000000002
  ]
}