{
  "setting": "setting_21",
  "train_accuracy": [
    0.10434869260204083,
    0.11430564413265305,
    0.12713249362244897,
    0.12532286352040817,
    0.1522839604591837,
    0.1484295280612245,
    0.1535674426020408,
    0.14909518494897958,
    0.15575573979591836,
    0.17018096301020408,
    0.1799266581632653,
    0.18321508290816327,
    0.17327407525510205,
    0.16569276147959183,
    0.16889349489795918,
    0.17686144770408166,
    0.17395567602040815,
    0.1670559630102041,
    0.16678093112244896,
    0.17279575892857144,
    0.18073182397959184,
    0.16996572066326532,
    0.16885363520408161,
    0.17723612882653061,
    0.19156967474489797,
    0.19942602040816326,
    0.19640465561224488,
    0.1932796556122449,
    0.18819754464285715,
    0.1968670280612245,
    0.20304926658163266,
    0.1950573979591837,
    0.19610969387755103,
    0.19129464285714284,
    0.1934550382653061,
    0.20201690051020407,
    0.20914779974489797,
    0.20219626913265307,
    0.2032764668367347,
    0.20468351403061225,
    0.20685188137755103,
    0.21209741709183674,
    0.213883131377551,
    0.2075175382653061,
    0.2034000318877551,
    0.1969626913265306,
    0.19829001913265307,
    0.20060586734693878,
    0.20032684948979593,
    0.197672193877551
  ],
  "test_accuracy": [
    0.0923,
    0.1022,
    0.12280000000000002,
    0.14529999999999998,
    0.1517,
    0.1628,
    0.1445,
    0.1395,
    0.1593,
    0.1541,
    0.1958,
    0.17709999999999998,
    0.17279999999999998,
    0.15729999999999997,
    0.1678,
    0.1807,
    0.1622,
    0.16399999999999998,
    0.1785,
    0.1754,
    0.18159999999999998,
    0.16949999999999998,
    0.16749999999999998,
    0.179,
    0.1925,
    0.19480000000000003,
    0.20729999999999998,
    0.1832,
    0.18419999999999997,
    0.2037,
    0.20400000000000001,
    0.197,
    0.179,
    0.19070000000000004,
    0.20750000000000002,
    0.21350000000000002,
    0.21149999999999997,
    0.2024,
    0.1955,
    0.20470000000000002,
    0.20949999999999996,
    0.21670000000000003,
    0.21839999999999998,
    0.20529999999999998,
    0.2045,
    0.1902,
    0.20160000000000006,
    0.1958,
    0.195,
    0.1918
  ]
}