{
  "setting": "setting_17",
  "train_accuracy": [
    0.10512519740038873,
    0.1118747722303207,
    0.10004498451166181,
    0.09999373633381925,
    0.10006681243926141,
    0.09997285744655005,
    0.09995197855928085,
    0.09995197855928085,
    0.09999373633381925,
    0.09995197855928085,
    0.09997285744655005,
    0.09999373633381925,
    0.10005637299562682,
    0.09992066022837706,
    0.09995197855928085,
    0.10003549410835763,
    0.10005637299562682,
    0.10001461522108843,
    0.09995197855928085,
    0.09991022078474247,
    0.10004593355199222,
    0.10002505466472304,
    0.10001461522108843,
    0.09993109967201165,
    0.09998234784985421,
    0.10001081905976676,
    0.10021770985179786,
    0.10024238490038873,
    0.10026326378765792,
    0.10060871446793003,
    0.10043504008746355,
    0.10054512876579202,
    0.10090291697035957,
    0.10137174289358601,
    0.10209111546404276,
    0.10292342383381925,
    0.1025817693148688,
    0.10483858722060252,
    0.10784324890670553,
    0.10695399811710397,
    0.10743895772594753,
    0.10993778091593781,
    0.11233980199222546,
    0.1153140943877551,
    0.11501040148202138,
    0.11395791575558795,
    0.11347390518707484,
    0.11918428085519922,
    0.12074545219873663,
    0.12645487882653061
  ],
  "test_accuracy": [
    0.10010000000000001,
    0.1065,
    0.1,
    0.1,
    0.1,
    0.1,
    0.1,
    0.1,
    0.1,
    0.1,
    0.1,
    0.1,
    0.1,
    0.1,
    0.1,
    0.1,
    0.1,
    0.1,
    0.1,
    0.1,
    0.1,
    0.1,
    0.1,
    0.1,
    0.1002,
    0.10030000000000001,
    0.1004,
    0.10030000000000001,
    0.1008,
    0.10130000000000002,
    0.1002,
    0.1005,
    0.10230000000000002,
    0.10210000000000001,
    0.10310000000000001,
    0.10390000000000002,
    0.10400000000000001,
    0.1078,
    0.10810000000000002,
    0.1079,
    0.10769999999999999,
    0.1117,
    0.11440000000000002,
    0.11779999999999999,
    0.11000000000000001,
    0.11259999999999999,
    0.1173,
    0.1203,
    0.12940000000000002,
    0.1326
  ]
}