{
  "setting": "setting_20",
  "train_accuracy": [
    0.11065416931240929,
    0.10932610100689405,
    0.10073369750090712,
    0.10001438622550798,
    0.09979859284288825,
    0.1001582484805878,
    0.0990073504399492,
    0.09929507495010885,
    0.09929507495010885,
    0.10102142201106677,
    0.10051790411828737,
    0.10037404186320754,
    0.0995108683327286,
    0.0995108683327286,
    0.10008631735304789,
    0.0990073504399492,
    0.09907928156748912,
    0.1006617663733672,
    0.09915121269502904,
    0.09979859284288825,
    0.10080562862844702,
    0.09835997029209,
    0.10109335313860668,
    0.09987052397042816,
    0.10023017960812773,
    0.10044597299074745,
    0.10008631735304789,
    0.10073369750090712,
    0.1001582484805878,
    0.10037404186320754,
    0.0995827994602685,
    0.09972666171534833,
    0.10065255351959361,
    0.09953319178610304,
    0.10158836685867198,
    0.10110646373820754,
    0.10045908359034833,
    0.10000198430696662,
    0.09983969634433962,
    0.10164754172714077,
    0.10164825040820029,
    0.10200790604589985,
    0.10100689404934687,
    0.1013722191355225,
    0.10144096119829463,
    0.10207345904390422,
    0.10277399027122641,
    0.10388909991835994,
    0.10323286125725689,
    0.10364212456912192
  ],
  "test_accuracy": [
    0.1002,
    0.0954,
    0.1,
    0.1,
    0.1,
    0.1,
    0.1,
    0.1,
    0.1,
    0.1,
    0.1,
    0.1,
    0.1,
    0.1,
    0.1,
    0.1,
    0.1,
    0.1,
    0.1,
    0.1,
    0.1,
    0.1,
    0.1,
    0.1,
    0.1,
    0.1,
    0.1,
    0.1,
    0.1,
    0.1,
    0.1,
    0.1,
    0.1,
    0.10169999999999998,
    0.1002,
    0.1006,
    0.10089999999999999,
    0.1004,
    0.10069999999999998,
    0.1016,
    0.1018,
    0.10250000000000001,
    0.1005,
    0.10070000000000001,
    0.10069999999999998,
    0.1014,
    0.1012,
    0.1022,
    0.10370000000000001,
    0.1034
  ]
}