{
  "setting": "setting_22",
  "train_accuracy": [
    0.10495816630223517,
    0.10348145954810496,
    0.10002505466472304,
    0.09999373633381925,
    0.10006681243926141,
    0.09997285744655005,
    0.09995197855928085,
    0.09995197855928085,
    0.09999373633381925,
    0.09995197855928085,
    0.09997285744655005,
    0.09999373633381925,
    0.10005637299562682,
    0.09992066022837706,
    0.09995197855928085,
    0.10003549410835763,
    0.10005637299562682,
    0.10001461522108843,
    0.09995197855928085,
    0.09991022078474247,
    0.10004593355199222,
    0.10002505466472304,
    0.10001461522108843,
    0.0999709593658892,
    0.09998234784985421,
    0.09995102951895043,
    0.0999282525510204,
    0.10004308643100097,
    0.10006396531827016,
    0.10023004737609328,
    0.10021581177113703,
    0.10044547953109816,
    0.10042460064382895,
    0.10057454901603499,
    0.10052614795918367,
    0.1008507197521866,
    0.10131669855442177,
    0.1018386707361516,
    0.10271083879980564,
    0.10311512998056364,
    0.10379084669582118,
    0.1058929710276968,
    0.10605146076287658,
    0.10782901330174928,
    0.10860153213070943,
    0.11193456177113703,
    0.11196777818270166,
    0.11592337827988337,
    0.11518312682215744,
    0.11818209426627793
  ],
  "test_accuracy": [
    0.1024,
    0.1002,
    0.1,
    0.1,
    0.1,
    0.1,
    0.1,
    0.1,
    0.1,
    0.1,
    0.1,
    0.1,
    0.1,
    0.1,
    0.1,
    0.1,
    0.1,
    0.1,
    0.1,
    0.1,
    0.1,
    0.1,
    0.1,
    0.1002,
    0.10010000000000001,
    0.10010000000000001,
    0.1002,
    0.10030000000000001,
    0.10010000000000001,
    0.10030000000000001,
    0.10010000000000001,
    0.1006,
    0.10010000000000001,
    0.10070000000000001,
    0.1006,
    0.101,
    0.10190000000000002,
    0.10300000000000001,
    0.10250000000000001,
    0.1044,
    0.1038,
    0.10740000000000001,
    0.1075,
    0.1066,
    0.10629999999999999,
    0.1112,
    0.11229999999999998,
    0.11499999999999999,
    0.11720000000000001,
    0.11960000000000001
  ]
}