{
  "setting": "setting_1",
  "train_accuracy": [
    0.11231664540816327,
    0.10771285076530612,
    0.13951690051020407,
    0.15107222576530613,
    0.16766980229591838,
    0.15855389030612246,
    0.16554926658163266,
    0.16099728954081632,
    0.1790218431122449,
    0.17757095025510203,
    0.18453842474489796,
    0.19110730229591838,
    0.18036910076530613,
    0.1719547193877551,
    0.17820870535714284,
    0.18696588010204082,
    0.18185188137755104,
    0.1833984375,
    0.18478555484693876,
    0.19726961096938778,
    0.20464764030612245,
    0.18696986607142857,
    0.18244977678571428,
    0.19428411989795918,
    0.20262276785714284,
    0.2096301020408163,
    0.2125876913265306,
    0.2134845344387755,
    0.21452487244897958,
    0.21572863520408161,
    0.21550143494897958,
    0.21689652423469388,
    0.2205516581632653,
    0.21874601403061222,
    0.2193439094387755,
    0.2191764987244898,
    0.2243781887755102,
    0.22286750637755104,
    0.22060347576530612,
    0.22052375637755103,
    0.22142857142857142,
    0.22454161352040816,
    0.23088329081632653,
    0.23183195153061223,
    0.231640625,
    0.23270089285714285,
    0.23368144132653063,
    0.23221061862244896,
    0.23721301020408161,
    0.23722098214285714
  ],
  "test_accuracy": [
    0.1096,
    0.1115,
    0.14179999999999998,
    0.1736,
    0.16219999999999998,
    0.16309999999999997,
    0.17369999999999997,
    0.1603,
    0.1874,
    0.1726,
    0.19039999999999999,
    0.1943,
    0.1734,
    0.1793,
    0.1915,
    0.19319999999999998,
    0.18549999999999997,
    0.1823,
    0.19490000000000002,
    0.20070000000000002,
    0.20429999999999998,
    0.1861,
    0.1859,
    0.19790000000000002,
    0.21290000000000003,
    0.221,
    0.20670000000000002,
    0.2109,
    0.2223,
    0.2178,
    0.21600000000000003,
    0.2231,
    0.22210000000000002,
    0.22479999999999997,
    0.22270000000000004,
    0.2237,
    0.23289999999999997,
    0.2169,
    0.22250000000000006,
    0.22490000000000002,
    0.21800000000000003,
    0.22769999999999996,
    0.23420000000000002,
    0.23520000000000002,
    0.24580000000000002,
    0.23689999999999997,
    0.23579999999999995,
    0.2351,
    0.24560000000000004,
    0.2363
  ]
}