{
  "setting": "setting_25",
  "train_accuracy": [
    0.09983544425798259,
    0.10030211073566764,
    0.10080562862844702,
    0.09943893720518868,
    0.1001582484805878,
    0.0995108683327286,
    0.10058983524582729,
    0.09994245509796808,
    0.10030211073566764,
    0.0995827994602685,
    0.09886348818486937,
    0.09972666171534833,
    0.09922314382256894,
    0.09987052397042816,
    0.10044597299074745,
    0.0995108683327286,
    0.10044597299074745,
    0.0995827994602685,
    0.10037404186320754,
    0.10023017960812773,
    0.10044597299074745,
    0.1006617663733672,
    0.1001582484805878,
    0.10001438622550798,
    0.1001582484805878,
    0.0990073504399492,
    0.10102142201106677,
    0.10030211073566764,
    0.09979859284288825,
    0.09922314382256894,
    0.10008631735304789,
    0.10051790411828737,
    0.10051790411828737,
    0.09879155705732946,
    0.09979859284288825,
    0.09979859284288825,
    0.09943893720518868,
    0.09943893720518868,
    0.09943893720518868,
    0.10058983524582729,
    0.10058983524582729,
    0.10008631735304789,
    0.09972666171534833,
    0.09974544176342524,
    0.10094949088352684,
    0.09960157950834543,
    0.098306819212627,
    0.10044597299074745,
    0.09947649730134252,
    0.09990808406658201
  ],
  "test_accuracy": [
    0.1,
    0.1,
    0.1,
    0.1,
    0.1,
    0.1,
    0.1,
    0.1,
    0.1,
    0.1,
    0.1,
    0.1,
    0.1,
    0.1,
    0.1,
    0.1,
    0.1,
    0.1,
    0.1,
    0.1,
    0.1,
    0.1,
    0.1,
    0.1,
    0.1,
    0.1,
    0.1,
    0.1,
    0.1,
    0.1,
    0.1,
    0.1,
    0.1,
    0.1,
    0.1,
    0.1,
    0.1,
    0.1,
    0.1,
    0.1,
    0.1,
    0.1,
    0.1,
    0.1,
    0.1,
    0.1,
    0.1,
    0.0999,
    0.10010000000000001,
    0.10010000000000001
  ]
}