{
  "setting": "setting_29",
  "train_accuracy": [
    0.10535193101415094,
    0.0999778891509434,
    0.09989497346698113,
    0.10019899764150944,
    0.09970150353773585,
    0.10022663620283019,
    0.0997291420990566,
    0.10014372051886791,
    0.10025427476415094,
    0.09970150353773585,
    0.09983969634433962,
    0.0997844192216981,
    0.09995025058962265,
    0.10019899764150944,
    0.09983969634433962,
    0.10008844339622641,
    0.09959094929245284,
    0.1000331662735849,
    0.09989497346698113,
    0.09964622641509434,
    0.09983969634433962,
    0.09989497346698113,
    0.10000552771226415,
    0.10000552771226415,
    0.09959094929245284,
    0.09986733490566038,
    0.10000552771226415,
    0.1003371904481132,
    0.10006080483490566,
    0.09975678066037735,
    0.0994251179245283,
    0.10011608195754716,
    0.1003371904481132,
    0.09983969634433962,
    0.09986733490566038,
    0.10008844339622641,
    0.0999226120283019,
    0.0999583579009434,
    0.09989829009433962,
    0.10002026827830189,
    0.10029186320754717,
    0.10078493514150944,
    0.10089438384433962,
    0.10451724646226415,
    0.1240507075471698,
    0.1290735554245283,
    0.1447376179245283,
    0.1501798349056604,
    0.15533166273584906,
    0.1575678066037736
  ],
  "test_accuracy": [
    0.1,
    0.1,
    0.1,
    0.1,
    0.1,
    0.1,
    0.1,
    0.1,
    0.1,
    0.1,
    0.1,
    0.1,
    0.1,
    0.1,
    0.1,
    0.1,
    0.1,
    0.1,
    0.1,
    0.1,
    0.1,
    0.1,
    0.1,
    0.1,
    0.1,
    0.1,
    0.1,
    0.1,
    0.1,
    0.1,
    0.1,
    0.1,
    0.1,
    0.1,
    0.1,
    0.1,
    0.1,
    0.1,
    0.0999,
    0.0998,
    0.1005,
    0.10030000000000001,
    0.1022,
    0.10800000000000001,
    0.13119999999999998,
    0.1406,
    0.15360000000000001,
    0.15669999999999998,
    0.15519999999999998,
    0.1581
  ]
}