{
  "setting": "setting_8",
  "train_accuracy": [
    0.11104121041105122,
    0.09996359982672315,
    0.10002978195995378,
    0.10001323642664613,
    0.09995532706006931,
    0.0999801453600308,
    0.1000049636599923,
    0.1000049636599923,
    0.10001737280997305,
    0.09999255451001154,
    0.09997600897670389,
    0.10001323642664613,
    0.09998428174335772,
    0.09993050876010781,
    0.10006287302656912,
    0.10005046387658836,
    0.09996773621005006,
    0.10002827782056219,
    0.10004407128417404,
    0.10004068697054294,
    0.10001173228725453,
    0.10002113315845206,
    0.10024637803234501,
    0.10037460591547939,
    0.10096723683577204,
    0.10111351439160571,
    0.10100484032056219,
    0.10116991961879092,
    0.10175540587697343,
    0.10184753441470928,
    0.10230930520793223,
    0.10317042500962649,
    0.10337498796688487,
    0.10233525161243744,
    0.10365024547554871,
    0.10472720927993838,
    0.10617644758375047,
    0.11046888537254525,
    0.11297327745956873,
    0.11517232925009627,
    0.11748268735560262,
    0.1214633922554871,
    0.12501804967269928,
    0.1312568438342318,
    0.14263603436657682,
    0.14708565472179438,
    0.15150632039372353,
    0.1563041490180978,
    0.1708187181122449,
    0.18226409077782058
  ],
  "test_accuracy": [
    0.1004,
    0.1,
    0.1,
    0.1,
    0.1,
    0.1,
    0.1,
    0.1,
    0.1,
    0.1,
    0.1,
    0.1,
    0.1,
    0.1,
    0.1,
    0.1,
    0.1,
    0.1002,
    0.1,
    0.1,
    0.1,
    0.1,
    0.10030000000000001,
    0.1006,
    0.101,
    0.10200000000000001,
    0.1005,
    0.1018,
    0.1016,
    0.10190000000000002,
    0.10230000000000002,
    0.10300000000000001,
    0.1032,
    0.1018,
    0.1044,
    0.1061,
    0.1055,
    0.1105,
    0.11440000000000002,
    0.11359999999999999,
    0.124,
    0.12109999999999999,
    0.13240000000000002,
    0.14120000000000002,
    0.1358,
    0.152,
    0.1619,
    0.16209999999999997,
    0.18510000000000001,
    0.1815
  ]
}