{
  "setting": "setting_2",
  "train_accuracy": [
    0.1226596665451895,
    0.12393043154761904,
    0.10166594539601555,
    0.09991971118804664,
    0.10005637299562682,
    0.09998329689018465,
    0.1000981307701652,
    0.10000417577745384,
    0.09997285744655005,
    0.09994153911564627,
    0.09996241800291544,
    0.1001190096574344,
    0.10000417577745384,
    0.10008769132653061,
    0.10004593355199222,
    0.09993109967201165,
    0.09997285744655005,
    0.1000981307701652,
    0.09995197855928085,
    0.10006206723760933,
    0.1001617164723032,
    0.10090766217201165,
    0.10245269982993198,
    0.10264060981535472,
    0.10241473821671525,
    0.10331158132896015,
    0.10801692328717202,
    0.11555230351068999,
    0.11938927356656949,
    0.12237875060738582,
    0.12994734724246843,
    0.1509116481413994,
    0.16752934432701652,
    0.1907447688896987,
    0.20289343415937802,
    0.2079242969509232,
    0.21459130527210885,
    0.21984993774295433,
    0.22922076196550048,
    0.23365467838921283,
    0.23527089407191448,
    0.2375106292517007,
    0.23828409712099125,
    0.23659385629251703,
    0.23916860270894072,
    0.24087687530369292,
    0.24168545766520894,
    0.24187906189261418,
    0.23981869533527697,
    0.24401060647473274
  ],
  "test_accuracy": [
    0.10880000000000001,
    0.10939999999999998,
    0.09999999999999999,
    0.09999999999999999,
    0.09999999999999999,
    0.09999999999999999,
    0.09999999999999999,
    0.09999999999999999,
    0.09999999999999999,
    0.09999999999999999,
    0.09999999999999999,
    0.09999999999999999,
    0.09999999999999999,
    0.09999999999999999,
    0.09999999999999999,
    0.09999999999999999,
    0.09999999999999999,
    0.09999999999999999,
    0.09999999999999999,
    0.1006,
    0.1006,
    0.1018,
    0.10369999999999999,
    0.10229999999999999,
    0.1045,
    0.1035,
    0.1133,
    0.12309999999999999,
    0.11739999999999999,
    0.1272,
    0.1383,
    0.1564,
    0.17509999999999998,
    0.20060000000000003,
    0.2043,
    0.21080000000000002,
    0.2197,
    0.22799999999999998,
    0.2403,
    0.2331,
    0.23890000000000003,
    0.23969999999999997,
    0.2404,
    0.2379,
    0.2404,
    0.24610000000000004,
    0.2444,
    0.2444,
    0.24359999999999998,
    0.2444
  ]
}