{
  "setting": "setting_28",
  "train_accuracy": [
    0.10266879452252599,
    0.09998841812668464,
    0.09994291791008857,
    0.10004219110993454,
    0.10002150919329995,
    0.10003391834328071,
    0.09997600897670389,
    0.10002150919329995,
    0.09998428174335772,
    0.09997187259337698,
    0.10003805472660762,
    0.10007941855987679,
    0.10002564557662688,
    0.10002150919329995,
    0.1000049636599923,
    0.1000049636599923,
    0.10002150919329995,
    0.10002150919329995,
    0.10000082727666539,
    0.10001737280997305,
    0.09998428174335772,
    0.09998841812668464,
    0.09995946344339622,
    0.09995532706006931,
    0.10003391834328071,
    0.1000049636599923,
    0.09999255451001154,
    0.09992223599345398,
    0.10006700940989603,
    0.09998841812668464,
    0.09991809961012708,
    0.09996773621005006,
    0.09997600897670389,
    0.0999801453600308,
    0.09994291791008857,
    0.09996359982672315,
    0.09992223599345398,
    0.09993050876010781,
    0.10002978195995378,
    0.09999255451001154,
    0.0999801453600308,
    0.09996359982672315,
    0.10001398849634194,
    0.0999801453600308,
    0.10003391834328071,
    0.10012454274162495,
    0.10041521767905276,
    0.1005581109212553,
    0.10067919414227955,
    0.10076304991336157
  ],
  "test_accuracy": [
    0.0997,
    0.1,
    0.1,
    0.1,
    0.1,
    0.1,
    0.1,
    0.1,
    0.1,
    0.1,
    0.1,
    0.1,
    0.1,
    0.1,
    0.1,
    0.1,
    0.1,
    0.1,
    0.1,
    0.1,
    0.1,
    0.1,
    0.1,
    0.1,
    0.1,
    0.1,
    0.1,
    0.1,
    0.1,
    0.1,
    0.1,
    0.1,
    0.1,
    0.1,
    0.1,
    0.1,
    0.1,
    0.1,
    0.1,
    0.1,
    0.1,
    0.1,
    0.1,
    0.1002,
    0.10030000000000001,
    0.10010000000000001,
    0.1005,
    0.1012,
    0.1014,
    0.10030000000000001
  ]
}