{
  "setting": "setting_10",
  "train_accuracy": [
    0.10695627154390422,
    0.1004335710722061,
    0.10080562862844702,
    0.09943893720518868,
    0.1001582484805878,
    0.0995108683327286,
    0.10058983524582729,
    0.09994245509796808,
    0.10030211073566764,
    0.0995827994602685,
    0.09886348818486937,
    0.09972666171534833,
    0.09922314382256894,
    0.09987052397042816,
    0.10044597299074745,
    0.0995108683327286,
    0.10044597299074745,
    0.0995827994602685,
    0.10037404186320754,
    0.10023017960812773,
    0.10044597299074745,
    0.1006617663733672,
    0.1001582484805878,
    0.10001438622550798,
    0.1001582484805878,
    0.0990073504399492,
    0.10102142201106677,
    0.10030211073566764,
    0.09979859284288825,
    0.09922314382256894,
    0.10008631735304789,
    0.10053668416636428,
    0.10053668416636428,
    0.09879155705732946,
    0.0998361529390421,
    0.09981737289096518,
    0.09951405739749636,
    0.09958917758980405,
    0.09970185787826559,
    0.10204511180152395,
    0.10140375544267054,
    0.10416761157474601,
    0.1110134706095791,
    0.11536583533653846,
    0.1384635227685051,
    0.18739050877630625,
    0.2095630130850871,
    0.2199310169856676,
    0.2204097310413643,
    0.21462086980678519
  ],
  "test_accuracy": [
    0.1005,
    0.1,
    0.1,
    0.1,
    0.1,
    0.1,
    0.1,
    0.1,
    0.1,
    0.1,
    0.1,
    0.1,
    0.1,
    0.1,
    0.1,
    0.1,
    0.1,
    0.1,
    0.1,
    0.1,
    0.1,
    0.1,
    0.1,
    0.1,
    0.1,
    0.1,
    0.1,
    0.1,
    0.1,
    0.1,
    0.1,
    0.1,
    0.1,
    0.1,
    0.1,
    0.1,
    0.1,
    0.1004,
    0.10010000000000001,
    0.10110000000000001,
    0.10130000000000002,
    0.1038,
    0.11520000000000001,
    0.125,
    0.1603,
    0.201,
    0.22139999999999999,
    0.2253,
    0.2151,
    0.2244
  ]
}