{
  "setting": "setting_26",
  "train_accuracy": [
    0.10349170918367347,
    0.11462053571428571,
    0.12425462372448981,
    0.12127311862244898,
    0.14954958545918368,
    0.14349888392857144,
    0.15357541454081633,
    0.15061383928571428,
    0.15307716836734694,
    0.16776147959183674,
    0.17923309948979593,
    0.1856425382653061,
    0.16897321428571427,
    0.1714485012755102,
    0.16867825255102042,
    0.17496014030612245,
    0.1707110969387755,
    0.17039221938775512,
    0.17032445790816328,
    0.18282445790816326,
    0.1969347895408163,
    0.18183992346938777,
    0.17670998086734693,
    0.18459024234693877,
    0.19160554846938777,
    0.19490991709183672,
    0.19090401785714284,
    0.18760762117346938,
    0.18160873724489796,
    0.18681441326530612,
    0.1963687818877551,
    0.18714923469387754,
    0.1874402104591837,
    0.18518016581632654,
    0.19093590561224488,
    0.2054607780612245,
    0.2098174426020408,
    0.20299346301020407,
    0.20536511479591835,
    0.20559231505102038,
    0.20436065051020408,
    0.20421715561224488,
    0.20428491709183674,
    0.20272241709183672,
    0.2046954719387755,
    0.19880022321428573,
    0.20129145408163265,
    0.20340800382653063,
    0.1983019770408163,
    0.19461495535714285
  ],
  "test_accuracy": [
    0.09,
    0.1024,
    0.11749999999999998,
    0.14040000000000002,
    0.14200000000000002,
    0.15899999999999997,
    0.1443,
    0.14079999999999998,
    0.1615,
    0.15589999999999998,
    0.20049999999999998,
    0.1882,
    0.17339999999999997,
    0.1633,
    0.17450000000000002,
    0.16069999999999998,
    0.1631,
    0.1717,
    0.1811,
    0.1845,
    0.1911,
    0.1822,
    0.1696,
    0.1832,
    0.18489999999999998,
    0.18760000000000002,
    0.19560000000000002,
    0.17850000000000002,
    0.17609999999999998,
    0.2083,
    0.2071,
    0.1906,
    0.1822,
    0.1851,
    0.2051,
    0.21350000000000002,
    0.20870000000000002,
    0.20350000000000001,
    0.1847,
    0.2104,
    0.2071,
    0.2056,
    0.20579999999999998,
    0.21139999999999998,
    0.2015,
    0.197,
    0.203,
    0.2015,
    0.1995,
    0.19290000000000002
  ]
}