{
  "setting": "setting_16",
  "train_accuracy": [
    0.10515385841836734,
    0.11312579719387755,
    0.1295519770408163,
    0.12900988520408163,
    0.1525031887755102,
    0.15440848214285716,
    0.15426498724489796,
    0.1488919005102041,
    0.15743383290816326,
    0.17185507015306123,
    0.1794124681122449,
    0.18495695153061223,
    0.17078683035714284,
    0.16306999362244898,
    0.16573660714285715,
    0.1763313137755102,
    0.17170758928571428,
    0.17080676020408161,
    0.1709941007653061,
    0.18868383290816326,
    0.19354272959183674,
    0.1803252551020408,
    0.17838807397959183,
    0.18086734693877551,
    0.19539620535714286,
    0.19892378826530613,
    0.201953125,
    0.19913504464285714,
    0.194921875,
    0.19984454719387754,
    0.21249601403061225,
    0.2044842155612245,
    0.1980030293367347,
    0.20002790178571428,
    0.2028499681122449,
    0.20045838647959185,
    0.2083545918367347,
    0.20294164540816326,
    0.20131138392857142,
    0.2053531568877551,
    0.20708705357142856,
    0.20974170918367346,
    0.2197863520408163,
    0.21306600765306122,
    0.21039939413265307,
    0.2035594706632653,
    0.20678013392857142,
    0.2078643176020408,
    0.210367506377551,
    0.20715880102040815
  ],
  "test_accuracy": [
    0.0974,
    0.1024,
    0.12869999999999998,
    0.1396,
    0.1555,
    0.1619,
    0.1432,
    0.1411,
    0.1553,
    0.1582,
    0.186,
    0.18050000000000002,
    0.17079999999999998,
    0.1614,
    0.1779,
    0.18519999999999998,
    0.16899999999999998,
    0.1719,
    0.1837,
    0.1936,
    0.19350000000000003,
    0.18170000000000003,
    0.17009999999999997,
    0.1847,
    0.18580000000000002,
    0.20299999999999999,
    0.20660000000000003,
    0.18319999999999997,
    0.18319999999999997,
    0.21670000000000003,
    0.21230000000000002,
    0.203,
    0.195,
    0.1998,
    0.20740000000000003,
    0.2122,
    0.20820000000000002,
    0.20090000000000002,
    0.2062,
    0.20260000000000003,
    0.2065,
    0.22399999999999998,
    0.22230000000000003,
    0.21130000000000004,
    0.20729999999999998,
    0.19580000000000003,
    0.21069999999999997,
    0.2096,
    0.21400000000000002,
    0.2069
  ]
}