{
  "setting": "setting_5",
  "train_accuracy": [
    0.09433430753356313,
    0.09936700607764876,
    0.10080562862844702,
    0.09929507495010885,
    0.09972666171534833,
    0.10080562862844702,
    0.10001438622550798,
    0.10008631735304789,
    0.10030211073566764,
    0.10037404186320754,
    0.09987052397042816,
    0.09972666171534833,
    0.10080562862844702,
    0.10051790411828737,
    0.10008631735304789,
    0.09965473058780841,
    0.10073369750090712,
    0.09972666171534833,
    0.09994245509796808,
    0.09945771725326559,
    0.09983934200380987,
    0.09933901317579827,
    0.09981453816672713,
    0.10109370747913643,
    0.1000802935640421,
    0.10005513538642961,
    0.10022096675435413,
    0.10063696253628447,
    0.09938614046625543,
    0.09973020512064587,
    0.09970859034833092,
    0.09982729442579827,
    0.10041868876995645,
    0.10423316457275036,
    0.10647791182873731,
    0.10567639355043543,
    0.10286611880896226,
    0.10699666636429607,
    0.1390024747142598,
    0.16365926047714077,
    0.18831640058055152,
    0.21140026873185777,
    0.2489954445981495,
    0.2505453300752903,
    0.2572863043133164,
    0.2653050305016328,
    0.27302327592071846,
    0.2580913659969158,
    0.2679374262971698,
    0.266602979862119
  ],
  "test_accuracy": [
    0.1008,
    0.1,
    0.1,
    0.1,
    0.1,
    0.1,
    0.1,
    0.1,
    0.1,
    0.1,
    0.1,
    0.1,
    0.1,
    0.1,
    0.1,
    0.1,
    0.1,
    0.1,
    0.1,
    0.1,
    0.1,
    0.10070000000000001,
    0.1004,
    0.10049999999999999,
    0.10010000000000001,
    0.10010000000000001,
    0.1004,
    0.1005,
    0.1005,
    0.10069999999999998,
    0.10110000000000001,
    0.1008,
    0.10200000000000001,
    0.1055,
    0.1075,
    0.1046,
    0.1012,
    0.1157,
    0.154,
    0.17909999999999998,
    0.19820000000000002,
    0.2464,
    0.258,
    0.2484,
    0.26630000000000004,
    0.2766,
    0.2549,
    0.25579999999999997,
    0.2594,
    0.2739
  ]
}