{
  "setting": "setting_11",
  "train_accuracy": [
    0.10579958545918368,
    0.11197385204081632,
    0.13244579081632654,
    0.13212292729591835,
    0.15486288265306122,
    0.15790417729591838,
    0.15493861607142856,
    0.1472456951530612,
    0.15515385841836735,
    0.16219308035714286,
    0.17897401147959185,
    0.17719626913265307,
    0.16773357780612247,
    0.16122847576530613,
    0.1647281568877551,
    0.17692920918367347,
    0.17733179209183672,
    0.17787388392857142,
    0.1786750637755102,
    0.1949139030612245,
    0.19817442602040816,
    0.1884127869897959,
    0.1839764030612245,
    0.18714126275510204,
    0.19676339285714284,
    0.20557637117346939,
    0.20548867984693878,
    0.19844148596938777,
    0.19613360969387755,
    0.19689891581632654,
    0.20875717474489797,
    0.20790019132653062,
    0.20294164540816326,
    0.1985889668367347,
    0.20036272321428572,
    0.19731345663265307,
    0.2078563456632653,
    0.201187818877551,
    0.20035873724489797,
    0.2041733099489796,
    0.20640545280612246,
    0.2048828125,
    0.21528220663265307,
    0.21171875,
    0.20931122448979592,
    0.2032684948979592,
    0.2059669961734694,
    0.20692761479591834,
    0.2150031887755102,
    0.2099609375
  ],
  "test_accuracy": [
    0.1032,
    0.11259999999999999,
    0.1257,
    0.14650000000000002,
    0.15319999999999998,
    0.1588,
    0.14550000000000002,
    0.1419,
    0.1618,
    0.16449999999999998,
    0.1742,
    0.1793,
    0.16929999999999998,
    0.16229999999999997,
    0.18,
    0.189,
    0.18019999999999997,
    0.1811,
    0.1889,
    0.19540000000000002,
    0.1931,
    0.1849,
    0.17350000000000002,
    0.1894,
    0.1947,
    0.21500000000000002,
    0.20529999999999998,
    0.1881,
    0.1877,
    0.2089,
    0.21060000000000004,
    0.2098,
    0.19770000000000001,
    0.20329999999999998,
    0.20580000000000004,
    0.2088,
    0.2103,
    0.1973,
    0.20729999999999998,
    0.2043,
    0.2051,
    0.22000000000000003,
    0.2237,
    0.21200000000000002,
    0.2124,
    0.196,
    0.2129,
    0.209,
    0.2163,
    0.213
  ]
}