{
  "setting": "setting_3",
  "train_accuracy": [
    0.10248792176068541,
    0.10581808637370042,
    0.09997187259337698,
    0.1000587366432422,
    0.09999255451001154,
    0.10003805472660762,
    0.09996359982672315,
    0.09999255451001154,
    0.10004219110993454,
    0.1000049636599923,
    0.10000910004331923,
    0.10007941855987679,
    0.10005046387658836,
    0.0999801453600308,
    0.09999669089333847,
    0.09994705429341547,
    0.09997187259337698,
    0.09993464514343474,
    0.10004219110993454,
    0.10003391834328071,
    0.10004557542356565,
    0.10004971180689257,
    0.10005986474778591,
    0.1001899728051598,
    0.10029225428378899,
    0.1009018067722372,
    0.10096761287061995,
    0.1014564581728918,
    0.10126317626107047,
    0.10136432963515596,
    0.10116014271274547,
    0.10184339803138236,
    0.1018810015161725,
    0.10314823895360031,
    0.10569474694358877,
    0.10702929461879092,
    0.1063400227425876,
    0.10880643530997305,
    0.10707329069599537,
    0.10913208148825568,
    0.11571306736137851,
    0.12073350861571044,
    0.12180972035040433,
    0.12944924432036964,
    0.13882003273007315,
    0.15835842739218328,
    0.17389731541201386,
    0.19556519541778977,
    0.21966526881979206,
    0.24016292837889874
  ],
  "test_accuracy": [
    0.1024,
    0.1,
    0.1,
    0.1,
    0.1,
    0.1,
    0.1,
    0.1,
    0.1,
    0.1,
    0.1,
    0.1,
    0.1,
    0.1,
    0.1,
    0.1,
    0.1,
    0.1,
    0.1,
    0.1,
    0.1,
    0.1002,
    0.10070000000000001,
    0.10010000000000001,
    0.10030000000000001,
    0.1005,
    0.1014,
    0.10190000000000002,
    0.10200000000000001,
    0.10090000000000002,
    0.10170000000000001,
    0.10230000000000002,
    0.10170000000000001,
    0.1028,
    0.10700000000000001,
    0.10730000000000002,
    0.1076,
    0.10939999999999998,
    0.1095,
    0.10769999999999999,
    0.11689999999999998,
    0.1265,
    0.1236,
    0.1335,
    0.14899999999999997,
    0.1665,
    0.1802,
    0.21150000000000002,
    0.23399999999999999,
    0.2528
  ]
}