{
  "setting": "setting_3",
  "train_accuracy": [
    0.10277423469387756,
    0.13234614158163266,
    0.13187579719387754,
    0.12037627551020408,
    0.11993781887755102,
    0.12452566964285713,
    0.12771045918367346,
    0.1304049744897959,
    0.13471380739795918,
    0.14440369897959185,
    0.14996811224489795,
    0.15321269132653062,
    0.16197783801020407,
    0.17448580994897958,
    0.18524792729591838,
    0.19412866709183674,
    0.19781967474489795,
    0.20066167091836734,
    0.20611049107142856,
    0.20658482142857143,
    0.20691167091836735,
    0.20942283163265307,
    0.21248804209183672,
    0.21667729591836735,
    0.21415019132653063,
    0.2158282844387755,
    0.21413424744897958,
    0.21525829081632653,
    0.2166095344387755,
    0.21776147959183673,
    0.2189732142857143,
    0.21994579081632654,
    0.21997767857142858,
    0.21943957270408165,
    0.2200613839285714,
    0.22245695153061223,
    0.22122528698979593,
    0.22100207270408162,
    0.2223214285714286,
    0.22122927295918365,
    0.22126913265306122,
    0.22277582908163265,
    0.22286352040816326,
    0.22545041454081635,
    0.2222735969387755,
    0.22306680484693878,
    0.22367267219387754,
    0.22428252551020408,
    0.22513552295918365,
    0.2253467793367347
  ],
  "test_accuracy": [
    0.1193,
    0.1386,
    0.12210000000000001,
    0.12120000000000002,
    0.1258,
    0.1286,
    0.13240000000000002,
    0.13399999999999998,
    0.1402,
    0.14909999999999998,
    0.1512,
    0.15839999999999999,
    0.1768,
    0.1889,
    0.1953,
    0.20590000000000003,
    0.20930000000000004,
    0.20600000000000004,
    0.21010000000000004,
    0.21600000000000003,
    0.21810000000000002,
    0.2224,
    0.22710000000000002,
    0.2234,
    0.2314,
    0.2258,
    0.22549999999999998,
    0.22489999999999996,
    0.22600000000000003,
    0.233,
    0.23159999999999997,
    0.23049999999999998,
    0.2283,
    0.231,
    0.23159999999999997,
    0.23019999999999996,
    0.2306,
    0.2324,
    0.2311,
    0.2324,
    0.22690000000000002,
    0.23329999999999998,
    0.23339999999999997,
    0.2354,
    0.23329999999999998,
    0.2307,
    0.2306,
    0.233,
    0.23420000000000002,
    0.23089999999999997
  ]
}