{
  "setting": "setting_5",
  "train_accuracy": [
    0.09967781334231807,
    0.10043514752599153,
    0.10427634349730458,
    0.11376595891894493,
    0.12884232407585675,
    0.13499801453600307,
    0.13580836963323065,
    0.13588583281189837,
    0.13430648645071236,
    0.1295872491095495,
    0.12612434419522525,
    0.12316081355891413,
    0.12200563450616096,
    0.12153822319021948,
    0.12066507027339238,
    0.12035258531478629,
    0.1201961548180593,
    0.11998670340777821,
    0.12049848683577204,
    0.120670334761263,
    0.12054661929630342,
    0.12034393651328455,
    0.1205642929341548,
    0.12099184455621871,
    0.12121859356950326,
    0.12048382147670389,
    0.12072937223238352,
    0.121280639319407,
    0.12145662362822489,
    0.12094521623507894,
    0.12116707679534078,
    0.12133892472083173,
    0.12160703756738545,
    0.12056993345687332,
    0.12121596132556796,
    0.12209513079996148,
    0.12171157525510204,
    0.12226547458606084,
    0.12303521791971506,
    0.12241513645552561,
    0.12195336566230265,
    0.12229781358298036,
    0.12239257436465152,
    0.12207444888332693,
    0.12216732949075856,
    0.12291827108201771,
    0.12386399872448979,
    0.12314802837408548,
    0.123233764319407,
    0.12290586193203698
  ],
  "test_accuracy": [
    0.0992,
    0.10010000000000001,
    0.1046,
    0.1217,
    0.1321,
    0.13670000000000002,
    0.13670000000000002,
    0.13799999999999998,
    0.1326,
    0.1303,
    0.12689999999999996,
    0.12490000000000001,
    0.1232,
    0.12290000000000001,
    0.1222,
    0.1212,
    0.123,
    0.12210000000000001,
    0.12109999999999999,
    0.12200000000000003,
    0.1237,
    0.12310000000000001,
    0.124,
    0.1242,
    0.12329999999999999,
    0.1226,
    0.12279999999999999,
    0.1238,
    0.1233,
    0.12450000000000001,
    0.1244,
    0.12409999999999999,
    0.1248,
    0.12440000000000002,
    0.1252,
    0.1258,
    0.1254,
    0.126,
    0.12449999999999999,
    0.124,
    0.12469999999999999,
    0.12489999999999998,
    0.12450000000000001,
    0.1252,
    0.1253,
    0.12589999999999998,
    0.1254,
    0.12510000000000002,
    0.12539999999999998,
    0.1256
  ]
}