{
  "setting": "setting_14",
  "train_accuracy": [
    0.0998855457361516,
    0.09974413872691934,
    0.09962645772594753,
    0.0995884961127308,
    0.0995714133867833,
    0.0997735589771623,
    0.09963405004859087,
    0.10014273566569484,
    0.09990262846209912,
    0.09976976281584063,
    0.09964923469387756,
    0.09984568604227406,
    0.10114017705296405,
    0.10170770317055394,
    0.1019658421404276,
    0.10257227891156463,
    0.10281428419582118,
    0.10322901482021381,
    0.10496575862487852,
    0.10536530460398445,
    0.10609701469873663,
    0.10774644679300292,
    0.10883404701166181,
    0.10955626670310982,
    0.11024526998299321,
    0.11055370809037901,
    0.11206268221574345,
    0.11344733205782312,
    0.11475795675413024,
    0.11496200042517006,
    0.11561304209183673,
    0.11742191296161321,
    0.11803119685374149,
    0.11905046616861031,
    0.1195705402696793,
    0.12005265275753157,
    0.12153884991496598,
    0.12332114765549076,
    0.12275646865889213,
    0.12383268039358601,
    0.12401204901603499,
    0.12325946003401361,
    0.1252182792759961,
    0.12565009262633625,
    0.12606861941205053,
    0.12699867893586006,
    0.12682690263605442,
    0.12852188866618075,
    0.12912927447764821,
    0.12754532616618075
  ],
  "test_accuracy": [
    0.0996,
    0.0994,
    0.0982,
    0.0988,
    0.0995,
    0.0989,
    0.0984,
    0.10010000000000001,
    0.0986,
    0.0996,
    0.101,
    0.099,
    0.0995,
    0.1012,
    0.0997,
    0.1022,
    0.1038,
    0.1032,
    0.10310000000000001,
    0.10390000000000002,
    0.10430000000000002,
    0.1078,
    0.1081,
    0.1072,
    0.10990000000000003,
    0.11109999999999998,
    0.11080000000000001,
    0.1103,
    0.11320000000000001,
    0.1136,
    0.11309999999999998,
    0.1145,
    0.11850000000000001,
    0.1183,
    0.12110000000000001,
    0.1182,
    0.1202,
    0.12179999999999999,
    0.1202,
    0.12149999999999998,
    0.12250000000000001,
    0.12249999999999998,
    0.1237,
    0.1242,
    0.12890000000000001,
    0.1238,
    0.1269,
    0.1247,
    0.1263,
    0.12860000000000002
  ]
}