{
  "setting": "setting_15",
  "train_accuracy": [
    0.09979325604062379,
    0.0997169209664998,
    0.09974737978917983,
    0.0993961632412399,
    0.09970601595591067,
    0.0997973924239507,
    0.09953529613496342,
    0.0995341680304197,
    0.0994213575760493,
    0.09950934973045822,
    0.09975151617250674,
    0.09978648741336157,
    0.09931418764439738,
    0.09959395757123603,
    0.09975339634674624,
    0.09992449220254139,
    0.09954920942433577,
    0.09926605518386601,
    0.0994002996245668,
    0.09990117804197152,
    0.09956312271370812,
    0.09999593882364266,
    0.09934577457162111,
    0.10017793969002695,
    0.10001398849634194,
    0.09987071921929148,
    0.10007641028109357,
    0.10015124121582596,
    0.09962103208028494,
    0.0993472787110127,
    0.10009558805833654,
    0.09977671050731612,
    0.10064271876203311,
    0.09978911965729688,
    0.10068257845591067,
    0.09949017195321525,
    0.10063707823931459,
    0.10021103075664228,
    0.0997680617058144,
    0.10004820766750097,
    0.1001636503658067,
    0.10012792705525607,
    0.10055660678186368,
    0.10033136190797073,
    0.10088187692529842,
    0.10104056363111281,
    0.10069912398921832,
    0.10040656887755102,
    0.10035618020793223,
    0.10045770961686562
  ],
  "test_accuracy": [
    0.0995,
    0.0992,
    0.0986,
    0.0992,
    0.0998,
    0.0995,
    0.0988,
    0.0999,
    0.0991,
    0.0998,
    0.0993,
    0.0989,
    0.099,
    0.0987,
    0.0991,
    0.0989,
    0.0997,
    0.0995,
    0.0985,
    0.0997,
    0.09809999999999999,
    0.10070000000000001,
    0.0982,
    0.099,
    0.0992,
    0.0989,
    0.0998,
    0.0992,
    0.099,
    0.0993,
    0.0991,
    0.09949999999999999,
    0.0988,
    0.0992,
    0.0995,
    0.0975,
    0.0998,
    0.10030000000000001,
    0.10010000000000001,
    0.10069999999999998,
    0.0992,
    0.0991,
    0.1006,
    0.0997,
    0.0999,
    0.0996,
    0.0987,
    0.10069999999999998,
    0.10090000000000002,
    0.10010000000000001
  ]
}