{
  "setting": "setting_9",
  "train_accuracy": [
    0.09941482173226433,
    0.10017215591593781,
    0.10326887451409135,
    0.11396455903790088,
    0.12858737244897958,
    0.13598419278425655,
    0.138862632106414,
    0.13763742103984453,
    0.1353170174319728,
    0.13313232659135082,
    0.130870763483965,
    0.12629638909135082,
    0.12400445669339165,
    0.1234549623420797,
    0.12326230715500486,
    0.12325661291302234,
    0.12268813775510204,
    0.1223303495505345,
    0.1223778015670554,
    0.12309812317784256,
    0.12333348517978619,
    0.12302979227405247,
    0.12288648718415937,
    0.12248314504373177,
    0.12339327472060252,
    0.12266536078717202,
    0.12351285380223517,
    0.12337809007531585,
    0.12379471878036928,
    0.12360206359329447,
    0.12324427538872691,
    0.12413067905733721,
    0.12341700072886297,
    0.12373113307823129,
    0.12416009930758018,
    0.12419711188046646,
    0.12365236273080661,
    0.124670683005345,
    0.12365426081146745,
    0.12400445669339165,
    0.12479216016763849,
    0.12479405824829932,
    0.1247817207240039,
    0.1245539510447036,
    0.12424551293731778,
    0.12490129980563655,
    0.1257279139334305,
    0.12469820517492712,
    0.12422083788872691,
    0.12500094904033043
  ],
  "test_accuracy": [
    0.0985,
    0.10200000000000001,
    0.1072,
    0.1202,
    0.13290000000000002,
    0.1393,
    0.13799999999999998,
    0.1387,
    0.1347,
    0.1306,
    0.1318,
    0.12680000000000002,
    0.1264,
    0.1254,
    0.12440000000000002,
    0.1242,
    0.12480000000000002,
    0.12410000000000002,
    0.1255,
    0.12530000000000002,
    0.1252,
    0.1255,
    0.1273,
    0.12500000000000003,
    0.1266,
    0.1263,
    0.124,
    0.12599999999999997,
    0.12639999999999998,
    0.126,
    0.12569999999999998,
    0.1264,
    0.12660000000000002,
    0.1269,
    0.1279,
    0.1278,
    0.127,
    0.1269,
    0.12669999999999998,
    0.1274,
    0.12830000000000003,
    0.1276,
    0.1282,
    0.1302,
    0.12720000000000004,
    0.12940000000000002,
    0.12880000000000003,
    0.1268,
    0.1276,
    0.1295
  ]
}