{
  "setting": "setting_21",
  "train_accuracy": [
    0.1613650895140665,
    0.2314977621483376,
    0.25805226982097185,
    0.2774536445012788,
    0.2883431905370844,
    0.2873441496163683,
    0.28670476342711,
    0.28083040281329924,
    0.29235933503836314,
    0.2979539641943734,
    0.3048873081841432,
    0.3098825127877238,
    0.3189737851662404,
    0.31929347826086957,
    0.3296435421994885,
    0.33084239130434784,
    0.32988331202046034,
    0.3309822570332481,
    0.3375959079283887,
    0.34181186061381075,
    0.3512028452685422,
    0.3466272378516624,
    0.34876518542199486,
    0.3512827685421995,
    0.3593949808184143,
    0.36211237212276215,
    0.36514945652173914,
    0.36157289002557547,
    0.3617726982097187,
    0.36369085677749363,
    0.3684462915601023,
    0.36828644501278773,
    0.3742007672634271,
    0.3727621483375959,
    0.3743406329923274,
    0.38107416879795397,
    0.3828524616368286,
    0.3842511189258312,
    0.3811540920716113,
    0.3842311381074169,
    0.3868486253196931,
    0.3896259590792839,
    0.3913842710997442,
    0.39715872762148335,
    0.3947610294117647,
    0.3991368286445013,
    0.40101502557544755,
    0.4031929347826087,
    0.40441176470588236,
    0.4065297314578005
  ],
  "test_accuracy": [
    0.22180000000000005,
    0.25880000000000003,
    0.27409999999999995,
    0.28230000000000005,
    0.2976,
    0.29519999999999996,
    0.29839999999999994,
    0.2558,
    0.30310000000000004,
    0.31439999999999996,
    0.31710000000000005,
    0.3184,
    0.3236,
    0.3299,
    0.3337,
    0.3404,
    0.3372,
    0.3432,
    0.3524,
    0.3529,
    0.35009999999999997,
    0.3507,
    0.36310000000000003,
    0.3585,
    0.3702,
    0.3699,
    0.37060000000000004,
    0.36530000000000007,
    0.35459999999999997,
    0.36679999999999996,
    0.37029999999999996,
    0.371,
    0.37689999999999996,
    0.38520000000000004,
    0.3733,
    0.3876,
    0.3894,
    0.3886,
    0.3771,
    0.39480000000000004,
    0.3942,
    0.3942,
    0.3923,
    0.39780000000000004,
    0.3961,
    0.40249999999999997,
    0.4056,
    0.39970000000000006,
    0.4066000000000001,
    0.4064
  ]
}