{
  "setting": "setting_6",
  "train_accuracy": [
    0.11437020460358056,
    0.12298193734015345,
    0.14034526854219948,
    0.1390265345268542,
    0.15095508312020461,
    0.16402253836317135,
    0.19175591432225064,
    0.2054427749360614,
    0.20804028132992328,
    0.2113171355498721,
    0.21563299232736574,
    0.21737132352941177,
    0.22256633631713554,
    0.2227062020460358,
    0.22498401534526855,
    0.22480418797953963,
    0.22820092710997442,
    0.23133791560102301,
    0.23135789641943735,
    0.23603340792838876,
    0.23765185421994886,
    0.23809143222506393,
    0.23980978260869565,
    0.24196771099744246,
    0.241008631713555,
    0.2422674232736573,
    0.24166799872122763,
    0.24628356777493607,
    0.24516464194373402,
    0.24476502557544758,
    0.24726262787723785,
    0.2448849104859335,
    0.24996003836317135,
    0.2485613810741688,
    0.2491807864450128,
    0.2476622442455243,
    0.2501798273657289,
    0.25043957800511507,
    0.25407608695652173,
    0.25289721867007675,
    0.2541160485933504,
    0.25327685421994883,
    0.25355658567774936,
    0.2561141304347826,
    0.25743286445012786,
    0.257193094629156,
    0.2576926150895141,
    0.25811221227621484,
    0.2570132672634271,
    0.2584718670076726
  ],
  "test_accuracy": [
    0.12089999999999998,
    0.1335,
    0.13870000000000002,
    0.14719999999999997,
    0.1585,
    0.1864,
    0.21070000000000003,
    0.21150000000000002,
    0.22959999999999997,
    0.22430000000000003,
    0.22820000000000001,
    0.23650000000000002,
    0.23500000000000001,
    0.2372,
    0.2367,
    0.2451,
    0.2391,
    0.23409999999999997,
    0.2426,
    0.24489999999999998,
    0.2481,
    0.2495,
    0.24930000000000002,
    0.24680000000000005,
    0.2528,
    0.2499,
    0.2535,
    0.25270000000000004,
    0.25649999999999995,
    0.2523,
    0.2596,
    0.259,
    0.26070000000000004,
    0.2572,
    0.2554,
    0.2567,
    0.26,
    0.26480000000000004,
    0.2672,
    0.2669,
    0.25980000000000003,
    0.2646,
    0.2624,
    0.2686,
    0.26609999999999995,
    0.26860000000000006,
    0.26890000000000003,
    0.26630000000000004,
    0.26150000000000007,
    0.2642
  ]
}