{
  "setting": "setting_12",
  "train_accuracy": [
    0.09956042199488492,
    0.09956042199488492,
    0.10043558184143223,
    0.10398417519181585,
    0.11365489130434782,
    0.12007273017902813,
    0.1314178388746803,
    0.13431106138107418,
    0.13735613810741687,
    0.13482656649616367,
    0.13347985933503836,
    0.1309782608695652,
    0.12898417519181585,
    0.12646659207161123,
    0.12483615728900256,
    0.12323769181585678,
    0.12336157289002557,
    0.12251438618925832,
    0.12122362531969309,
    0.1212116368286445,
    0.1209758631713555,
    0.1215273337595908,
    0.1208519820971867,
    0.12112771739130435,
    0.12084398976982097,
    0.12062420076726342,
    0.12119165601023017,
    0.12153532608695652,
    0.12140345268542199,
    0.12102781329923273,
    0.12153132992327365,
    0.1201566496163683,
    0.12045636189258313,
    0.11996083759590793,
    0.12015265345268542,
    0.12065617007672635,
    0.11989689897698211,
    0.12050031969309463,
    0.12065217391304348,
    0.12030051150895141,
    0.1206401854219949,
    0.11990089514066496,
    0.12044437340153452,
    0.12073209718670076,
    0.12065217391304348,
    0.12104779411764706,
    0.12058024296675192,
    0.12067215473145779,
    0.12067215473145779,
    0.12092790920716112
  ],
  "test_accuracy": [
    0.0991,
    0.0993,
    0.0987,
    0.1058,
    0.11379999999999998,
    0.12210000000000001,
    0.1333,
    0.13899999999999998,
    0.1399,
    0.1365,
    0.1358,
    0.1299,
    0.12899999999999998,
    0.1283,
    0.1242,
    0.1247,
    0.12680000000000002,
    0.1236,
    0.122,
    0.1237,
    0.123,
    0.1222,
    0.1232,
    0.1238,
    0.12309999999999999,
    0.12320000000000002,
    0.12280000000000002,
    0.12350000000000001,
    0.1227,
    0.12389999999999998,
    0.12300000000000003,
    0.1237,
    0.1234,
    0.12150000000000001,
    0.12310000000000001,
    0.12369999999999999,
    0.1227,
    0.12340000000000002,
    0.12179999999999999,
    0.12250000000000001,
    0.1216,
    0.12290000000000001,
    0.12250000000000001,
    0.1224,
    0.1223,
    0.12290000000000001,
    0.12249999999999998,
    0.1237,
    0.12220000000000002,
    0.12350000000000001
  ]
}