{
  "setting": "setting_25",
  "train_accuracy": [
    0.10754822270889489,
    0.1271888988496342,
    0.12138141665864459,
    0.12135283801020408,
    0.1251835050057759,
    0.12911043692241048,
    0.13508788686465154,
    0.14261685658933385,
    0.1543529041923373,
    0.17231383266750094,
    0.1835380968425106,
    0.19204287699749711,
    0.2003735530179053,
    0.20322840958317287,
    0.20998086734693877,
    0.21006021069984598,
    0.21120222853292261,
    0.21815586494031575,
    0.2163486414613015,
    0.21675588720157876,
    0.21725488544474394,
    0.2203342348142087,
    0.22274537025895264,
    0.2197070086879091,
    0.22063468665768193,
    0.22130440472179438,
    0.22260849357431653,
    0.22464058589237582,
    0.22247650534270313,
    0.2240092233827493,
    0.22613532441278397,
    0.22485793403446286,
    0.22565587998170966,
    0.22502188522814787,
    0.22582208738448212,
    0.22789366336157105,
    0.22730930520793224,
    0.22964109729976898,
    0.22858143109838275,
    0.23065902363303814,
    0.23077935478436656,
    0.23109748026569119,
    0.233322102425876,
    0.2332965320562187,
    0.23331345362437428,
    0.23325479218810163,
    0.2338993159174047,
    0.2345829472708895,
    0.23366955862533692,
    0.23385456777050442
  ],
  "test_accuracy": [
    0.13110000000000002,
    0.1227,
    0.12150000000000001,
    0.127,
    0.13140000000000002,
    0.1336,
    0.1435,
    0.14980000000000002,
    0.1674,
    0.1867,
    0.1935,
    0.20740000000000003,
    0.21390000000000003,
    0.2202,
    0.22079999999999997,
    0.22410000000000002,
    0.2243,
    0.22399999999999998,
    0.2274,
    0.2271,
    0.2287,
    0.23280000000000003,
    0.2359,
    0.22290000000000001,
    0.23099999999999996,
    0.223,
    0.22969999999999996,
    0.2345,
    0.2344,
    0.23229999999999995,
    0.2353,
    0.23609999999999998,
    0.23529999999999998,
    0.23270000000000005,
    0.2359,
    0.23440000000000003,
    0.2371,
    0.23970000000000002,
    0.2359,
    0.24169999999999997,
    0.23689999999999997,
    0.2392,
    0.24090000000000003,
    0.2427,
    0.244,
    0.24229999999999996,
    0.2419,
    0.2415,
    0.2379,
    0.2406
  ]
}