{
  "setting": "setting_18",
  "train_accuracy": [
    0.09990433673469389,
    0.09966517857142858,
    0.09976881377551021,
    0.09976482780612245,
    0.09967713647959182,
    0.0998046875,
    0.09936623086734694,
    0.09979272959183673,
    0.09991629464285713,
    0.09998007015306123,
    0.09986447704081633,
    0.1004185267857143,
    0.1006297831632653,
    0.10140704719387755,
    0.10198501275510204,
    0.1025031887755102,
    0.10315688775510204,
    0.10438855229591837,
    0.10392617984693878,
    0.10573182397959183,
    0.10677216198979592,
    0.10777662627551021,
    0.10919563137755102,
    0.1087890625,
    0.10955835459183673,
    0.11129623724489796,
    0.11294244260204081,
    0.11397480867346939,
    0.11509088010204083,
    0.11595583545918367,
    0.11715959821428572,
    0.11857860331632654,
    0.11949537627551021,
    0.1205078125,
    0.12036033163265306,
    0.12298708545918367,
    0.12450573979591836,
    0.1256297831632653,
    0.12501594387755102,
    0.12641501913265307,
    0.12678571428571428,
    0.12684151785714284,
    0.12962372448979592,
    0.12949617346938777,
    0.1300063775510204,
    0.13130181760204082,
    0.13071986607142858,
    0.13118223852040817,
    0.1323222257653061,
    0.13202726403061224
  ],
  "test_accuracy": [
    0.0996,
    0.0994,
    0.0983,
    0.0989,
    0.0994,
    0.0993,
    0.0982,
    0.10010000000000001,
    0.0989,
    0.0994,
    0.1008,
    0.099,
    0.0996,
    0.101,
    0.0993,
    0.10190000000000002,
    0.10270000000000001,
    0.10250000000000001,
    0.10270000000000001,
    0.1034,
    0.1038,
    0.1076,
    0.10819999999999999,
    0.10729999999999999,
    0.1105,
    0.11069999999999999,
    0.11120000000000001,
    0.1105,
    0.1145,
    0.11510000000000001,
    0.11399999999999999,
    0.11739999999999999,
    0.12,
    0.1202,
    0.1233,
    0.1206,
    0.1233,
    0.12389999999999998,
    0.1244,
    0.1252,
    0.1261,
    0.1264,
    0.12930000000000003,
    0.13010000000000002,
    0.13110000000000002,
    0.12909999999999996,
    0.1303,
    0.1307,
    0.12990000000000002,
    0.13530000000000003
  ]
}