{
  "setting": "setting_20",
  "train_accuracy": [
    0.09983311573450133,
    0.09967706127262226,
    0.09972331355891413,
    0.09967518109838275,
    0.09982145865421642,
    0.09977746257701194,
    0.09943564690026954,
    0.09955409787735849,
    0.09950107696380439,
    0.0995326638910281,
    0.0998195784799769,
    0.0997706939497497,
    0.09925853448690797,
    0.09979325604062379,
    0.09954996149403157,
    0.09960561465152099,
    0.09972444166345784,
    0.09946949003658066,
    0.09944015931844435,
    0.09978573534366576,
    0.09969022249229881,
    0.09972105734982672,
    0.09966051573931459,
    0.09973948305737389,
    0.0997706939497497,
    0.09952852750770119,
    0.09959809395456296,
    0.09970864819984597,
    0.0995853087697343,
    0.09955898633038121,
    0.0997409871967655,
    0.09956237064401233,
    0.09962216018482865,
    0.09952175888043897,
    0.09966277194840199,
    0.09896447523584906,
    0.09979325604062379,
    0.09930253056411244,
    0.09954056062283403,
    0.09969774318925684,
    0.09957741203792837,
    0.09944542380631499,
    0.09955259373796689,
    0.09962968088178668,
    0.09965036279842127,
    0.09946610572294955,
    0.09957477979399307,
    0.09942173361089719,
    0.09978987172699269,
    0.09958831704851752
  ],
  "test_accuracy": [
    0.0995,
    0.0992,
    0.0989,
    0.0991,
    0.0999,
    0.0997,
    0.0992,
    0.0996,
    0.0994,
    0.0997,
    0.099,
    0.0989,
    0.1002,
    0.0985,
    0.0991,
    0.0986,
    0.0997,
    0.0997,
    0.0994,
    0.0994,
    0.0988,
    0.0994,
    0.0991,
    0.0986,
    0.0994,
    0.0993,
    0.0989,
    0.0992,
    0.0989,
    0.0991,
    0.1,
    0.09949999999999999,
    0.0996,
    0.0992,
    0.099,
    0.0982,
    0.0991,
    0.0998,
    0.0993,
    0.0997,
    0.0995,
    0.0993,
    0.0989,
    0.0991,
    0.0991,
    0.0992,
    0.0992,
    0.0986,
    0.0992,
    0.0994
  ]
}