{
  "setting": "setting_8",
  "train_accuracy": [
    0.09970503826530612,
    0.10972177933673469,
    0.12965561224489797,
    0.13509247448979592,
    0.1273875956632653,
    0.12412308673469388,
    0.1219029017857143,
    0.11949936224489796,
    0.11889748086734694,
    0.12044403698979592,
    0.12089445153061225,
    0.12224170918367348,
    0.1239516900510204,
    0.12323421556122448,
    0.125,
    0.12517538265306122,
    0.1263313137755102,
    0.1269092793367347,
    0.12874282525510206,
    0.12940449617346939,
    0.13065210459183674,
    0.1306202168367347,
    0.13329081632653061,
    0.13205516581632654,
    0.13415975765306123,
    0.13409598214285715,
    0.1360451211734694,
    0.13811782525510205,
    0.1391860650510204,
    0.13905054209183673,
    0.14188058035714285,
    0.14401307397959184,
    0.14455516581632652,
    0.1452925701530612,
    0.14582270408163267,
    0.14818638392857142,
    0.1490672831632653,
    0.14927853954081632,
    0.15016342474489797,
    0.15007174744897958,
    0.15087292729591836,
    0.1524952168367347,
    0.15241151147959184,
    0.1540138711734694,
    0.15244339923469388,
    0.15526945153061225,
    0.156819993622449,
    0.15712691326530612,
    0.15594308035714285,
    0.15939891581632654
  ],
  "test_accuracy": [
    0.0992,
    0.11939999999999999,
    0.138,
    0.1324,
    0.12720000000000004,
    0.1244,
    0.1212,
    0.12029999999999999,
    0.12100000000000002,
    0.12390000000000001,
    0.12229999999999999,
    0.12530000000000002,
    0.12830000000000003,
    0.1276,
    0.12890000000000001,
    0.1299,
    0.12999999999999998,
    0.1311,
    0.13310000000000002,
    0.13280000000000003,
    0.13599999999999998,
    0.1358,
    0.1337,
    0.137,
    0.13820000000000002,
    0.14029999999999998,
    0.1382,
    0.1406,
    0.14090000000000003,
    0.1453,
    0.14580000000000004,
    0.1444,
    0.1484,
    0.1532,
    0.1532,
    0.15050000000000002,
    0.15389999999999998,
    0.1533,
    0.1532,
    0.1556,
    0.157,
    0.15369999999999998,
    0.1533,
    0.1583,
    0.16009999999999996,
    0.15949999999999998,
    0.1583,
    0.15889999999999999,
    0.16349999999999998,
    0.1639
  ]
}