{
  "setting": "setting_11",
  "train_accuracy": [
    0.0992247442455243,
    0.10072330562659847,
    0.11482976342710997,
    0.12927589514066495,
    0.1331721547314578,
    0.12785725703324807,
    0.12394101662404092,
    0.1221227621483376,
    0.12020460358056266,
    0.12058423913043478,
    0.1200647378516624,
    0.12126358695652174,
    0.12214274296675191,
    0.1216831841432225,
    0.12164322250639387,
    0.12178308823529412,
    0.12260230179028132,
    0.12222266624040921,
    0.12336157289002557,
    0.12418078644501279,
    0.12503996163682865,
    0.12599904092071612,
    0.12685821611253198,
    0.1262587915601023,
    0.12753756393861893,
    0.127417679028133,
    0.12901614450127877,
    0.12947570332480818,
    0.13067455242966752,
    0.13223305626598467,
    0.1313738810741688,
    0.13197330562659845,
    0.13233296035805628,
    0.13293238491048592,
    0.13373161764705882,
    0.13531010230179027,
    0.13331202046035806,
    0.1354899296675192,
    0.13636908567774936,
    0.13572969948849106,
    0.13539002557544758,
    0.1371283567774936,
    0.13914641943734016,
    0.1393662084398977,
    0.13988570971867006,
    0.13932624680306904,
    0.14040521099744246,
    0.14068494245524296,
    0.14196371483375958,
    0.14148417519181586
  ],
  "test_accuracy": [
    0.099,
    0.10499999999999998,
    0.12000000000000002,
    0.1378,
    0.12999999999999998,
    0.12610000000000002,
    0.12489999999999998,
    0.12179999999999999,
    0.12200000000000003,
    0.123,
    0.1222,
    0.12420000000000002,
    0.12430000000000001,
    0.12309999999999999,
    0.12490000000000001,
    0.1233,
    0.1272,
    0.1262,
    0.12920000000000004,
    0.1292,
    0.1313,
    0.13040000000000002,
    0.13130000000000003,
    0.1315,
    0.1334,
    0.13369999999999999,
    0.1326,
    0.1337,
    0.13439999999999996,
    0.1338,
    0.1356,
    0.13609999999999997,
    0.1364,
    0.13840000000000002,
    0.13579999999999998,
    0.1391,
    0.13870000000000002,
    0.1388,
    0.13849999999999998,
    0.14020000000000002,
    0.1411,
    0.1414,
    0.1416,
    0.14400000000000002,
    0.1427,
    0.1451,
    0.14229999999999998,
    0.143,
    0.1466,
    0.147
  ]
}