{
  "setting": "setting_22",
  "train_accuracy": [
    0.12780530690537084,
    0.19431345907928388,
    0.2213594948849105,
    0.22628676470588235,
    0.23676070971867008,
    0.2569892902813299,
    0.26210837595907927,
    0.27462436061381074,
    0.27735773657289003,
    0.2829243925831202,
    0.29024936061381074,
    0.2901174872122762,
    0.29303468670076727,
    0.29720268542199485,
    0.2991887787723785,
    0.2998561381074169,
    0.3005354859335039,
    0.30453564578005116,
    0.30821211636828644,
    0.308108216112532,
    0.31376678388746804,
    0.3113650895140665,
    0.31659606777493604,
    0.3170875959079284,
    0.3185182225063939,
    0.3234734654731458,
    0.32292199488491047,
    0.32667838874680305,
    0.3284806585677749,
    0.32790121483375956,
    0.33039881713554986,
    0.32852461636828645,
    0.33199328644501275,
    0.3330682544757034,
    0.33192934782608696,
    0.33315217391304347,
    0.33340792838874683,
    0.33507432864450126,
    0.33450287723785166,
    0.3388387148337596,
    0.3371003836317136,
    0.33688059462915604,
    0.3410645780051151,
    0.33989769820971866,
    0.34352621483375956,
    0.34310262148337595,
    0.3434223145780051,
    0.34333040281329924,
    0.3442335358056266,
    0.346727141943734
  ],
  "test_accuracy": [
    0.1694,
    0.21790000000000004,
    0.23139999999999997,
    0.24299999999999997,
    0.25150000000000006,
    0.27029999999999993,
    0.2801,
    0.278,
    0.28869999999999996,
    0.29229999999999995,
    0.2939,
    0.29989999999999994,
    0.3038,
    0.3033,
    0.30870000000000003,
    0.3061,
    0.3156,
    0.3187,
    0.3141,
    0.31789999999999996,
    0.3217,
    0.32399999999999995,
    0.32280000000000003,
    0.3223,
    0.3279,
    0.3297,
    0.33409999999999995,
    0.3295,
    0.33459999999999995,
    0.33230000000000004,
    0.33599999999999997,
    0.3377,
    0.33520000000000005,
    0.33890000000000003,
    0.3397,
    0.34130000000000005,
    0.34290000000000004,
    0.3404999999999999,
    0.34619999999999995,
    0.3498,
    0.3471,
    0.347,
    0.3477,
    0.3486,
    0.34839999999999993,
    0.34719999999999995,
    0.34969999999999996,
    0.3513,
    0.34979999999999994,
    0.3535
  ]
}