{
  "setting": "setting_16",
  "train_accuracy": [
    0.099764226342711,
    0.09938459079283887,
    0.10232177109974425,
    0.11041400255754476,
    0.116008631713555,
    0.1281569693094629,
    0.13405131074168797,
    0.13574968030690537,
    0.13411125319693096,
    0.13421115728900257,
    0.1319133631713555,
    0.13149376598465473,
    0.12951566496163683,
    0.1240209398976982,
    0.12220268542199489,
    0.12058423913043478,
    0.11924552429667519,
    0.11962515984654731,
    0.11914562020460358,
    0.12000479539641944,
    0.1186261189258312,
    0.11910565856777494,
    0.11904571611253197,
    0.1191656010230179,
    0.11938539002557545,
    0.11948529411764706,
    0.11946531329923274,
    0.12012468030690537,
    0.11948529411764706,
    0.11998481457800511,
    0.1198849104859335,
    0.12004475703324809,
    0.11980498721227621,
    0.12034446930946291,
    0.1203244884910486,
    0.12046435421994885,
    0.12048433503836317,
    0.12088395140664962,
    0.12052429667519182,
    0.1201446611253197,
    0.12022458439897699,
    0.1211437020460358,
    0.12080402813299233,
    0.12030450767263427,
    0.12044437340153452,
    0.12084398976982097,
    0.12078404731457801,
    0.12092391304347826,
    0.12118366368286446,
    0.12122362531969309
  ],
  "test_accuracy": [
    0.0993,
    0.09999999999999999,
    0.10490000000000002,
    0.11019999999999999,
    0.11939999999999999,
    0.1305,
    0.13690000000000002,
    0.13620000000000002,
    0.13730000000000003,
    0.1395,
    0.13379999999999997,
    0.13610000000000003,
    0.1285,
    0.1237,
    0.1232,
    0.12160000000000001,
    0.12079999999999999,
    0.12190000000000001,
    0.1207,
    0.12079999999999999,
    0.1203,
    0.121,
    0.11950000000000001,
    0.12010000000000001,
    0.12129999999999999,
    0.1196,
    0.1226,
    0.12140000000000002,
    0.12220000000000002,
    0.12140000000000002,
    0.12240000000000002,
    0.12080000000000002,
    0.12180000000000002,
    0.1227,
    0.12190000000000001,
    0.12280000000000002,
    0.1234,
    0.12279999999999999,
    0.12269999999999999,
    0.1234,
    0.12279999999999999,
    0.1227,
    0.12310000000000001,
    0.12430000000000001,
    0.12220000000000002,
    0.12400000000000003,
    0.12350000000000001,
    0.1247,
    0.1246,
    0.1232
  ]
}