{
  "setting": "setting_13",
  "train_accuracy": [
    0.09968510841836735,
    0.09963727678571428,
    0.09904735331632654,
    0.10005580357142857,
    0.1015545280612245,
    0.10289381377551021,
    0.10514588647959185,
    0.1107421875,
    0.11665736607142857,
    0.12154017857142857,
    0.12739158163265307,
    0.1318718112244898,
    0.13434709821428573,
    0.13565848214285714,
    0.13692203443877551,
    0.13621253188775512,
    0.13509247448979592,
    0.1350486288265306,
    0.1370495854591837,
    0.13620057397959184,
    0.13321508290816325,
    0.13332270408163266,
    0.13228635204081635,
    0.13191964285714286,
    0.13244579081632654,
    0.13082748724489796,
    0.1293925382653061,
    0.12838807397959184,
    0.12763472576530613,
    0.1269889987244898,
    0.12670998086734694,
    0.12576929209183674,
    0.12538663903061223,
    0.12509566326530613,
    0.1249282525510204,
    0.1248844068877551,
    0.12401945153061225,
    0.12426259566326531,
    0.12462930484693877,
    0.12333386479591836,
    0.1232421875,
    0.12369260204081632,
    0.12370057397959185,
    0.12386001275510204,
    0.12273198341836734,
    0.12203842474489796,
    0.12230149872448981,
    0.12211814413265305,
    0.12269610969387755,
    0.12236527423469389
  ],
  "test_accuracy": [
    0.099,
    0.0982,
    0.0983,
    0.0988,
    0.1005,
    0.10429999999999999,
    0.10550000000000001,
    0.1109,
    0.1167,
    0.12310000000000001,
    0.1294,
    0.1346,
    0.1331,
    0.1364,
    0.13629999999999998,
    0.13720000000000004,
    0.13560000000000003,
    0.13640000000000002,
    0.1368,
    0.13490000000000002,
    0.13590000000000002,
    0.1339,
    0.1331,
    0.13530000000000003,
    0.1321,
    0.1286,
    0.13430000000000003,
    0.13049999999999998,
    0.12940000000000002,
    0.129,
    0.1255,
    0.1299,
    0.1262,
    0.12580000000000002,
    0.1271,
    0.12680000000000002,
    0.1254,
    0.1273,
    0.12680000000000002,
    0.12369999999999999,
    0.12610000000000002,
    0.12560000000000002,
    0.1252,
    0.12469999999999999,
    0.1279,
    0.1242,
    0.12469999999999999,
    0.12350000000000001,
    0.124,
    0.1243
  ]
}