{
  "setting": "setting_23",
  "train_accuracy": [
    0.1123126594387755,
    0.13881935586734692,
    0.17700892857142858,
    0.2080157844387755,
    0.217578125,
    0.2184111926020408,
    0.22374441964285716,
    0.22922114158163265,
    0.23206313775510204,
    0.2373844068877551,
    0.2446906887755102,
    0.24891581632653062,
    0.2509127869897959,
    0.25296954719387754,
    0.2566047512755102,
    0.26207748724489793,
    0.26265545280612246,
    0.2669204400510204,
    0.2710459183673469,
    0.2734454719387755,
    0.27690130739795915,
    0.27633131377551023,
    0.2775390625,
    0.2771763392857143,
    0.2799186862244898,
    0.281429368622449,
    0.2831592793367347,
    0.28367745535714284,
    0.28384885204081634,
    0.2848533163265306,
    0.28738042091836735,
    0.2841876594387755,
    0.2853993941326531,
    0.28634008290816326,
    0.28658721301020407,
    0.2896763392857143,
    0.2881616709183673,
    0.28804607780612246,
    0.28934948979591835,
    0.28909837372448977,
    0.2878985969387755,
    0.2897879464285714,
    0.29209582270408163,
    0.2885204081632653,
    0.29105149872448977,
    0.2904655612244898,
    0.28860809948979593,
    0.2930365114795918,
    0.2913783482142857,
    0.2915816326530612
  ],
  "test_accuracy": [
    0.1287,
    0.1505,
    0.2031,
    0.2166,
    0.22430000000000003,
    0.2311,
    0.2364,
    0.23579999999999995,
    0.2338,
    0.2579,
    0.25070000000000003,
    0.25549999999999995,
    0.2592,
    0.25930000000000003,
    0.2746,
    0.27199999999999996,
    0.2809,
    0.26880000000000004,
    0.28490000000000004,
    0.28300000000000003,
    0.2893,
    0.2853,
    0.29419999999999996,
    0.2832,
    0.29779999999999995,
    0.29009999999999997,
    0.29699999999999993,
    0.2925,
    0.2955,
    0.29619999999999996,
    0.29629999999999995,
    0.29660000000000003,
    0.29410000000000003,
    0.2946,
    0.2939,
    0.2942,
    0.29979999999999996,
    0.2987,
    0.3025,
    0.2962,
    0.29159999999999997,
    0.2969,
    0.3029,
    0.3013,
    0.303,
    0.30069999999999997,
    0.2994,
    0.29750000000000004,
    0.2991,
    0.3001
  ]
}