{
  "setting": "setting_7",
  "train_accuracy": [
    0.10433983375959079,
    0.128832320971867,
    0.12616687979539642,
    0.12063219309462915,
    0.12365728900255755,
    0.12442854859335038,
    0.12906409846547315,
    0.13065457161125318,
    0.1362212276214834,
    0.14475703324808184,
    0.14872522378516623,
    0.1536644820971867,
    0.16015425191815855,
    0.17261429028132994,
    0.18498641304347826,
    0.1912004475703325,
    0.1935022378516624,
    0.20105498721227621,
    0.20376039002557544,
    0.20513107416879794,
    0.20605019181585676,
    0.20997842071611253,
    0.2100263746803069,
    0.21422234654731456,
    0.21363890664961638,
    0.21548513427109975,
    0.21250399616368285,
    0.21454203964194374,
    0.21674392583120206,
    0.216951726342711,
    0.221343510230179,
    0.21952525575447568,
    0.22179507672634272,
    0.22238251278772378,
    0.22385709718670077,
    0.22013666879795396,
    0.21928148976982098,
    0.22133152173913045,
    0.22353340792838874,
    0.22331761508951406,
    0.22452046035805626,
    0.22607496803069055,
    0.22644661125319696,
    0.22564338235294118,
    0.22481617647058824,
    0.2236612851662404,
    0.2259990409207161,
    0.22573129795396418,
    0.22664641943734018,
    0.22718590153452686
  ],
  "test_accuracy": [
    0.12,
    0.12799999999999997,
    0.1242,
    0.12160000000000001,
    0.1257,
    0.1316,
    0.13530000000000003,
    0.13640000000000002,
    0.1406,
    0.1508,
    0.1527,
    0.15789999999999998,
    0.17629999999999998,
    0.1899,
    0.1942,
    0.1977,
    0.20700000000000002,
    0.2092,
    0.2072,
    0.2113,
    0.2153,
    0.22349999999999998,
    0.2226,
    0.22400000000000003,
    0.23230000000000003,
    0.22280000000000003,
    0.2245,
    0.22889999999999996,
    0.22680000000000003,
    0.2294,
    0.2327,
    0.2304,
    0.2319,
    0.233,
    0.2284,
    0.22949999999999998,
    0.22830000000000003,
    0.23620000000000002,
    0.231,
    0.2343,
    0.23010000000000003,
    0.23360000000000003,
    0.23199999999999998,
    0.2352,
    0.23490000000000003,
    0.23169999999999996,
    0.23180000000000006,
    0.2343,
    0.23520000000000002,
    0.2318
  ]
}