{
  "setting": "setting_24",
  "train_accuracy": [
    0.11520400570942664,
    0.11893847940962099,
    0.12921089194606414,
    0.14564542334791059,
    0.17156561285228378,
    0.1919358145043732,
    0.2020165208940719,
    0.21298268191205053,
    0.2156978862973761,
    0.22039183977162294,
    0.22186569940476192,
    0.22560396926627793,
    0.22245220632896015,
    0.22681494472789115,
    0.2296933840500486,
    0.22778581298590864,
    0.23078667851069,
    0.23523388149902819,
    0.23761502368804666,
    0.23740718385568513,
    0.23961465166423712,
    0.2398357780612245,
    0.24762550109329445,
    0.24373918094023325,
    0.24713294916180759,
    0.2471538280490768,
    0.24578246477162294,
    0.2509329066448008,
    0.25068710519922255,
    0.2500104394436346,
    0.2535503598760933,
    0.2535086021015549,
    0.2561687621477162,
    0.254726220845481,
    0.2564174107142857,
    0.25804976008260444,
    0.2584540512633625,
    0.2638094858479106,
    0.25955588708697763,
    0.2632998511904762,
    0.26250645347424684,
    0.2664146015549077,
    0.2663813851433431,
    0.26366238459669583,
    0.2684417517006803,
    0.2682006954567541,
    0.2673921130952381,
    0.27116834456997085,
    0.2694733585398445,
    0.2724932048712342
  ],
  "test_accuracy": [
    0.11810000000000001,
    0.1283,
    0.13590000000000002,
    0.1587,
    0.19349999999999998,
    0.21080000000000002,
    0.2212,
    0.22159999999999996,
    0.2324,
    0.23770000000000002,
    0.22809999999999997,
    0.2278,
    0.23290000000000002,
    0.2359,
    0.24210000000000004,
    0.2413,
    0.2358,
    0.23390000000000005,
    0.2424,
    0.2432,
    0.25070000000000003,
    0.25360000000000005,
    0.2586,
    0.24860000000000002,
    0.26180000000000003,
    0.2545,
    0.25630000000000003,
    0.2569,
    0.2571,
    0.2585,
    0.2624,
    0.26480000000000004,
    0.2624000000000001,
    0.26480000000000004,
    0.26549999999999996,
    0.2678,
    0.27349999999999997,
    0.2749,
    0.27149999999999996,
    0.277,
    0.2695,
    0.27690000000000003,
    0.27769999999999995,
    0.2806,
    0.2824,
    0.2773,
    0.2781,
    0.2805,
    0.2751,
    0.28259999999999996
  ]
}