{
  "setting": "setting_28",
  "train_accuracy": [
    0.1252830038265306,
    0.19331951530612246,
    0.2158840880102041,
    0.22717235331632654,
    0.2370296556122449,
    0.24188855229591838,
    0.2507374043367347,
    0.2596580038265306,
    0.26442123724489797,
    0.27362882653061227,
    0.2767378826530612,
    0.28517617984693877,
    0.28452248086734694,
    0.2901825573979592,
    0.2903300382653061,
    0.2932876275510204,
    0.29642857142857143,
    0.2976084183673469,
    0.3002989477040816,
    0.30024713010204085,
    0.3052535076530612,
    0.30270647321428573,
    0.30631776147959183,
    0.30674027423469385,
    0.3087173150510204,
    0.30877710459183677,
    0.31052694515306123,
    0.31295041454081635,
    0.31167889030612245,
    0.31345264668367345,
    0.3176379145408163,
    0.3185307716836735,
    0.3170998086734694,
    0.3185267857142857,
    0.3186025191326531,
    0.31960698341836735,
    0.3217036033163265,
    0.32076690051020407,
    0.3225167410714286,
    0.3222217793367347,
    0.32234933035714286,
    0.32402742346938773,
    0.3270408163265306,
    0.3239955357142857,
    0.3270049426020408,
    0.32896205357142855,
    0.32743941326530607,
    0.326969068877551,
    0.32845184948979594,
    0.327132493622449
  ],
  "test_accuracy": [
    0.16929999999999998,
    0.2243,
    0.22400000000000003,
    0.24169999999999997,
    0.2444,
    0.26260000000000006,
    0.2606,
    0.26470000000000005,
    0.2775,
    0.2845,
    0.2926000000000001,
    0.29700000000000004,
    0.2995,
    0.2968,
    0.29890000000000005,
    0.3001,
    0.3088,
    0.30920000000000003,
    0.3083,
    0.31029999999999996,
    0.3133,
    0.315,
    0.3162,
    0.31520000000000004,
    0.31429999999999997,
    0.32,
    0.32380000000000003,
    0.3237,
    0.32020000000000004,
    0.3245,
    0.328,
    0.3244,
    0.32520000000000004,
    0.3336,
    0.32839999999999997,
    0.3273,
    0.3311,
    0.33290000000000003,
    0.3315,
    0.33399999999999996,
    0.3329,
    0.328,
    0.33730000000000004,
    0.3356,
    0.3362,
    0.33419999999999994,
    0.3407,
    0.3382,
    0.33930000000000005,
    0.33790000000000003
  ]
}