{
  "setting": "setting_17",
  "train_accuracy": [
    0.09973225703324808,
    0.09989210358056265,
    0.09964434143222506,
    0.09977221867007671,
    0.09989609974424553,
    0.10093110613810741,
    0.10175831202046036,
    0.10473945012787723,
    0.10727301790281331,
    0.11049792199488491,
    0.11500159846547316,
    0.12032049232736573,
    0.12404092071611253,
    0.1272378516624041,
    0.13009510869565216,
    0.1328924232736573,
    0.13535406010230178,
    0.13476262787723786,
    0.1367687020460358,
    0.13610134271099744,
    0.13654092071611254,
    0.13499440537084398,
    0.1359934462915601,
    0.13465473145780052,
    0.13303228900255754,
    0.13144980818414323,
    0.13302829283887468,
    0.13136988491048593,
    0.13079843350383633,
    0.12983935421994885,
    0.12938778772378517,
    0.12720588235294117,
    0.12650255754475703,
    0.1250679347826087,
    0.12557145140664963,
    0.1253037084398977,
    0.1239330242966752,
    0.1246523337595908,
    0.12310981457800511,
    0.12374920076726342,
    0.12346946930946291,
    0.12313778772378517,
    0.12352141943734016,
    0.12303788363171356,
    0.12236253196930946,
    0.1228860294117647,
    0.12211077365728899,
    0.12258232097186701,
    0.12219069693094628,
    0.12227861253196931
  ],
  "test_accuracy": [
    0.0993,
    0.0991,
    0.0988,
    0.0994,
    0.0986,
    0.0989,
    0.10200000000000001,
    0.1036,
    0.1075,
    0.11140000000000001,
    0.11579999999999999,
    0.1197,
    0.12440000000000002,
    0.1308,
    0.13199999999999998,
    0.1346,
    0.13540000000000002,
    0.13510000000000003,
    0.1395,
    0.1403,
    0.13730000000000003,
    0.1379,
    0.1358,
    0.137,
    0.139,
    0.1375,
    0.13320000000000004,
    0.13130000000000003,
    0.13010000000000002,
    0.1303,
    0.13090000000000002,
    0.1312,
    0.1286,
    0.12819999999999998,
    0.12870000000000004,
    0.1275,
    0.1264,
    0.1275,
    0.1248,
    0.1255,
    0.12530000000000002,
    0.1264,
    0.1234,
    0.1248,
    0.1236,
    0.12450000000000001,
    0.1255,
    0.12440000000000002,
    0.1233,
    0.124
  ]
}