{
  "setting": "setting_16",
  "train_accuracy": [
    0.34130000000000005,
    0.4429,
    0.49796,
    0.53988,
    0.57414,
    0.60644,
    0.62886,
    0.6494600000000001,
    0.66482,
    0.6767800000000002,
    0.69372,
    0.70202,
    0.7155400000000001,
    0.7219599999999999,
    0.7304999999999997,
    0.7407,
    0.7458400000000001,
    0.74966,
    0.7599000000000001,
    0.7586399999999999,
    0.76324,
    0.76928,
    0.7705000000000001,
    0.77916,
    0.78086,
    0.7813800000000001,
    0.7881200000000002,
    0.7878200000000001,
    0.7944400000000001,
    0.7984399999999999,
    0.8000400000000001,
    0.7997799999999999,
    0.8052800000000001,
    0.8076199999999999,
    0.80962,
    0.81124,
    0.8144800000000001,
    0.8144999999999999,
    0.81986,
    0.8207,
    0.8193999999999998,
    0.8199199999999998,
    0.82316,
    0.8254999999999998,
    0.8241999999999997,
    0.8263599999999998,
    0.8265600000000001,
    0.8281800000000001,
    0.8292999999999999,
    0.8320399999999998
  ],
  "test_accuracy": [
    0.35609999999999997,
    0.3613,
    0.4923,
    0.47539999999999993,
    0.3409000000000001,
    0.5513,
    0.5492000000000001,
    0.6018999999999999,
    0.6167,
    0.5946999999999999,
    0.6228999999999999,
    0.5812,
    0.6871999999999999,
    0.6896000000000001,
    0.6316999999999999,
    0.6839999999999999,
    0.7116,
    0.6662,
    0.6845,
    0.6883999999999999,
    0.6986,
    0.7383,
    0.7041,
    0.7258,
    0.7283999999999999,
    0.7013,
    0.7221,
    0.7201000000000001,
    0.7477,
    0.7565000000000001,
    0.7641,
    0.7443,
    0.7335,
    0.7589,
    0.7662,
    0.7397,
    0.7863,
    0.7314,
    0.7685000000000001,
    0.7702,
    0.7787999999999999,
    0.7862000000000001,
    0.7694,
    0.7836000000000001,
    0.7857999999999998,
    0.7913,
    0.7947000000000001,
    0.7776,
    0.7875000000000001,
    0.763
  ]
}