{
  "setting": "setting_13",
  "train_accuracy": [
    0.28647058823529414,
    0.36309803921568623,
    0.40490196078431373,
    0.43188235294117644,
    0.4512745098039216,
    0.47870588235294115,
    0.5042745098039215,
    0.5157254901960784,
    0.5330588235294118,
    0.551313725490196,
    0.5662156862745098,
    0.5721764705882352,
    0.5872156862745098,
    0.6065098039215687,
    0.6066078431372549,
    0.6203529411764706,
    0.6277254901960784,
    0.6397058823529411,
    0.650843137254902,
    0.652450980392157,
    0.6633529411764706,
    0.668156862745098,
    0.6693529411764706,
    0.6770392156862746,
    0.6864117647058824,
    0.688764705882353,
    0.6892941176470588,
    0.6988627450980393,
    0.7030980392156863,
    0.7044705882352941,
    0.7052156862745097,
    0.71,
    0.7168039215686275,
    0.7172352941176471,
    0.722843137254902,
    0.7244705882352941,
    0.7252941176470589,
    0.7306666666666667,
    0.7341764705882354,
    0.7359215686274511,
    0.7352745098039215,
    0.7369411764705882,
    0.7396078431372549,
    0.741549019607843,
    0.7434705882352941,
    0.7462156862745097,
    0.7468823529411767,
    0.7475294117647059,
    0.7497058823529412,
    0.7516470588235294
  ],
  "test_accuracy": [
    0.24130000000000001,
    0.38270000000000004,
    0.39449999999999996,
    0.40939999999999993,
    0.41950000000000004,
    0.3708,
    0.4473999999999999,
    0.4511,
    0.4122,
    0.36879999999999996,
    0.39390000000000003,
    0.5464,
    0.4405,
    0.5004,
    0.47170000000000006,
    0.5981,
    0.5862999999999999,
    0.4927,
    0.5994,
    0.506,
    0.581,
    0.6155,
    0.6146999999999999,
    0.5511999999999999,
    0.6178,
    0.6198,
    0.5246999999999999,
    0.579,
    0.5199,
    0.5766,
    0.6615,
    0.6366,
    0.6375,
    0.625,
    0.6391000000000001,
    0.6912,
    0.6645000000000001,
    0.6476,
    0.6831999999999999,
    0.6416000000000001,
    0.7158,
    0.6793000000000001,
    0.7003999999999999,
    0.6898,
    0.6940999999999999,
    0.6914,
    0.7245999999999999,
    0.7116999999999999,
    0.709,
    0.7281000000000001
  ]
}