{
  "setting": "setting_9",
  "train_accuracy": [
    0.27061999999999997,
    0.34709999999999996,
    0.3844000000000001,
    0.41141999999999995,
    0.43327999999999994,
    0.4513,
    0.47129999999999994,
    0.48525999999999997,
    0.5037400000000001,
    0.51202,
    0.5306599999999999,
    0.53212,
    0.5502600000000001,
    0.5639400000000001,
    0.5645599999999998,
    0.5811,
    0.57644,
    0.59696,
    0.5975400000000001,
    0.61052,
    0.60872,
    0.61738,
    0.6223000000000001,
    0.62518,
    0.62912,
    0.6350600000000001,
    0.6398199999999999,
    0.6448,
    0.65282,
    0.6562399999999999,
    0.6565000000000001,
    0.6615000000000001,
    0.6578399999999999,
    0.6718799999999999,
    0.6735800000000002,
    0.6712600000000001,
    0.67584,
    0.6812600000000001,
    0.68318,
    0.68274,
    0.6849200000000001,
    0.68726,
    0.6878,
    0.6924399999999999,
    0.69242,
    0.6935400000000002,
    0.6958399999999999,
    0.6977,
    0.69966,
    0.69894
  ],
  "test_accuracy": [
    0.1998,
    0.3536,
    0.2908,
    0.3799,
    0.3822,
    0.3645,
    0.47539999999999993,
    0.4032,
    0.5006999999999999,
    0.4686,
    0.5256000000000001,
    0.5144,
    0.512,
    0.5469999999999999,
    0.5343,
    0.5609999999999999,
    0.5375,
    0.5589,
    0.4967,
    0.5895999999999999,
    0.559,
    0.5892,
    0.5961000000000001,
    0.5908,
    0.6294,
    0.6013,
    0.6296,
    0.5893,
    0.6352,
    0.5891,
    0.6461,
    0.6463,
    0.6431,
    0.6363000000000001,
    0.6544000000000001,
    0.6631,
    0.6374,
    0.6602,
    0.6615,
    0.6476000000000001,
    0.6718000000000001,
    0.6572000000000001,
    0.6772000000000001,
    0.6756,
    0.6709,
    0.6798,
    0.6765000000000001,
    0.6813,
    0.6784,
    0.6820999999999999
  ]
}