{
  "setting": "setting_3",
  "train_accuracy": [
    0.2862941176470588,
    0.3623137254901961,
    0.4005098039215686,
    0.4292941176470588,
    0.45856862745098037,
    0.4742549019607843,
    0.4985882352941176,
    0.5207254901960785,
    0.5318627450980393,
    0.5537450980392158,
    0.5628823529411764,
    0.5812549019607843,
    0.5879019607843138,
    0.6051372549019608,
    0.6133529411764705,
    0.6121764705882352,
    0.6242941176470588,
    0.6382549019607844,
    0.6518823529411765,
    0.652921568627451,
    0.6655882352941175,
    0.6693529411764707,
    0.6712941176470588,
    0.6723529411764706,
    0.6833137254901961,
    0.6886862745098039,
    0.6924117647058824,
    0.7051960784313727,
    0.7068431372549019,
    0.7091764705882353,
    0.7101764705882351,
    0.715,
    0.7208627450980393,
    0.7222549019607842,
    0.7281960784313727,
    0.7301372549019608,
    0.7310980392156862,
    0.7352941176470589,
    0.7405098039215685,
    0.740078431372549,
    0.7403921568627451,
    0.742235294117647,
    0.7428039215686275,
    0.7466078431372549,
    0.7495098039215686,
    0.7501176470588234,
    0.7513529411764706,
    0.7530392156862745,
    0.7555686274509803,
    0.7571568627450981
  ],
  "test_accuracy": [
    0.2907,
    0.3027,
    0.387,
    0.402,
    0.4286,
    0.4394,
    0.4141,
    0.4688,
    0.45899999999999996,
    0.5098999999999999,
    0.44239999999999996,
    0.5512,
    0.5536,
    0.4423,
    0.4713,
    0.589,
    0.5684999999999999,
    0.524,
    0.5982000000000001,
    0.5209,
    0.5664,
    0.5685,
    0.6123,
    0.4465,
    0.6254000000000002,
    0.5875,
    0.5501000000000001,
    0.5830000000000001,
    0.5373,
    0.6186,
    0.6834,
    0.6295999999999999,
    0.6451,
    0.6082000000000001,
    0.6464000000000001,
    0.6824,
    0.6759999999999999,
    0.6458,
    0.6853999999999999,
    0.6367,
    0.7183999999999998,
    0.6880000000000001,
    0.7038,
    0.6938,
    0.6994,
    0.6874999999999999,
    0.7221,
    0.7095,
    0.713,
    0.7297
  ]
}