{
  "setting": "setting_1",
  "train_accuracy": [
    0.34135999999999994,
    0.4407,
    0.4961799999999999,
    0.5399,
    0.5693,
    0.6054399999999999,
    0.6276999999999999,
    0.64522,
    0.6694200000000002,
    0.6813400000000001,
    0.69872,
    0.7073999999999998,
    0.7152399999999999,
    0.72238,
    0.7333999999999999,
    0.7440999999999999,
    0.74824,
    0.7527399999999999,
    0.7646600000000001,
    0.76924,
    0.77322,
    0.7808200000000001,
    0.78326,
    0.7902800000000001,
    0.7920600000000002,
    0.79416,
    0.7975,
    0.79778,
    0.8039399999999999,
    0.8068799999999999,
    0.80864,
    0.8078000000000002,
    0.81122,
    0.81436,
    0.8159399999999998,
    0.8185199999999999,
    0.8211199999999999,
    0.8198399999999999,
    0.8250799999999999,
    0.8273199999999999,
    0.8257599999999999,
    0.8260000000000001,
    0.82824,
    0.83156,
    0.8282199999999998,
    0.8316399999999997,
    0.83262,
    0.8320799999999998,
    0.8324199999999999,
    0.83418
  ],
  "test_accuracy": [
    0.39080000000000004,
    0.4136,
    0.4913,
    0.5281,
    0.5202,
    0.5308,
    0.5469000000000002,
    0.5365,
    0.6058,
    0.591,
    0.6294000000000001,
    0.6788000000000001,
    0.68,
    0.6805,
    0.6049,
    0.6766000000000001,
    0.725,
    0.6823,
    0.6765,
    0.7118,
    0.6990000000000001,
    0.7429,
    0.7286,
    0.7278999999999999,
    0.7646000000000001,
    0.7192,
    0.7496,
    0.7468999999999999,
    0.7643000000000001,
    0.7669,
    0.7674,
    0.7591,
    0.742,
    0.7691000000000001,
    0.771,
    0.7499,
    0.788,
    0.7684,
    0.7681,
    0.7863,
    0.8016,
    0.7894,
    0.7833,
    0.7917000000000002,
    0.7949,
    0.7985,
    0.8045,
    0.7923,
    0.7964,
    0.785
  ]
}