{
  "setting": "setting_30",
  "train_accuracy": [
    0.25555999999999995,
    0.33664000000000005,
    0.36751999999999996,
    0.38767999999999997,
    0.41352,
    0.42672,
    0.45082000000000005,
    0.46340000000000003,
    0.47280000000000016,
    0.4911600000000001,
    0.5040000000000001,
    0.51128,
    0.5287399999999999,
    0.53646,
    0.5442400000000001,
    0.54358,
    0.56558,
    0.5541999999999999,
    0.57746,
    0.5895799999999999,
    0.58516,
    0.5983,
    0.6087800000000001,
    0.6025599999999999,
    0.6099000000000001,
    0.61036,
    0.62054,
    0.6232,
    0.62292,
    0.63266,
    0.6306399999999999,
    0.63656,
    0.64012,
    0.6497,
    0.6472999999999999,
    0.6499600000000001,
    0.6498800000000001,
    0.65544,
    0.66628,
    0.6595799999999999,
    0.6657200000000001,
    0.6681600000000001,
    0.67024,
    0.6715000000000001,
    0.6703399999999999,
    0.6735800000000001,
    0.6733999999999999,
    0.6773,
    0.6775,
    0.6814599999999998
  ],
  "test_accuracy": [
    0.16509999999999997,
    0.3364,
    0.35159999999999997,
    0.3559,
    0.389,
    0.33730000000000004,
    0.44580000000000003,
    0.44159999999999994,
    0.45600000000000007,
    0.42679999999999996,
    0.5064,
    0.4711,
    0.44939999999999997,
    0.5085000000000001,
    0.5287999999999999,
    0.504,
    0.5248999999999999,
    0.5183,
    0.4968,
    0.5732999999999999,
    0.572,
    0.5598000000000001,
    0.5770000000000001,
    0.5861000000000001,
    0.5942000000000001,
    0.5835999999999999,
    0.5837,
    0.6018999999999999,
    0.5795,
    0.6211,
    0.6053999999999999,
    0.6368,
    0.6202,
    0.628,
    0.6366,
    0.6449,
    0.6394,
    0.6329,
    0.6556,
    0.6491,
    0.6554,
    0.6496,
    0.6638999999999999,
    0.6656000000000001,
    0.6535,
    0.6686,
    0.657,
    0.6604000000000001,
    0.6584,
    0.6667000000000001
  ]
}