{
  "setting": "setting_21",
  "train_accuracy": [
    0.33936000000000005,
    0.44032000000000004,
    0.49357999999999996,
    0.53962,
    0.57428,
    0.60772,
    0.63026,
    0.6507999999999999,
    0.6653600000000002,
    0.6770400000000002,
    0.6949399999999999,
    0.7033999999999999,
    0.7106999999999998,
    0.7252199999999999,
    0.73158,
    0.7412000000000001,
    0.7469999999999999,
    0.7491,
    0.76146,
    0.7616200000000002,
    0.7682200000000001,
    0.7746200000000001,
    0.7756000000000001,
    0.7831,
    0.7831,
    0.7841,
    0.7907800000000001,
    0.7906399999999999,
    0.79586,
    0.8002000000000001,
    0.7997600000000001,
    0.8015399999999998,
    0.8065000000000001,
    0.8085800000000001,
    0.8118400000000001,
    0.8152799999999999,
    0.81574,
    0.8140199999999999,
    0.82016,
    0.81994,
    0.8191799999999999,
    0.8182999999999998,
    0.8234200000000002,
    0.8239799999999999,
    0.82304,
    0.8251399999999998,
    0.8264799999999998,
    0.8268799999999998,
    0.82784,
    0.8305799999999999
  ],
  "test_accuracy": [
    0.3421,
    0.40140000000000003,
    0.4885,
    0.3962,
    0.3681,
    0.583,
    0.5613,
    0.5966999999999999,
    0.6053999999999999,
    0.5880999999999998,
    0.6363000000000001,
    0.6860999999999999,
    0.6786,
    0.7034,
    0.6262,
    0.6900000000000001,
    0.7213999999999999,
    0.6852000000000001,
    0.6923,
    0.6994,
    0.695,
    0.7360000000000001,
    0.7165999999999999,
    0.7242,
    0.7413,
    0.7022,
    0.7371999999999999,
    0.7356,
    0.7513,
    0.755,
    0.7674000000000001,
    0.7528,
    0.7281,
    0.7727,
    0.7595000000000001,
    0.7673,
    0.7911,
    0.7475,
    0.7619,
    0.7772,
    0.7854000000000001,
    0.7855000000000001,
    0.7682,
    0.7758,
    0.7916000000000001,
    0.7950999999999999,
    0.796,
    0.7753,
    0.7915,
    0.7626000000000001
  ]
}