{
  "setting": "setting_11",
  "train_accuracy": [
    0.34018,
    0.44152,
    0.4972,
    0.53806,
    0.57664,
    0.60674,
    0.6282000000000001,
    0.64988,
    0.66244,
    0.6797,
    0.6962599999999999,
    0.7025,
    0.71544,
    0.72104,
    0.7326600000000001,
    0.7399199999999999,
    0.7458599999999999,
    0.74786,
    0.75996,
    0.7617200000000001,
    0.76476,
    0.7677600000000002,
    0.7717400000000001,
    0.7758800000000001,
    0.77902,
    0.77998,
    0.78494,
    0.7858599999999999,
    0.79124,
    0.7932800000000002,
    0.7950599999999999,
    0.7951600000000001,
    0.7990999999999999,
    0.80208,
    0.8032400000000002,
    0.8063400000000001,
    0.8086600000000003,
    0.8094000000000002,
    0.81242,
    0.8127000000000001,
    0.8120799999999998,
    0.81136,
    0.81526,
    0.8182800000000001,
    0.8177199999999999,
    0.81936,
    0.8192800000000001,
    0.8200400000000001,
    0.8216199999999999,
    0.8239799999999999
  ],
  "test_accuracy": [
    0.3819,
    0.38360000000000005,
    0.5162,
    0.5135000000000001,
    0.5056,
    0.5907,
    0.5617,
    0.6157,
    0.6109000000000001,
    0.6053999999999999,
    0.6515000000000001,
    0.6499,
    0.6868000000000001,
    0.6827000000000001,
    0.6612,
    0.6863,
    0.711,
    0.7059,
    0.7001000000000001,
    0.7125999999999999,
    0.7139,
    0.7335999999999999,
    0.7259,
    0.7328999999999999,
    0.7393000000000001,
    0.7069000000000001,
    0.7435,
    0.7293999999999999,
    0.7455,
    0.7499,
    0.7671,
    0.7575999999999999,
    0.7325999999999999,
    0.7553,
    0.7649,
    0.7643,
    0.7777,
    0.7372,
    0.7648,
    0.77,
    0.7719,
    0.7813000000000001,
    0.767,
    0.7718,
    0.7865,
    0.7871,
    0.7907,
    0.7766,
    0.7764000000000001,
    0.7695
  ]
}