{
  "setting": "setting_29",
  "train_accuracy": [
    0.27099999999999996,
    0.34616,
    0.38193999999999995,
    0.4047,
    0.4324,
    0.45356,
    0.46509999999999996,
    0.48050000000000004,
    0.5039399999999999,
    0.51062,
    0.52594,
    0.5428999999999999,
    0.5568799999999999,
    0.5532,
    0.57162,
    0.57804,
    0.5844,
    0.59234,
    0.59718,
    0.60968,
    0.62096,
    0.6193,
    0.61716,
    0.6364,
    0.62726,
    0.6365,
    0.6433199999999999,
    0.6457599999999999,
    0.6545799999999999,
    0.65836,
    0.6604599999999999,
    0.6642999999999999,
    0.66794,
    0.67246,
    0.6759599999999999,
    0.6738600000000001,
    0.68036,
    0.68462,
    0.6861599999999999,
    0.68936,
    0.68842,
    0.69132,
    0.6929000000000001,
    0.69756,
    0.69842,
    0.69938,
    0.70088,
    0.7023599999999999,
    0.7040000000000001,
    0.70394
  ],
  "test_accuracy": [
    0.20270000000000002,
    0.3862,
    0.39289999999999997,
    0.3835,
    0.41530000000000006,
    0.4377,
    0.4683,
    0.4264,
    0.34550000000000003,
    0.49329999999999996,
    0.4833,
    0.4627,
    0.5008999999999999,
    0.3767,
    0.5276,
    0.3904,
    0.5761000000000001,
    0.5821,
    0.5368,
    0.5365,
    0.5538000000000001,
    0.5961000000000001,
    0.48100000000000004,
    0.6213000000000001,
    0.6216999999999999,
    0.614,
    0.6211,
    0.5835000000000001,
    0.6364,
    0.5986,
    0.6458,
    0.6416000000000001,
    0.6563,
    0.6253000000000001,
    0.6608,
    0.6688,
    0.6392,
    0.6646000000000001,
    0.6621,
    0.6715,
    0.6744000000000001,
    0.659,
    0.6812,
    0.6788000000000001,
    0.6708000000000001,
    0.6873,
    0.6829000000000001,
    0.6858000000000001,
    0.677,
    0.6851
  ]
}