{
  "setting": "setting_15",
  "train_accuracy": [
    0.25554,
    0.33804,
    0.36532,
    0.38967999999999997,
    0.41459999999999997,
    0.42750000000000005,
    0.45388,
    0.46849999999999997,
    0.48182,
    0.49388000000000004,
    0.49277999999999994,
    0.5091400000000001,
    0.52732,
    0.52954,
    0.54406,
    0.5449200000000001,
    0.5531200000000001,
    0.56648,
    0.5693599999999999,
    0.58048,
    0.5828,
    0.5962600000000001,
    0.5985199999999999,
    0.6006600000000001,
    0.6075400000000001,
    0.6110599999999999,
    0.6229799999999999,
    0.62082,
    0.62822,
    0.6322599999999999,
    0.6340999999999999,
    0.6372599999999999,
    0.6416799999999999,
    0.6527800000000001,
    0.6526400000000001,
    0.6534000000000001,
    0.6556399999999999,
    0.6563,
    0.66556,
    0.65362,
    0.6666199999999999,
    0.6698,
    0.67234,
    0.6738,
    0.6722199999999999,
    0.6775600000000002,
    0.6782800000000001,
    0.68288,
    0.6807400000000001,
    0.6841599999999999
  ],
  "test_accuracy": [
    0.16509999999999997,
    0.2915,
    0.36829999999999996,
    0.3726,
    0.42269999999999996,
    0.4224,
    0.3853,
    0.3427,
    0.45549999999999996,
    0.47450000000000003,
    0.49729999999999996,
    0.4085,
    0.519,
    0.47750000000000004,
    0.49090000000000006,
    0.5384000000000001,
    0.5172,
    0.5262,
    0.5224,
    0.5679999999999998,
    0.4436,
    0.4803,
    0.5676,
    0.5613,
    0.5917,
    0.5865,
    0.5980000000000001,
    0.6073999999999999,
    0.5814,
    0.6209,
    0.5961000000000001,
    0.6388999999999999,
    0.6153000000000001,
    0.6195999999999999,
    0.6258000000000001,
    0.6428,
    0.642,
    0.6425000000000001,
    0.6498,
    0.6442,
    0.655,
    0.6374,
    0.6627000000000001,
    0.6664000000000001,
    0.6567000000000001,
    0.6698999999999999,
    0.652,
    0.6592,
    0.6621,
    0.6601
  ]
}