{
  "setting": "setting_14",
  "train_accuracy": [
    0.27087999999999995,
    0.3479,
    0.38136,
    0.40674,
    0.43348,
    0.45487999999999995,
    0.46537999999999996,
    0.4831,
    0.49944000000000005,
    0.50566,
    0.5140399999999999,
    0.5316,
    0.53596,
    0.55816,
    0.56288,
    0.57786,
    0.58032,
    0.5907,
    0.59642,
    0.608,
    0.60582,
    0.6177799999999999,
    0.61882,
    0.6326999999999999,
    0.62456,
    0.64048,
    0.6455,
    0.64916,
    0.65656,
    0.6563,
    0.66262,
    0.66374,
    0.66756,
    0.67112,
    0.6759,
    0.6722,
    0.67742,
    0.6823600000000001,
    0.6834199999999998,
    0.68336,
    0.6859999999999999,
    0.6893799999999999,
    0.68944,
    0.6935000000000001,
    0.69302,
    0.6928799999999999,
    0.6950800000000001,
    0.69914,
    0.69928,
    0.6990999999999999
  ],
  "test_accuracy": [
    0.20579999999999998,
    0.3881,
    0.37429999999999997,
    0.3741,
    0.4114,
    0.4342,
    0.42410000000000003,
    0.4648,
    0.4779,
    0.5199,
    0.4175999999999999,
    0.46109999999999995,
    0.385,
    0.5433000000000001,
    0.5227,
    0.5089999999999999,
    0.5736,
    0.5812,
    0.5324000000000002,
    0.5544,
    0.5347000000000002,
    0.5888,
    0.5239,
    0.6128,
    0.6106999999999999,
    0.6068999999999999,
    0.6296,
    0.5867,
    0.6384000000000001,
    0.6373,
    0.6446000000000001,
    0.6439,
    0.6559,
    0.6355000000000001,
    0.6573,
    0.6643000000000001,
    0.6374000000000001,
    0.6626000000000001,
    0.6637000000000001,
    0.6543000000000001,
    0.6743,
    0.6609,
    0.6788000000000001,
    0.6815,
    0.6636000000000001,
    0.6799000000000001,
    0.6762,
    0.6807000000000001,
    0.6761000000000001,
    0.6777
  ]
}