{
  "setting": "setting_10",
  "train_accuracy": [
    0.25554,
    0.33612000000000003,
    0.36468,
    0.38602,
    0.40556000000000003,
    0.43089999999999995,
    0.44348,
    0.45805999999999997,
    0.4784400000000001,
    0.48527999999999993,
    0.5027600000000001,
    0.5149799999999999,
    0.5237,
    0.5349600000000001,
    0.5361,
    0.54444,
    0.5542799999999999,
    0.56104,
    0.5713200000000002,
    0.58562,
    0.5916,
    0.5938399999999999,
    0.60782,
    0.6073000000000001,
    0.61742,
    0.6198799999999999,
    0.6284599999999999,
    0.6312200000000001,
    0.63848,
    0.6449400000000002,
    0.6408600000000001,
    0.6489999999999998,
    0.65132,
    0.6581800000000001,
    0.664,
    0.6603600000000001,
    0.66496,
    0.6672399999999999,
    0.6727799999999999,
    0.67008,
    0.6738999999999999,
    0.6763000000000001,
    0.6775800000000001,
    0.68026,
    0.68012,
    0.68004,
    0.67954,
    0.6837000000000001,
    0.68558,
    0.6872400000000001
  ],
  "test_accuracy": [
    0.16509999999999997,
    0.2642,
    0.36740000000000006,
    0.40149999999999997,
    0.40249999999999997,
    0.4163,
    0.42879999999999996,
    0.4263,
    0.4105,
    0.4878,
    0.4675999999999999,
    0.4772,
    0.3908,
    0.4957,
    0.499,
    0.5037999999999999,
    0.5081,
    0.4952,
    0.4856,
    0.5774999999999999,
    0.5394,
    0.4391,
    0.5791999999999999,
    0.5551999999999999,
    0.6074999999999999,
    0.5936,
    0.6148,
    0.6098999999999999,
    0.6098000000000001,
    0.6271,
    0.6186,
    0.6423,
    0.6334,
    0.6282,
    0.6479999999999999,
    0.6617999999999999,
    0.6585000000000001,
    0.6493,
    0.6645000000000001,
    0.6639000000000002,
    0.6634,
    0.6639000000000002,
    0.6718000000000001,
    0.6733,
    0.6681999999999999,
    0.6743,
    0.6717000000000001,
    0.6698000000000001,
    0.67,
    0.6761
  ]
}