{
  "setting": "setting_2",
  "train_accuracy": [
    0.30322,
    0.38917999999999997,
    0.4344599999999999,
    0.46912,
    0.49315999999999993,
    0.51712,
    0.5398999999999999,
    0.56842,
    0.5798,
    0.6018799999999999,
    0.60722,
    0.6227199999999999,
    0.63536,
    0.6541600000000001,
    0.6572000000000001,
    0.67172,
    0.67628,
    0.6928399999999999,
    0.7029999999999998,
    0.7035399999999998,
    0.70702,
    0.7202600000000001,
    0.72764,
    0.72926,
    0.7280199999999999,
    0.7370399999999999,
    0.7388999999999999,
    0.7428199999999999,
    0.7491599999999999,
    0.75192,
    0.7581600000000001,
    0.7586800000000001,
    0.7651200000000001,
    0.7657400000000001,
    0.7701,
    0.77026,
    0.7759400000000001,
    0.77292,
    0.7775600000000001,
    0.7780800000000001,
    0.7777000000000001,
    0.77884,
    0.78476,
    0.78554,
    0.7859600000000002,
    0.7876800000000002,
    0.7879999999999999,
    0.7878999999999999,
    0.78964,
    0.7911
  ],
  "test_accuracy": [
    0.34659999999999996,
    0.3903,
    0.4166,
    0.46270000000000006,
    0.47639999999999993,
    0.5425000000000001,
    0.49960000000000004,
    0.5054000000000001,
    0.4946,
    0.5373,
    0.5633999999999999,
    0.595,
    0.5845999999999999,
    0.6331,
    0.5528,
    0.6353000000000002,
    0.6328,
    0.5889,
    0.6228,
    0.6764000000000001,
    0.6622000000000001,
    0.6099000000000001,
    0.6882999999999999,
    0.7068,
    0.6466000000000001,
    0.7076999999999999,
    0.6659,
    0.7122,
    0.6925,
    0.67,
    0.748,
    0.7248,
    0.7335,
    0.7217,
    0.7407999999999999,
    0.7375,
    0.7503,
    0.7272,
    0.7396,
    0.7469,
    0.7607999999999999,
    0.7476,
    0.7406999999999999,
    0.7531000000000001,
    0.7607,
    0.7591000000000001,
    0.7708000000000002,
    0.7569999999999999,
    0.7598999999999999,
    0.7555
  ]
}