{
  "setting": "setting_24",
  "train_accuracy": [
    0.27109999999999995,
    0.34687999999999997,
    0.38589999999999997,
    0.41173999999999994,
    0.42894000000000004,
    0.45668,
    0.46722,
    0.48366,
    0.49477999999999994,
    0.51204,
    0.5201,
    0.54034,
    0.5413399999999999,
    0.55168,
    0.5658,
    0.57778,
    0.57968,
    0.59006,
    0.59844,
    0.61156,
    0.6122,
    0.6198400000000001,
    0.6217400000000001,
    0.6361,
    0.63054,
    0.63722,
    0.6419400000000001,
    0.6480199999999999,
    0.65452,
    0.65858,
    0.66074,
    0.66526,
    0.66756,
    0.6728999999999999,
    0.67716,
    0.674,
    0.6797799999999999,
    0.6857800000000001,
    0.6857799999999998,
    0.6905,
    0.6879400000000001,
    0.69326,
    0.6926400000000001,
    0.6975599999999998,
    0.69726,
    0.69852,
    0.7003199999999999,
    0.70318,
    0.7038199999999999,
    0.70382
  ],
  "test_accuracy": [
    0.2065,
    0.3798,
    0.2657,
    0.4168,
    0.40380000000000005,
    0.44630000000000003,
    0.44689999999999996,
    0.4803,
    0.433,
    0.46959999999999996,
    0.4593,
    0.5126000000000002,
    0.5383000000000001,
    0.5305,
    0.49850000000000005,
    0.5414000000000001,
    0.5599999999999999,
    0.5548,
    0.5536000000000001,
    0.5907,
    0.5445000000000001,
    0.6155999999999999,
    0.5671999999999999,
    0.5916999999999999,
    0.6178000000000001,
    0.6048,
    0.6269,
    0.5874,
    0.6378000000000001,
    0.5997,
    0.6544000000000001,
    0.6413,
    0.6567000000000001,
    0.6285000000000001,
    0.6603,
    0.665,
    0.6333,
    0.6646000000000001,
    0.6635000000000001,
    0.6707,
    0.6752,
    0.6622000000000001,
    0.6814,
    0.68,
    0.6721,
    0.6868000000000001,
    0.6833,
    0.6873999999999999,
    0.6796,
    0.6869000000000001
  ]
}