{
  "setting": "setting_5",
  "train_accuracy": [
    0.25555999999999995,
    0.33716,
    0.36746,
    0.38768,
    0.41792000000000007,
    0.43637999999999993,
    0.44806,
    0.4627,
    0.47592,
    0.48457999999999996,
    0.49476,
    0.5147600000000001,
    0.5161999999999999,
    0.5287200000000001,
    0.5385000000000002,
    0.5504399999999999,
    0.5536800000000002,
    0.5542400000000001,
    0.56584,
    0.5651799999999999,
    0.58384,
    0.5892000000000002,
    0.6006400000000001,
    0.5986600000000001,
    0.6095200000000001,
    0.61144,
    0.6207,
    0.6208,
    0.6219999999999999,
    0.63184,
    0.6281,
    0.6364799999999999,
    0.6384399999999999,
    0.6483000000000001,
    0.64876,
    0.64916,
    0.6525399999999999,
    0.6518199999999998,
    0.66472,
    0.65876,
    0.6654599999999999,
    0.6668999999999999,
    0.66768,
    0.67054,
    0.67002,
    0.6728,
    0.67286,
    0.6765399999999999,
    0.6761799999999999,
    0.6802999999999999
  ],
  "test_accuracy": [
    0.16509999999999997,
    0.3325,
    0.3881,
    0.3768,
    0.3762,
    0.4051,
    0.438,
    0.2485,
    0.4502,
    0.4607,
    0.33740000000000003,
    0.42010000000000003,
    0.3929,
    0.4732,
    0.45210000000000006,
    0.5089,
    0.5133,
    0.5236000000000001,
    0.5552,
    0.5487,
    0.5481,
    0.5357999999999999,
    0.5772,
    0.5523999999999999,
    0.5978,
    0.5780000000000001,
    0.585,
    0.5976999999999999,
    0.5782,
    0.6268,
    0.5997999999999999,
    0.636,
    0.6033000000000001,
    0.6232,
    0.6283,
    0.6450000000000001,
    0.6365,
    0.6342,
    0.6562000000000001,
    0.6525000000000001,
    0.6529,
    0.6435,
    0.6617,
    0.6638999999999999,
    0.6552,
    0.665,
    0.6589000000000002,
    0.6599999999999999,
    0.658,
    0.668
  ]
}