{
  "setting": "setting_20",
  "train_accuracy": [
    0.25564,
    0.33364000000000005,
    0.36708,
    0.39509999999999995,
    0.4086,
    0.42728,
    0.44882,
    0.46576000000000006,
    0.47666,
    0.4894599999999999,
    0.5038199999999999,
    0.5073599999999999,
    0.531,
    0.53964,
    0.53868,
    0.5506999999999999,
    0.56142,
    0.5633400000000001,
    0.5856000000000001,
    0.58104,
    0.5831999999999999,
    0.59074,
    0.6058000000000001,
    0.5976000000000001,
    0.6082599999999999,
    0.6143599999999999,
    0.62134,
    0.6281599999999999,
    0.63236,
    0.6401399999999999,
    0.64002,
    0.64244,
    0.6471399999999999,
    0.65758,
    0.6645599999999999,
    0.6604599999999999,
    0.66562,
    0.6685,
    0.6769000000000001,
    0.66838,
    0.6724399999999999,
    0.6794800000000002,
    0.6824199999999999,
    0.6824199999999998,
    0.6846399999999999,
    0.68422,
    0.68552,
    0.6882799999999999,
    0.6907,
    0.6909599999999999
  ],
  "test_accuracy": [
    0.16509999999999997,
    0.3644,
    0.37020000000000003,
    0.3759,
    0.3993,
    0.41339999999999993,
    0.3931,
    0.4513,
    0.33290000000000003,
    0.45549999999999996,
    0.5008,
    0.45810000000000006,
    0.4338,
    0.4845999999999999,
    0.5096,
    0.42729999999999996,
    0.5414,
    0.5064,
    0.5594,
    0.5728,
    0.5757,
    0.5264,
    0.5467,
    0.5766,
    0.5593999999999999,
    0.5911,
    0.5481,
    0.6122000000000001,
    0.5866,
    0.6343,
    0.6134000000000001,
    0.6401,
    0.6259,
    0.6226,
    0.6426000000000001,
    0.6573,
    0.6531,
    0.6366999999999999,
    0.6644,
    0.6654,
    0.6628000000000001,
    0.6621,
    0.6719,
    0.6738999999999999,
    0.67,
    0.6763999999999999,
    0.6706000000000001,
    0.6692000000000001,
    0.6729999999999999,
    0.6777
  ]
}