{
  "setting": "setting_27",
  "train_accuracy": [
    0.30268,
    0.39304,
    0.43472,
    0.46946000000000004,
    0.49646000000000007,
    0.5198,
    0.5417000000000001,
    0.56562,
    0.58654,
    0.59592,
    0.6155799999999999,
    0.62396,
    0.64066,
    0.6549799999999999,
    0.6594800000000001,
    0.6686999999999999,
    0.67452,
    0.6863600000000001,
    0.6965,
    0.69798,
    0.6972399999999999,
    0.70998,
    0.71776,
    0.7202599999999998,
    0.7177,
    0.72594,
    0.72892,
    0.7323,
    0.73566,
    0.7355200000000002,
    0.7426200000000001,
    0.7449000000000001,
    0.74952,
    0.7509,
    0.75182,
    0.7521800000000002,
    0.7588199999999999,
    0.7563599999999998,
    0.76304,
    0.7626599999999999,
    0.7629800000000002,
    0.7622,
    0.7683400000000001,
    0.7709000000000001,
    0.7715399999999998,
    0.7726800000000001,
    0.77362,
    0.77376,
    0.77642,
    0.77872
  ],
  "test_accuracy": [
    0.3343999999999999,
    0.3973,
    0.4396,
    0.41229999999999994,
    0.5022,
    0.5339,
    0.5078,
    0.4906,
    0.5043000000000001,
    0.44939999999999997,
    0.6123999999999999,
    0.5967999999999999,
    0.5677,
    0.6395000000000001,
    0.6223000000000001,
    0.6544000000000001,
    0.6409,
    0.6172,
    0.6277,
    0.6621,
    0.6592,
    0.6034999999999999,
    0.6869,
    0.6990999999999999,
    0.6525000000000001,
    0.6977,
    0.6783000000000001,
    0.7018,
    0.7073,
    0.6214999999999999,
    0.7323000000000001,
    0.7082999999999999,
    0.7114,
    0.7196,
    0.7219,
    0.7034,
    0.7413,
    0.7011,
    0.716,
    0.7279,
    0.7442000000000001,
    0.7359,
    0.7124999999999999,
    0.7387,
    0.7436999999999999,
    0.7352000000000001,
    0.7565000000000001,
    0.7455999999999999,
    0.7438999999999999,
    0.7453000000000001
  ]
}