{
  "setting": "setting_26",
  "train_accuracy": [
    0.12318174552429667,
    0.14074488491048592,
    0.1520140664961637,
    0.15611013427109974,
    0.15315297314578005,
    0.1411644820971867,
    0.1503156969309463,
    0.15698929028132994,
    0.1606457800511509,
    0.1729539641943734,
    0.17363331202046037,
    0.175471547314578,
    0.17954763427109974,
    0.18466272378516624,
    0.17445252557544758,
    0.17363331202046037,
    0.1851622442455243,
    0.17047634271099743,
    0.17764945652173914,
    0.17898817135549872,
    0.18626118925831203,
    0.181485773657289,
    0.17505195012787725,
    0.17848865089514065,
    0.1743126598465473,
    0.16110533887468031,
    0.16356297953964194,
    0.16004635549872123,
    0.15862771739130435,
    0.16124520460358055,
    0.16677989130434784,
    0.17003676470588236,
    0.16751918158567775,
    0.17041640025575447,
    0.15808823529411764,
    0.16110533887468031,
    0.16142503196930946,
    0.16518142583120204,
    0.1578684462915601,
    0.15399216751918157,
    0.15109494884910485,
    0.14917679028132994,
    0.15109494884910485,
    0.14593989769820973,
    0.14348225703324807,
    0.13580962276214834,
    0.13870684143222506,
    0.1381873401534527,
    0.13517023657289,
    0.1342511189258312
  ],
  "test_accuracy": [
    0.1497,
    0.1464,
    0.14379999999999998,
    0.15089999999999998,
    0.1484,
    0.1638,
    0.15389999999999998,
    0.1654,
    0.1823,
    0.1729,
    0.16529999999999995,
    0.1619,
    0.1939,
    0.18309999999999998,
    0.175,
    0.18150000000000002,
    0.1819,
    0.1778,
    0.18,
    0.18989999999999999,
    0.17479999999999998,
    0.1696,
    0.1704,
    0.1766,
    0.1693,
    0.1691,
    0.16349999999999998,
    0.17439999999999997,
    0.1649,
    0.16409999999999997,
    0.1654,
    0.1735,
    0.169,
    0.16410000000000002,
    0.16749999999999998,
    0.16670000000000001,
    0.1667,
    0.1578,
    0.16519999999999999,
    0.15789999999999998,
    0.15089999999999998,
    0.152,
    0.14379999999999998,
    0.154,
    0.14010000000000003,
    0.1405,
    0.137,
    0.13760000000000003,
    0.1357,
    0.13010000000000002
  ]
}