{
  "setting": "setting_19",
  "train_accuracy": [
    0.09986561588921283,
    0.09964448949222546,
    0.09972610696064141,
    0.09959798651603499,
    0.09961127308066084,
    0.09973369928328475,
    0.09963405004859087,
    0.09955433066083577,
    0.099355032191448,
    0.09950023536200193,
    0.10014748086734694,
    0.09970617711370262,
    0.09945468142614189,
    0.09925633199708456,
    0.09953345177356657,
    0.09939299380466472,
    0.09917756164965985,
    0.09900293822886297,
    0.09942526117589892,
    0.09942526117589892,
    0.09955812682215744,
    0.09981341867103985,
    0.09953440081389699,
    0.09996811224489796,
    0.09988744381681243,
    0.09961981444363459,
    0.09992540543002916,
    0.09974034256559766,
    0.09972136175898931,
    0.09928954840864918,
    0.1001825953595724,
    0.09951447096695822,
    0.10009338556851313,
    0.09972800504130223,
    0.1003999255952381,
    0.0996834001457726,
    0.09993109967201165,
    0.09988269861516035,
    0.10050242195092322,
    0.1002670599489796,
    0.10031261388483965,
    0.09971756559766765,
    0.10037050534499514,
    0.09980392826773567,
    0.10033254373177844,
    0.10043124392614189,
    0.10035152453838679,
    0.10073493683187562,
    0.10028509171525753,
    0.10055556820942664
  ],
  "test_accuracy": [
    0.0995,
    0.0992,
    0.0985,
    0.0993,
    0.0999,
    0.0996,
    0.0989,
    0.0999,
    0.0996,
    0.0999,
    0.099,
    0.0989,
    0.0994,
    0.0988,
    0.0989,
    0.0987,
    0.0995,
    0.0992,
    0.0986,
    0.0998,
    0.0983,
    0.1004,
    0.0986,
    0.099,
    0.0995,
    0.0986,
    0.0996,
    0.0993,
    0.0985,
    0.1,
    0.0991,
    0.0993,
    0.0991,
    0.0993,
    0.0989,
    0.09759999999999999,
    0.0993,
    0.09999999999999999,
    0.1,
    0.1005,
    0.0991,
    0.099,
    0.10030000000000001,
    0.0994,
    0.1004,
    0.0995,
    0.0984,
    0.1002,
    0.10130000000000002,
    0.0995
  ]
}