{
  "setting": "setting_17",
  "train_accuracy": [
    0.09973225703324808,
    0.09963235294117646,
    0.09978420716112532,
    0.09945252557544756,
    0.09957640664961638,
    0.0997522378516624,
    0.10003996163682864,
    0.10103101023017902,
    0.10285725703324809,
    0.10357656649616369,
    0.10646179667519182,
    0.10983056265984655,
    0.11208439897698211,
    0.11337116368286446,
    0.11505754475703324,
    0.11835038363171355,
    0.12554347826086956,
    0.12707400895140666,
    0.12671835038363172,
    0.12814098465473145,
    0.13089434143222506,
    0.13322410485933506,
    0.1349144820971867,
    0.1356537723785166,
    0.1343310421994885,
    0.1336556905370844,
    0.13602541560102302,
    0.13330402813299233,
    0.13094629156010232,
    0.1293398337595908,
    0.12808503836317134,
    0.1256313938618926,
    0.1248321611253197,
    0.12334958439897697,
    0.12277014066496163,
    0.12317375319693095,
    0.12149536445012789,
    0.12187500000000001,
    0.12101182864450127,
    0.12150735294117647,
    0.12113970588235294,
    0.12052030051150896,
    0.12136349104859336,
    0.12129955242966753,
    0.12056425831202046,
    0.12070812020460357,
    0.12026054987212277,
    0.12076406649616368,
    0.12029251918158566,
    0.12042838874680306
  ],
  "test_accuracy": [
    0.0994,
    0.0993,
    0.0994,
    0.099,
    0.0988,
    0.0992,
    0.0986,
    0.10090000000000002,
    0.101,
    0.1018,
    0.10600000000000001,
    0.10939999999999998,
    0.10979999999999998,
    0.11179999999999998,
    0.11640000000000002,
    0.12179999999999999,
    0.12569999999999998,
    0.12599999999999997,
    0.1291,
    0.1328,
    0.13479999999999998,
    0.13620000000000002,
    0.13599999999999998,
    0.1351,
    0.1391,
    0.1403,
    0.13310000000000002,
    0.1358,
    0.1303,
    0.1299,
    0.1274,
    0.1275,
    0.125,
    0.1251,
    0.1237,
    0.1243,
    0.12249999999999998,
    0.12350000000000001,
    0.1224,
    0.12210000000000001,
    0.12090000000000001,
    0.12209999999999999,
    0.12150000000000001,
    0.1212,
    0.12150000000000001,
    0.1224,
    0.12190000000000001,
    0.12109999999999999,
    0.12090000000000001,
    0.12239999999999998
  ]
}