{
  "setting": "setting_15",
  "train_accuracy": [
    0.09979325604062379,
    0.0997169209664998,
    0.09968345386503658,
    0.09941609308817867,
    0.0996860861089719,
    0.09977746257701194,
    0.09943564690026954,
    0.09951423818348093,
    0.09944128742298806,
    0.09958906911821332,
    0.09983123556026184,
    0.09972256148921832,
    0.09929425779745861,
    0.09973346649980747,
    0.09967367695899114,
    0.10000007520696959,
    0.09958906911821332,
    0.09925026172025414,
    0.09951987870619945,
    0.09999255451001154,
    0.0995033331728918,
    0.09987635974201,
    0.09930591487774355,
    0.10015800984308817,
    0.10001398849634194,
    0.09973121029072006,
    0.1000564804341548,
    0.1000316621341933,
    0.09954131269252985,
    0.0993472787110127,
    0.10001586867058143,
    0.0997169209664998,
    0.10058292922121678,
    0.09974925996341934,
    0.10074236799672699,
    0.09941045256546015,
    0.10063707823931459,
    0.10027495668078552,
    0.09988764078744705,
    0.10006813751443974,
    0.10014372051886791,
    0.10033136190797073,
    0.10057653662880246,
    0.1004310111426646,
    0.10096159631305353,
    0.1011642790960724,
    0.10081870307085097,
    0.10042236234116288,
    0.10049568913650367,
    0.10049756931074316
  ],
  "test_accuracy": [
    0.0995,
    0.0992,
    0.0988,
    0.0992,
    0.0998,
    0.0995,
    0.0989,
    0.0999,
    0.0992,
    0.0999,
    0.0993,
    0.0987,
    0.0992,
    0.0987,
    0.099,
    0.0991,
    0.0996,
    0.0994,
    0.0986,
    0.0998,
    0.0984,
    0.1004,
    0.0985,
    0.0989,
    0.0995,
    0.0987,
    0.0998,
    0.0994,
    0.099,
    0.0993,
    0.0991,
    0.09949999999999999,
    0.0988,
    0.0992,
    0.0995,
    0.098,
    0.1,
    0.1004,
    0.10010000000000001,
    0.1006,
    0.099,
    0.0992,
    0.1006,
    0.0998,
    0.10030000000000001,
    0.0997,
    0.0988,
    0.1004,
    0.1012,
    0.10010000000000001
  ]
}