{
  "setting": "setting_8",
  "train_accuracy": [
    0.10051817602040818,
    0.12127710459183673,
    0.10870137117346938,
    0.10896444515306122,
    0.11267538265306123,
    0.12073501275510204,
    0.12967554209183674,
    0.13510841836734694,
    0.1241390306122449,
    0.11980628188775509,
    0.12147640306122448,
    0.12250478316326531,
    0.1242705676020408,
    0.12466916454081632,
    0.1272640306122449,
    0.12902582908163265,
    0.12961176658163265,
    0.12960379464285715,
    0.1338249362244898,
    0.136312181122449,
    0.1391860650510204,
    0.14328762755102042,
    0.14957748724489794,
    0.15472735969387755,
    0.16214923469387754,
    0.1655891262755102,
    0.16799665178571427,
    0.16678890306122449,
    0.17340561224489795,
    0.1793566645408163,
    0.1861407844387755,
    0.1881297831632653,
    0.19259406887755104,
    0.19615353954081635,
    0.1947185905612245,
    0.19585060586734693,
    0.19639269770408166,
    0.19925860969387754,
    0.20074139030612245,
    0.20329241071428572,
    0.20595503826530612,
    0.20658880739795918,
    0.20725047831632654,
    0.20843829719387755,
    0.20524952168367347,
    0.20731823979591835,
    0.20846619897959184,
    0.2102080676020408,
    0.21149952168367347,
    0.21238440688775512
  ],
  "test_accuracy": [
    0.10470000000000002,
    0.1113,
    0.10699999999999998,
    0.11059999999999999,
    0.1226,
    0.1282,
    0.1368,
    0.1371,
    0.1246,
    0.12490000000000001,
    0.125,
    0.1272,
    0.1283,
    0.13169999999999998,
    0.1331,
    0.1303,
    0.13330000000000003,
    0.1346,
    0.1391,
    0.1405,
    0.14599999999999996,
    0.15230000000000002,
    0.1628,
    0.16419999999999998,
    0.1686,
    0.1792,
    0.17109999999999997,
    0.1828,
    0.18770000000000003,
    0.1919,
    0.19640000000000002,
    0.19790000000000002,
    0.20020000000000002,
    0.20049999999999998,
    0.1973,
    0.201,
    0.20390000000000003,
    0.20660000000000003,
    0.20190000000000002,
    0.211,
    0.21220000000000003,
    0.2152,
    0.2156,
    0.2131,
    0.21459999999999999,
    0.21350000000000002,
    0.21960000000000002,
    0.2206,
    0.21850000000000006,
    0.2243
  ]
}