{
  "setting": "setting_23",
  "train_accuracy": [
    0.11356026785714286,
    0.1528340242346939,
    0.1821269132653061,
    0.209000318877551,
    0.22114955357142857,
    0.23199139030612245,
    0.23759964923469387,
    0.24671157525510204,
    0.25490274234693877,
    0.26369579081632655,
    0.26249601403061223,
    0.26795679209183676,
    0.2723812181122449,
    0.2839205994897959,
    0.2797353316326531,
    0.2835857780612245,
    0.2878109056122449,
    0.2907924107142857,
    0.2958545918367347,
    0.2932517538265306,
    0.2942562181122449,
    0.29355468749999997,
    0.2961973852040816,
    0.29494180484693877,
    0.2951450892857143,
    0.2961535395408163,
    0.29871651785714287,
    0.2999561543367347,
    0.3020727040816326,
    0.3003467793367347,
    0.30019929846938775,
    0.3039939413265306,
    0.2989437181122449,
    0.30172193877551023,
    0.30326849489795915,
    0.3031568877551021,
    0.3055923150510204,
    0.3103037308673469,
    0.30756935586734696,
    0.30880500637755104,
    0.31343670280612246,
    0.31247209821428573,
    0.3165258290816326,
    0.31318957270408165,
    0.3157445790816326,
    0.31659757653061227,
    0.31483179209183676,
    0.313671875,
    0.3164142219387755,
    0.3198301977040816
  ],
  "test_accuracy": [
    0.1507,
    0.1767,
    0.1981,
    0.2225,
    0.23220000000000002,
    0.24499999999999997,
    0.2473,
    0.2592,
    0.2723,
    0.26230000000000003,
    0.27719999999999995,
    0.2882,
    0.28940000000000005,
    0.2771,
    0.28389999999999993,
    0.2915,
    0.2954,
    0.295,
    0.29900000000000004,
    0.2994,
    0.29660000000000003,
    0.3055,
    0.30029999999999996,
    0.29569999999999996,
    0.30490000000000006,
    0.3042,
    0.3008,
    0.30579999999999996,
    0.3051,
    0.30450000000000005,
    0.3084,
    0.30160000000000003,
    0.3122,
    0.3133,
    0.30660000000000004,
    0.304,
    0.31379999999999997,
    0.3161,
    0.3196,
    0.316,
    0.31799999999999995,
    0.3157,
    0.323,
    0.32280000000000003,
    0.3197,
    0.322,
    0.317,
    0.31829999999999997,
    0.32510000000000006,
    0.3191
  ]
}