{
  "setting": "setting_13",
  "train_accuracy": [
    0.09984454719387756,
    0.09950573979591837,
    0.09990832270408163,
    0.10022720025510204,
    0.09951769770408163,
    0.09946189413265306,
    0.10016342474489796,
    0.10315290178571429,
    0.10516183035714287,
    0.1092075892857143,
    0.11038345025510204,
    0.11371173469387756,
    0.11640226403061225,
    0.12066326530612244,
    0.12535076530612246,
    0.12836814413265307,
    0.1348891900510204,
    0.1345264668367347,
    0.13376514668367348,
    0.13262914540816326,
    0.13309151785714285,
    0.13349808673469388,
    0.13508450255102042,
    0.13301179846938777,
    0.13057238520408165,
    0.12775031887755103,
    0.12709661989795917,
    0.12879464285714284,
    0.1276546556122449,
    0.12654257015306122,
    0.1260921556122449,
    0.12437818877551021,
    0.1248844068877551,
    0.1255141900510204,
    0.12457748724489796,
    0.1253029336734694,
    0.12358896683673469,
    0.12336973852040815,
    0.12374043367346939,
    0.1232142857142857,
    0.12341757015306123,
    0.12268016581632654,
    0.12272401147959185,
    0.12281967474489797,
    0.12300701530612244,
    0.12299107142857142,
    0.12228555484693877,
    0.12332589285714286,
    0.12278380102040817,
    0.12271603954081632
  ],
  "test_accuracy": [
    0.0993,
    0.0992,
    0.0988,
    0.0989,
    0.0994,
    0.1,
    0.0992,
    0.10250000000000001,
    0.1058,
    0.1081,
    0.1113,
    0.11299999999999999,
    0.11599999999999999,
    0.12120000000000002,
    0.1267,
    0.1325,
    0.1332,
    0.1317,
    0.1355,
    0.1359,
    0.1368,
    0.13890000000000002,
    0.1327,
    0.1342,
    0.1315,
    0.13000000000000003,
    0.1291,
    0.13130000000000003,
    0.1287,
    0.1272,
    0.12710000000000005,
    0.1274,
    0.12719999999999998,
    0.12799999999999997,
    0.1266,
    0.12689999999999999,
    0.12440000000000002,
    0.1255,
    0.1246,
    0.1247,
    0.1238,
    0.12480000000000002,
    0.124,
    0.12430000000000001,
    0.12430000000000001,
    0.12489999999999998,
    0.1255,
    0.1246,
    0.12310000000000001,
    0.12410000000000002
  ]
}