{
  "setting": "setting_27",
  "train_accuracy": [
    0.15133471867007672,
    0.179599584398977,
    0.1770899936061381,
    0.1869045716112532,
    0.18974584398976982,
    0.17963155370843992,
    0.18724824168797954,
    0.19356218030690536,
    0.18744005754475704,
    0.20207400895140665,
    0.1911005434782609,
    0.2023257672634271,
    0.20020380434782606,
    0.20355658567774937,
    0.19475703324808186,
    0.18229299872122762,
    0.1890984654731458,
    0.19506473785166242,
    0.19771019820971866,
    0.19363011508951405,
    0.2099624360613811,
    0.20425591432225065,
    0.20875959079283887,
    0.20114290281329922,
    0.20192215473145778,
    0.20971467391304346,
    0.20801630434782606,
    0.20826806265984654,
    0.20593829923273657,
    0.21921755115089514,
    0.21653212915601022,
    0.21688778772378514,
    0.22449248721227621,
    0.21797874040920714,
    0.21520140664961637,
    0.2306865409207161,
    0.2315097506393862,
    0.23756793478260868,
    0.2416600063938619,
    0.24682704603580563,
    0.24474904092071612,
    0.24295875959079286,
    0.24311860613810743,
    0.24236333120204603,
    0.24318254475703324,
    0.25263746803069054,
    0.25219389386189256,
    0.24986812659846547,
    0.2536205242966752,
    0.2540041560102302
  ],
  "test_accuracy": [
    0.18539999999999998,
    0.18180000000000002,
    0.18239999999999998,
    0.20350000000000001,
    0.2011,
    0.17129999999999998,
    0.2121,
    0.1881,
    0.18760000000000002,
    0.2129,
    0.18289999999999998,
    0.19980000000000003,
    0.2142,
    0.1954,
    0.197,
    0.19340000000000002,
    0.18980000000000002,
    0.2083,
    0.19490000000000002,
    0.20210000000000003,
    0.213,
    0.21370000000000006,
    0.20670000000000002,
    0.19870000000000002,
    0.20550000000000002,
    0.21459999999999999,
    0.21539999999999998,
    0.20670000000000002,
    0.21939999999999998,
    0.21960000000000002,
    0.2103,
    0.22390000000000004,
    0.2203,
    0.21830000000000002,
    0.22349999999999998,
    0.244,
    0.2387,
    0.24609999999999999,
    0.2487,
    0.2561,
    0.24489999999999998,
    0.2552,
    0.24650000000000002,
    0.24319999999999994,
    0.2444,
    0.25539999999999996,
    0.2541,
    0.2526,
    0.2557,
    0.25570000000000004
  ]
}