{
  "setting": "setting_4",
  "train_accuracy": [
    0.09939868804664723,
    0.1040034317298348,
    0.12612840895286687,
    0.12768198797376093,
    0.13524394132653061,
    0.12802933673469388,
    0.12262170493197279,
    0.11849527757531585,
    0.11830831663022352,
    0.12165178571428571,
    0.12388392857142858,
    0.12461089346452868,
    0.12715337250971817,
    0.12515374453352768,
    0.1280635021865889,
    0.1309922406462585,
    0.13721794521379982,
    0.14174296950923226,
    0.1422639926506317,
    0.14270624544460642,
    0.14591020560009718,
    0.145709958090379,
    0.14859409165451895,
    0.1483264622813411,
    0.14801043185131196,
    0.14999487518221574,
    0.1522108843537415,
    0.1530327532798834,
    0.1528382000121477,
    0.15488148384353742,
    0.15372270560009718,
    0.1567539404154519,
    0.15707756316812438,
    0.15611238915208941,
    0.15747900722789115,
    0.15845936588921283,
    0.15905441417638483,
    0.1606288720845481,
    0.16381480047376096,
    0.16947202988338192,
    0.17231820183430516,
    0.1749176232993197,
    0.17678818179057337,
    0.18110251913265307,
    0.18269880496841595,
    0.18297592474489796,
    0.185038189382896,
    0.18992289996355688,
    0.18788720845481047,
    0.18841297679786198
  ],
  "test_accuracy": [
    0.0995,
    0.11760000000000001,
    0.1246,
    0.13770000000000002,
    0.1367,
    0.12269999999999999,
    0.11950000000000001,
    0.11900000000000002,
    0.12069999999999999,
    0.12500000000000003,
    0.1262,
    0.13040000000000002,
    0.13140000000000002,
    0.1319,
    0.1326,
    0.1397,
    0.14299999999999996,
    0.14120000000000005,
    0.1448,
    0.14509999999999998,
    0.1502,
    0.1492,
    0.14789999999999998,
    0.14820000000000003,
    0.15309999999999999,
    0.14859999999999998,
    0.1514,
    0.15269999999999997,
    0.1548,
    0.1578,
    0.15599999999999997,
    0.1567,
    0.15660000000000002,
    0.1595,
    0.1606,
    0.1603,
    0.16299999999999998,
    0.1649,
    0.1717,
    0.17319999999999997,
    0.1815,
    0.182,
    0.182,
    0.1903,
    0.1887,
    0.191,
    0.1922,
    0.19010000000000002,
    0.197,
    0.1973
  ]
}