{
  "setting": "setting_11",
  "train_accuracy": [
    0.09890505115089514,
    0.09810581841432225,
    0.09966432225063938,
    0.10693734015345269,
    0.11562899616368287,
    0.11792679028132992,
    0.12054427749360613,
    0.12290201406649616,
    0.12008471867007672,
    0.12450047953964194,
    0.12408088235294118,
    0.127417679028133,
    0.12799712276214834,
    0.1293158567774936,
    0.1233815537084399,
    0.12142343350383632,
    0.1218630115089514,
    0.12378117007672634,
    0.12637867647058823,
    0.12757752557544758,
    0.12717790920716113,
    0.12847666240409208,
    0.13059462915601022,
    0.1312140345268542,
    0.13195332480818414,
    0.13331202046035806,
    0.13421115728900257,
    0.13539002557544758,
    0.13664881713554988,
    0.13736812659846548,
    0.13686860613810742,
    0.1370484335038363,
    0.13894661125319693,
    0.13942615089514065,
    0.14374200767263426,
    0.146639226342711,
    0.14629955242966752,
    0.1499760230179028,
    0.15151454603580564,
    0.15207400895140666,
    0.15293318414322252,
    0.15291320332480818,
    0.15341272378516624,
    0.15353260869565216,
    0.15089514066496162,
    0.15145460358056265,
    0.15045556265984655,
    0.15263347186700768,
    0.15487132352941177,
    0.15371243606138107
  ],
  "test_accuracy": [
    0.0986,
    0.0925,
    0.0985,
    0.121,
    0.11420000000000001,
    0.12,
    0.1273,
    0.119,
    0.12589999999999998,
    0.1272,
    0.1276,
    0.13279999999999997,
    0.1343,
    0.12940000000000002,
    0.1258,
    0.1244,
    0.1274,
    0.1298,
    0.13340000000000002,
    0.1309,
    0.13299999999999995,
    0.13410000000000002,
    0.13410000000000002,
    0.13789999999999997,
    0.14140000000000003,
    0.14189999999999997,
    0.1392,
    0.1404,
    0.1424,
    0.1417,
    0.143,
    0.1439,
    0.14589999999999997,
    0.1493,
    0.1526,
    0.1492,
    0.1573,
    0.15489999999999998,
    0.1568,
    0.16099999999999998,
    0.15880000000000002,
    0.159,
    0.15750000000000003,
    0.1623,
    0.15760000000000002,
    0.1605,
    0.1596,
    0.15619999999999998,
    0.1598,
    0.15710000000000002
  ]
}