{
  "setting": "setting_24",
  "train_accuracy": [
    0.10825418336977648,
    0.11798469387755102,
    0.1435708211856171,
    0.15196603194849367,
    0.1735367696185617,
    0.19353020225947523,
    0.20207631043488825,
    0.2114898414723032,
    0.22117954324586978,
    0.22050857173226435,
    0.22620471179543244,
    0.2277943543488824,
    0.22539043519193394,
    0.22929858327259475,
    0.230075847303207,
    0.23011096179543244,
    0.23415577168367346,
    0.23870167486637514,
    0.24445285926870747,
    0.24356835368075802,
    0.24304353437803694,
    0.24598935556365403,
    0.25406853589650147,
    0.25606816387269193,
    0.25820540269679304,
    0.25609473700194363,
    0.2495596452866861,
    0.2573607568027211,
    0.2605457361516035,
    0.25777264030612246,
    0.26143403790087466,
    0.261094281462585,
    0.26526721179543244,
    0.2631157373663751,
    0.2631366162536443,
    0.2650432382774538,
    0.2654617650631681,
    0.26918390123906705,
    0.2671947127065112,
    0.2686401011297376,
    0.2693945881924198,
    0.2730256164965987,
    0.2742223563532556,
    0.27172638028425655,
    0.2750242954324587,
    0.2745772974368319,
    0.2754238414115646,
    0.27412935040087466,
    0.2748449268100097,
    0.277748041180758
  ],
  "test_accuracy": [
    0.10110000000000001,
    0.1427,
    0.1551,
    0.16299999999999998,
    0.18919999999999998,
    0.20540000000000003,
    0.2162,
    0.2226,
    0.23169999999999996,
    0.2278,
    0.24009999999999998,
    0.2286,
    0.2346,
    0.24609999999999999,
    0.2354,
    0.24029999999999996,
    0.24429999999999996,
    0.2419,
    0.2504,
    0.2464,
    0.256,
    0.256,
    0.2617,
    0.2598,
    0.267,
    0.26280000000000003,
    0.26060000000000005,
    0.2672,
    0.2684000000000001,
    0.26730000000000004,
    0.27190000000000003,
    0.27290000000000003,
    0.2782,
    0.2706,
    0.26930000000000004,
    0.2763,
    0.2814,
    0.2814,
    0.27299999999999996,
    0.28490000000000004,
    0.2773,
    0.2848,
    0.28800000000000003,
    0.2861,
    0.2892,
    0.28290000000000004,
    0.28559999999999997,
    0.28700000000000003,
    0.28469999999999995,
    0.2853
  ]
}