{
  "setting": "setting_9",
  "train_accuracy": [
    0.09939489188532556,
    0.10007250668124393,
    0.10190415451895043,
    0.10852465986394558,
    0.12098555940233235,
    0.1291501533649174,
    0.1367291894436346,
    0.1411659529883382,
    0.14180560617103985,
    0.14054717869290576,
    0.14162433946793002,
    0.13508545159135082,
    0.13420948736637514,
    0.13207414662293487,
    0.12905240221088435,
    0.1286889197643343,
    0.12770286686103013,
    0.12878856899902819,
    0.12847538568999028,
    0.12891858752429544,
    0.12787559220116618,
    0.12831120171282798,
    0.1285674426020408,
    0.12798378279883382,
    0.1277977708940719,
    0.12750072127065112,
    0.12872783041788144,
    0.12884076621720117,
    0.12854941083576288,
    0.1287373208211856,
    0.12804736850097181,
    0.12821439959912537,
    0.1300745186467444,
    0.12921373906705538,
    0.1286765822400389,
    0.12855130891642372,
    0.1280141520894072,
    0.1288692374271137,
    0.12964270529640426,
    0.1300308627915452,
    0.1298030931122449,
    0.1304085808430515,
    0.12985434129008747,
    0.13028330751943634,
    0.13072461127308066,
    0.13094004342808552,
    0.13020548621234207,
    0.1309077760568513,
    0.13051866952137997,
    0.13043325589164237
  ],
  "test_accuracy": [
    0.0986,
    0.10170000000000001,
    0.10550000000000001,
    0.1146,
    0.1264,
    0.13489999999999996,
    0.1386,
    0.1477,
    0.1388,
    0.1437,
    0.13929999999999998,
    0.13859999999999997,
    0.1359,
    0.1341,
    0.13179999999999997,
    0.1331,
    0.13240000000000002,
    0.1327,
    0.133,
    0.1326,
    0.1326,
    0.1302,
    0.13200000000000003,
    0.13279999999999997,
    0.13369999999999999,
    0.13369999999999999,
    0.1331,
    0.1323,
    0.1329,
    0.1339,
    0.13350000000000004,
    0.13110000000000002,
    0.1336,
    0.1336,
    0.13269999999999998,
    0.1339,
    0.133,
    0.13579999999999998,
    0.1374,
    0.135,
    0.1342,
    0.1356,
    0.1343,
    0.1355,
    0.1351,
    0.1358,
    0.13620000000000002,
    0.13879999999999998,
    0.138,
    0.1346
  ]
}