{
  "setting": "setting_18",
  "train_accuracy": [
    0.09992426658163266,
    0.09962531887755102,
    0.09972895408163265,
    0.09960538903061225,
    0.09975685586734694,
    0.09966517857142858,
    0.09936623086734694,
    0.09943399234693877,
    0.09957748724489796,
    0.09986049107142858,
    0.09974489795918368,
    0.09994021045918368,
    0.09999202806122448,
    0.09975286989795917,
    0.10074936224489796,
    0.10148676658163265,
    0.10108418367346939,
    0.10219626913265306,
    0.10137515943877552,
    0.10296556122448978,
    0.1034000318877551,
    0.10410953443877552,
    0.10471540178571428,
    0.10434470663265306,
    0.1042889030612245,
    0.10596699617346939,
    0.10636957908163265,
    0.10712691326530611,
    0.10742586096938775,
    0.10739397321428572,
    0.10917570153061225,
    0.10872130102040815,
    0.11080596301020408,
    0.11113679846938775,
    0.11052694515306123,
    0.11063456632653061,
    0.11261957908163266,
    0.11251594387755103,
    0.11236846301020408,
    0.11246412627551021,
    0.11332110969387756,
    0.11420599489795917,
    0.11538982780612245,
    0.11540975765306123,
    0.11572464923469389,
    0.11595184948979592,
    0.11674107142857143,
    0.11702407525510204,
    0.11782525510204081,
    0.11682477678571429
  ],
  "test_accuracy": [
    0.0996,
    0.0994,
    0.0985,
    0.0991,
    0.0998,
    0.0996,
    0.099,
    0.0999,
    0.099,
    0.0991,
    0.1002,
    0.0994,
    0.0987,
    0.09999999999999999,
    0.0987,
    0.10010000000000001,
    0.1024,
    0.10089999999999999,
    0.10049999999999999,
    0.1006,
    0.1005,
    0.1018,
    0.10330000000000002,
    0.1045,
    0.1052,
    0.10400000000000001,
    0.10670000000000002,
    0.1061,
    0.1071,
    0.10669999999999999,
    0.10779999999999998,
    0.10859999999999999,
    0.10949999999999997,
    0.1083,
    0.1122,
    0.10769999999999999,
    0.11099999999999999,
    0.11270000000000002,
    0.11259999999999999,
    0.1135,
    0.1115,
    0.11139999999999999,
    0.11199999999999999,
    0.1122,
    0.1143,
    0.11309999999999998,
    0.11460000000000001,
    0.1145,
    0.1146,
    0.11589999999999998
  ]
}