{
  "setting": "setting_22",
  "train_accuracy": [
    0.1338475063938619,
    0.18793558184143222,
    0.21014226342710998,
    0.22926390664961638,
    0.2343989769820972,
    0.22631873401534525,
    0.22563539002557545,
    0.23630514705882355,
    0.24118046675191818,
    0.24992407289002558,
    0.24480099104859335,
    0.2392343350383632,
    0.23859894501278772,
    0.2548113810741688,
    0.2404651534526854,
    0.24870524296675192,
    0.26247202685421994,
    0.26934143222506396,
    0.26513347186700764,
    0.2692135549872123,
    0.27084798593350384,
    0.27012867647058825,
    0.2687140345268542,
    0.26773097826086956,
    0.2708519820971867,
    0.27857257033248084,
    0.2823369565217391,
    0.2865169437340154,
    0.2896898976982097,
    0.29265505115089513,
    0.290860773657289,
    0.2973265664961637,
    0.29420556265984654,
    0.2926430626598466,
    0.2939098465473146,
    0.2963515025575447,
    0.2996563299232737,
    0.30637787723785165,
    0.30731297953964193,
    0.3087036445012788,
    0.31095348465473144,
    0.30608216112531966,
    0.3071611253196931,
    0.3056545716112532,
    0.3055666560102302,
    0.3084279092071611,
    0.31365888746803067,
    0.31308743606138106,
    0.31764306265984654,
    0.3151654411764706
  ],
  "test_accuracy": [
    0.1685,
    0.22409999999999997,
    0.2263,
    0.24369999999999997,
    0.2355,
    0.23649999999999993,
    0.23580000000000007,
    0.24169999999999997,
    0.2386,
    0.2644,
    0.2464,
    0.22860000000000005,
    0.251,
    0.2386,
    0.2569,
    0.25340000000000007,
    0.2691,
    0.2753,
    0.2768,
    0.27430000000000004,
    0.27099999999999996,
    0.2669,
    0.2773,
    0.275,
    0.2718,
    0.27259999999999995,
    0.2851,
    0.30060000000000003,
    0.28659999999999997,
    0.29690000000000005,
    0.2997,
    0.3006,
    0.2962,
    0.3016,
    0.2932,
    0.30079999999999996,
    0.3144,
    0.3194,
    0.3121,
    0.3095,
    0.3195,
    0.31199999999999994,
    0.3076,
    0.3201,
    0.3107,
    0.31029999999999996,
    0.3134,
    0.31880000000000003,
    0.3174,
    0.3154
  ]
}