{
  "setting": "setting_14",
  "train_accuracy": [
    0.09984568604227406,
    0.09968434918610301,
    0.09953629889455781,
    0.09962835580660835,
    0.09953155369290574,
    0.09981341867103985,
    0.09964448949222546,
    0.09992350734936832,
    0.0997526800898931,
    0.09976027241253645,
    0.09990832270408163,
    0.09971566751700679,
    0.10053184220116619,
    0.10061156158892129,
    0.10103862973760933,
    0.10183487457482994,
    0.10209680970602526,
    0.10206264425413024,
    0.10328216107871721,
    0.10421981292517006,
    0.1038231140670554,
    0.10592334031827016,
    0.10558453292031099,
    0.10612738398931001,
    0.105798066994655,
    0.10637698159620991,
    0.1080368531341108,
    0.10955911382410108,
    0.1098637557701652,
    0.11142587615403303,
    0.11157677356656949,
    0.11404238034499514,
    0.11483198189990282,
    0.11596228893343051,
    0.11617012876579202,
    0.11715333454810496,
    0.11905710945092322,
    0.12027188107385811,
    0.12049490555150631,
    0.12061448463313897,
    0.12208739522594753,
    0.12157491344752186,
    0.1239228392249757,
    0.12392568634596697,
    0.12488231899902819,
    0.12643020377793973,
    0.1266883427478134,
    0.12793538174198252,
    0.12827134201895043,
    0.12823432944606414
  ],
  "test_accuracy": [
    0.0996,
    0.0994,
    0.0984,
    0.0989,
    0.0996,
    0.0992,
    0.0982,
    0.1,
    0.0992,
    0.0993,
    0.10010000000000001,
    0.0996,
    0.0991,
    0.1,
    0.0991,
    0.10170000000000001,
    0.1024,
    0.1016,
    0.1008,
    0.10190000000000002,
    0.10210000000000001,
    0.1036,
    0.10400000000000001,
    0.1048,
    0.1069,
    0.1071,
    0.1076,
    0.10840000000000001,
    0.10999999999999999,
    0.10950000000000001,
    0.1105,
    0.1111,
    0.1147,
    0.11540000000000002,
    0.119,
    0.1147,
    0.11779999999999999,
    0.119,
    0.11779999999999999,
    0.12010000000000001,
    0.1202,
    0.12090000000000001,
    0.1226,
    0.1243,
    0.127,
    0.1242,
    0.12730000000000002,
    0.12410000000000002,
    0.1263,
    0.1317
  ]
}