{
  "setting": "setting_20",
  "train_accuracy": [
    0.09983311573450133,
    0.09967706127262226,
    0.09972331355891413,
    0.09969511094532153,
    0.09980152880727763,
    0.09975753273007316,
    0.09943564690026954,
    0.0995341680304197,
    0.09948114711686562,
    0.09957252358490566,
    0.09985943817385444,
    0.09973083425587215,
    0.0992386046399692,
    0.09981318588756256,
    0.09949017195321525,
    0.09966540419233731,
    0.09972444166345784,
    0.09956913927127455,
    0.09955973840007701,
    0.09970601595591067,
    0.09967029264536004,
    0.0996612678090104,
    0.0996845819695803,
    0.09975941290431266,
    0.09973083425587215,
    0.09954845735463996,
    0.09966201987870621,
    0.09970864819984597,
    0.09964509831055063,
    0.09955898633038121,
    0.09978084689064305,
    0.09960223033788988,
    0.09960223033788988,
    0.0995018290335002,
    0.09966277194840199,
    0.09898440508278784,
    0.09975339634674624,
    0.09928260071717367,
    0.09954056062283403,
    0.09967781334231807,
    0.0995574821909896,
    0.09948528350019253,
    0.09957252358490566,
    0.09970940026954178,
    0.09957064341066615,
    0.0995059654168271,
    0.09953492010011551,
    0.09938187391701964,
    0.09971015233923759,
    0.09960824689545629
  ],
  "test_accuracy": [
    0.0995,
    0.0992,
    0.0989,
    0.0991,
    0.0999,
    0.0996,
    0.0992,
    0.0995,
    0.0994,
    0.0997,
    0.099,
    0.0989,
    0.1002,
    0.0985,
    0.0991,
    0.0987,
    0.0997,
    0.0997,
    0.0993,
    0.0994,
    0.0989,
    0.0995,
    0.0991,
    0.0987,
    0.0993,
    0.0993,
    0.0991,
    0.0993,
    0.0991,
    0.099,
    0.10010000000000001,
    0.09939999999999999,
    0.0995,
    0.0994,
    0.0989,
    0.0982,
    0.0992,
    0.0997,
    0.0992,
    0.0996,
    0.0995,
    0.0993,
    0.099,
    0.0991,
    0.0991,
    0.0993,
    0.0992,
    0.0989,
    0.0993,
    0.0995
  ]
}