{
  "setting": "setting_28",
  "train_accuracy": [
    0.1291374362244898,
    0.1961455676020408,
    0.21279097576530612,
    0.2327606823979592,
    0.23708545918367346,
    0.24099170918367346,
    0.25730229591836734,
    0.2669682716836735,
    0.2676658163265306,
    0.2764469068877551,
    0.27279575892857144,
    0.279133450255102,
    0.2799984056122449,
    0.2905293367346939,
    0.2932955994897959,
    0.29069276147959183,
    0.29099170918367345,
    0.29343510841836734,
    0.2982740752551021,
    0.29901945153061227,
    0.301937181122449,
    0.3021962691326531,
    0.30331632653061225,
    0.30078125,
    0.30904017857142857,
    0.31510682397959183,
    0.31635044642857146,
    0.31265545280612245,
    0.31117267219387756,
    0.3138034119897959,
    0.31967873086734694,
    0.3208027742346939,
    0.32657047193877553,
    0.33137755102040817,
    0.3363600127551021,
    0.339664381377551,
    0.3363042091836735,
    0.3369897959183673,
    0.34122688137755103,
    0.34250637755102037,
    0.34529257015306125,
    0.3437460140306122,
    0.34716996173469383,
    0.3425342793367347,
    0.3480229591836735,
    0.34840162627551025,
    0.34872050382653064,
    0.3486766581632653,
    0.3505261479591837,
    0.34963329081632655
  ],
  "test_accuracy": [
    0.17099999999999999,
    0.20530000000000004,
    0.21060000000000004,
    0.23190000000000005,
    0.2536,
    0.25149999999999995,
    0.2711,
    0.25920000000000004,
    0.2816,
    0.273,
    0.27949999999999997,
    0.2859,
    0.2898,
    0.2963,
    0.2965,
    0.28270000000000006,
    0.2955,
    0.2917,
    0.29309999999999997,
    0.3052,
    0.2965,
    0.3019,
    0.30960000000000004,
    0.3062,
    0.31930000000000003,
    0.32049999999999995,
    0.3084,
    0.30160000000000003,
    0.3155,
    0.31420000000000003,
    0.3253,
    0.32510000000000006,
    0.3345,
    0.3399,
    0.3312,
    0.3407,
    0.3465,
    0.3427,
    0.3479,
    0.34209999999999996,
    0.348,
    0.3437,
    0.3514,
    0.3535,
    0.35059999999999997,
    0.3578,
    0.3441,
    0.35409999999999997,
    0.3551,
    0.35320000000000007
  ]
}