{
  "setting": "setting_2",
  "train_accuracy": [
    0.11033807544757034,
    0.13569373401534526,
    0.146962915601023,
    0.14920875959079286,
    0.15286924552429668,
    0.16322730179028133,
    0.18879076086956523,
    0.19597985933503836,
    0.2045596227621483,
    0.21133711636828645,
    0.2187260230179028,
    0.22207081202046036,
    0.22680626598465475,
    0.23318014705882353,
    0.23173753196930946,
    0.23165361253196928,
    0.23361572890025575,
    0.2412204283887468,
    0.24018142583120206,
    0.24372202685421993,
    0.24963634910485932,
    0.24448929028132993,
    0.24906489769820972,
    0.25129475703324805,
    0.24901694373401534,
    0.2465273337595908,
    0.2517063618925831,
    0.2533328005115089,
    0.2529611572890026,
    0.25397218670076727,
    0.25267742966751916,
    0.255570652173913,
    0.25738890664961633,
    0.2583639705882353,
    0.25580642583120206,
    0.25893542199488495,
    0.2595268542199488,
    0.2595428388746803,
    0.2626798273657289,
    0.2608615728900256,
    0.2594229539641944,
    0.26058983375959077,
    0.2612172314578005,
    0.2626039002557545,
    0.26182065217391304,
    0.2585118286445013,
    0.26032209079283886,
    0.25967471227621486,
    0.26253996163682863,
    0.26196051790281333
  ],
  "test_accuracy": [
    0.1312,
    0.1446,
    0.15109999999999998,
    0.15360000000000001,
    0.1548,
    0.1809,
    0.1948,
    0.1998,
    0.2089,
    0.2246,
    0.23120000000000002,
    0.2419,
    0.2425,
    0.2391,
    0.23150000000000004,
    0.2332,
    0.2411,
    0.2596,
    0.2532,
    0.2592,
    0.2576,
    0.25429999999999997,
    0.2623,
    0.2569,
    0.25420000000000004,
    0.25409999999999994,
    0.25589999999999996,
    0.2571,
    0.2585,
    0.2551,
    0.2594,
    0.25880000000000003,
    0.263,
    0.2576,
    0.26410000000000006,
    0.2644000000000001,
    0.2601,
    0.2671,
    0.2673,
    0.2678,
    0.2631,
    0.2673,
    0.2678,
    0.2629,
    0.26339999999999997,
    0.26670000000000005,
    0.2662,
    0.2633,
    0.26370000000000005,
    0.2722
  ]
}