{
  "setting": "setting_30",
  "train_accuracy": [
    0.11351213539661148,
    0.11132323654697729,
    0.12841289227955333,
    0.1508990241143627,
    0.16492700411532538,
    0.18944297205910665,
    0.20229847540431267,
    0.2126352973382749,
    0.21400895263765884,
    0.21965323570465922,
    0.220367325880824,
    0.22018382087504815,
    0.22396936368887177,
    0.2255347967606854,
    0.2300280371582595,
    0.23095872340681553,
    0.23286634819021948,
    0.24011742816230267,
    0.2410789492683866,
    0.2388110831006931,
    0.23986586084905662,
    0.24017721770311898,
    0.24782200616095493,
    0.24254698931459376,
    0.24434255571332306,
    0.24354987425394686,
    0.24697743189256835,
    0.25302444828167114,
    0.25296879512418174,
    0.24877487846553714,
    0.25059639126877165,
    0.2516831319792068,
    0.25424092101463225,
    0.25309589490277246,
    0.25632001768867924,
    0.25790011611956104,
    0.25789974008471317,
    0.26470785100596844,
    0.2597844267423951,
    0.26147207113977666,
    0.2603665286869465,
    0.26284083798613783,
    0.2659991546736619,
    0.26331200965055834,
    0.2680831398007316,
    0.26891154457065847,
    0.26803876768867924,
    0.2671686230506353,
    0.26994112798421255,
    0.2711587288217174
  ],
  "test_accuracy": [
    0.12250000000000001,
    0.11359999999999999,
    0.14529999999999998,
    0.15419999999999998,
    0.18780000000000002,
    0.19920000000000002,
    0.22199999999999998,
    0.22160000000000002,
    0.23160000000000003,
    0.23559999999999998,
    0.223,
    0.2266,
    0.2346,
    0.24010000000000004,
    0.2432,
    0.2451,
    0.24489999999999998,
    0.24559999999999996,
    0.251,
    0.24719999999999995,
    0.25370000000000004,
    0.2566,
    0.255,
    0.24770000000000003,
    0.2587,
    0.24910000000000002,
    0.2609,
    0.2643,
    0.2609,
    0.2608,
    0.2612,
    0.26320000000000005,
    0.2635,
    0.2618,
    0.2663,
    0.2663000000000001,
    0.2753,
    0.2726,
    0.2735,
    0.2751,
    0.2706,
    0.2721,
    0.2758,
    0.2791,
    0.28209999999999996,
    0.2801,
    0.281,
    0.2831,
    0.2767,
    0.2776
  ]
}