{
  "setting": "setting_25",
  "train_accuracy": [
    0.09995269481613399,
    0.0999801453600308,
    0.10003805472660762,
    0.10002978195995378,
    0.09998089742972661,
    0.09999255451001154,
    0.09989403337986137,
    0.09996096758278784,
    0.09993539721313052,
    0.09993539721313052,
    0.10005121594628417,
    0.10002564557662688,
    0.09997187259337698,
    0.09998841812668464,
    0.09999255451001154,
    0.09998841812668464,
    0.09996359982672315,
    0.09996773621005006,
    0.10004219110993454,
    0.10000910004331923,
    0.10001323642664613,
    0.0999801453600308,
    0.09996773621005006,
    0.09991885167982287,
    0.10001398849634194,
    0.09993878152676164,
    0.10000082727666539,
    0.09996359982672315,
    0.10007189786291876,
    0.10001737280997305,
    0.09997676104639969,
    0.09998841812668464,
    0.10000910004331923,
    0.09997600897670389,
    0.10001737280997305,
    0.09999330657970736,
    0.09999255451001154,
    0.0999801453600308,
    0.10005460025991529,
    0.09998503381305353,
    0.0999801453600308,
    0.09995946344339622,
    0.09996359982672315,
    0.09998428174335772,
    0.10000910004331923,
    0.0999801453600308,
    0.10002150919329995,
    0.10008769132653061,
    0.09998503381305353,
    0.09994705429341547
  ],
  "test_accuracy": [
    0.1,
    0.1,
    0.1,
    0.1,
    0.1,
    0.1,
    0.1,
    0.1,
    0.1,
    0.1,
    0.1,
    0.1,
    0.1,
    0.1,
    0.1,
    0.1,
    0.1,
    0.1,
    0.1,
    0.1,
    0.1,
    0.1,
    0.1,
    0.1,
    0.1,
    0.1,
    0.0999,
    0.0999,
    0.1,
    0.1,
    0.1,
    0.1,
    0.1,
    0.1,
    0.1,
    0.1,
    0.0999,
    0.1,
    0.1,
    0.0999,
    0.0999,
    0.0999,
    0.1,
    0.1,
    0.1,
    0.1,
    0.1,
    0.0999,
    0.1,
    0.1
  ]
}