{
  "setting": "setting_15",
  "train_accuracy": [
    0.09995269481613399,
    0.0999801453600308,
    0.10003805472660762,
    0.10002978195995378,
    0.09998089742972661,
    0.09999255451001154,
    0.09989403337986137,
    0.09992110788891029,
    0.09993539721313052,
    0.09991546736619175,
    0.10005121594628417,
    0.10002564557662688,
    0.0999519427464382,
    0.09998841812668464,
    0.09997262466307277,
    0.09998841812668464,
    0.09996359982672315,
    0.09996773621005006,
    0.10004219110993454,
    0.09998917019638044,
    0.10001323642664613,
    0.09996021551309203,
    0.09994780636311128,
    0.09991885167982287,
    0.10001398849634194,
    0.09993878152676164,
    0.09996096758278784,
    0.09994366997978438,
    0.10007189786291876,
    0.10001737280997305,
    0.09993690135252215,
    0.09998841812668464,
    0.10000910004331923,
    0.09997600897670389,
    0.09999744296303427,
    0.0999534468858298,
    0.09999255451001154,
    0.09994028566615326,
    0.10003467041297652,
    0.09996510396611474,
    0.0999801453600308,
    0.09993953359645745,
    0.09992374013284559,
    0.09994442204948016,
    0.10000910004331923,
    0.09996021551309203,
    0.10000157934636118,
    0.10002790178571429,
    0.09996510396611474,
    0.09994705429341547
  ],
  "test_accuracy": [
    0.1,
    0.0999,
    0.1,
    0.0999,
    0.0999,
    0.1,
    0.1,
    0.0999,
    0.0999,
    0.1,
    0.1,
    0.1,
    0.1,
    0.0999,
    0.1,
    0.0999,
    0.1,
    0.1,
    0.1,
    0.0999,
    0.0999,
    0.0999,
    0.1,
    0.1,
    0.0999,
    0.1,
    0.0999,
    0.0999,
    0.1,
    0.1,
    0.1,
    0.1,
    0.1,
    0.1,
    0.1,
    0.1,
    0.0999,
    0.1,
    0.1,
    0.0999,
    0.0999,
    0.0999,
    0.1,
    0.1,
    0.1,
    0.1,
    0.0999,
    0.0999,
    0.0999,
    0.1
  ]
}