{
  "setting": "setting_21",
  "train_accuracy": [
    0.09986413043478261,
    0.10000399616368287,
    0.10004395780051151,
    0.09996403452685422,
    0.09992407289002557,
    0.10008391943734016,
    0.09998401534526855,
    0.10000399616368287,
    0.10016384271099744,
    0.09992407289002557,
    0.10020380434782608,
    0.09988411125319693,
    0.10004395780051151,
    0.10006393861892583,
    0.09996403452685422,
    0.10008391943734016,
    0.10004395780051151,
    0.09992407289002557,
    0.09998401534526855,
    0.09998401534526855,
    0.10018382352941177,
    0.10002397698209718,
    0.10006393861892583,
    0.10006393861892583,
    0.10016384271099744,
    0.09986413043478261,
    0.09998401534526855,
    0.09998401534526855,
    0.10008391943734016,
    0.10002397698209718,
    0.09990409207161126,
    0.09996403452685422,
    0.10008391943734016,
    0.10004395780051151,
    0.10002397698209718,
    0.09990409207161126,
    0.1001238810741688,
    0.10010390025575447,
    0.10000399616368287,
    0.10014386189258312,
    0.09984414961636828,
    0.10008391943734016,
    0.10008391943734016,
    0.10010390025575447,
    0.10010390025575447,
    0.09990409207161126,
    0.10010390025575447,
    0.10004395780051151,
    0.1001238810741688,
    0.0999440537084399
  ],
  "test_accuracy": [
    0.1001,
    0.0998,
    0.1004,
    0.1,
    0.1,
    0.1001,
    0.1001,
    0.1001,
    0.1001,
    0.1001,
    0.0999,
    0.1001,
    0.1002,
    0.0999,
    0.1,
    0.1,
    0.0999,
    0.1,
    0.1003,
    0.0999,
    0.0999,
    0.1001,
    0.1,
    0.1001,
    0.1002,
    0.1,
    0.1,
    0.0999,
    0.0999,
    0.1,
    0.0999,
    0.1002,
    0.1,
    0.1,
    0.1,
    0.1003,
    0.1,
    0.1001,
    0.1,
    0.1001,
    0.1,
    0.0998,
    0.1001,
    0.1001,
    0.1001,
    0.1001,
    0.1,
    0.1,
    0.1,
    0.0999
  ]
}