{
  "setting": "setting_16",
  "train_accuracy": [
    0.09978420716112532,
    0.0999440537084399,
    0.09996403452685422,
    0.09988411125319693,
    0.09986413043478261,
    0.09996403452685422,
    0.09982416879795396,
    0.09988411125319693,
    0.10000399616368287,
    0.09990409207161126,
    0.10010390025575447,
    0.09984414961636828,
    0.09992407289002557,
    0.09996403452685422,
    0.09986413043478261,
    0.09986413043478261,
    0.0999440537084399,
    0.09984414961636828,
    0.09992407289002557,
    0.09982416879795396,
    0.10010390025575447,
    0.09998401534526855,
    0.09992407289002557,
    0.09992407289002557,
    0.0999440537084399,
    0.09984414961636828,
    0.09986413043478261,
    0.09986413043478261,
    0.10002397698209718,
    0.09986413043478261,
    0.09986413043478261,
    0.0999440537084399,
    0.09998401534526855,
    0.09990409207161126,
    0.09982416879795396,
    0.09984414961636828,
    0.10002397698209718,
    0.09996403452685422,
    0.09988411125319693,
    0.0999440537084399,
    0.09980418797953965,
    0.09988411125319693,
    0.09990409207161126,
    0.09998401534526855,
    0.09990409207161126,
    0.09978420716112532,
    0.0999440537084399,
    0.09982416879795396,
    0.09998401534526855,
    0.09988411125319693
  ],
  "test_accuracy": [
    0.0998,
    0.0997,
    0.0999,
    0.0999,
    0.0998,
    0.0997,
    0.1,
    0.1001,
    0.0999,
    0.1,
    0.0997,
    0.0998,
    0.0998,
    0.0998,
    0.1,
    0.0997,
    0.0998,
    0.0998,
    0.0999,
    0.0998,
    0.0997,
    0.0999,
    0.0999,
    0.0999,
    0.1,
    0.1,
    0.1,
    0.1,
    0.0998,
    0.1,
    0.0998,
    0.0999,
    0.1,
    0.0999,
    0.0998,
    0.0999,
    0.0999,
    0.1,
    0.0998,
    0.0999,
    0.0998,
    0.0998,
    0.1,
    0.1001,
    0.0999,
    0.0998,
    0.1,
    0.0999,
    0.0997,
    0.0999
  ]
}