{
  "setting": "setting_26",
  "train_accuracy": [
    0.17309382992327366,
    0.17355338874680307,
    0.17541160485933505,
    0.1725943094629156,
    0.17285406010230178,
    0.1722346547314578,
    0.17549152813299232,
    0.1743126598465473,
    0.17307384910485935,
    0.1734135230179028,
    0.17359335038363172,
    0.1722546355498721,
    0.17345348465473145,
    0.17443254475703324,
    0.17535166240409208,
    0.17261429028132994,
    0.1711556905370844,
    0.17285406010230178,
    0.17215473145780052,
    0.17285406010230178,
    0.17261429028132994,
    0.17319373401534527,
    0.17289402173913043,
    0.17403292838874682,
    0.17137547953964194,
    0.17355338874680307,
    0.1737531969309463,
    0.173053868286445,
    0.17257432864450128,
    0.17307384910485935,
    0.17379315856777494,
    0.17329363810741688,
    0.17395300511508952,
    0.17255434782608695,
    0.17207480818414322,
    0.1737731777493606,
    0.1750119884910486,
    0.1757512787723785,
    0.17435262148337596,
    0.17369325447570333,
    0.1726742327365729,
    0.17299392583120204,
    0.17423273657289,
    0.17403292838874682,
    0.17327365728900257,
    0.17401294757033248,
    0.1718949808184143,
    0.17245444373401533,
    0.17319373401534527,
    0.17255434782608695
  ],
  "test_accuracy": [
    0.1731,
    0.177,
    0.173,
    0.174,
    0.1712,
    0.1773,
    0.1713,
    0.1728,
    0.1757,
    0.1733,
    0.1729,
    0.1785,
    0.1732,
    0.1721,
    0.1774,
    0.1786,
    0.1696,
    0.1699,
    0.1704,
    0.1757,
    0.1766,
    0.1736,
    0.1732,
    0.1735,
    0.1717,
    0.1721,
    0.1763,
    0.1779,
    0.1704,
    0.173,
    0.1733,
    0.1784,
    0.1734,
    0.1739,
    0.1702,
    0.1686,
    0.1702,
    0.1715,
    0.1755,
    0.1768,
    0.1719,
    0.1762,
    0.1727,
    0.174,
    0.1763,
    0.1716,
    0.1714,
    0.1729,
    0.1722,
    0.1747
  ]
}