{
  "setting": "setting_10",
  "train_accuracy": [
    0.09993276496919522,
    0.10000007520696959,
    0.10003805472660762,
    0.10000985211301501,
    0.09998089742972661,
    0.09997262466307277,
    0.0998741035329226,
    0.09990117804197152,
    0.09993539721313052,
    0.09991546736619175,
    0.1000312860993454,
    0.09998578588274933,
    0.0999519427464382,
    0.09996848827974586,
    0.09995269481613399,
    0.09998841812668464,
    0.09996359982672315,
    0.09996773621005006,
    0.10004219110993454,
    0.09996924034944167,
    0.10001323642664613,
    0.09996021551309203,
    0.09994780636311128,
    0.09991885167982287,
    0.10001398849634194,
    0.09993878152676164,
    0.09996096758278784,
    0.09994366997978438,
    0.10005196801597999,
    0.10001737280997305,
    0.09991697150558336,
    0.10000834797362342,
    0.10000910004331923,
    0.0999560791297651,
    0.0999775131160955,
    0.0999534468858298,
    0.09995269481613399,
    0.09994028566615326,
    0.10003467041297652,
    0.09996510396611474,
    0.0999801453600308,
    0.09993953359645745,
    0.09990381028590682,
    0.09992449220254139,
    0.10000910004331923,
    0.09994028566615326,
    0.10000157934636118,
    0.10000797193877552,
    0.09994517411917597,
    0.09994705429341547
  ],
  "test_accuracy": [
    0.1,
    0.0999,
    0.1,
    0.0999,
    0.0999,
    0.1,
    0.1,
    0.0999,
    0.0999,
    0.1,
    0.1,
    0.1,
    0.1,
    0.0999,
    0.1,
    0.0999,
    0.1,
    0.1,
    0.1,
    0.0999,
    0.0999,
    0.0999,
    0.1,
    0.0999,
    0.0999,
    0.1,
    0.0999,
    0.0999,
    0.1,
    0.1,
    0.1,
    0.1,
    0.0999,
    0.1,
    0.1,
    0.1,
    0.0999,
    0.1,
    0.1,
    0.0999,
    0.0999,
    0.0999,
    0.1,
    0.1,
    0.1,
    0.1,
    0.0999,
    0.0999,
    0.0999,
    0.1
  ]
}