{
  "setting": "setting_27",
  "train_accuracy": [
    0.09965233375959079,
    0.0999320652173913,
    0.10002397698209718,
    0.09988011508951407,
    0.09986812659846547,
    0.09989210358056265,
    0.0997522378516624,
    0.09986413043478261,
    0.1,
    0.09992806905370843,
    0.09986013427109974,
    0.09998001918158568,
    0.09997602301790282,
    0.09981617647058824,
    0.09986812659846547,
    0.0999560421994885,
    0.09987212276214832,
    0.09988411125319693,
    0.09992806905370843,
    0.09989609974424553,
    0.0999560421994885,
    0.09988411125319693,
    0.09991208439897697,
    0.09992806905370843,
    0.09990808823529411,
    0.09985214194373401,
    0.09996003836317136,
    0.09980418797953965,
    0.09997202685421994,
    0.0999320652173913,
    0.09990808823529411,
    0.09992007672634272,
    0.09993606138107418,
    0.09991208439897697,
    0.09986413043478261,
    0.0999000959079284,
    0.09984015345268543,
    0.09999200767263426,
    0.09989609974424553,
    0.09996403452685422,
    0.09978021099744246,
    0.09978021099744246,
    0.09986812659846547,
    0.09989609974424553,
    0.09993606138107418,
    0.09989210358056265,
    0.09992007672634272,
    0.10007193094629155,
    0.09987212276214832,
    0.09986413043478261
  ],
  "test_accuracy": [
    0.1,
    0.0997,
    0.1002,
    0.0998,
    0.1,
    0.0999,
    0.0999,
    0.1002,
    0.1,
    0.1,
    0.0998,
    0.0998,
    0.0999,
    0.0998,
    0.1,
    0.0998,
    0.0998,
    0.0998,
    0.0999,
    0.0998,
    0.0998,
    0.0999,
    0.0999,
    0.1,
    0.1,
    0.1,
    0.1,
    0.1,
    0.0999,
    0.1001,
    0.0999,
    0.1,
    0.0997,
    0.1,
    0.0998,
    0.1002,
    0.0999,
    0.0998,
    0.0999,
    0.0997,
    0.0998,
    0.0998,
    0.0999,
    0.1001,
    0.1,
    0.0999,
    0.1,
    0.0997,
    0.0998,
    0.0999
  ]
}