{
  "setting": "setting_20",
  "train_accuracy": [
    0.07244977678571429,
    0.06962970344387755,
    0.06703882334183674,
    0.06431202168367348,
    0.06330596301020408,
    0.06042131696428571,
    0.0574593431122449,
    0.05568080357142858,
    0.056987404336734694,
    0.05961654974489796,
    0.061362005739795916,
    0.06185307716836735,
    0.06082589285714286,
    0.05856345663265306,
    0.058923788265306115,
    0.05804049744897959,
    0.057130102040816325,
    0.05628547512755102,
    0.0549398118622449,
    0.054341916454081624,
    0.053626833545918365,
    0.0532991868622449,
    0.05163066007653062,
    0.051508290816326525,
    0.051520647321428574,
    0.05099051339285714,
    0.05069156568877551,
    0.05076809630102041,
    0.05087810905612245,
    0.050638950892857144,
    0.050502232142857144,
    0.05018375318877551,
    0.05061144770408163,
    0.05089883609693877,
    0.04978117028061225,
    0.049272161989795914,
    0.049710618622448986,
    0.04964883609693877,
    0.05022321428571429,
    0.04989237882653061,
    0.05067522321428571,
    0.05126992984693878,
    0.05113042091836735,
    0.05143534757653061,
    0.05135403380102041,
    0.05127471301020409,
    0.05166653380102042,
    0.05187380420918368,
    0.051351243622448986,
    0.05160076530612245
  ],
  "test_accuracy": [
    0.0695,
    0.0607,
    0.058800000000000005,
    0.06120000000000001,
    0.0595,
    0.05329999999999999,
    0.05499999999999999,
    0.0534,
    0.05519999999999999,
    0.05770000000000001,
    0.05850000000000001,
    0.057100000000000005,
    0.0568,
    0.05490000000000002,
    0.053500000000000006,
    0.0546,
    0.0521,
    0.0519,
    0.0517,
    0.0491,
    0.048,
    0.0493,
    0.0486,
    0.0496,
    0.048299999999999996,
    0.0477,
    0.046099999999999995,
    0.047799999999999995,
    0.047,
    0.046599999999999996,
    0.046799999999999994,
    0.0486,
    0.047799999999999995,
    0.0467,
    0.045899999999999996,
    0.0462,
    0.0489,
    0.0485,
    0.0474,
    0.047299999999999995,
    0.048299999999999996,
    0.049,
    0.0477,
    0.0498,
    0.0495,
    0.0484,
    0.0494,
    0.047099999999999996,
    0.0492,
    0.0498
  ]
}