{
  "setting": "setting_18",
  "train_accuracy": [
    0.06870834109538002,
    0.058315148798435176,
    0.07880787770119226,
    0.060000122252235465,
    0.06040244271609538,
    0.07177339092771982,
    0.0928614358233979,
    0.08719818833830104,
    0.08984595636177348,
    0.09248455546758569,
    0.09778366593703428,
    0.09032912048248881,
    0.0868207025428465,
    0.0825802906110283,
    0.07931942762667661,
    0.08141008639157972,
    0.07555904782973175,
    0.0778728634966468,
    0.07556512551229509,
    0.07065202356557376,
    0.06791842282973175,
    0.0713522669057377,
    0.07572712136736215,
    0.07591157088301044,
    0.07536814223174367,
    0.06816050554210133,
    0.06692897145119224,
    0.06711323467771983,
    0.06667182842771982,
    0.06835805351154992,
    0.06663333061661698,
    0.06510972429210134,
    0.0639096090257079,
    0.06174310148099851,
    0.06185471195044709,
    0.06254331804210134,
    0.06317065829918032,
    0.06236202379843517,
    0.06386586601154992,
    0.06391412071535023,
    0.06658330034463486,
    0.06604519839791356,
    0.06499498183681073,
    0.06644871227645305,
    0.06671763808681072,
    0.06597077007265276,
    0.06623959109538002,
    0.06587459831408346,
    0.06603124417846498,
    0.06720144839791356
  ],
  "test_accuracy": [
    0.0642,
    0.06670000000000001,
    0.06999999999999999,
    0.05450000000000001,
    0.0666,
    0.07440000000000001,
    0.0924,
    0.08469999999999998,
    0.09029999999999999,
    0.0895,
    0.0875,
    0.08369999999999998,
    0.08609999999999998,
    0.0784,
    0.07959999999999999,
    0.08339999999999999,
    0.07249999999999998,
    0.079,
    0.07089999999999999,
    0.06380000000000001,
    0.06700000000000002,
    0.07010000000000001,
    0.07289999999999999,
    0.0768,
    0.0651,
    0.06500000000000002,
    0.06400000000000002,
    0.06500000000000002,
    0.06470000000000001,
    0.06460000000000002,
    0.06180000000000001,
    0.06260000000000002,
    0.06000000000000001,
    0.05970000000000001,
    0.06200000000000001,
    0.05960000000000001,
    0.06040000000000001,
    0.06080000000000001,
    0.06080000000000001,
    0.0615,
    0.0639,
    0.06440000000000001,
    0.06259999999999999,
    0.0625,
    0.0669,
    0.0663,
    0.0632,
    0.0645,
    0.06470000000000001,
    0.0679
  ]
}