{
  "setting": "setting_8",
  "train_accuracy": [
    0.06835970682749627,
    0.07682815992921013,
    0.07841537234538003,
    0.08249011503353205,
    0.0832977889809985,
    0.08438426788375558,
    0.08433202542846498,
    0.07912037770119225,
    0.07982268768628913,
    0.07975553045827125,
    0.08377723314083457,
    0.07656920058681073,
    0.07071717818554396,
    0.07079281739008941,
    0.06817111820044709,
    0.06824381170827123,
    0.0678625244504471,
    0.0640828637295082,
    0.06069543475223547,
    0.057713335972429204,
    0.05768549157041729,
    0.056143588161326384,
    0.05620243223733234,
    0.05626138110096871,
    0.05640793824515649,
    0.05589575959388972,
    0.055880344169150525,
    0.05636415448025336,
    0.057362378912071535,
    0.057759751071162435,
    0.05724362541915052,
    0.05724596567622951,
    0.05824093004843517,
    0.0561140089418778,
    0.05712359701005961,
    0.05720076145678092,
    0.05884422736587183,
    0.059288870389344266,
    0.05917036722242921,
    0.06090317622950819,
    0.06308798085879284,
    0.06631251746460506,
    0.0710243514809985,
    0.07547254564083458,
    0.07963976341281669,
    0.07932978995901639,
    0.08026942064083457,
    0.08213756869411327,
    0.08476039726154992,
    0.09189609142138601
  ],
  "test_accuracy": [
    0.0709,
    0.08299999999999999,
    0.09209999999999999,
    0.08379999999999999,
    0.08409999999999998,
    0.0802,
    0.08789999999999999,
    0.0798,
    0.0753,
    0.0843,
    0.08309999999999998,
    0.07,
    0.0685,
    0.06760000000000002,
    0.06680000000000001,
    0.07079999999999999,
    0.06480000000000001,
    0.0625,
    0.058899999999999994,
    0.05449999999999999,
    0.05620000000000001,
    0.0534,
    0.053700000000000005,
    0.055900000000000005,
    0.05299999999999999,
    0.05499999999999999,
    0.056100000000000004,
    0.057600000000000005,
    0.056100000000000004,
    0.057300000000000004,
    0.056600000000000004,
    0.056400000000000006,
    0.05750000000000001,
    0.057600000000000005,
    0.056100000000000004,
    0.05940000000000001,
    0.05600000000000001,
    0.05750000000000001,
    0.058300000000000005,
    0.0635,
    0.06480000000000001,
    0.06700000000000002,
    0.07550000000000001,
    0.0803,
    0.08109999999999998,
    0.08109999999999999,
    0.0834,
    0.08389999999999999,
    0.08549999999999999,
    0.09769999999999998
  ]
}