{
  "setting": "setting_14",
  "train_accuracy": [
    0.07013822115384614,
    0.07322566105769229,
    0.06658804086538461,
    0.062309194711538465,
    0.06321814903846153,
    0.06593900240384615,
    0.06891075721153846,
    0.06429236778846154,
    0.06565054086538462,
    0.06695763221153847,
    0.06571514423076924,
    0.0690790264423077,
    0.06643028846153846,
    0.05995943509615385,
    0.05725360576923077,
    0.05970703125,
    0.06108774038461538,
    0.05776592548076923,
    0.05747896634615385,
    0.06351712740384614,
    0.06274338942307693,
    0.0604912860576923,
    0.06264723557692309,
    0.06184795673076923,
    0.0590625,
    0.058440504807692306,
    0.057555588942307695,
    0.05725811298076924,
    0.05833383413461538,
    0.057639723557692306,
    0.05720703125,
    0.05672926682692307,
    0.05665715144230769,
    0.056618088942307694,
    0.05612530048076923,
    0.0563115985576923,
    0.055241887019230766,
    0.05443359375,
    0.05436448317307692,
    0.05371544471153846,
    0.054361478365384616,
    0.053312800480769224,
    0.05394831730769231,
    0.05474008413461538,
    0.05459585336538462,
    0.054896334134615386,
    0.054390024038461535,
    0.054304387019230765,
    0.05466947115384615,
    0.05461388221153847
  ],
  "test_accuracy": [
    0.06899999999999999,
    0.07509999999999999,
    0.052500000000000005,
    0.0617,
    0.0615,
    0.0633,
    0.065,
    0.06220000000000001,
    0.06780000000000001,
    0.060899999999999996,
    0.058899999999999994,
    0.0671,
    0.055600000000000004,
    0.0553,
    0.0526,
    0.06160000000000001,
    0.055200000000000006,
    0.05499999999999999,
    0.0553,
    0.06100000000000001,
    0.05940000000000001,
    0.06160000000000001,
    0.06060000000000001,
    0.057499999999999996,
    0.056400000000000006,
    0.052000000000000005,
    0.053500000000000006,
    0.0526,
    0.055600000000000004,
    0.053200000000000004,
    0.0538,
    0.054400000000000004,
    0.0543,
    0.054000000000000006,
    0.0538,
    0.0518,
    0.0538,
    0.052000000000000005,
    0.0518,
    0.0516,
    0.0536,
    0.0526,
    0.048799999999999996,
    0.052000000000000005,
    0.0503,
    0.0513,
    0.0519,
    0.052700000000000004,
    0.053700000000000005,
    0.0516
  ]
}