{
  "setting": "setting_22",
  "train_accuracy": [
    0.08910425646551724,
    0.08831088362068965,
    0.10420056573275861,
    0.08093211206896551,
    0.07537917564655172,
    0.07281923491379311,
    0.06178879310344827,
    0.05192753232758621,
    0.05769800646551724,
    0.07434671336206897,
    0.10947602370689655,
    0.1047649515086207,
    0.09575296336206897,
    0.09031654094827585,
    0.10200633081896551,
    0.08923895474137933,
    0.08958041487068964,
    0.09459186422413794,
    0.08509630926724139,
    0.08245420258620689,
    0.07321457435344828,
    0.0673834859913793,
    0.06630522629310345,
    0.0641278286637931,
    0.06373518318965518,
    0.06359577047413793,
    0.06916756465517242,
    0.07205347521551725,
    0.07744477370689656,
    0.08066742995689655,
    0.08499259159482758,
    0.0888873922413793,
    0.09250740840517242,
    0.09827451508620691,
    0.10166554418103449,
    0.11016163793103448,
    0.11129714439655172,
    0.12436085668103448,
    0.1254956896551724,
    0.12580280172413794,
    0.12029633620689655,
    0.12180630387931034,
    0.12211206896551724,
    0.12155239762931036,
    0.11757341056034482,
    0.11770406788793103,
    0.12017443426724139,
    0.1175067349137931,
    0.11885910560344827,
    0.11798626077586206
  ],
  "test_accuracy": [
    0.0882,
    0.0865,
    0.1055,
    0.06220000000000001,
    0.0798,
    0.059800000000000006,
    0.05720000000000001,
    0.048299999999999996,
    0.0653,
    0.1068,
    0.10919999999999999,
    0.0962,
    0.07709999999999999,
    0.0991,
    0.1051,
    0.08859999999999998,
    0.0964,
    0.08529999999999999,
    0.08619999999999998,
    0.07819999999999998,
    0.0665,
    0.06659999999999999,
    0.06420000000000001,
    0.06060000000000001,
    0.05990000000000001,
    0.0665,
    0.0738,
    0.07169999999999999,
    0.07690000000000001,
    0.08229999999999998,
    0.0879,
    0.08919999999999999,
    0.09709999999999999,
    0.10030000000000001,
    0.11189999999999997,
    0.1147,
    0.1172,
    0.1252,
    0.1337,
    0.12830000000000003,
    0.1256,
    0.12199999999999997,
    0.1162,
    0.1162,
    0.11989999999999998,
    0.12229999999999999,
    0.11789999999999998,
    0.11839999999999999,
    0.118,
    0.11259999999999999
  ]
}