{
  "setting": "setting_7",
  "train_accuracy": [
    0.08305899784482758,
    0.08487607758620691,
    0.1065436422413793,
    0.08668978987068965,
    0.08229391163793104,
    0.07955482219827585,
    0.06532260237068965,
    0.053521012931034485,
    0.05486058728448276,
    0.07777074353448275,
    0.10958310883620691,
    0.10207098599137933,
    0.08658135775862069,
    0.08408337823275862,
    0.08615436422413794,
    0.07801791487068967,
    0.08042699353448275,
    0.09064587823275862,
    0.08173626077586209,
    0.0826676993534483,
    0.07168440193965517,
    0.06962351831896552,
    0.07001751077586206,
    0.06951508620689655,
    0.07322400323275863,
    0.0757879849137931,
    0.08204202586206896,
    0.08629916487068964,
    0.09371901939655172,
    0.10185008081896552,
    0.10417564655172412,
    0.1098888739224138,
    0.11575228987068967,
    0.12375269396551725,
    0.1282085129310345,
    0.13380859375,
    0.13091527478448275,
    0.13993063038793102,
    0.13804283405172413,
    0.1382421875,
    0.13545460668103448,
    0.13609577047413793,
    0.13757273706896553,
    0.13858499461206897,
    0.13609172952586207,
    0.1360681573275862,
    0.13689789870689656,
    0.13013065732758622,
    0.1303589709051724,
    0.13123989762931035
  ],
  "test_accuracy": [
    0.07819999999999999,
    0.08589999999999999,
    0.11100000000000002,
    0.07199999999999998,
    0.08559999999999998,
    0.0713,
    0.059899999999999995,
    0.046599999999999996,
    0.0659,
    0.1032,
    0.1079,
    0.0904,
    0.07670000000000002,
    0.08439999999999999,
    0.08889999999999999,
    0.07849999999999999,
    0.08339999999999999,
    0.08689999999999999,
    0.08769999999999999,
    0.0752,
    0.0663,
    0.0698,
    0.06749999999999999,
    0.0671,
    0.07170000000000001,
    0.07610000000000001,
    0.08489999999999999,
    0.08819999999999999,
    0.09659999999999999,
    0.10530000000000002,
    0.1083,
    0.11180000000000001,
    0.12109999999999999,
    0.12399999999999997,
    0.1364,
    0.13920000000000002,
    0.1395,
    0.14339999999999997,
    0.138,
    0.13620000000000002,
    0.13490000000000002,
    0.13590000000000002,
    0.1421,
    0.1355,
    0.136,
    0.1416,
    0.138,
    0.1296,
    0.13510000000000003,
    0.13069999999999998
  ]
}