{
  "setting": "setting_3",
  "train_accuracy": [
    0.06677172014716841,
    0.06732998206967214,
    0.08097290075447094,
    0.08845723500372578,
    0.09748273914865874,
    0.1019161233233979,
    0.10783064572466468,
    0.08792531552719822,
    0.08216451657973174,
    0.08303642534463487,
    0.09685113752794336,
    0.08629964605067064,
    0.0763682062686289,
    0.06520169872391951,
    0.06559928045827122,
    0.08192485562593145,
    0.08030695789865872,
    0.08558292194485842,
    0.07367002957339791,
    0.06045357907973175,
    0.05726259198025335,
    0.057469873556259314,
    0.059882160488077506,
    0.061892353995901636,
    0.060791041821907595,
    0.05460517185171386,
    0.053389553837555885,
    0.049809612518628914,
    0.049489509593889716,
    0.045987192622950826,
    0.04688518768628912,
    0.04674753166915052,
    0.044354607162816695,
    0.043690544662816695,
    0.044632096451192246,
    0.045596398798435175,
    0.0446258324795082,
    0.0451386980719076,
    0.04749903362518629,
    0.047954248556259314,
    0.04772054303278688,
    0.04818091584388972,
    0.048617746367362144,
    0.04930733629843518,
    0.049900626397168406,
    0.04985162071535022,
    0.05076476341281668,
    0.05112392883755589,
    0.05010577729135618,
    0.05109526942064083
  ],
  "test_accuracy": [
    0.06380000000000001,
    0.0745,
    0.08009999999999999,
    0.0895,
    0.1025,
    0.0998,
    0.10739999999999998,
    0.08909999999999998,
    0.07459999999999999,
    0.08909999999999998,
    0.09109999999999999,
    0.0794,
    0.06760000000000002,
    0.06580000000000001,
    0.07170000000000001,
    0.0741,
    0.0784,
    0.08249999999999999,
    0.06799999999999999,
    0.056400000000000006,
    0.058600000000000006,
    0.05850000000000001,
    0.05800000000000001,
    0.0653,
    0.0553,
    0.048799999999999996,
    0.0485,
    0.048799999999999996,
    0.0419,
    0.04329999999999999,
    0.0449,
    0.042499999999999996,
    0.0435,
    0.043399999999999994,
    0.03909999999999999,
    0.04179999999999999,
    0.0447,
    0.04409999999999999,
    0.043899999999999995,
    0.0462,
    0.0507,
    0.048799999999999996,
    0.0477,
    0.0517,
    0.052700000000000004,
    0.052000000000000005,
    0.0497,
    0.0495,
    0.0496,
    0.0508
  ]
}