{
  "setting": "setting_1",
  "train_accuracy": [
    0.08727875256147541,
    0.09275966956967213,
    0.09320824795081968,
    0.10895491803278688,
    0.13368564293032786,
    0.1489238601434426,
    0.1227116419057377,
    0.09554495389344261,
    0.12107325819672131,
    0.10135662141393442,
    0.09726306352459016,
    0.09790151127049182,
    0.09861007940573771,
    0.11052894467213115,
    0.11125256147540984,
    0.11574538934426229,
    0.11105949026639345,
    0.11332223360655737,
    0.1115605788934426,
    0.11110911885245901,
    0.11027055584016393,
    0.11109631147540984,
    0.11166367827868852,
    0.11205494364754098,
    0.11168673155737706,
    0.11343045594262297,
    0.11296778944672131,
    0.11205078125,
    0.11314453125,
    0.11397508965163934,
    0.11443391393442623,
    0.11266425461065573,
    0.11301773821721312,
    0.11346567622950818,
    0.1126552894467213,
    0.11281442110655739,
    0.11276447233606557,
    0.11191534323770494,
    0.11177574282786885,
    0.11222079918032786,
    0.11260277920081968,
    0.11273917776639344,
    0.11264280225409835,
    0.11304271260245902,
    0.11202644723360657,
    0.11206582991803278,
    0.11237128586065573,
    0.11222079918032786,
    0.11225505891393443,
    0.11148981813524589
  ],
  "test_accuracy": [
    0.09739999999999999,
    0.07309999999999998,
    0.1065,
    0.1331,
    0.1418,
    0.14730000000000001,
    0.1135,
    0.11739999999999999,
    0.1177,
    0.10030000000000001,
    0.0954,
    0.09069999999999999,
    0.10400000000000001,
    0.1068,
    0.11299999999999999,
    0.1136,
    0.1095,
    0.11000000000000001,
    0.10810000000000002,
    0.11030000000000002,
    0.11179999999999998,
    0.10969999999999999,
    0.10800000000000001,
    0.11040000000000001,
    0.10939999999999998,
    0.10859999999999999,
    0.10729999999999999,
    0.1091,
    0.1101,
    0.11080000000000001,
    0.1091,
    0.1101,
    0.1081,
    0.1085,
    0.1093,
    0.10900000000000001,
    0.10740000000000001,
    0.10740000000000001,
    0.1068,
    0.1071,
    0.10779999999999998,
    0.10819999999999999,
    0.1078,
    0.10800000000000001,
    0.1079,
    0.1081,
    0.1092,
    0.1076,
    0.10810000000000002,
    0.1081
  ]
}