{
  "setting": "setting_4",
  "train_accuracy": [
    0.07080679086538462,
    0.07330679086538462,
    0.06829477163461538,
    0.06677433894230769,
    0.0668975360576923,
    0.0699188701923077,
    0.07096003605769231,
    0.0684149639423077,
    0.06941256009615385,
    0.07088040865384616,
    0.07115835336538462,
    0.07545973557692308,
    0.07399789663461538,
    0.06807842548076923,
    0.06461989182692308,
    0.06634014423076923,
    0.06631159855769231,
    0.06432091346153847,
    0.06564302884615385,
    0.07125901442307693,
    0.07040264423076924,
    0.07094651442307692,
    0.07267578125,
    0.07136268028846154,
    0.06907902644230769,
    0.06758413461538462,
    0.06655198317307692,
    0.06548978365384615,
    0.06503455528846154,
    0.06642728365384615,
    0.06531700721153846,
    0.06397385817307692,
    0.0640234375,
    0.06371694711538461,
    0.06315054086538462,
    0.06261868990384616,
    0.06235276442307692,
    0.06062049278846153,
    0.060576923076923084,
    0.06012169471153847,
    0.059812199519230766,
    0.06079026442307692,
    0.060356069711538465,
    0.05984525240384616,
    0.05959735576923077,
    0.06041165865384615,
    0.059800180288461534,
    0.060030048076923075,
    0.058707932692307695,
    0.05940354567307692
  ],
  "test_accuracy": [
    0.068,
    0.0736,
    0.058100000000000006,
    0.06140000000000001,
    0.0645,
    0.0661,
    0.0679,
    0.0661,
    0.06899999999999999,
    0.0637,
    0.0653,
    0.074,
    0.0645,
    0.06280000000000001,
    0.05870000000000001,
    0.06540000000000001,
    0.06260000000000002,
    0.0645,
    0.06400000000000002,
    0.06920000000000001,
    0.0663,
    0.0685,
    0.071,
    0.06820000000000001,
    0.06540000000000001,
    0.0627,
    0.0629,
    0.0627,
    0.0623,
    0.06100000000000001,
    0.0605,
    0.06080000000000001,
    0.06180000000000001,
    0.0603,
    0.0623,
    0.06020000000000001,
    0.059699999999999996,
    0.05790000000000001,
    0.05900000000000001,
    0.0573,
    0.0583,
    0.05790000000000001,
    0.05650000000000001,
    0.05700000000000001,
    0.057699999999999994,
    0.057499999999999996,
    0.057100000000000005,
    0.057600000000000005,
    0.057300000000000004,
    0.0551
  ]
}