{
  "setting": "setting_6",
  "train_accuracy": [
    0.09149430071721312,
    0.09734727202868852,
    0.1020107581967213,
    0.10771612448770491,
    0.14488313268442624,
    0.14801261526639345,
    0.13127209272540985,
    0.0997637038934426,
    0.11381723872950818,
    0.10100313780737706,
    0.0994912269467213,
    0.09985687756147542,
    0.10595126793032787,
    0.12062467981557376,
    0.12250288165983607,
    0.12879738729508194,
    0.12292168288934427,
    0.12400646772540984,
    0.12234118852459015,
    0.11740266393442622,
    0.11648885758196721,
    0.11562564036885245,
    0.11430039702868852,
    0.11691726434426229,
    0.11773885758196723,
    0.1163422131147541,
    0.11599033043032786,
    0.11587730532786886,
    0.11600569928278688,
    0.11500512295081966,
    0.11563748719262294,
    0.11519243084016394,
    0.11521004098360656,
    0.11553694928278688,
    0.1158603355532787,
    0.11566502305327869,
    0.11514664446721312,
    0.11463082735655739,
    0.11514440317622951,
    0.11487128586065573,
    0.1150022412909836,
    0.11472175973360656,
    0.11469806608606557,
    0.11496477971311476,
    0.11464267418032786,
    0.11447777920081967,
    0.11425621157786886,
    0.11437211834016393,
    0.11391457479508196,
    0.11402599897540984
  ],
  "test_accuracy": [
    0.0977,
    0.0783,
    0.11510000000000001,
    0.1274,
    0.1543,
    0.14889999999999998,
    0.1196,
    0.11299999999999999,
    0.10800000000000001,
    0.1028,
    0.1,
    0.10310000000000001,
    0.11869999999999999,
    0.12110000000000001,
    0.12499999999999997,
    0.12880000000000003,
    0.12050000000000001,
    0.12149999999999998,
    0.1222,
    0.1179,
    0.11560000000000001,
    0.11539999999999999,
    0.1143,
    0.11600000000000002,
    0.11779999999999999,
    0.11460000000000001,
    0.11120000000000001,
    0.11280000000000001,
    0.11179999999999998,
    0.1127,
    0.11139999999999999,
    0.1135,
    0.1115,
    0.1125,
    0.1125,
    0.1119,
    0.1111,
    0.11069999999999999,
    0.11100000000000002,
    0.1111,
    0.1109,
    0.1105,
    0.1105,
    0.1099,
    0.11040000000000001,
    0.11000000000000001,
    0.1111,
    0.11069999999999999,
    0.1109,
    0.1103
  ]
}