{
  "setting": "setting_16",
  "train_accuracy": [
    0.09380154969262294,
    0.10494172643442624,
    0.11098200563524589,
    0.10594134221311476,
    0.14168128842213115,
    0.14576235911885246,
    0.12521932633196722,
    0.09869973104508195,
    0.0971039318647541,
    0.07081326844262295,
    0.06628842213114754,
    0.0702020363729508,
    0.07431448514344262,
    0.08757844518442623,
    0.09512199026639344,
    0.0999631787909836,
    0.10327068391393443,
    0.10129706711065573,
    0.1117414830942623,
    0.1116809682377049,
    0.1031141137295082,
    0.11270299692622951,
    0.11786372950819672,
    0.11815413678278688,
    0.11596215420081966,
    0.11956390881147541,
    0.12909131659836065,
    0.12988249231557375,
    0.13068007172131146,
    0.1327583888319672,
    0.13339683657786885,
    0.12853451588114756,
    0.1287890625,
    0.12966732838114756,
    0.13258196721311477,
    0.13430744108606557,
    0.1357911757172131,
    0.1396103355532787,
    0.13552958504098359,
    0.13251184682377048,
    0.13485623719262294,
    0.13508612961065572,
    0.13447105532786885,
    0.13563780737704917,
    0.13497150358606558,
    0.13886590676229507,
    0.13836769979508198,
    0.13256659836065574,
    0.1387618468237705,
    0.13640272797131148
  ],
  "test_accuracy": [
    0.0972,
    0.08919999999999999,
    0.11939999999999999,
    0.12309999999999999,
    0.1538,
    0.1487,
    0.1126,
    0.1046,
    0.07759999999999999,
    0.07390000000000001,
    0.0702,
    0.0759,
    0.08269999999999998,
    0.0919,
    0.09659999999999999,
    0.10600000000000001,
    0.10900000000000001,
    0.11340000000000001,
    0.1163,
    0.1058,
    0.11149999999999997,
    0.12159999999999997,
    0.11520000000000001,
    0.12329999999999999,
    0.11950000000000001,
    0.13319999999999999,
    0.1335,
    0.1335,
    0.1342,
    0.1367,
    0.1329,
    0.1359,
    0.1341,
    0.13560000000000003,
    0.1367,
    0.1398,
    0.13779999999999998,
    0.14,
    0.1359,
    0.13290000000000002,
    0.1337,
    0.1363,
    0.13269999999999998,
    0.1361,
    0.1303,
    0.1331,
    0.1311,
    0.1308,
    0.1326,
    0.1371
  ]
}