{
  "setting": "setting_5",
  "train_accuracy": [
    0.07353794642857142,
    0.07198780293367348,
    0.0684343112244898,
    0.06681441326530611,
    0.0668913424744898,
    0.06518654336734694,
    0.06269013073979593,
    0.06007015306122449,
    0.061919244260204086,
    0.06466517857142856,
    0.06540896045918368,
    0.06501514668367347,
    0.06452008928571429,
    0.06304448341836735,
    0.06285993303571429,
    0.06204081632653061,
    0.06079440369897959,
    0.06051458864795919,
    0.058012197066326536,
    0.05667051977040816,
    0.056324936224489794,
    0.05661192602040816,
    0.05589644451530613,
    0.0551383131377551,
    0.05492665816326531,
    0.05444276147959183,
    0.054244260204081636,
    0.0533805006377551,
    0.0538687818877551,
    0.05312380420918368,
    0.0539453125,
    0.053318718112244895,
    0.05305444834183673,
    0.05226602359693878,
    0.052196667729591834,
    0.05228874362244898,
    0.0526171875,
    0.052297512755102034,
    0.052121731505102034,
    0.05239357461734694,
    0.053125,
    0.053142936862244895,
    0.05353077168367346,
    0.05298549107142857,
    0.05352200255102041,
    0.053140146683673464,
    0.05325294961734693,
    0.0541454081632653,
    0.053511240433673474,
    0.0540625
  ],
  "test_accuracy": [
    0.0712,
    0.0631,
    0.06090000000000001,
    0.06290000000000001,
    0.06400000000000002,
    0.05820000000000001,
    0.059199999999999996,
    0.06020000000000001,
    0.0605,
    0.06360000000000002,
    0.0621,
    0.06219999999999999,
    0.06220000000000001,
    0.059800000000000006,
    0.05900000000000001,
    0.059199999999999996,
    0.057300000000000004,
    0.055600000000000004,
    0.053500000000000006,
    0.0519,
    0.0531,
    0.0519,
    0.0517,
    0.0534,
    0.0522,
    0.0518,
    0.0482,
    0.0507,
    0.0498,
    0.0497,
    0.0506,
    0.0513,
    0.0506,
    0.0495,
    0.0495,
    0.0491,
    0.0517,
    0.0505,
    0.0511,
    0.0505,
    0.0516,
    0.0509,
    0.0518,
    0.0506,
    0.0507,
    0.0508,
    0.0514,
    0.0502,
    0.0516,
    0.052000000000000005
  ]
}