{
  "setting": "setting_13",
  "train_accuracy": [
    0.0653733874347988,
    0.06554185683681073,
    0.06559671316132638,
    0.0663749767138599,
    0.07507843354135618,
    0.07703734514716841,
    0.0800174995342772,
    0.07230865196535023,
    0.06895587858606557,
    0.06495080220752608,
    0.07158798085879285,
    0.0654188012295082,
    0.06167519327496274,
    0.06011588929769001,
    0.05854994294895678,
    0.061111313571162444,
    0.06514007777570789,
    0.06491464465350223,
    0.06252452030551416,
    0.06122242338859911,
    0.06106972452496274,
    0.058228460320417286,
    0.06168797736587183,
    0.06327370529061102,
    0.06271475642697466,
    0.06014089279061102,
    0.057200406343144564,
    0.05579862728204173,
    0.05642498369970194,
    0.055514117222429216,
    0.05580612541915052,
    0.056196040191877794,
    0.05558904619970193,
    0.05247764530551415,
    0.05308432493479881,
    0.05224067972242921,
    0.05228521446535022,
    0.05352771632824143,
    0.054161384593889715,
    0.054804181026453055,
    0.05464945626862891,
    0.05590655854135619,
    0.058710326238822656,
    0.05846018070044709,
    0.057873009035022356,
    0.06022407088301043,
    0.05948691901080476,
    0.05964517161885245,
    0.059892394746646795,
    0.059380530458271234
  ],
  "test_accuracy": [
    0.055999999999999994,
    0.0663,
    0.0627,
    0.07200000000000001,
    0.07510000000000001,
    0.0739,
    0.0819,
    0.0696,
    0.0633,
    0.0764,
    0.06520000000000001,
    0.05960000000000001,
    0.059899999999999995,
    0.058300000000000005,
    0.056900000000000006,
    0.0631,
    0.06200000000000001,
    0.0629,
    0.06100000000000001,
    0.05800000000000001,
    0.05789999999999999,
    0.0558,
    0.06000000000000001,
    0.0607,
    0.06130000000000001,
    0.0568,
    0.052599999999999994,
    0.052700000000000004,
    0.053000000000000005,
    0.0522,
    0.055099999999999996,
    0.0558,
    0.0528,
    0.0519,
    0.0496,
    0.0487,
    0.0518,
    0.0499,
    0.0526,
    0.05519999999999999,
    0.056400000000000006,
    0.055400000000000005,
    0.054200000000000005,
    0.056100000000000004,
    0.056100000000000004,
    0.05900000000000001,
    0.05740000000000001,
    0.05820000000000001,
    0.0583,
    0.05960000000000001
  ]
}