{
  "setting": "setting_9",
  "train_accuracy": [
    0.07135366586538462,
    0.0735967548076923,
    0.06756310096153846,
    0.0658954326923077,
    0.0642412860576923,
    0.06637469951923076,
    0.06960186298076923,
    0.06607271634615385,
    0.06556490384615385,
    0.06631610576923076,
    0.06659405048076923,
    0.07114483173076923,
    0.067734375,
    0.06182391826923077,
    0.05947415865384615,
    0.06190504807692308,
    0.06294020432692307,
    0.05824669471153847,
    0.05974308894230769,
    0.06606670673076924,
    0.06413762019230769,
    0.06391225961538462,
    0.06411959134615385,
    0.06360727163461538,
    0.06068058894230769,
    0.05921424278846153,
    0.05803034855769231,
    0.05842247596153847,
    0.05805889423076924,
    0.05888671875,
    0.05796274038461538,
    0.05813251201923077,
    0.05732271634615385,
    0.05731820913461538,
    0.05726262019230769,
    0.05619140625,
    0.055869891826923083,
    0.05513221153846153,
    0.054504206730769236,
    0.053607271634615386,
    0.05398137019230769,
    0.05454477163461538,
    0.05454176682692308,
    0.05381911057692308,
    0.055811298076923074,
    0.05484224759615385,
    0.054173677884615384,
    0.05438701923076923,
    0.05404296875,
    0.055399639423076914
  ],
  "test_accuracy": [
    0.0695,
    0.0769,
    0.055400000000000005,
    0.0639,
    0.0638,
    0.06440000000000001,
    0.06680000000000001,
    0.06240000000000001,
    0.06870000000000001,
    0.06180000000000001,
    0.06100000000000001,
    0.06980000000000001,
    0.0568,
    0.057300000000000004,
    0.054799999999999995,
    0.06330000000000001,
    0.0543,
    0.057300000000000004,
    0.057600000000000005,
    0.06400000000000002,
    0.06200000000000001,
    0.06360000000000002,
    0.0623,
    0.06000000000000001,
    0.057300000000000004,
    0.0523,
    0.056100000000000004,
    0.0521,
    0.0551,
    0.05450000000000001,
    0.0541,
    0.054099999999999995,
    0.055700000000000006,
    0.0534,
    0.0551,
    0.051500000000000004,
    0.053200000000000004,
    0.0519,
    0.051000000000000004,
    0.0511,
    0.052000000000000005,
    0.0524,
    0.0501,
    0.0507,
    0.0496,
    0.0511,
    0.0509,
    0.051000000000000004,
    0.0529,
    0.0513
  ]
}