{
  "setting": "setting_26",
  "train_accuracy": [
    0.11361360143442623,
    0.10445184426229508,
    0.10788870389344261,
    0.09503169825819673,
    0.12988377305327867,
    0.12516905737704917,
    0.10295754354508198,
    0.09359983350409835,
    0.08365778688524589,
    0.0666611168032787,
    0.06023917776639345,
    0.052119300717213116,
    0.05475890112704918,
    0.06411469006147541,
    0.06277279713114754,
    0.06269435194672131,
    0.05756211577868852,
    0.06442622950819672,
    0.07253842213114754,
    0.07606749487704918,
    0.0730577612704918,
    0.08247150358606557,
    0.0895139600409836,
    0.09134925717213115,
    0.08117827868852459,
    0.07723136526639345,
    0.08038998463114755,
    0.08952612704918032,
    0.08818871670081967,
    0.09032434682377048,
    0.08787333504098362,
    0.08413646260245901,
    0.08017706198770493,
    0.08550749231557375,
    0.08905961834016395,
    0.08861712346311475,
    0.08650390625,
    0.08747982838114755,
    0.09000736424180328,
    0.08284099641393443,
    0.08230340676229506,
    0.08784772028688526,
    0.09260982325819672,
    0.09418769211065574,
    0.10230276639344263,
    0.10350025614754099,
    0.10477683145491802,
    0.10613185194672131,
    0.10435258709016393,
    0.10489113729508198
  ],
  "test_accuracy": [
    0.0962,
    0.08209999999999999,
    0.1085,
    0.1038,
    0.1366,
    0.1368,
    0.0928,
    0.07709999999999999,
    0.06670000000000001,
    0.0607,
    0.05670000000000001,
    0.057999999999999996,
    0.053000000000000005,
    0.0669,
    0.0671,
    0.055900000000000005,
    0.06020000000000001,
    0.06780000000000001,
    0.06799999999999999,
    0.07070000000000001,
    0.07739999999999998,
    0.07799999999999999,
    0.08279999999999998,
    0.07809999999999999,
    0.08209999999999998,
    0.07579999999999999,
    0.08319999999999998,
    0.0858,
    0.08819999999999999,
    0.0914,
    0.08489999999999999,
    0.0748,
    0.0838,
    0.0881,
    0.08739999999999999,
    0.0891,
    0.08319999999999998,
    0.08979999999999999,
    0.08179999999999998,
    0.07949999999999999,
    0.0798,
    0.0875,
    0.0969,
    0.0987,
    0.1005,
    0.1038,
    0.1004,
    0.10810000000000002,
    0.09919999999999998,
    0.10600000000000001
  ]
}