{
  "setting": "setting_23",
  "train_accuracy": [
    0.06599490033532042,
    0.06527583597242921,
    0.06925649101154992,
    0.08127702356557379,
    0.09089780295268256,
    0.0940146353390462,
    0.09229690992921012,
    0.08455234142138598,
    0.08063631706408346,
    0.06831778013226528,
    0.06693592818554396,
    0.06710659230625932,
    0.06555946698025336,
    0.0653705465257079,
    0.06575812104135619,
    0.06942974571535021,
    0.06943638808681073,
    0.06848169709388972,
    0.06893670244970193,
    0.06738119993479881,
    0.06525563524590164,
    0.06260076494970195,
    0.0631665657600596,
    0.06051777314642325,
    0.062249557563338304,
    0.0596049215257079,
    0.05703563361587184,
    0.05633662444113264,
    0.05644909067622951,
    0.056190672736587184,
    0.057704062267138596,
    0.05637852785022355,
    0.055325866244411326,
    0.05495832363077497,
    0.05360203986587184,
    0.05304177533532042,
    0.05373115569113263,
    0.053910383289865874,
    0.05368914749441133,
    0.056395573304769,
    0.05624855625931446,
    0.05605658532041728,
    0.056859852365871835,
    0.058703352039865875,
    0.0595790622671386,
    0.05897075260804769,
    0.05808794010804769,
    0.05808027314642325,
    0.05821212509314456,
    0.05919923621460507
  ],
  "test_accuracy": [
    0.06179999999999999,
    0.060899999999999996,
    0.0742,
    0.09269999999999999,
    0.0963,
    0.09079999999999999,
    0.08689999999999999,
    0.08499999999999999,
    0.07379999999999999,
    0.06640000000000001,
    0.06360000000000002,
    0.06340000000000001,
    0.06599999999999999,
    0.06400000000000002,
    0.06520000000000001,
    0.0692,
    0.0625,
    0.0684,
    0.06870000000000001,
    0.06260000000000002,
    0.0627,
    0.05910000000000001,
    0.057300000000000004,
    0.05670000000000001,
    0.05820000000000001,
    0.054900000000000004,
    0.0534,
    0.053200000000000004,
    0.0533,
    0.054000000000000006,
    0.0519,
    0.0524,
    0.052500000000000005,
    0.051000000000000004,
    0.0491,
    0.0518,
    0.0491,
    0.0504,
    0.0512,
    0.0511,
    0.054400000000000004,
    0.0523,
    0.053200000000000004,
    0.05700000000000001,
    0.058300000000000005,
    0.05990000000000001,
    0.055499999999999994,
    0.055700000000000006,
    0.05620000000000001,
    0.05820000000000001
  ]
}