{
  "setting": "setting_21",
  "train_accuracy": [
    0.09464907786885245,
    0.10452548668032786,
    0.11243500256147541,
    0.10302446209016392,
    0.14092917520491802,
    0.13914606813524588,
    0.11673571977459016,
    0.1033712218237705,
    0.0981413294057377,
    0.06341988985655737,
    0.058745197233606564,
    0.05996830174180327,
    0.0602875256147541,
    0.06740490522540983,
    0.07286052766393443,
    0.07491739241803279,
    0.07564869364754098,
    0.07499263575819672,
    0.07962858606557377,
    0.07933113473360656,
    0.07609278944672132,
    0.08378105788934427,
    0.0893567494877049,
    0.09038742315573771,
    0.09118852459016394,
    0.08932601178278687,
    0.09949026639344263,
    0.10457319415983607,
    0.10643858862704918,
    0.10794569672131146,
    0.10634701588114753,
    0.10342501280737704,
    0.1009397412909836,
    0.10188172387295083,
    0.1038671875,
    0.10605308657786885,
    0.10718365778688525,
    0.10905673668032786,
    0.1115439293032787,
    0.11083952356557378,
    0.11122182377049182,
    0.11175557120901639,
    0.11292136270491804,
    0.1125118468237705,
    0.11475537909836066,
    0.11643538678278688,
    0.11768890881147541,
    0.11613921618852459,
    0.11807761270491803,
    0.11935835040983606
  ],
  "test_accuracy": [
    0.0938,
    0.0919,
    0.1224,
    0.1145,
    0.1477,
    0.1424,
    0.10700000000000001,
    0.10910000000000002,
    0.07459999999999999,
    0.06660000000000002,
    0.0632,
    0.06310000000000002,
    0.06280000000000001,
    0.0692,
    0.0746,
    0.07699999999999999,
    0.0759,
    0.08259999999999998,
    0.08099999999999999,
    0.07150000000000001,
    0.0836,
    0.08990000000000001,
    0.08759999999999998,
    0.0929,
    0.0872,
    0.10010000000000001,
    0.10290000000000002,
    0.1078,
    0.11000000000000001,
    0.10950000000000001,
    0.1058,
    0.10500000000000001,
    0.1044,
    0.1076,
    0.1103,
    0.11069999999999999,
    0.10910000000000002,
    0.11309999999999998,
    0.11779999999999999,
    0.1145,
    0.11460000000000001,
    0.1166,
    0.1147,
    0.1149,
    0.1155,
    0.11939999999999999,
    0.12089999999999998,
    0.12279999999999999,
    0.11989999999999998,
    0.12090000000000001
  ]
}