{
  "setting": "setting_15",
  "train_accuracy": [
    0.07320551658163266,
    0.07052495216836735,
    0.0675829081632653,
    0.0637336575255102,
    0.06546157525510203,
    0.061722735969387765,
    0.05956074617346939,
    0.057066725127551024,
    0.05752072704081632,
    0.06167928890306123,
    0.0621029974489796,
    0.06258011798469389,
    0.06107820471938776,
    0.06071588010204081,
    0.060239955357142855,
    0.059202806122448985,
    0.05888034119897959,
    0.05828802614795918,
    0.0554671556122449,
    0.05428930165816327,
    0.05379504145408163,
    0.053227439413265305,
    0.0524071269132653,
    0.052425063775510206,
    0.052443399234693884,
    0.05150430484693878,
    0.051495137117346934,
    0.05112125318877551,
    0.05075294961734694,
    0.05099529655612245,
    0.05037906568877551,
    0.050736607142857146,
    0.05113161670918367,
    0.05034159757653061,
    0.050116390306122444,
    0.05002152423469388,
    0.04976163903061225,
    0.049773596938775505,
    0.0506899713010204,
    0.04987603635204081,
    0.05032166772959184,
    0.05095742984693877,
    0.05129823022959184,
    0.04997209821428572,
    0.05024992028061224,
    0.05167849170918368,
    0.05067522321428571,
    0.051405054209183676,
    0.05138711734693878,
    0.051096938775510206
  ],
  "test_accuracy": [
    0.0706,
    0.06180000000000001,
    0.05840000000000001,
    0.06160000000000001,
    0.06000000000000001,
    0.055499999999999994,
    0.0558,
    0.055600000000000004,
    0.055700000000000006,
    0.05870000000000001,
    0.058800000000000005,
    0.057800000000000004,
    0.05850000000000001,
    0.05720000000000001,
    0.0546,
    0.054900000000000004,
    0.053700000000000005,
    0.0533,
    0.052500000000000005,
    0.0492,
    0.0493,
    0.0495,
    0.049,
    0.0498,
    0.0493,
    0.0486,
    0.046799999999999994,
    0.0484,
    0.0474,
    0.0485,
    0.047299999999999995,
    0.049,
    0.0491,
    0.0474,
    0.046799999999999994,
    0.0467,
    0.0487,
    0.0484,
    0.0475,
    0.0479,
    0.047799999999999995,
    0.049,
    0.0494,
    0.0494,
    0.0489,
    0.047099999999999996,
    0.0489,
    0.047599999999999996,
    0.0491,
    0.0498
  ]
}