{
  "setting": "setting_10",
  "train_accuracy": [
    0.073515625,
    0.07100725446428571,
    0.07002989477040816,
    0.06595583545918368,
    0.06710658482142856,
    0.0637173150510204,
    0.062059151785714285,
    0.060173788265306116,
    0.06170001594387755,
    0.06524673150510203,
    0.0660399394132653,
    0.06542849170918368,
    0.06600087691326531,
    0.06382732780612245,
    0.06371452487244898,
    0.06308354591836735,
    0.06291653380102041,
    0.060860570790816325,
    0.059138233418367346,
    0.058695790816326525,
    0.05871532206632653,
    0.05809311224489796,
    0.057045998086734696,
    0.05708545918367348,
    0.0564437181122449,
    0.05631736288265305,
    0.055416135204081625,
    0.05573301977040816,
    0.05571229272959184,
    0.05580994897959183,
    0.05647361288265306,
    0.05590441645408164,
    0.0558219068877551,
    0.05670958227040816,
    0.055437260841836734,
    0.05589245854591837,
    0.05615951849489797,
    0.05614158163265306,
    0.056421396683673464,
    0.05628308354591837,
    0.0564811862244898,
    0.05689572704081632,
    0.05734375,
    0.056987404336734694,
    0.0573210299744898,
    0.05808553890306123,
    0.057877072704081635,
    0.05814732142857142,
    0.05829639668367347,
    0.059002311862244895
  ],
  "test_accuracy": [
    0.07170000000000001,
    0.0627,
    0.06040000000000001,
    0.06280000000000001,
    0.0639,
    0.05840000000000001,
    0.05840000000000001,
    0.05970000000000001,
    0.06000000000000001,
    0.06240000000000001,
    0.06159999999999999,
    0.06360000000000002,
    0.0629,
    0.061,
    0.060399999999999995,
    0.06040000000000001,
    0.058300000000000005,
    0.05750000000000001,
    0.05600000000000001,
    0.054200000000000005,
    0.05369999999999999,
    0.0529,
    0.0541,
    0.054099999999999995,
    0.054799999999999995,
    0.053500000000000006,
    0.0501,
    0.0529,
    0.052700000000000004,
    0.0526,
    0.053000000000000005,
    0.053599999999999995,
    0.053200000000000004,
    0.0512,
    0.0521,
    0.0517,
    0.053700000000000005,
    0.0528,
    0.0546,
    0.0541,
    0.055200000000000006,
    0.054900000000000004,
    0.0553,
    0.056100000000000004,
    0.0563,
    0.0558,
    0.056100000000000004,
    0.0548,
    0.055400000000000005,
    0.05600000000000001
  ]
}