{
  "setting": "setting_17",
  "train_accuracy": [
    0.08652276400862069,
    0.08315396012931034,
    0.10193561422413794,
    0.07833041487068966,
    0.07227572737068966,
    0.07047885237068967,
    0.05986664870689656,
    0.05080145474137931,
    0.054670662715517244,
    0.07065126616379311,
    0.10431169181034484,
    0.09938173491379311,
    0.08353246228448276,
    0.07561557112068966,
    0.08294517780172414,
    0.07515490301724138,
    0.07438510237068967,
    0.0811786099137931,
    0.07591729525862069,
    0.07375067349137931,
    0.0669861260775862,
    0.06512594288793103,
    0.06551050646551725,
    0.06367254849137932,
    0.06574084051724138,
    0.06655374461206896,
    0.07445649245689656,
    0.0805206088362069,
    0.08881330818965517,
    0.09908405172413794,
    0.10142443426724139,
    0.10758485991379312,
    0.11347252155172415,
    0.11927060883620691,
    0.12294046336206897,
    0.12598531788793102,
    0.1256755118534483,
    0.1335162984913793,
    0.13710735452586206,
    0.1346033135775862,
    0.13337823275862068,
    0.13163860452586207,
    0.13155441810344828,
    0.1294975754310345,
    0.12518453663793103,
    0.12395541487068965,
    0.1252673760775862,
    0.11907799030172414,
    0.1195379849137931,
    0.1195238415948276
  ],
  "test_accuracy": [
    0.08439999999999999,
    0.08109999999999998,
    0.1059,
    0.05840000000000001,
    0.0779,
    0.05910000000000001,
    0.055400000000000005,
    0.0474,
    0.0627,
    0.0995,
    0.1015,
    0.08789999999999999,
    0.06250000000000001,
    0.08149999999999999,
    0.0866,
    0.0728,
    0.0752,
    0.07370000000000002,
    0.07680000000000001,
    0.0683,
    0.06080000000000001,
    0.0633,
    0.0621,
    0.0601,
    0.06380000000000001,
    0.0685,
    0.07949999999999999,
    0.0818,
    0.09419999999999999,
    0.0984,
    0.1018,
    0.10710000000000001,
    0.11349999999999998,
    0.12119999999999997,
    0.1213,
    0.1258,
    0.1317,
    0.1317,
    0.1375,
    0.13440000000000002,
    0.12869999999999998,
    0.1344,
    0.12960000000000002,
    0.12390000000000001,
    0.1265,
    0.1288,
    0.12189999999999998,
    0.11339999999999999,
    0.126,
    0.11739999999999999
  ]
}