{
  "setting": "setting_25",
  "train_accuracy": [
    0.07409119897959184,
    0.07076530612244898,
    0.0665625,
    0.06423070790816326,
    0.06465959821428571,
    0.060523756377551016,
    0.05832310267857142,
    0.05491151147959183,
    0.05574976084183673,
    0.059565529336734695,
    0.06158721301020408,
    0.06118183992346939,
    0.060628985969387754,
    0.059344706632653066,
    0.058872767857142856,
    0.058313934948979594,
    0.0574952168367347,
    0.055441645408163265,
    0.05342713647959184,
    0.053331074617346944,
    0.05267020089285715,
    0.05129982461734693,
    0.05104910714285713,
    0.050443638392857135,
    0.04981863839285714,
    0.049528459821428575,
    0.04894451530612245,
    0.04937699298469387,
    0.04926578443877551,
    0.048510044642857145,
    0.04723772321428571,
    0.048394850127551015,
    0.048559869260204086,
    0.04792889030612244,
    0.048073182397959185,
    0.04816326530612245,
    0.047835618622448985,
    0.047583705357142854,
    0.047807318239795914,
    0.04771404655612245,
    0.04870854591836734,
    0.048819754464285714,
    0.04871452487244898,
    0.04902104591836734,
    0.04862284757653061,
    0.05021962691326531,
    0.047485650510204085,
    0.04919084821428571,
    0.04866191007653061,
    0.049016661352040816
  ],
  "test_accuracy": [
    0.0695,
    0.06179999999999999,
    0.05920000000000001,
    0.06100000000000001,
    0.05939999999999999,
    0.053000000000000005,
    0.05489999999999999,
    0.0534,
    0.05489999999999999,
    0.058100000000000006,
    0.05850000000000001,
    0.05700000000000001,
    0.05820000000000001,
    0.05550000000000001,
    0.053000000000000005,
    0.054000000000000006,
    0.0509,
    0.0509,
    0.0508,
    0.047299999999999995,
    0.0462,
    0.047799999999999995,
    0.047099999999999996,
    0.0482,
    0.0469,
    0.047799999999999995,
    0.045,
    0.045799999999999993,
    0.045,
    0.044599999999999994,
    0.0445,
    0.046099999999999995,
    0.045799999999999993,
    0.0443,
    0.045,
    0.04409999999999999,
    0.045899999999999996,
    0.046299999999999994,
    0.044899999999999995,
    0.044899999999999995,
    0.045099999999999994,
    0.046299999999999994,
    0.045399999999999996,
    0.0464,
    0.0479,
    0.0447,
    0.0457,
    0.044899999999999995,
    0.045599999999999995,
    0.046
  ]
}