{
  "setting": "setting_1",
  "train_accuracy": [
    0.11580882352941177,
    0.17481218030690537,
    0.18072650255754474,
    0.1906569693094629,
    0.19507273017902813,
    0.19659127237851662,
    0.19609175191815856,
    0.20316496163682865,
    0.2023257672634271,
    0.21239609974424553,
    0.21285565856777494,
    0.20847985933503838,
    0.21185661764705882,
    0.21433423913043478,
    0.2203484654731458,
    0.22274616368286446,
    0.22921994884910485,
    0.23309622762148338,
    0.24186780690537085,
    0.24822170716112532,
    0.2523976982097187,
    0.24880115089514065,
    0.25641384271099743,
    0.2599904092071611,
    0.2658248081841432,
    0.26920156649616367,
    0.27535565856777494,
    0.2765944693094629,
    0.2762947570332481,
    0.28039082480818417,
    0.2844868925831202,
    0.28408727621483376,
    0.2898417519181586,
    0.29177989130434784,
    0.2913003516624041,
    0.29439737851662406,
    0.2930386828644501,
    0.2936780690537084,
    0.2955163043478261,
    0.2977541560102302,
    0.3005714514066496,
    0.30141064578005117,
    0.30248960997442453,
    0.3044077685421995,
    0.30434782608695654,
    0.3055866368286445,
    0.3061860613810742,
    0.3067655051150895,
    0.3086437020460358,
    0.30972266624040923
  ],
  "test_accuracy": [
    0.1688,
    0.1825,
    0.18639999999999998,
    0.199,
    0.20380000000000004,
    0.1973,
    0.20140000000000002,
    0.2045,
    0.21430000000000002,
    0.2145,
    0.21190000000000003,
    0.213,
    0.21949999999999997,
    0.2253,
    0.22490000000000002,
    0.2339,
    0.2298,
    0.2447,
    0.25149999999999995,
    0.25969999999999993,
    0.25730000000000003,
    0.2587,
    0.264,
    0.27369999999999994,
    0.278,
    0.284,
    0.28550000000000003,
    0.2887,
    0.28670000000000007,
    0.29029999999999995,
    0.2976,
    0.2974,
    0.302,
    0.2995,
    0.29900000000000004,
    0.30399999999999994,
    0.2963,
    0.2973,
    0.3077,
    0.30410000000000004,
    0.3108,
    0.3153,
    0.3096,
    0.3176,
    0.3141,
    0.31379999999999997,
    0.3153,
    0.31570000000000004,
    0.3164,
    0.3141999999999999
  ]
}