{
  "setting": "setting_9",
  "train_accuracy": [
    0.17412137846209913,
    0.2317698842930029,
    0.273789593962585,
    0.286398543792517,
    0.2746105138483965,
    0.26313756529397475,
    0.254957786686103,
    0.2547860103862974,
    0.2483866314382896,
    0.2519635644436346,
    0.2520110164601555,
    0.25813327563168126,
    0.2587359162414966,
    0.260367316569485,
    0.2635295189504373,
    0.2656088663143829,
    0.264521266095724,
    0.2684370064990282,
    0.2708001169217687,
    0.2665009642249757,
    0.274264114127794,
    0.27807356201409134,
    0.2770305666909621,
    0.28698410167638483,
    0.29458876184402333,
    0.302884323372206,
    0.3074852708940719,
    0.30496556881681247,
    0.29814576500242956,
    0.302577783345481,
    0.3020387284378037,
    0.3114902210884354,
    0.31324120049805637,
    0.3173030931122449,
    0.3235800458576288,
    0.322329210702138,
    0.3291509125971817,
    0.3314751123663751,
    0.32890985635325565,
    0.32734773596938777,
    0.3390797725340136,
    0.3477350203474247,
    0.3482456040451895,
    0.35013609238338195,
    0.3497431896865889,
    0.35647947795189505,
    0.36514042000728864,
    0.37408987032312924,
    0.37765066964285715,
    0.3837397124028183
  ],
  "test_accuracy": [
    0.20500000000000002,
    0.25249999999999995,
    0.2903,
    0.29579999999999995,
    0.26369999999999993,
    0.2624,
    0.2504,
    0.2632,
    0.2412,
    0.2549,
    0.25739999999999996,
    0.258,
    0.2608,
    0.2593,
    0.2760000000000001,
    0.2662,
    0.2665,
    0.26960000000000006,
    0.27159999999999995,
    0.2714,
    0.27969999999999995,
    0.28659999999999997,
    0.28290000000000004,
    0.29490000000000005,
    0.3041,
    0.30429999999999996,
    0.3105,
    0.3117,
    0.3023,
    0.3044,
    0.3052,
    0.3179,
    0.3164,
    0.31529999999999997,
    0.3309,
    0.3212,
    0.33290000000000003,
    0.33299999999999996,
    0.3348,
    0.3348,
    0.34809999999999997,
    0.354,
    0.357,
    0.34959999999999997,
    0.35740000000000005,
    0.3569,
    0.38239999999999996,
    0.3867,
    0.3832,
    0.3982
  ]
}