{
  "setting": "setting_3",
  "train_accuracy": [
    0.14517299107142856,
    0.1890625,
    0.21554926658163265,
    0.23105070153061225,
    0.24732142857142858,
    0.2641860650510204,
    0.26845902423469387,
    0.2621014030612245,
    0.2746811224489796,
    0.2731186224489796,
    0.28071588010204085,
    0.2841757015306122,
    0.28151307397959185,
    0.2946906887755102,
    0.2868582589285714,
    0.2775031887755102,
    0.2795280612244898,
    0.28073979591836734,
    0.282242506377551,
    0.2815768494897959,
    0.28348214285714285,
    0.29172911352040815,
    0.29178890306122446,
    0.2885841836734694,
    0.2904416454081633,
    0.2958466198979592,
    0.2936463647959184,
    0.2883450255102041,
    0.28770727040816324,
    0.2935068558673469,
    0.3007732780612245,
    0.30672433035714286,
    0.3138990752551021,
    0.3180683992346939,
    0.32289540816326534,
    0.32742745535714285,
    0.3345224808673469,
    0.33264907525510207,
    0.34443558673469393,
    0.35067362882653064,
    0.3470982142857143,
    0.349984056122449,
    0.34649633290816323,
    0.3522241709183674,
    0.3535196109693878,
    0.3559948979591837,
    0.3606265943877551,
    0.3609095982142857,
    0.3726124043367347,
    0.37720025510204086
  ],
  "test_accuracy": [
    0.1774,
    0.21380000000000005,
    0.22210000000000002,
    0.2347,
    0.25810000000000005,
    0.2724,
    0.2543,
    0.2786,
    0.2781,
    0.277,
    0.2841,
    0.2769,
    0.29300000000000004,
    0.29250000000000004,
    0.2867,
    0.2792,
    0.28590000000000004,
    0.28280000000000005,
    0.2877,
    0.2798999999999999,
    0.2893,
    0.2976,
    0.29019999999999996,
    0.29059999999999997,
    0.2981,
    0.30810000000000004,
    0.2886,
    0.2914,
    0.29100000000000004,
    0.30419999999999997,
    0.29710000000000003,
    0.3209,
    0.31880000000000003,
    0.31989999999999996,
    0.32799999999999996,
    0.33629999999999993,
    0.3354,
    0.34500000000000003,
    0.3467,
    0.35009999999999997,
    0.35660000000000003,
    0.3577,
    0.3444,
    0.35069999999999996,
    0.3623,
    0.3675,
    0.36330000000000007,
    0.37239999999999995,
    0.3797,
    0.38
  ]
}