{
  "setting": "setting_15",
  "train_accuracy": [
    0.2035397664372353,
    0.27779837613111286,
    0.2914168541827108,
    0.2928014144926839,
    0.2708041279601463,
    0.2469909691470928,
    0.22399042164035426,
    0.20650028879476318,
    0.20142569852233347,
    0.20013364278494417,
    0.19846141581632654,
    0.1989453726655757,
    0.19513877190026957,
    0.1934105157393146,
    0.19174167308432807,
    0.19386250962649212,
    0.1938061043993069,
    0.19466233574797845,
    0.20020433733634962,
    0.20115269722275703,
    0.1996147146948402,
    0.2050502984212553,
    0.2086670015883712,
    0.20881327914420486,
    0.20622615939064307,
    0.20960445646418946,
    0.21612076434347324,
    0.2135212354399307,
    0.2234515637033115,
    0.22750033091066615,
    0.225921736619176,
    0.23019687680496725,
    0.23477134072968808,
    0.23528801261070467,
    0.23549520781189837,
    0.24079654709761264,
    0.2519004801212938,
    0.2568449623363496,
    0.2597317818636889,
    0.2629818510541009,
    0.26004727510107817,
    0.2640230915479399,
    0.2697121227618406,
    0.27179347564497497,
    0.27216236583076625,
    0.27833234561513287,
    0.28432220470735464,
    0.2988920509241432,
    0.3077495517664613,
    0.30979518133904504
  ],
  "test_accuracy": [
    0.25820000000000004,
    0.2892,
    0.3064,
    0.28569999999999995,
    0.2612,
    0.23809999999999998,
    0.2138,
    0.2084,
    0.1996,
    0.2022,
    0.1998,
    0.19590000000000002,
    0.2008,
    0.19140000000000001,
    0.1965,
    0.19760000000000003,
    0.2021,
    0.19329999999999997,
    0.20550000000000002,
    0.2063,
    0.20060000000000003,
    0.20740000000000003,
    0.2142,
    0.2182,
    0.21949999999999997,
    0.21679999999999996,
    0.2252,
    0.2178,
    0.22890000000000002,
    0.24120000000000003,
    0.23479999999999998,
    0.24179999999999996,
    0.242,
    0.2454,
    0.24090000000000003,
    0.24069999999999997,
    0.2613,
    0.2644,
    0.269,
    0.26979999999999993,
    0.2585,
    0.2705,
    0.27530000000000004,
    0.2812,
    0.2771,
    0.29109999999999997,
    0.2899,
    0.3039,
    0.3079,
    0.31179999999999997
  ]
}