{
  "setting": "setting_2",
  "train_accuracy": [
    0.13439098465473145,
    0.17818494245524294,
    0.1873441496163683,
    0.19819773017902811,
    0.20331281969309462,
    0.21614450127877238,
    0.22876438618925832,
    0.23387547953964194,
    0.2369725063938619,
    0.2288802749360614,
    0.22781329923273658,
    0.2225503516624041,
    0.22845668158567772,
    0.22225063938618927,
    0.2219549232736573,
    0.22649856138107416,
    0.22532368925831203,
    0.22890425191815858,
    0.22838075447570333,
    0.22949168797953964,
    0.23422714194373404,
    0.2336796675191816,
    0.23837116368286446,
    0.24207161125319696,
    0.2507392902813299,
    0.2609734654731458,
    0.2642822890025575,
    0.26456601662404094,
    0.2613970588235294,
    0.26596467391304346,
    0.26512547953964194,
    0.26833040281329923,
    0.27285805626598464,
    0.2732217071611253,
    0.2735973465473146,
    0.27444053708439897,
    0.2813299232736573,
    0.27555147058823526,
    0.27632273017902814,
    0.2806465792838875,
    0.28093829923273655,
    0.2796635230179028,
    0.28200527493606137,
    0.2918358375959079,
    0.2962356138107417,
    0.29824168797953965,
    0.30294916879795397,
    0.30809622762148337,
    0.3076086956521739,
    0.30968270460358055
  ],
  "test_accuracy": [
    0.1774,
    0.186,
    0.1997,
    0.2023,
    0.2121,
    0.22669999999999998,
    0.22999999999999998,
    0.2459,
    0.24609999999999999,
    0.23370000000000002,
    0.2351,
    0.2286,
    0.22990000000000005,
    0.22380000000000005,
    0.22699999999999995,
    0.2246,
    0.22440000000000002,
    0.2353,
    0.22990000000000005,
    0.24500000000000002,
    0.2385,
    0.2383,
    0.2452,
    0.244,
    0.2542,
    0.26680000000000004,
    0.2641,
    0.26739999999999997,
    0.2676,
    0.2681,
    0.2714,
    0.2715000000000001,
    0.27880000000000005,
    0.27569999999999995,
    0.2767,
    0.279,
    0.2822,
    0.28240000000000004,
    0.27949999999999997,
    0.2859,
    0.28629999999999994,
    0.28500000000000003,
    0.2969,
    0.2995,
    0.30589999999999995,
    0.3049,
    0.3139,
    0.31440000000000007,
    0.3164,
    0.3154
  ]
}