{
  "setting": "setting_4",
  "train_accuracy": [
    0.18164916636297374,
    0.2409822187803693,
    0.23907369867589892,
    0.22141965044946552,
    0.22497475552721088,
    0.22146900054664723,
    0.2226249316690962,
    0.2273853179664723,
    0.22227093962585032,
    0.22620471179543244,
    0.22927106110301262,
    0.22975317359086492,
    0.21861523627308066,
    0.21607845146987367,
    0.21114723791302234,
    0.2115278030855199,
    0.21701895043731778,
    0.22949598366132168,
    0.2458773688046647,
    0.24385591290087463,
    0.2479339392006803,
    0.2507905505952381,
    0.25254912232750243,
    0.26319071155247814,
    0.26405433825315844,
    0.2697144147837707,
    0.26969923013848396,
    0.2691336021015549,
    0.2798017644557823,
    0.2808931608357629,
    0.28896949404761907,
    0.2911636752915452,
    0.2914284575437318,
    0.2978411230563654,
    0.3045764622813411,
    0.30482795796890183,
    0.3014977754494655,
    0.3056450816933916,
    0.3074416150388727,
    0.30783261965500486,
    0.31707247631195334,
    0.32488782343294464,
    0.32654579689018465,
    0.33540888453595724,
    0.3408801020408163,
    0.34191740312196306,
    0.345564565111759,
    0.3618984982385811,
    0.37155023839893103,
    0.3746877657312925
  ],
  "test_accuracy": [
    0.23170000000000002,
    0.25440000000000007,
    0.227,
    0.21910000000000002,
    0.2283,
    0.21139999999999998,
    0.22920000000000001,
    0.221,
    0.22069999999999998,
    0.22480000000000003,
    0.23090000000000002,
    0.23240000000000002,
    0.21680000000000002,
    0.22129999999999997,
    0.21349999999999997,
    0.22610000000000002,
    0.22119999999999998,
    0.2427,
    0.2518,
    0.2472,
    0.2565,
    0.26260000000000006,
    0.25789999999999996,
    0.271,
    0.27399999999999997,
    0.2787,
    0.26849999999999996,
    0.28600000000000003,
    0.29079999999999995,
    0.28700000000000003,
    0.30019999999999997,
    0.2994,
    0.30019999999999997,
    0.3009,
    0.3114,
    0.3123,
    0.3029,
    0.3105,
    0.317,
    0.3125,
    0.32999999999999996,
    0.32639999999999997,
    0.3387,
    0.3433,
    0.3477,
    0.3467,
    0.3579,
    0.3706,
    0.3734,
    0.3918
  ]
}