{
  "setting": "setting_29",
  "train_accuracy": [
    0.10957999271137027,
    0.1000335960276968,
    0.10002505466472304,
    0.09999373633381925,
    0.10006681243926141,
    0.09997285744655005,
    0.09995197855928085,
    0.09995197855928085,
    0.09999373633381925,
    0.09995197855928085,
    0.09997285744655005,
    0.09999373633381925,
    0.10005637299562682,
    0.09992066022837706,
    0.09995197855928085,
    0.10003549410835763,
    0.10017595207725948,
    0.10007440476190475,
    0.1008089619776482,
    0.10079757349368319,
    0.10072354834791059,
    0.10092189777696793,
    0.1027250744047619,
    0.10264155885568513,
    0.10365038872691934,
    0.10366936953352769,
    0.10805013969873663,
    0.11427489522594753,
    0.11023957574101069,
    0.11256757167152576,
    0.11236637512147717,
    0.11563581905976676,
    0.13163284286929058,
    0.14711738490038873,
    0.14294825072886297,
    0.14323201378765793,
    0.15513867377308066,
    0.174879661686103,
    0.2236109845724004,
    0.2396602056000972,
    0.23390807215743442,
    0.24116728164480075,
    0.24222261449222546,
    0.2405798256802721,
    0.24410171434645286,
    0.24312989704810495,
    0.24668879828717202,
    0.2488545083211856,
    0.2512204658649174,
    0.2520233539844509
  ],
  "test_accuracy": [
    0.1,
    0.1,
    0.1,
    0.1,
    0.1,
    0.1,
    0.1,
    0.1,
    0.1,
    0.1,
    0.1,
    0.1,
    0.1,
    0.1,
    0.1,
    0.10010000000000001,
    0.1,
    0.1,
    0.1002,
    0.10130000000000002,
    0.1006,
    0.10190000000000002,
    0.1014,
    0.1024,
    0.1055,
    0.1044,
    0.10910000000000002,
    0.11389999999999997,
    0.10880000000000001,
    0.1157,
    0.1133,
    0.12269999999999999,
    0.1436,
    0.1491,
    0.1323,
    0.158,
    0.1511,
    0.21000000000000002,
    0.23369999999999996,
    0.23610000000000003,
    0.23140000000000005,
    0.2444,
    0.2454,
    0.23889999999999997,
    0.24200000000000005,
    0.2413,
    0.2435,
    0.24280000000000004,
    0.2504,
    0.2581
  ]
}