{
  "setting": "setting_26",
  "train_accuracy": [
    0.10575847186700767,
    0.11590872762148338,
    0.14625959079283887,
    0.15599024936061381,
    0.15233375959079284,
    0.15744884910485935,
    0.16534127237851662,
    0.17047634271099743,
    0.1707960358056266,
    0.17111572890025575,
    0.19627157928388747,
    0.2054427749360614,
    0.20072730179028134,
    0.18859894501278773,
    0.18538203324808183,
    0.1764506074168798,
    0.1753716432225064,
    0.18060661764705882,
    0.18572170716112532,
    0.18636109335038364,
    0.19842950767263426,
    0.19519261508951408,
    0.18961796675191817,
    0.18438299232736574,
    0.18270460358056265,
    0.20134670716112532,
    0.2077006074168798,
    0.2031050191815857,
    0.20534287084398978,
    0.20354459718670076,
    0.21203644501278773,
    0.2144341432225064,
    0.21617247442455242,
    0.21145700127877237,
    0.22274616368286446,
    0.22158727621483376,
    0.22532368925831203,
    0.2249440537084399,
    0.22534367007672634,
    0.22138746803069054,
    0.22556345907928388,
    0.22302589514066495,
    0.22420476342711,
    0.22834079283887468,
    0.2274616368286445,
    0.22910006393861893,
    0.22866048593350383,
    0.2231457800511509,
    0.2254835358056266,
    0.2320372442455243
  ],
  "test_accuracy": [
    0.12079999999999999,
    0.12009999999999998,
    0.1699,
    0.1398,
    0.17760000000000004,
    0.1662,
    0.1677,
    0.17270000000000002,
    0.1688,
    0.19580000000000003,
    0.2041,
    0.2117,
    0.2111,
    0.19119999999999998,
    0.1882,
    0.18560000000000001,
    0.17750000000000002,
    0.1786,
    0.1941,
    0.1993,
    0.2028,
    0.1999,
    0.1904,
    0.1895,
    0.2,
    0.21139999999999998,
    0.2169,
    0.20940000000000003,
    0.21000000000000002,
    0.2065,
    0.20789999999999997,
    0.21740000000000004,
    0.2132,
    0.2253,
    0.22540000000000004,
    0.22080000000000002,
    0.22269999999999998,
    0.2279,
    0.22280000000000003,
    0.2304,
    0.2326,
    0.2292,
    0.22810000000000002,
    0.24209999999999998,
    0.2366,
    0.2299,
    0.23679999999999998,
    0.2287,
    0.23959999999999998,
    0.23769999999999997
  ]
}