{
  "setting": "setting_6",
  "train_accuracy": [
    0.11447010869565218,
    0.17131553708439898,
    0.18098625319693096,
    0.18484255115089515,
    0.18951806265984655,
    0.19393382352941177,
    0.20144661125319693,
    0.20676150895140666,
    0.21293558184143221,
    0.22068813938618925,
    0.22470428388746802,
    0.22616288363171355,
    0.23301630434782608,
    0.23881074168797953,
    0.24360613810741688,
    0.25209798593350385,
    0.2555946291560102,
    0.2608895460358056,
    0.26746323529411764,
    0.27391703964194375,
    0.27777333759590794,
    0.27889226342711,
    0.28252877237851665,
    0.28804347826086957,
    0.2889825767263427,
    0.2948968989769821,
    0.29631553708439895,
    0.29899296675191817,
    0.30520700127877237,
    0.30742487212276215,
    0.31060182225063937,
    0.3131993286445013,
    0.3119605179028133,
    0.3140585038363171,
    0.31675591432225064,
    0.31665601023017903,
    0.3195332480818414,
    0.32055226982097185,
    0.3209718670076726,
    0.3211117327365729,
    0.3240089514066496,
    0.32564737851662406,
    0.3256074168797954,
    0.32618686061381075,
    0.3290041560102302,
    0.32846467391304346,
    0.33014306265984655,
    0.3305626598465473,
    0.33158168158567775,
    0.33302030051150894
  ],
  "test_accuracy": [
    0.1656,
    0.1836,
    0.18580000000000002,
    0.19370000000000004,
    0.1941,
    0.2008,
    0.20549999999999996,
    0.2112,
    0.2219,
    0.22480000000000003,
    0.22929999999999998,
    0.2385,
    0.2323,
    0.2468,
    0.2519,
    0.2592,
    0.2671,
    0.27149999999999996,
    0.27870000000000006,
    0.2835,
    0.2851,
    0.2934,
    0.2938,
    0.2954,
    0.30219999999999997,
    0.2982,
    0.3128,
    0.3169,
    0.3134,
    0.31640000000000007,
    0.3158,
    0.32589999999999997,
    0.3226,
    0.3209000000000001,
    0.3298,
    0.33340000000000003,
    0.32580000000000003,
    0.3309,
    0.33349999999999996,
    0.32930000000000004,
    0.3336,
    0.33840000000000003,
    0.33659999999999995,
    0.33880000000000005,
    0.33829999999999993,
    0.33920000000000006,
    0.34309999999999996,
    0.33680000000000004,
    0.34229999999999994,
    0.3397
  ]
}