{
  "setting": "setting_21",
  "train_accuracy": [
    0.10947490409207161,
    0.14078484654731457,
    0.1591272378516624,
    0.1614649936061381,
    0.15597026854219948,
    0.17832880434782608,
    0.18296435421994886,
    0.19105658567774936,
    0.19992806905370844,
    0.19940856777493607,
    0.20792039641943735,
    0.21425431585677748,
    0.21807065217391305,
    0.22380514705882354,
    0.22324568414322252,
    0.2218070652173913,
    0.21617247442455242,
    0.21697170716112532,
    0.21775095907928388,
    0.2230458759590793,
    0.2359734654731458,
    0.23735214194373402,
    0.236792679028133,
    0.23966991687979539,
    0.24122842071611253,
    0.24430546675191817,
    0.24474504475703324,
    0.25093909846547313,
    0.24734255115089515,
    0.2461437020460358,
    0.25431585677749363,
    0.25641384271099743,
    0.257872442455243,
    0.25913123401534527,
    0.2657249040920716,
    0.2684822570332481,
    0.2688219309462916,
    0.27123960997442453,
    0.27257832480818417,
    0.2772338554987212,
    0.27481617647058826,
    0.27699408567774936,
    0.27701406649616367,
    0.27673433503836314,
    0.27775335677749363,
    0.2766743925831202,
    0.2805306905370844,
    0.2805506713554987,
    0.27921195652173914,
    0.2818893861892583
  ],
  "test_accuracy": [
    0.1254,
    0.1396,
    0.16749999999999998,
    0.1572,
    0.181,
    0.181,
    0.1916,
    0.20329999999999998,
    0.19870000000000002,
    0.2102,
    0.21509999999999999,
    0.2277,
    0.2277,
    0.22399999999999998,
    0.22290000000000001,
    0.2234,
    0.21869999999999998,
    0.2191,
    0.22790000000000005,
    0.2366,
    0.2452,
    0.23819999999999997,
    0.2435,
    0.2523,
    0.2524,
    0.2474,
    0.2545,
    0.24769999999999998,
    0.2586,
    0.25440000000000007,
    0.2626,
    0.2683,
    0.26019999999999993,
    0.2672,
    0.26720000000000005,
    0.2729,
    0.2698,
    0.2792,
    0.27959999999999996,
    0.2797,
    0.2821,
    0.2832,
    0.28060000000000007,
    0.28219999999999995,
    0.28500000000000003,
    0.2805,
    0.2863,
    0.2874,
    0.28509999999999996,
    0.2874
  ]
}