{
  "setting": "setting_22",
  "train_accuracy": [
    0.10743286445012788,
    0.12486812659846547,
    0.1329923273657289,
    0.13387547953964193,
    0.14046914961636828,
    0.13654891304347827,
    0.12175511508951407,
    0.11289162404092072,
    0.10147858056265985,
    0.10054347826086957,
    0.10020380434782608,
    0.10003196930946291,
    0.09992806905370843,
    0.0999880115089514,
    0.10024376598465473,
    0.10016384271099744,
    0.10007592710997443,
    0.10039961636828645,
    0.10167039641943733,
    0.10330882352941176,
    0.10425191815856778,
    0.10593430306905371,
    0.10623401534526855,
    0.10630994245524297,
    0.10949088874680307,
    0.1162763746803069,
    0.11479779411764705,
    0.12243845907928388,
    0.1390185421994885,
    0.1767343350383632,
    0.20374840153452686,
    0.24183184143222508,
    0.26707161125319695,
    0.2809023337595908,
    0.28439098465473145,
    0.28203324808184144,
    0.2872522378516624,
    0.2870724104859335,
    0.29108056265984655,
    0.2851542519181586,
    0.2930666560102302,
    0.2949968030690537,
    0.29772618286445013,
    0.29980818414322247,
    0.2971027813299233,
    0.2975743286445013,
    0.29662324168797954,
    0.3013586956521739,
    0.30329283887468034,
    0.3020220588235294
  ],
  "test_accuracy": [
    0.11630000000000003,
    0.1493,
    0.11840000000000002,
    0.14220000000000002,
    0.14279999999999998,
    0.129,
    0.1271,
    0.10330000000000002,
    0.1008,
    0.10010000000000001,
    0.10030000000000001,
    0.1,
    0.1,
    0.1,
    0.1004,
    0.1,
    0.1002,
    0.1006,
    0.10170000000000001,
    0.10369999999999999,
    0.10500000000000001,
    0.1079,
    0.1069,
    0.10740000000000001,
    0.12,
    0.1089,
    0.12919999999999998,
    0.12050000000000001,
    0.1698,
    0.1827,
    0.23409999999999997,
    0.2517,
    0.2791,
    0.2903,
    0.28989999999999994,
    0.2884,
    0.29059999999999997,
    0.2927,
    0.2996,
    0.2911,
    0.3007,
    0.29789999999999994,
    0.30119999999999997,
    0.3016,
    0.3059,
    0.29510000000000003,
    0.2967,
    0.30179999999999996,
    0.3024,
    0.3016
  ]
}