{
  "setting": "setting_24",
  "train_accuracy": [
    0.13597280430029154,
    0.13682219539601556,
    0.10092854105928085,
    0.09989978134110787,
    0.10005637299562682,
    0.09998329689018465,
    0.1000981307701652,
    0.10000417577745384,
    0.09997285744655005,
    0.09994153911564627,
    0.09996241800291544,
    0.1001190096574344,
    0.10000417577745384,
    0.10008769132653061,
    0.10004593355199222,
    0.09993109967201165,
    0.1000127171404276,
    0.10019778000485909,
    0.10037050534499514,
    0.10058024325801748,
    0.10140875546647231,
    0.1031711233600583,
    0.10494487973760933,
    0.10540136813654033,
    0.10542509414480078,
    0.10839274325801748,
    0.11384592899659864,
    0.12242999878522838,
    0.1233439246234208,
    0.12414206754130223,
    0.1342132835276968,
    0.16276705994897958,
    0.1817535607993197,
    0.22065092778182702,
    0.23818254980563652,
    0.25256051081146746,
    0.2919570730077745,
    0.3116012588070943,
    0.3155929224368319,
    0.31845143191205055,
    0.32139345693634597,
    0.3254876169217687,
    0.3240232476919339,
    0.3237878856899903,
    0.326437606292517,
    0.32969281462585037,
    0.3313137755102041,
    0.3342425139698737,
    0.33792763757288624,
    0.3321536762026239
  ],
  "test_accuracy": [
    0.1307,
    0.1068,
    0.09999999999999999,
    0.09999999999999999,
    0.09999999999999999,
    0.09999999999999999,
    0.09999999999999999,
    0.09999999999999999,
    0.09999999999999999,
    0.09999999999999999,
    0.09999999999999999,
    0.09999999999999999,
    0.09999999999999999,
    0.09999999999999999,
    0.09999999999999999,
    0.09999999999999999,
    0.09999999999999999,
    0.10029999999999999,
    0.10070000000000001,
    0.10130000000000002,
    0.1011,
    0.1042,
    0.1066,
    0.1049,
    0.10819999999999999,
    0.10869999999999999,
    0.11780000000000002,
    0.1269,
    0.1197,
    0.12430000000000001,
    0.14859999999999998,
    0.17059999999999997,
    0.1994,
    0.2313,
    0.23290000000000002,
    0.2732,
    0.3053,
    0.3219,
    0.32539999999999997,
    0.3191,
    0.3196,
    0.3269,
    0.33390000000000003,
    0.3276,
    0.3311,
    0.33070000000000005,
    0.3375,
    0.33199999999999996,
    0.3356,
    0.3363
  ]
}