{
  "setting": "setting_28",
  "train_accuracy": [
    0.11063456632653061,
    0.09994021045918368,
    0.10004384566326531,
    0.09995615433673469,
    0.09986846301020408,
    0.1,
    0.1,
    0.10017538265306122,
    0.10017538265306122,
    0.1,
    0.10013153698979592,
    0.10004384566326531,
    0.09986846301020408,
    0.10008769132653061,
    0.1001953125,
    0.10010762117346939,
    0.09995216836734694,
    0.1004185267857143,
    0.10023118622448979,
    0.10048230229591837,
    0.1005859375,
    0.10037468112244897,
    0.1005939094387755,
    0.10086894132653061,
    0.10079719387755103,
    0.1024952168367347,
    0.10387037627551021,
    0.10493064413265306,
    0.10947464923469388,
    0.11431361607142858,
    0.11760602678571429,
    0.11526227678571428,
    0.1192562181122449,
    0.13337850765306122,
    0.1448341836734694,
    0.1451530612244898,
    0.1444435586734694,
    0.15055803571428572,
    0.15466757015306123,
    0.16969467474489797,
    0.2010841836734694,
    0.23803810586734692,
    0.24765625,
    0.252750318877551,
    0.25736607142857143,
    0.25035873724489793,
    0.25550860969387756,
    0.25693160076530613,
    0.2609972895408163,
    0.2598413584183673
  ],
  "test_accuracy": [
    0.1004,
    0.1,
    0.1,
    0.1,
    0.1,
    0.1,
    0.1,
    0.1,
    0.1,
    0.1,
    0.1,
    0.1,
    0.1,
    0.1,
    0.1,
    0.10010000000000001,
    0.10010000000000001,
    0.1005,
    0.10010000000000001,
    0.1008,
    0.1006,
    0.1002,
    0.1002,
    0.1006,
    0.1004,
    0.10450000000000001,
    0.1056,
    0.10430000000000002,
    0.11180000000000001,
    0.11699999999999999,
    0.1172,
    0.11689999999999998,
    0.12490000000000001,
    0.14420000000000002,
    0.1445,
    0.1488,
    0.14809999999999998,
    0.1583,
    0.15799999999999997,
    0.18450000000000003,
    0.2226,
    0.2505,
    0.2539,
    0.26250000000000007,
    0.25739999999999996,
    0.2549,
    0.25620000000000004,
    0.2571,
    0.2647,
    0.2673
  ]
}