{
  "setting": "setting_27",
  "train_accuracy": [
    0.10721307544757033,
    0.10666560102301789,
    0.10823209718670077,
    0.1194373401534527,
    0.10163842710997442,
    0.09996403452685422,
    0.10001998081841433,
    0.10015185421994884,
    0.09992806905370843,
    0.09992806905370843,
    0.10002397698209718,
    0.10004395780051151,
    0.10001998081841433,
    0.10005594629156012,
    0.10007193094629155,
    0.10011988491048594,
    0.10006393861892583,
    0.10014785805626598,
    0.10016783887468031,
    0.10007193094629155,
    0.0999880115089514,
    0.10007992327365729,
    0.1001118925831202,
    0.09996403452685422,
    0.10005594629156012,
    0.10041560102301791,
    0.10053548593350384,
    0.10110693734015345,
    0.10150255754475704,
    0.10163443094629157,
    0.10199408567774937,
    0.10492726982097186,
    0.10886349104859334,
    0.1123441496163683,
    0.11252397698209719,
    0.11484175191815857,
    0.11844629156010231,
    0.1249880115089514,
    0.1327325767263427,
    0.13682464833759592,
    0.15240569053708442,
    0.16717151534526856,
    0.17512787723785164,
    0.18857496803069052,
    0.20718909846547315,
    0.2112771739130435,
    0.2129275895140665,
    0.22718190537084398,
    0.24934462915601024,
    0.2588115409207161
  ],
  "test_accuracy": [
    0.1129,
    0.11180000000000001,
    0.12229999999999999,
    0.11040000000000001,
    0.10010000000000001,
    0.1,
    0.1,
    0.1,
    0.1,
    0.1,
    0.1,
    0.1002,
    0.1,
    0.1,
    0.10010000000000001,
    0.10030000000000001,
    0.10010000000000001,
    0.1012,
    0.1004,
    0.1,
    0.1,
    0.10010000000000001,
    0.1,
    0.1,
    0.1002,
    0.10070000000000001,
    0.1006,
    0.1008,
    0.10210000000000001,
    0.1012,
    0.1042,
    0.10740000000000001,
    0.1111,
    0.11439999999999999,
    0.11409999999999998,
    0.1189,
    0.12250000000000001,
    0.1372,
    0.1351,
    0.1458,
    0.16340000000000002,
    0.17419999999999997,
    0.185,
    0.2036,
    0.20580000000000004,
    0.21989999999999998,
    0.21749999999999997,
    0.23760000000000003,
    0.25179999999999997,
    0.26209999999999994
  ]
}