{
  "setting": "setting_11",
  "train_accuracy": [
    0.11265185421994885,
    0.17095588235294118,
    0.18146579283887468,
    0.18636109335038364,
    0.19089673913043478,
    0.19555226982097187,
    0.19940856777493607,
    0.2046435421994885,
    0.2080602621483376,
    0.21193654092071612,
    0.21603260869565216,
    0.2227861253196931,
    0.22868046675191817,
    0.2339953644501279,
    0.23972985933503838,
    0.24742247442455242,
    0.25441576086956524,
    0.2607696611253197,
    0.2656050191815857,
    0.2737172314578005,
    0.27529571611253195,
    0.28154971227621484,
    0.28176950127877237,
    0.28686460997442453,
    0.28952205882352944,
    0.29337835677749363,
    0.29539641943734013,
    0.29967231457800514,
    0.3040880754475703,
    0.3069653132992327,
    0.3092830882352941,
    0.3131993286445013,
    0.3146379475703325,
    0.3162963554987212,
    0.31795476342711,
    0.3194333439897698,
    0.3210717710997442,
    0.32304987212276215,
    0.3240089514066496,
    0.3267063618925831,
    0.3304028132992327,
    0.33090233375959077,
    0.33158168158567775,
    0.33078244884910485,
    0.33266064578005117,
    0.33310022378516624,
    0.3359574808184143,
    0.3359175191815857,
    0.33703644501278773,
    0.3383152173913043
  ],
  "test_accuracy": [
    0.16199999999999998,
    0.18180000000000002,
    0.1901,
    0.19560000000000002,
    0.19790000000000002,
    0.2022,
    0.20900000000000002,
    0.20870000000000002,
    0.2172,
    0.21869999999999998,
    0.2238,
    0.2319,
    0.231,
    0.2427,
    0.25010000000000004,
    0.2542,
    0.26070000000000004,
    0.2677,
    0.2737,
    0.28,
    0.2812,
    0.28609999999999997,
    0.28779999999999994,
    0.2938,
    0.3006,
    0.299,
    0.30419999999999997,
    0.31110000000000004,
    0.3108,
    0.31710000000000005,
    0.3162,
    0.32300000000000006,
    0.32399999999999995,
    0.3237,
    0.329,
    0.32920000000000005,
    0.32989999999999997,
    0.3295,
    0.34190000000000004,
    0.3342,
    0.3356,
    0.34469999999999995,
    0.3394,
    0.3456,
    0.34469999999999995,
    0.3430999999999999,
    0.3456,
    0.3445,
    0.3447,
    0.3447
  ]
}