{
  "setting": "setting_30",
  "train_accuracy": [
    0.11008457775799,
    0.09996359982672315,
    0.10002978195995378,
    0.10001323642664613,
    0.09995532706006931,
    0.0999801453600308,
    0.1000049636599923,
    0.1000049636599923,
    0.10001737280997305,
    0.09999255451001154,
    0.09999593882364266,
    0.10015274535521755,
    0.10018358021274547,
    0.09993050876010781,
    0.10006287302656912,
    0.10005046387658836,
    0.09996773621005006,
    0.10000834797362342,
    0.09998428174335772,
    0.10014033620523682,
    0.10005159198113209,
    0.0999812734645745,
    0.1000869392568348,
    0.10017530744609164,
    0.10014597672795535,
    0.1002166712793608,
    0.10006813751443974,
    0.10009370788409704,
    0.10014108827493261,
    0.10008543511744321,
    0.10004068697054294,
    0.1001087492780131,
    0.10014635276280323,
    0.10031406430496725,
    0.10089917452830188,
    0.1013500403109357,
    0.10103041069021948,
    0.1013004037110127,
    0.1015079749470543,
    0.10099731962360417,
    0.1019607209039276,
    0.10274362545725838,
    0.10319185899595688,
    0.1042248267231421,
    0.10445759229399307,
    0.10375816747689642,
    0.1036487413361571,
    0.10989242395071236,
    0.12273138176261071,
    0.1433174095109742
  ],
  "test_accuracy": [
    0.1,
    0.1,
    0.1,
    0.1,
    0.1,
    0.1,
    0.1,
    0.1,
    0.1,
    0.1,
    0.1,
    0.10010000000000001,
    0.10030000000000001,
    0.1,
    0.1,
    0.1,
    0.1,
    0.1,
    0.1,
    0.1005,
    0.1,
    0.1,
    0.10010000000000001,
    0.1002,
    0.1,
    0.10010000000000001,
    0.1,
    0.1002,
    0.1005,
    0.1,
    0.1,
    0.1,
    0.1008,
    0.101,
    0.1016,
    0.1004,
    0.1014,
    0.1008,
    0.101,
    0.10090000000000002,
    0.1032,
    0.1034,
    0.10330000000000002,
    0.1046,
    0.1038,
    0.10250000000000001,
    0.1044,
    0.11200000000000002,
    0.1204,
    0.14630000000000004
  ]
}