{
  "setting": "setting_19",
  "train_accuracy": [
    0.17014015427599613,
    0.23355977435617103,
    0.2651447855928085,
    0.26758761540330417,
    0.2677062454446064,
    0.2581551035592809,
    0.2527190005466472,
    0.24232890700923226,
    0.23476315749514093,
    0.22157434402332363,
    0.22246739097424684,
    0.21933176172254618,
    0.21490828474246843,
    0.22069648171768708,
    0.22577859268707481,
    0.23260978498542273,
    0.24041184554178813,
    0.24316880770165208,
    0.2500047452016521,
    0.2507146273688047,
    0.25974569515306123,
    0.2619825832118562,
    0.26137329931972786,
    0.2716200877672497,
    0.2784218598153547,
    0.28668230685131196,
    0.2882596118804665,
    0.28988816508746357,
    0.2929250941448008,
    0.29261570699708456,
    0.2930124058551992,
    0.2973409788022352,
    0.299845496234208,
    0.30173598457240036,
    0.3063540148202138,
    0.30847322187803694,
    0.31508423681972786,
    0.3234338936467444,
    0.3250918671039844,
    0.32782415421525757,
    0.3325143115281827,
    0.329430879494655,
    0.33803393008989313,
    0.3392534469144801,
    0.33574864097424684,
    0.34441527727162297,
    0.3475670402089407,
    0.35060396926627796,
    0.35983908072157433,
    0.3576259186710398
  ],
  "test_accuracy": [
    0.2141,
    0.25599999999999995,
    0.2742,
    0.27540000000000003,
    0.264,
    0.2557,
    0.24370000000000003,
    0.23149999999999998,
    0.2299,
    0.2189,
    0.225,
    0.21550000000000002,
    0.21539999999999998,
    0.22630000000000003,
    0.2233,
    0.23900000000000002,
    0.24299999999999997,
    0.23729999999999998,
    0.2453,
    0.2502,
    0.2584,
    0.26280000000000003,
    0.26270000000000004,
    0.274,
    0.2791,
    0.2819,
    0.28969999999999996,
    0.3013,
    0.2875,
    0.295,
    0.2997,
    0.299,
    0.3048,
    0.3033,
    0.3089,
    0.3065,
    0.3152,
    0.32630000000000003,
    0.3246,
    0.3275,
    0.3335,
    0.32849999999999996,
    0.33849999999999997,
    0.3402,
    0.3374,
    0.35219999999999996,
    0.35050000000000003,
    0.3639,
    0.3644,
    0.36750000000000005
  ]
}