{
  "setting": "setting_18",
  "train_accuracy": [
    0.14985650510204082,
    0.1993622448979592,
    0.2171316964285714,
    0.24205596301020407,
    0.2584980867346939,
    0.2654296875,
    0.2687978316326531,
    0.26613520408163266,
    0.2696468431122449,
    0.27431839923469387,
    0.2769252232142857,
    0.2761280293367347,
    0.2709901147959184,
    0.2677056760204082,
    0.2622847576530612,
    0.2644052933673469,
    0.2554488201530612,
    0.25356345663265306,
    0.2568439094387755,
    0.2578204719387755,
    0.2590282206632653,
    0.2630978954081633,
    0.26803651147959184,
    0.2702766262755102,
    0.2766940369897959,
    0.27470105229591835,
    0.27796157525510207,
    0.27961973852040817,
    0.2822863520408163,
    0.28859614158163266,
    0.2940051020408163,
    0.29799107142857145,
    0.30185746173469385,
    0.3050063775510204,
    0.3041493941326531,
    0.3038982780612245,
    0.3098533163265306,
    0.3093032525510204,
    0.31216517857142856,
    0.3170280612244898,
    0.3172632334183674,
    0.3181202168367347,
    0.323046875,
    0.3263034119897959,
    0.329866868622449,
    0.3313695790816326,
    0.338883131377551,
    0.3416733099489796,
    0.3430006377551021,
    0.3437978316326531
  ],
  "test_accuracy": [
    0.19180000000000003,
    0.21480000000000002,
    0.23010000000000003,
    0.25229999999999997,
    0.2665,
    0.27290000000000003,
    0.2768,
    0.2672,
    0.2756,
    0.2813,
    0.2754,
    0.27959999999999996,
    0.2683,
    0.273,
    0.2622,
    0.2655,
    0.2545,
    0.2515,
    0.2586,
    0.2571,
    0.2651,
    0.2717,
    0.2678,
    0.2798,
    0.2846,
    0.2782,
    0.2823,
    0.2854,
    0.2818,
    0.29879999999999995,
    0.295,
    0.3032,
    0.3053,
    0.3088,
    0.3103,
    0.30510000000000004,
    0.3137,
    0.3139,
    0.312,
    0.32130000000000003,
    0.32700000000000007,
    0.3229,
    0.3291,
    0.3286,
    0.33459999999999995,
    0.3345,
    0.34450000000000003,
    0.34489999999999993,
    0.34900000000000003,
    0.3488
  ]
}