{
  "setting": "setting_14",
  "train_accuracy": [
    0.1707978392249757,
    0.23438923560495628,
    0.2656620125728863,
    0.2683743698372206,
    0.27297721543974734,
    0.26341943027210885,
    0.2595065369897959,
    0.24956628856899904,
    0.24068327107628765,
    0.2255119123542274,
    0.22473939352526726,
    0.21981956845238093,
    0.21442047801263361,
    0.21888476372691934,
    0.22315924137512147,
    0.2311055560617104,
    0.23750873117103985,
    0.24058741800291547,
    0.24687575923226435,
    0.24665842899659865,
    0.25591821550048593,
    0.2574461704324587,
    0.25911078717201164,
    0.2684702229105928,
    0.27588222789115646,
    0.2830446352648202,
    0.2827675154883382,
    0.2845033102526725,
    0.2855928085519922,
    0.28602841806365403,
    0.28687401299805637,
    0.28944875941448006,
    0.2926593628522838,
    0.2973903288994169,
    0.3011931335034013,
    0.3039187773323615,
    0.310419703595724,
    0.3200733418367347,
    0.32078796920553937,
    0.32481664540816324,
    0.3289459198858115,
    0.32653820456754135,
    0.3352124331875607,
    0.3346999514091351,
    0.3329176536686103,
    0.33423112548590866,
    0.33426339285714285,
    0.33700801749271136,
    0.3467613049684159,
    0.3437433567176871
  ],
  "test_accuracy": [
    0.21600000000000003,
    0.25649999999999995,
    0.2743,
    0.2728,
    0.2742,
    0.2596,
    0.2492,
    0.23820000000000002,
    0.23689999999999997,
    0.22200000000000003,
    0.2273,
    0.2153,
    0.2133,
    0.22289999999999996,
    0.22240000000000001,
    0.23479999999999998,
    0.24009999999999998,
    0.2347,
    0.2415,
    0.2451,
    0.25810000000000005,
    0.2612,
    0.2598,
    0.27080000000000004,
    0.2773,
    0.2782,
    0.28429999999999994,
    0.29290000000000005,
    0.2812,
    0.28609999999999997,
    0.2915,
    0.28969999999999996,
    0.2992,
    0.2989,
    0.3065,
    0.3017,
    0.3113,
    0.321,
    0.32060000000000005,
    0.3238,
    0.32989999999999997,
    0.3236,
    0.3361,
    0.3365,
    0.33849999999999997,
    0.3402,
    0.3385,
    0.34879999999999994,
    0.34930000000000005,
    0.3535
  ]
}