{
  "setting": "setting_20",
  "train_accuracy": [
    0.20208338347131305,
    0.2766582384722757,
    0.291034802777243,
    0.2930138741817482,
    0.2700659715537158,
    0.24056114928282635,
    0.21319521322680018,
    0.19944850729206776,
    0.19105653759145166,
    0.18648357780612246,
    0.18271946897862917,
    0.1829353129813246,
    0.1822749957884097,
    0.1805320742683866,
    0.1787342516605699,
    0.18133754091259144,
    0.18315378922795533,
    0.18388893735560263,
    0.18937002129861377,
    0.19137127875914517,
    0.19500678366865615,
    0.197032859429149,
    0.19873704935983827,
    0.19644361282248748,
    0.2006168475644975,
    0.20437230759048902,
    0.20712074629380053,
    0.2089242094243358,
    0.21422479664035426,
    0.21532921098864072,
    0.21074045773969965,
    0.2167468623652291,
    0.21926516774162497,
    0.22082345615132845,
    0.22104870102522142,
    0.22485793403446286,
    0.22930717835483247,
    0.22907554088852522,
    0.23624314112437428,
    0.24496865373507895,
    0.2521283572391221,
    0.25246077204466694,
    0.2552016900510204,
    0.2559428547362341,
    0.2565791056988833,
    0.2623546249278013,
    0.27035401424720834,
    0.2810676230987678,
    0.28978636708221023,
    0.2924580946765499
  ],
  "test_accuracy": [
    0.2552,
    0.28900000000000003,
    0.30589999999999995,
    0.2851,
    0.25550000000000006,
    0.23089999999999997,
    0.2017,
    0.20360000000000006,
    0.1851,
    0.18919999999999998,
    0.18330000000000002,
    0.1809,
    0.1845,
    0.1798,
    0.18159999999999998,
    0.1848,
    0.19180000000000003,
    0.1865,
    0.1999,
    0.1954,
    0.19770000000000001,
    0.1983,
    0.2031,
    0.203,
    0.21140000000000003,
    0.2124,
    0.2113,
    0.21420000000000003,
    0.21610000000000001,
    0.22750000000000004,
    0.2213,
    0.22379999999999994,
    0.2274,
    0.23040000000000002,
    0.22560000000000002,
    0.22810000000000002,
    0.23579999999999995,
    0.23559999999999998,
    0.24910000000000002,
    0.24710000000000001,
    0.25189999999999996,
    0.2575,
    0.2591,
    0.2671,
    0.25819999999999993,
    0.27359999999999995,
    0.27280000000000004,
    0.28690000000000004,
    0.2928,
    0.29389999999999994
  ]
}