{
  "setting": "setting_4",
  "train_accuracy": [
    0.11924027423469388,
    0.1493761008867833,
    0.15141084335519922,
    0.14455497600826045,
    0.14703576743197277,
    0.14723411686103013,
    0.15258670432458699,
    0.1551301324101069,
    0.16339152848639454,
    0.1668384429664723,
    0.18045432458697766,
    0.18809789540816327,
    0.18383006104227406,
    0.17896812742954324,
    0.17803142462342078,
    0.18279465804178813,
    0.192012686771137,
    0.20582312165937802,
    0.21596171950923226,
    0.22112354986637514,
    0.2245030824829932,
    0.2280382577137998,
    0.23069177447764821,
    0.23268381013119532,
    0.2348571124878523,
    0.2341681092079689,
    0.23687951743197277,
    0.23911260932944609,
    0.24279868197278912,
    0.24278634444849367,
    0.24580144557823128,
    0.24610703656462585,
    0.2491306790573372,
    0.249491314382896,
    0.2513818027210884,
    0.2526743956511176,
    0.2575714437560738,
    0.2582158421404276,
    0.26210500941448006,
    0.2650849960519922,
    0.2678419582118562,
    0.2681551415208941,
    0.2686922983479106,
    0.26956256833090375,
    0.2715973107993197,
    0.2725397078474247,
    0.2752729439990282,
    0.27385507774538387,
    0.27657787445335275,
    0.27863824101069
  ],
  "test_accuracy": [
    0.1518,
    0.1551,
    0.1496,
    0.1482,
    0.148,
    0.1493,
    0.1515,
    0.1573,
    0.1625,
    0.1694,
    0.1851,
    0.1852,
    0.1813,
    0.1826,
    0.1824,
    0.189,
    0.204,
    0.2125,
    0.2206,
    0.2277,
    0.2245,
    0.2277,
    0.2363,
    0.2371,
    0.2415,
    0.2376,
    0.2452,
    0.2414,
    0.2423,
    0.2478,
    0.2488,
    0.2497,
    0.2487,
    0.2535,
    0.2557,
    0.2554,
    0.2602,
    0.2672,
    0.27,
    0.273,
    0.274,
    0.2776,
    0.279,
    0.2744,
    0.2755,
    0.2806,
    0.2822,
    0.2831,
    0.2832,
    0.281
  ]
}