{
  "setting": "setting_11",
  "train_accuracy": [
    0.18510230179028134,
    0.22356537723785166,
    0.25043957800511507,
    0.274116847826087,
    0.2977141943734015,
    0.3212915601023018,
    0.3397138746803069,
    0.3516823849104859,
    0.36353101023017903,
    0.37529971227621484,
    0.38968590153452687,
    0.4022138746803069,
    0.41150495524296676,
    0.4248121803069054,
    0.43306425831202044,
    0.44489290281329924,
    0.4532049232736573,
    0.4605778452685422,
    0.46976902173913043,
    0.4731457800511509,
    0.4811580882352941,
    0.4876918158567775,
    0.49572410485933505,
    0.5007992327365729,
    0.506074168797954,
    0.1402453644501279,
    0.10002397698209718,
    0.10002397698209718,
    0.10002397698209718,
    0.10002397698209718,
    0.10002397698209718,
    0.10002397698209718,
    0.10002397698209718,
    0.10002397698209718,
    0.10002397698209718,
    0.10002397698209718,
    0.10002397698209718,
    0.10002397698209718,
    0.10002397698209718,
    0.10002397698209718,
    0.10002397698209718,
    0.10002397698209718,
    0.10002397698209718,
    0.10002397698209718,
    0.10002397698209718,
    0.10002397698209718,
    0.10002397698209718,
    0.10002397698209718,
    0.10002397698209718,
    0.10002397698209718
  ],
  "test_accuracy": [
    0.2115,
    0.2417,
    0.2654,
    0.2945,
    0.3172,
    0.3376,
    0.3553,
    0.3662,
    0.375,
    0.3885,
    0.3984,
    0.4126,
    0.4234,
    0.4386,
    0.4439,
    0.4504,
    0.4573,
    0.4641,
    0.4729,
    0.4783,
    0.4846,
    0.4903,
    0.4981,
    0.5067,
    0.5101,
    0.1,
    0.1,
    0.1,
    0.1,
    0.1,
    0.1,
    0.1,
    0.1,
    0.1,
    0.1,
    0.1,
    0.1,
    0.1,
    0.1,
    0.1,
    0.1,
    0.1,
    0.1,
    0.1,
    0.1,
    0.1,
    0.1,
    0.1,
    0.1,
    0.1
  ]
}