{
  "setting": "setting_13",
  "train_accuracy": [
    0.1389548788265306,
    0.1572185905612245,
    0.17213807397959185,
    0.18573820153061224,
    0.20683992346938776,
    0.21497130102040815,
    0.2229591836734694,
    0.22731186224489797,
    0.2282684948979592,
    0.23504464285714285,
    0.2364875637755102,
    0.23683434311224488,
    0.2448142538265306,
    0.24888791454081635,
    0.25331632653061226,
    0.2577527104591837,
    0.2623126594387755,
    0.26572464923469385,
    0.2717354910714286,
    0.2724011479591837,
    0.2772799744897959,
    0.28186782525510207,
    0.2837492028061224,
    0.2859813456632653,
    0.2935227997448979,
    0.2967594068877551,
    0.30048628826530616,
    0.30521763392857143,
    0.31065848214285713,
    0.3135841836734694,
    0.3159199617346939,
    0.3167051977040816,
    0.3186702806122449,
    0.3252471301020408,
    0.32904575892857146,
    0.33389269770408164,
    0.33677455357142855,
    0.3371572066326531,
    0.3397839604591837,
    0.34304049744897963,
    0.3450414540816326,
    0.3475366709183674,
    0.3529655612244898,
    0.3573421556122449,
    0.35846619897959187,
    0.3610690369897959,
    0.36206951530612247,
    0.3651267538265306,
    0.36738679846938777,
    0.3687579719387755
  ],
  "test_accuracy": [
    0.1618,
    0.1653,
    0.1818,
    0.1984,
    0.2202,
    0.2186,
    0.2273,
    0.2238,
    0.237,
    0.2394,
    0.2466,
    0.2517,
    0.2486,
    0.2567,
    0.2632,
    0.2696,
    0.2713,
    0.2696,
    0.277,
    0.2818,
    0.2837,
    0.2903,
    0.2922,
    0.2964,
    0.3007,
    0.3136,
    0.3161,
    0.3198,
    0.3197,
    0.3155,
    0.3255,
    0.3262,
    0.3286,
    0.3347,
    0.3417,
    0.343,
    0.3429,
    0.3476,
    0.3532,
    0.3512,
    0.3555,
    0.3525,
    0.3669,
    0.3632,
    0.3664,
    0.3674,
    0.3765,
    0.3746,
    0.3777,
    0.3756
  ]
}