{
  "setting": "setting_14",
  "train_accuracy": [
    0.11804353437803693,
    0.13624802599611274,
    0.14105396622934888,
    0.14408709912536444,
    0.14407760872206027,
    0.1528277605685131,
    0.15625474520165208,
    0.1608310176749271,
    0.16053017189018465,
    0.16013252399173955,
    0.1711157677356657,
    0.19551084942905736,
    0.2002788280490768,
    0.19668291423712342,
    0.19462824192176872,
    0.19641433582361514,
    0.20163500668124393,
    0.21197100491982507,
    0.21545113581146746,
    0.2208635128158406,
    0.22350184493440237,
    0.22308426718901847,
    0.22505922011661805,
    0.22744700558794947,
    0.23174900540573373,
    0.23248071550048593,
    0.2337600218658892,
    0.23676088739067055,
    0.23844353589650144,
    0.23825372783041787,
    0.23825182974975703,
    0.2404033041788144,
    0.24391760052235179,
    0.24594759778911562,
    0.24533926293731778,
    0.249925025813897,
    0.25069279944120504,
    0.25159818391642375,
    0.2539233327259475,
    0.25502801567055394,
    0.2565350917152575,
    0.26008355351069,
    0.2605713602405248,
    0.2650157161078717,
    0.2649350476797862,
    0.2697903380102041,
    0.2682927523688047,
    0.2722796707968902,
    0.2712328793124393,
    0.27407335702137997
  ],
  "test_accuracy": [
    0.1419,
    0.141,
    0.1462,
    0.1472,
    0.1491,
    0.1573,
    0.1575,
    0.1587,
    0.1578,
    0.1606,
    0.1829,
    0.2006,
    0.1974,
    0.1981,
    0.1985,
    0.2017,
    0.2069,
    0.2162,
    0.2196,
    0.2246,
    0.2242,
    0.2272,
    0.2322,
    0.2337,
    0.2374,
    0.2357,
    0.2422,
    0.2396,
    0.2364,
    0.2434,
    0.2386,
    0.2445,
    0.2415,
    0.2488,
    0.2492,
    0.2507,
    0.2515,
    0.2605,
    0.2547,
    0.2642,
    0.264,
    0.2685,
    0.2691,
    0.2714,
    0.2716,
    0.276,
    0.277,
    0.2771,
    0.2779,
    0.2792
  ]
}