{
  "setting": "setting_5",
  "train_accuracy": [
    0.09967518109838275,
    0.10759071464670775,
    0.11183464394012321,
    0.10706238568540623,
    0.10827058565171352,
    0.11149094808914133,
    0.114650768916057,
    0.11738679846938775,
    0.12118663060743165,
    0.12183040226703888,
    0.11931510516942627,
    0.11267696199942241,
    0.11084680039468618,
    0.11146462564978822,
    0.1136012556555641,
    0.1154197601800154,
    0.1192222245619946,
    0.11875556531574893,
    0.1209046044715056,
    0.12406592943781286,
    0.1303355584568733,
    0.1604183462889873,
    0.16376242419137468,
    0.16818421796784752,
    0.16789843148344244,
    0.1784289113640739,
    0.18271646069984596,
    0.18519265017327685,
    0.18810729627936082,
    0.1876522941134001,
    0.19058348575279166,
    0.19147205609838275,
    0.1935447601800154,
    0.1967835483249904,
    0.19900704238063152,
    0.2005924052993839,
    0.2034671917115903,
    0.2057598761792453,
    0.20666837637177513,
    0.2108021274547555,
    0.20958001419907588,
    0.21354266942626104,
    0.21391795220446672,
    0.21733009241432422,
    0.21670888284559106,
    0.21870938823642663,
    0.22029287098093955,
    0.22168796026665386,
    0.22204180905852908,
    0.225952195441856
  ],
  "test_accuracy": [
    0.0988,
    0.1166,
    0.1065,
    0.1083,
    0.112,
    0.109,
    0.1193,
    0.1163,
    0.1212,
    0.1193,
    0.117,
    0.1116,
    0.1104,
    0.1135,
    0.1151,
    0.118,
    0.1208,
    0.1177,
    0.1253,
    0.1262,
    0.1376,
    0.1657,
    0.1683,
    0.1698,
    0.1732,
    0.1838,
    0.1856,
    0.1866,
    0.1881,
    0.1904,
    0.1926,
    0.1919,
    0.1938,
    0.1967,
    0.2026,
    0.199,
    0.2051,
    0.2037,
    0.206,
    0.2131,
    0.2122,
    0.2157,
    0.2164,
    0.2167,
    0.2191,
    0.2215,
    0.2215,
    0.2208,
    0.2246,
    0.2266
  ]
}