{
  "setting": "setting_3",
  "train_accuracy": [
    0.13459422831632653,
    0.15232780612244898,
    0.17428651147959184,
    0.19766023596938775,
    0.20965401785714285,
    0.2171954719387755,
    0.21647799744897958,
    0.2214564732142857,
    0.2239795918367347,
    0.2306919642857143,
    0.2375438456632653,
    0.24085220025510204,
    0.2406688456632653,
    0.24653619260204082,
    0.2515704719387755,
    0.2541294642857143,
    0.25815130739795916,
    0.2621811224489796,
    0.2661870216836735,
    0.2703842474489796,
    0.2715481505102041,
    0.2753308354591837,
    0.2796157525510204,
    0.2877192283163265,
    0.2907007334183674,
    0.2952367665816326,
    0.2985251913265306,
    0.3049545599489796,
    0.3069236288265306,
    0.31251992984693877,
    0.31632254464285714,
    0.3189094387755102,
    0.3215880102040816,
    0.3233059630102041,
    0.3278140943877551,
    0.33311144770408163,
    0.3325294961734694,
    0.33501275510204076,
    0.3442881058673469,
    0.3436742665816327,
    0.3481026785714286,
    0.34793526785714285,
    0.352570950255102,
    0.3535953443877551,
    0.3538783482142857,
    0.3595065369897959,
    0.36351642219387753,
    0.36660554846938775,
    0.36580436862244897,
    0.37028858418367344
  ],
  "test_accuracy": [
    0.1478,
    0.1645,
    0.1899,
    0.2026,
    0.2184,
    0.2175,
    0.2243,
    0.2267,
    0.2351,
    0.2384,
    0.2467,
    0.246,
    0.246,
    0.2555,
    0.2611,
    0.2647,
    0.2645,
    0.2645,
    0.2741,
    0.2793,
    0.282,
    0.2869,
    0.29,
    0.2933,
    0.2955,
    0.3104,
    0.3126,
    0.3191,
    0.3182,
    0.3211,
    0.3306,
    0.3284,
    0.3293,
    0.3343,
    0.3441,
    0.3404,
    0.346,
    0.3524,
    0.3553,
    0.3538,
    0.3525,
    0.3533,
    0.3697,
    0.3658,
    0.3674,
    0.3633,
    0.3773,
    0.3729,
    0.3747,
    0.3764
  ]
}