{
  "setting": "setting_12",
  "train_accuracy": [
    0.17203484654731457,
    0.2146898976982097,
    0.2183903452685422,
    0.2288802749360614,
    0.2387707800511509,
    0.2444013746803069,
    0.2559462915601023,
    0.2577006074168798,
    0.2725983056265985,
    0.28230099104859335,
    0.29045716112531966,
    0.2992007672634271,
    0.30975463554987215,
    0.31719149616368286,
    0.3265105498721228,
    0.3335517902813299,
    0.3408128196930946,
    0.347346547314578,
    0.3524096867007673,
    0.35905530690537085,
    0.36645620204603585,
    0.37408887468030694,
    0.3793957800511509,
    0.38418718030690535,
    0.3884470907928389,
    0.38948209718670074,
    0.3965153452685422,
    0.40541879795396424,
    0.41086157289002556,
    0.41100943094629155,
    0.41432624680306906,
    0.4192894820971867,
    0.4234894501278772,
    0.4277613491048593,
    0.4332680626598466,
    0.43764386189258314,
    0.44031329923273654,
    0.4446731138107417,
    0.4482696611253197,
    0.45100703324808183,
    0.45356457800511507,
    0.4589673913043479,
    0.46252397698209724,
    0.4631433823529412,
    0.46673193734015345,
    0.47154731457800514,
    0.4711437020460358,
    0.4752038043478261,
    0.4782888427109975,
    0.48130994245524295
  ],
  "test_accuracy": [
    0.2184,
    0.2161,
    0.2297,
    0.2473,
    0.2532,
    0.2561,
    0.2671,
    0.2663,
    0.2816,
    0.2928,
    0.3052,
    0.3127,
    0.3188,
    0.3341,
    0.3356,
    0.3502,
    0.3478,
    0.362,
    0.3638,
    0.3741,
    0.3754,
    0.3793,
    0.3877,
    0.388,
    0.3988,
    0.406,
    0.4043,
    0.4124,
    0.4163,
    0.4202,
    0.4196,
    0.4233,
    0.4286,
    0.4387,
    0.4393,
    0.4433,
    0.4424,
    0.4524,
    0.4514,
    0.4581,
    0.4622,
    0.4574,
    0.4645,
    0.4714,
    0.4717,
    0.4769,
    0.4773,
    0.4775,
    0.4895,
    0.4833
  ]
}