{
  "setting": "setting_8",
  "train_accuracy": [
    0.13799426020408162,
    0.16179448341836733,
    0.17198660714285716,
    0.18424744897959183,
    0.20041055484693876,
    0.21638233418367347,
    0.22471301020408166,
    0.23115433673469388,
    0.22936862244897957,
    0.23315529336734692,
    0.23733657525510204,
    0.2440609056122449,
    0.2432238520408163,
    0.24727359693877551,
    0.24954161352040816,
    0.2547393176020408,
    0.25855389030612247,
    0.2640385841836735,
    0.2699139030612245,
    0.2717354910714286,
    0.27451769770408163,
    0.2801857461734694,
    0.2832788584183673,
    0.2865353954081633,
    0.28952088647959184,
    0.29225526147959185,
    0.2948501275510204,
    0.3016860650510204,
    0.30386639030612245,
    0.3103156887755102,
    0.31302614795918365,
    0.3159438775510204,
    0.3231186224489796,
    0.32651865433673466,
    0.3293845663265306,
    0.3301060267857143,
    0.33431521045918366,
    0.3382453762755102,
    0.3406329719387755,
    0.3467554209183673,
    0.348812181122449,
    0.35038265306122446,
    0.3562380420918367,
    0.3598373724489796,
    0.35995296556122447,
    0.36434151785714286,
    0.36548150510204086,
    0.36713568239795924,
    0.37348931760204085,
    0.3756098533163265
  ],
  "test_accuracy": [
    0.1557,
    0.1678,
    0.1782,
    0.1939,
    0.2144,
    0.2213,
    0.2288,
    0.229,
    0.2383,
    0.2372,
    0.25,
    0.2484,
    0.2469,
    0.2568,
    0.2608,
    0.2668,
    0.2706,
    0.2675,
    0.2783,
    0.2797,
    0.2803,
    0.2888,
    0.293,
    0.2938,
    0.2952,
    0.3039,
    0.307,
    0.3164,
    0.3146,
    0.3178,
    0.3236,
    0.3255,
    0.3341,
    0.3335,
    0.3404,
    0.3383,
    0.3439,
    0.3503,
    0.3566,
    0.3557,
    0.3536,
    0.3531,
    0.3702,
    0.3649,
    0.37,
    0.3703,
    0.3777,
    0.3754,
    0.3778,
    0.3743
  ]
}