{
  "setting": "setting_9",
  "train_accuracy": [
    0.11913303267735666,
    0.1271230032191448,
    0.13339236364188534,
    0.13386973092808552,
    0.14952699829931973,
    0.15557902848639457,
    0.15869852405247814,
    0.15989526390913508,
    0.16591217960398444,
    0.1650542471452867,
    0.1789871082361516,
    0.1953542577745384,
    0.1976366997691934,
    0.19515495930515064,
    0.19323125455539356,
    0.19536469721817298,
    0.21023995535714285,
    0.21258218689261418,
    0.2190261707361516,
    0.22060537384596696,
    0.22083409256559763,
    0.22417091836734693,
    0.22597504403547133,
    0.2294456845238095,
    0.2309897731413994,
    0.23229185647473274,
    0.23460087159863946,
    0.23723256043488825,
    0.23908318907920312,
    0.24366610483479106,
    0.2419113292638484,
    0.2443380253887269,
    0.24748694120505343,
    0.24707505770165208,
    0.24847868835034015,
    0.250074974186103,
    0.2516911898688047,
    0.2541207331146744,
    0.2572193497934888,
    0.2584863186345967,
    0.26149762360301265,
    0.26361303449951407,
    0.2646360999757046,
    0.26696029974489793,
    0.2688830554543246,
    0.27024492832847424,
    0.271080083819242,
    0.27370797649416906,
    0.27606729075558795,
    0.2761859207968902
  ],
  "test_accuracy": [
    0.133,
    0.1354,
    0.1359,
    0.1422,
    0.1458,
    0.1572,
    0.1565,
    0.1617,
    0.1631,
    0.1613,
    0.1883,
    0.1963,
    0.1943,
    0.1975,
    0.1988,
    0.2072,
    0.2129,
    0.2185,
    0.2194,
    0.2253,
    0.2261,
    0.2273,
    0.2323,
    0.2347,
    0.2391,
    0.2355,
    0.2412,
    0.2412,
    0.2383,
    0.2424,
    0.2467,
    0.2505,
    0.2442,
    0.252,
    0.2502,
    0.2534,
    0.2553,
    0.2628,
    0.2579,
    0.2673,
    0.2665,
    0.2704,
    0.2718,
    0.2725,
    0.2728,
    0.2806,
    0.2782,
    0.2811,
    0.2815,
    0.281
  ]
}