{
  "setting": "setting_2",
  "train_accuracy": [
    0.16804667519181585,
    0.20778452685421997,
    0.21603660485933504,
    0.22290201406649615,
    0.23721627237851664,
    0.2484694693094629,
    0.2525735294117647,
    0.2616727941176471,
    0.2724384590792839,
    0.28152173913043477,
    0.2946371483375959,
    0.3017463235294118,
    0.3123841112531969,
    0.31973305626598464,
    0.32970748081841433,
    0.3355698529411764,
    0.3441775895140665,
    0.3485533887468031,
    0.35412404092071614,
    0.3636429028132992,
    0.3701246803069054,
    0.37051630434782606,
    0.379539641943734,
    0.3847786125319693,
    0.3891104539641944,
    0.39504076086956524,
    0.3998441496163683,
    0.40688139386189254,
    0.40888746803069054,
    0.4122162723785166,
    0.41775095907928383,
    0.42263027493606137,
    0.42695012787723785,
    0.4297634271099744,
    0.4335437979539642,
    0.4402293797953964,
    0.4403772378516624,
    0.44444932864450126,
    0.4475743286445013,
    0.450915121483376,
    0.4543957800511509,
    0.4561580882352941,
    0.4607576726342711,
    0.4643542199488491,
    0.46636029411764707,
    0.46732736572890027,
    0.4718070652173913,
    0.4750639386189258,
    0.4772458439897698,
    0.4805786445012788
  ],
  "test_accuracy": [
    0.2117,
    0.2199,
    0.2212,
    0.2416,
    0.2469,
    0.2547,
    0.2626,
    0.2703,
    0.2819,
    0.2933,
    0.3078,
    0.317,
    0.3195,
    0.3366,
    0.3433,
    0.3512,
    0.3492,
    0.3625,
    0.3673,
    0.3777,
    0.3774,
    0.3833,
    0.3887,
    0.3918,
    0.4017,
    0.4059,
    0.4078,
    0.4146,
    0.4173,
    0.4202,
    0.4244,
    0.4254,
    0.4295,
    0.4418,
    0.4403,
    0.445,
    0.4407,
    0.4514,
    0.4531,
    0.4562,
    0.4642,
    0.4593,
    0.463,
    0.4733,
    0.4699,
    0.4725,
    0.4742,
    0.4753,
    0.4842,
    0.4833
  ]
}