{
  "setting": "setting_23",
  "train_accuracy": [
    0.14060507015306123,
    0.15575175382653061,
    0.16815210459183674,
    0.19777582908163266,
    0.21147161989795918,
    0.217203443877551,
    0.2220623405612245,
    0.23359375,
    0.2346061862244898,
    0.23854830994897958,
    0.2427654655612245,
    0.24276945153061225,
    0.24971699617346937,
    0.25111607142857145,
    0.25589923469387754,
    0.2593510841836735,
    0.26259167729591837,
    0.26560507015306123,
    0.2725486288265306,
    0.2745495854591837,
    0.2793606505102041,
    0.28098692602040815,
    0.28469786352040816,
    0.28487723214285715,
    0.29147002551020407,
    0.295719068877551,
    0.29764030612244896,
    0.3039939413265306,
    0.30580357142857145,
    0.31065848214285713,
    0.31400271045918365,
    0.3161551339285714,
    0.3176060267857143,
    0.322444993622449,
    0.3295280612244898,
    0.33157286352040816,
    0.33165258290816324,
    0.3356823979591837,
    0.33496890943877555,
    0.3400988520408163,
    0.3472257653061225,
    0.3505739795918368,
    0.3528140943877551,
    0.35495057397959184,
    0.35872130102040817,
    0.3631058673469388,
    0.36739078443877554,
    0.37039620535714285,
    0.3716238839285714,
    0.3718191964285715
  ],
  "test_accuracy": [
    0.1609,
    0.1563,
    0.1898,
    0.2058,
    0.2218,
    0.2289,
    0.2323,
    0.2328,
    0.2394,
    0.2427,
    0.2508,
    0.258,
    0.2492,
    0.2631,
    0.2641,
    0.2689,
    0.2721,
    0.2713,
    0.2814,
    0.2848,
    0.2881,
    0.29,
    0.2907,
    0.2955,
    0.2996,
    0.3132,
    0.3093,
    0.3179,
    0.3161,
    0.3176,
    0.3277,
    0.3288,
    0.3275,
    0.3282,
    0.3421,
    0.3425,
    0.3419,
    0.3481,
    0.3519,
    0.3505,
    0.3535,
    0.3509,
    0.3638,
    0.3683,
    0.3653,
    0.367,
    0.3769,
    0.3802,
    0.382,
    0.3798
  ]
}