{
  "setting": "setting_18",
  "train_accuracy": [
    0.14089205994897958,
    0.15574776785714287,
    0.17118941326530612,
    0.18396444515306123,
    0.20073341836734693,
    0.210530931122449,
    0.22024473852040816,
    0.2264748086734694,
    0.23310746173469388,
    0.23269292091836735,
    0.23564253826530612,
    0.23913424744897957,
    0.24223533163265307,
    0.24593032525510203,
    0.24751674107142857,
    0.2527582908163265,
    0.2572664221938776,
    0.26110092474489793,
    0.26639827806122446,
    0.2690369897959184,
    0.27603635204081634,
    0.2802216198979592,
    0.2868702168367347,
    0.29125079719387753,
    0.29623325892857144,
    0.3020049426020408,
    0.3056680484693878,
    0.3110092474489796,
    0.3148756377551021,
    0.31716358418367346,
    0.32009327168367346,
    0.32472895408163266,
    0.32276785714285716,
    0.32761878188775506,
    0.3315927933673469,
    0.33146125637755103,
    0.33588568239795924,
    0.336930006377551,
    0.3389469068877551,
    0.34141023596938774,
    0.343586575255102,
    0.3480189732142857,
    0.35011559311224494,
    0.3540736607142857,
    0.3551817602040816,
    0.36028380102040813,
    0.36129225127551023,
    0.3666414221938775,
    0.36617107780612246,
    0.36754623724489793
  ],
  "test_accuracy": [
    0.1595,
    0.1724,
    0.1784,
    0.1952,
    0.2083,
    0.2166,
    0.2277,
    0.2303,
    0.2307,
    0.2389,
    0.2461,
    0.2454,
    0.2429,
    0.2508,
    0.256,
    0.2598,
    0.2639,
    0.2641,
    0.2765,
    0.2804,
    0.283,
    0.2889,
    0.2904,
    0.296,
    0.3022,
    0.3174,
    0.3205,
    0.3218,
    0.3171,
    0.326,
    0.3341,
    0.3338,
    0.3316,
    0.335,
    0.3449,
    0.3405,
    0.342,
    0.3469,
    0.3531,
    0.3489,
    0.3515,
    0.3513,
    0.3639,
    0.3596,
    0.3652,
    0.3645,
    0.3747,
    0.375,
    0.374,
    0.3775
  ]
}