{
  "setting": "setting_6",
  "train_accuracy": [
    0.19039721867007672,
    0.2292399296675192,
    0.24904092071611253,
    0.2681226023017903,
    0.29781409846547313,
    0.32472826086956524,
    0.3384750639386189,
    0.35060342071611256,
    0.36215233375959077,
    0.37673833120204603,
    0.38870684143222506,
    0.402034047314578,
    0.41598065856777494,
    0.4270700127877238,
    0.43700047953964194,
    0.44806985294117646,
    0.45662164322250637,
    0.46607257033248084,
    0.4704483695652174,
    0.4759231138107417,
    0.4840153452685422,
    0.49022937979539644,
    0.4952445652173913,
    0.5039961636828645,
    0.5064737851662404,
    0.5143062659846548,
    0.5186221227621484,
    0.5254355818414322,
    0.5307904411764706,
    0.5344669117647058,
    0.5391624040920716,
    0.5453164961636828,
    0.5502317774936062,
    0.5527493606138107,
    0.5578644501278772,
    0.5642583120204604,
    0.5666959718670077,
    0.5701126918158568,
    0.5756074168797954,
    0.5775255754475703,
    0.5836596867007673,
    0.5886149296675192,
    0.5933304028132992,
    0.5967671035805626,
    0.601442615089514,
    0.6066576086956522,
    0.6084958439897699,
    0.6139705882352942,
    0.6162683823529411,
    0.6198449488491049
  ],
  "test_accuracy": [
    0.219,
    0.2404,
    0.2674,
    0.2889,
    0.3205,
    0.3378,
    0.3515,
    0.3674,
    0.3775,
    0.3895,
    0.4052,
    0.4169,
    0.4261,
    0.4348,
    0.4459,
    0.4495,
    0.4562,
    0.471,
    0.4772,
    0.4798,
    0.4914,
    0.4943,
    0.5002,
    0.5115,
    0.5114,
    0.5199,
    0.5224,
    0.524,
    0.5262,
    0.53,
    0.538,
    0.5468,
    0.5461,
    0.5527,
    0.5585,
    0.5599,
    0.5651,
    0.5685,
    0.5711,
    0.5815,
    0.5782,
    0.5863,
    0.5821,
    0.5939,
    0.5972,
    0.5956,
    0.6031,
    0.6097,
    0.6115,
    0.6072
  ]
}