{
  "setting": "setting_29",
  "train_accuracy": [
    0.11941205053449952,
    0.12876674107142858,
    0.12823812560738582,
    0.13522590956025268,
    0.13788037536443148,
    0.14475332543731778,
    0.15062219084062198,
    0.15076359784985424,
    0.15260663417152576,
    0.15516809402332363,
    0.1654215257531584,
    0.18857905885568513,
    0.1892025783527697,
    0.1868461112123421,
    0.20038891672740525,
    0.21035763635811466,
    0.21494055211370264,
    0.21570168245869775,
    0.2191476478984451,
    0.2190783679543246,
    0.22373625789601556,
    0.22556505861273082,
    0.22948554421768708,
    0.23427345268464528,
    0.23312985908649173,
    0.2373103817419825,
    0.23980161260932945,
    0.23992498785228378,
    0.24199484481292516,
    0.24258230077745382,
    0.2461307625728863,
    0.24593146410349856,
    0.2494210853984451,
    0.252409613398931,
    0.24959570881924198,
    0.2508161746841594,
    0.2546958515549077,
    0.25589923469387754,
    0.25591821550048593,
    0.2579776330174927,
    0.2622938684402332,
    0.2626355229591837,
    0.264469068877551,
    0.2663737928206997,
    0.2650679133260447,
    0.26770814352526723,
    0.2699697066326531,
    0.27346597120991256,
    0.27489522594752186,
    0.2762314747327503
  ],
  "test_accuracy": [
    0.1387,
    0.1323,
    0.1347,
    0.1381,
    0.1387,
    0.1454,
    0.1488,
    0.1489,
    0.1539,
    0.1574,
    0.1727,
    0.1889,
    0.189,
    0.197,
    0.2091,
    0.2145,
    0.2197,
    0.2155,
    0.2226,
    0.2257,
    0.2293,
    0.2303,
    0.2353,
    0.239,
    0.2433,
    0.241,
    0.2489,
    0.243,
    0.2436,
    0.2488,
    0.2473,
    0.2509,
    0.2566,
    0.257,
    0.253,
    0.256,
    0.2552,
    0.2636,
    0.2583,
    0.2614,
    0.2666,
    0.2666,
    0.2697,
    0.2702,
    0.2715,
    0.271,
    0.277,
    0.279,
    0.2767,
    0.2788
  ]
}