{
  "setting": "setting_21",
  "train_accuracy": [
    0.1849024936061381,
    0.2417279411764706,
    0.2742567135549872,
    0.30366847826086957,
    0.3342591112531969,
    0.3516624040920716,
    0.3647498401534527,
    0.3788962595907928,
    0.3944013746803069,
    0.40359255115089515,
    0.41268382352941174,
    0.4235134271099744,
    0.43096627237851665,
    0.44165601023017903,
    0.44882912404092073,
    0.4553828324808184,
    0.4631953324808184,
    0.4736253196930946,
    0.3288842710997442,
    0.10008391943734016,
    0.10008391943734016,
    0.10008391943734016,
    0.10008391943734016,
    0.10008391943734016,
    0.10008391943734016,
    0.10008391943734016,
    0.10008391943734016,
    0.10008391943734016,
    0.10008391943734016,
    0.10008391943734016,
    0.10008391943734016,
    0.10008391943734016,
    0.10008391943734016,
    0.10008391943734016,
    0.10008391943734016,
    0.10008391943734016,
    0.10008391943734016,
    0.10008391943734016,
    0.10008391943734016,
    0.10008391943734016,
    0.10008391943734016,
    0.10008391943734016,
    0.10008391943734016,
    0.10008391943734016,
    0.10008391943734016,
    0.10008391943734016,
    0.10008391943734016,
    0.10008391943734016,
    0.10008391943734016,
    0.10008391943734016
  ],
  "test_accuracy": [
    0.2289,
    0.2678,
    0.2903,
    0.336,
    0.3504,
    0.362,
    0.3823,
    0.3871,
    0.4039,
    0.4074,
    0.4266,
    0.4301,
    0.4417,
    0.4491,
    0.4499,
    0.4559,
    0.4639,
    0.4669,
    0.1,
    0.1,
    0.1,
    0.1,
    0.1,
    0.1,
    0.1,
    0.1,
    0.1,
    0.1,
    0.1,
    0.1,
    0.1,
    0.1,
    0.1,
    0.1,
    0.1,
    0.1,
    0.1,
    0.1,
    0.1,
    0.1,
    0.1,
    0.1,
    0.1,
    0.1,
    0.1,
    0.1,
    0.1,
    0.1,
    0.1,
    0.1
  ]
}