{
  "setting": "setting_1",
  "train_accuracy": [
    0.18730019181585678,
    0.22937979539641945,
    0.24782209079283887,
    0.27381713554987214,
    0.30258951406649615,
    0.32159127237851665,
    0.33941416240409206,
    0.3516424232736573,
    0.3642503196930946,
    0.38085437979539644,
    0.3917039641943734,
    0.40569053708439895,
    0.4157408887468031,
    0.42569133631713557,
    0.43396339514066495,
    0.44517263427109977,
    0.45278532608695654,
    0.4623761189258312,
    0.4671914961636829,
    0.4781010230179028,
    0.48317615089514065,
    0.48633312020460356,
    0.49454523657289,
    0.49958040281329924,
    0.5065337276214834,
    0.5102901214833759,
    0.5151254795396419,
    0.5197410485933504,
    0.5245963874680307,
    0.5315696930946292,
    0.5381433823529411,
    0.5434382992327366,
    0.5486333120204604,
    0.5519301470588235,
    0.5579044117647058,
    0.5597426470588235,
    0.5651574488491049,
    0.5709518861892583,
    0.5737492007672634,
    0.5788443094629157,
    0.5828005115089514,
    0.5885949488491049,
    0.5949088874680307,
    0.597346547314578,
    0.600383631713555,
    0.6024416560102301,
    0.574528452685422,
    0.10090313299232737,
    0.100383631713555,
    0.10202205882352941
  ],
  "test_accuracy": [
    0.2229,
    0.2433,
    0.2648,
    0.2978,
    0.3232,
    0.3392,
    0.3554,
    0.3665,
    0.3828,
    0.3888,
    0.4026,
    0.4159,
    0.4243,
    0.4308,
    0.4439,
    0.447,
    0.4563,
    0.4684,
    0.4747,
    0.4784,
    0.4863,
    0.488,
    0.496,
    0.5015,
    0.5044,
    0.5113,
    0.5132,
    0.5181,
    0.5217,
    0.5286,
    0.5367,
    0.546,
    0.5443,
    0.5475,
    0.5536,
    0.5643,
    0.5625,
    0.5685,
    0.5694,
    0.5776,
    0.5761,
    0.5771,
    0.5794,
    0.5874,
    0.5956,
    0.5999,
    0.1,
    0.1,
    0.1,
    0.1
  ]
}