{
  "setting": "setting_7",
  "train_accuracy": [
    0.17415281329923274,
    0.20839194373401534,
    0.2149856138107417,
    0.2305187020460358,
    0.23367167519181584,
    0.24051710358056266,
    0.25264546035805624,
    0.2639186381074169,
    0.2717391304347826,
    0.28204523657289,
    0.28982976342711,
    0.29950047953964193,
    0.30900335677749363,
    0.3178188938618926,
    0.3276974104859335,
    0.33335997442455245,
    0.34042519181585673,
    0.34671515345268544,
    0.35255354859335036,
    0.3599624360613811,
    0.3653372762148338,
    0.36878996163682864,
    0.37767742966751916,
    0.3815976662404092,
    0.3846867007672634,
    0.3902653452685422,
    0.39729459718670074,
    0.40032768542199487,
    0.4072610294117647,
    0.41116528132992325,
    0.4161245204603581,
    0.4197130754475703,
    0.4231457800511509,
    0.42563938618925834,
    0.43202125959079285,
    0.4335677749360614,
    0.4363850703324808,
    0.4418997762148338,
    0.44475703324808186,
    0.4493486253196931,
    0.4510709718670077,
    0.45522298593350385,
    0.45969868925831203,
    0.45995044757033243,
    0.4638986572890026,
    0.47048033887468027,
    0.4717511189258312,
    0.4717511189258312,
    0.4759950447570332,
    0.4783687659846548
  ],
  "test_accuracy": [
    0.2137,
    0.2111,
    0.2247,
    0.2378,
    0.2391,
    0.2488,
    0.2681,
    0.2695,
    0.2802,
    0.2918,
    0.3029,
    0.3115,
    0.316,
    0.3322,
    0.3352,
    0.3443,
    0.3481,
    0.3645,
    0.365,
    0.3726,
    0.3729,
    0.3766,
    0.3845,
    0.3878,
    0.3937,
    0.3994,
    0.4001,
    0.4104,
    0.4128,
    0.4179,
    0.4211,
    0.4218,
    0.4249,
    0.4338,
    0.4378,
    0.4389,
    0.4381,
    0.4454,
    0.4544,
    0.4557,
    0.4592,
    0.4594,
    0.4608,
    0.4693,
    0.4698,
    0.4727,
    0.4739,
    0.473,
    0.4834,
    0.4785
  ]
}