{
  "setting": "setting_16",
  "train_accuracy": [
    0.4375399616368286,
    0.5820812020460358,
    0.6480578644501279,
    0.6875199808184144,
    0.7149936061381074,
    0.7372122762148338,
    0.7522578324808185,
    0.7648257672634271,
    0.7810102301790282,
    0.7872442455242967,
    0.7929587595907929,
    0.8009910485933504,
    0.8068654092071611,
    0.8132992327365729,
    0.8150575447570333,
    0.8231897378516624,
    0.8260070332480819,
    0.8316815856777494,
    0.8333200127877238,
    0.8394141624040921,
    0.8408927429667519,
    0.8470068734015346,
    0.8479859335038363,
    0.8501039002557544,
    0.8550391624040921,
    0.8552789322250639,
    0.8584159207161125,
    0.8607736572890026,
    0.8644701086956522,
    0.8645100703324808,
    0.8654891304347826,
    0.8692655051150895,
    0.8710038363171355,
    0.8747602301790282,
    0.8747602301790282,
    0.8757392902813299,
    0.8786365089514067,
    0.8799752237851662,
    0.8833320012787724,
    0.8823529411764706,
    0.8822929987212276,
    0.8828125,
    0.8856897378516624,
    0.8877477621483376,
    0.8858296035805626,
    0.8886069373401535,
    0.8912244245524297,
    0.8902054028132992,
    0.890625,
    0.8940617007672634
  ],
  "test_accuracy": [
    0.3234,
    0.42519999999999997,
    0.5571,
    0.5904,
    0.6982999999999999,
    0.5544999999999999,
    0.7126,
    0.5508,
    0.7118,
    0.7388999999999999,
    0.5977,
    0.7426,
    0.7442,
    0.7636000000000001,
    0.7318,
    0.7625,
    0.7605000000000002,
    0.7980000000000002,
    0.7756,
    0.7861,
    0.7681,
    0.8128,
    0.8124,
    0.8147,
    0.8197999999999999,
    0.7656000000000001,
    0.8214,
    0.7979,
    0.8297999999999999,
    0.8268000000000001,
    0.8238,
    0.8251000000000002,
    0.8129000000000002,
    0.8364,
    0.8375999999999999,
    0.8393,
    0.8342,
    0.8251,
    0.8343,
    0.8364999999999998,
    0.8379999999999999,
    0.8366999999999999,
    0.8365,
    0.8438000000000001,
    0.8423999999999999,
    0.8390000000000001,
    0.8411,
    0.8440000000000001,
    0.8468,
    0.8481
  ]
}