{
  "setting": "setting_25",
  "train_accuracy": [
    0.30744797181844435,
    0.38716735957354637,
    0.4331425081825183,
    0.46813179871005006,
    0.49478251648536775,
    0.514778169522526,
    0.5340796622304582,
    0.5605378501636504,
    0.5781043180833655,
    0.5880681134482094,
    0.602031791490181,
    0.614703789829611,
    0.6265455032248749,
    0.6452246582595302,
    0.6511287814064305,
    0.658260658331729,
    0.6699090898151714,
    0.6839964833221024,
    0.6853851800154024,
    0.6998237900702734,
    0.7018769403398152,
    0.7153679425779746,
    0.717113496341933,
    0.7190700056555641,
    0.7306436062042742,
    0.7295764193059299,
    0.7439059792549094,
    0.7481416357816711,
    0.7485150383856373,
    0.7525679419763188,
    0.7562346577782056,
    0.7623486083702348,
    0.7658487407345013,
    0.7672325489747787,
    0.7687742918511744,
    0.7730400311657681,
    0.772777558841933,
    0.7724410076530612,
    0.7793686976559491,
    0.7792085068107432,
    0.778724549961494,
    0.7786395660858683,
    0.7824826422314208,
    0.7845579785569888,
    0.7855221319070081,
    0.7856913475885637,
    0.78997814485464,
    0.7902428733875625,
    0.7892599182951482,
    0.7931714327830188
  ],
  "test_accuracy": [
    0.2272,
    0.36970000000000003,
    0.347,
    0.44000000000000006,
    0.4559,
    0.5319,
    0.38520000000000004,
    0.41150000000000003,
    0.5093000000000001,
    0.5198,
    0.5223,
    0.5652999999999999,
    0.46390000000000003,
    0.4983000000000001,
    0.5905999999999999,
    0.6568,
    0.5399999999999999,
    0.6484,
    0.5722,
    0.6419,
    0.6278999999999999,
    0.6573,
    0.6729999999999998,
    0.6189,
    0.6633,
    0.6514,
    0.651,
    0.7026,
    0.6666000000000001,
    0.6598,
    0.7426999999999999,
    0.718,
    0.7424999999999999,
    0.7292,
    0.7349000000000001,
    0.7352000000000001,
    0.745,
    0.7232000000000001,
    0.7436,
    0.7442,
    0.7447999999999999,
    0.7515000000000001,
    0.7282,
    0.7335,
    0.759,
    0.7402,
    0.7613000000000001,
    0.7624000000000001,
    0.7554000000000001,
    0.7464999999999999
  ]
}