{
  "setting": "setting_28",
  "train_accuracy": [
    0.376985012755102,
    0.4979751275510204,
    0.5575135522959184,
    0.6058912627551021,
    0.646875,
    0.6736088966836735,
    0.6931560905612245,
    0.7113998724489795,
    0.7303093112244898,
    0.7407684948979593,
    0.7469148596938775,
    0.7579719387755102,
    0.7698860012755102,
    0.7733777104591837,
    0.7786830357142857,
    0.787611607142857,
    0.786686862244898,
    0.7943518813775511,
    0.7989596619897958,
    0.8035993303571429,
    0.8084622130102042,
    0.808920599489796,
    0.8159996811224489,
    0.8180365114795919,
    0.8186264349489796,
    0.822915338010204,
    0.8283641581632653,
    0.8279496173469387,
    0.8306042729591837,
    0.8325733418367346,
    0.8324577487244899,
    0.8345184948979593,
    0.8359375,
    0.8404097576530613,
    0.8412707270408163,
    0.8440130739795918,
    0.8453802614795919,
    0.8444674744897959,
    0.8489477040816327,
    0.8496811224489795,
    0.8490035076530612,
    0.851446906887755,
    0.8530213647959183,
    0.8563337053571429,
    0.8564094387755101,
    0.8572504783163266,
    0.857063137755102,
    0.8589485012755101,
    0.8588010204081632,
    0.8609654017857143
  ],
  "test_accuracy": [
    0.3498,
    0.35409999999999997,
    0.4503000000000001,
    0.44110000000000005,
    0.5172,
    0.48760000000000003,
    0.5431000000000001,
    0.5048,
    0.5613999999999999,
    0.6392,
    0.6014,
    0.5718000000000001,
    0.6297,
    0.7343,
    0.6002,
    0.6651000000000001,
    0.5872999999999999,
    0.7014999999999999,
    0.7258,
    0.6712,
    0.6967,
    0.6845,
    0.7325999999999999,
    0.7468999999999999,
    0.7361,
    0.5678,
    0.7213999999999999,
    0.7291000000000001,
    0.7504000000000001,
    0.7107,
    0.7329,
    0.7510999999999999,
    0.6755,
    0.7868999999999999,
    0.7482,
    0.7639,
    0.7833,
    0.7647999999999999,
    0.7877000000000001,
    0.7807,
    0.8032,
    0.7862,
    0.7548,
    0.8051,
    0.8079000000000001,
    0.8055,
    0.8187,
    0.8187999999999999,
    0.8119,
    0.817
  ]
}