{
  "setting": "setting_5",
  "train_accuracy": [
    0.30614989952348864,
    0.38898586409799774,
    0.4283604730217559,
    0.4703124247930304,
    0.4953871805207932,
    0.51775373327397,
    0.5396494903975741,
    0.5598357931026184,
    0.5760477835001925,
    0.59659545569407,
    0.603805547867732,
    0.6167140721264921,
    0.6355835007941856,
    0.6403918583943011,
    0.6504752328407778,
    0.6560593503321139,
    0.6653308655419715,
    0.6794983544715056,
    0.6833888110078937,
    0.6953937235271467,
    0.6979067644156719,
    0.7115929287398922,
    0.7105742503369272,
    0.7170454340344629,
    0.7263338708124759,
    0.7255596150606469,
    0.7342776069743935,
    0.7399181296929149,
    0.7397519222901424,
    0.7478960850259915,
    0.7470187957258375,
    0.7501259716740469,
    0.7593715404793993,
    0.7595870084472469,
    0.762153446284174,
    0.7684802326001156,
    0.7688540112389295,
    0.7691931946717366,
    0.7749551766461301,
    0.7742377021563343,
    0.7778600458461686,
    0.7770211121005005,
    0.7811699045773971,
    0.7830199960290719,
    0.7860643741576819,
    0.7851998700423566,
    0.7874669841403543,
    0.7884059431555641,
    0.7890688925924143,
    0.7913521761888718
  ],
  "test_accuracy": [
    0.35490000000000005,
    0.4043,
    0.32130000000000003,
    0.43289999999999995,
    0.45990000000000003,
    0.38899999999999996,
    0.4988,
    0.5408000000000001,
    0.5206000000000001,
    0.5313,
    0.5904,
    0.5338,
    0.5824999999999999,
    0.6049999999999999,
    0.6124,
    0.6523,
    0.6123,
    0.6235,
    0.5803999999999999,
    0.6451,
    0.6147,
    0.6228,
    0.6704,
    0.6043000000000001,
    0.6488,
    0.6634,
    0.6205,
    0.6924,
    0.6538,
    0.6624000000000001,
    0.7336,
    0.7070999999999998,
    0.7276999999999999,
    0.7224999999999999,
    0.7108,
    0.7344999999999999,
    0.7407,
    0.7133,
    0.7424000000000002,
    0.7402999999999998,
    0.75,
    0.7430999999999999,
    0.736,
    0.7466999999999999,
    0.7633,
    0.7507,
    0.7634000000000001,
    0.7610000000000001,
    0.761,
    0.7540000000000001
  ]
}