{
  "setting": "setting_29",
  "train_accuracy": [
    0.3411771516642372,
    0.4423315643221575,
    0.49167501822157433,
    0.5406549896744413,
    0.5665324723639455,
    0.6059204931972789,
    0.62472762542517,
    0.6437454446064139,
    0.6641422193877551,
    0.6741137861394558,
    0.6828667851068999,
    0.7008729272959183,
    0.7082507668245869,
    0.7248191129130224,
    0.7275172345724004,
    0.7408797224246841,
    0.7450592960398444,
    0.7514871461977648,
    0.7584958090379009,
    0.7630844190354713,
    0.7656696048955296,
    0.7705049653790088,
    0.7773997433794947,
    0.7798406751093295,
    0.783820950255102,
    0.7841540634110786,
    0.7934717413751214,
    0.7920320471938775,
    0.7982283315111759,
    0.8021032631802721,
    0.8011722546161322,
    0.8034309706025268,
    0.8063027666423712,
    0.808552941265792,
    0.8101378386175899,
    0.8138447901482021,
    0.8154126047740524,
    0.8156337311710398,
    0.817423621234208,
    0.8203153471209912,
    0.8197686998906705,
    0.8198294384718173,
    0.8223443953474247,
    0.8251905672983479,
    0.8279209563289602,
    0.827323060920797,
    0.8298503553206997,
    0.8297402666423712,
    0.8285530171890185,
    0.829119594266278
  ],
  "test_accuracy": [
    0.31299999999999994,
    0.46230000000000004,
    0.315,
    0.4824,
    0.4415,
    0.5424,
    0.4196000000000001,
    0.5788,
    0.6103,
    0.6260999999999999,
    0.6038,
    0.6597,
    0.6244,
    0.6431,
    0.6003999999999999,
    0.6819999999999999,
    0.6607000000000001,
    0.7099,
    0.7033999999999999,
    0.708,
    0.7139999999999999,
    0.6716,
    0.7204,
    0.7112,
    0.7414999999999999,
    0.6511,
    0.7333999999999998,
    0.7251000000000001,
    0.6912,
    0.7734,
    0.7831,
    0.7406,
    0.7261,
    0.7718999999999999,
    0.7584,
    0.7489,
    0.7697,
    0.7822,
    0.7761,
    0.7665,
    0.7915,
    0.7806,
    0.7757000000000001,
    0.773,
    0.797,
    0.7964,
    0.8019999999999999,
    0.7932,
    0.7989,
    0.7889000000000002
  ]
}