{
  "setting": "setting_9",
  "train_accuracy": [
    0.34323182397959184,
    0.4392519284499514,
    0.4957074905855199,
    0.5403152332361516,
    0.5697715470116618,
    0.606658846574344,
    0.6225998770043731,
    0.6444724094995141,
    0.6630147594752187,
    0.6734314261418853,
    0.6828478043002916,
    0.702078208515549,
    0.7083314352526724,
    0.7240551354470359,
    0.7266213405004859,
    0.7392568634596696,
    0.7442203443877551,
    0.7518933354591837,
    0.7578571048955296,
    0.7577432200558795,
    0.765756916605928,
    0.7740031280369291,
    0.7774452973153547,
    0.7787957817055394,
    0.7850157920310982,
    0.7860597363945578,
    0.792998170250243,
    0.7901595906219631,
    0.7981903698979592,
    0.8014854379251701,
    0.8003741116982507,
    0.8032781751093295,
    0.8067706435252673,
    0.8077168367346939,
    0.8099214574222546,
    0.8126518464528668,
    0.8144227557094267,
    0.8148782950680272,
    0.8171531447400389,
    0.8198683491253643,
    0.8202584047011663,
    0.8208847713192419,
    0.8220065369897959,
    0.8247407221817298,
    0.8263863581146745,
    0.8266644269314868,
    0.8265410516885325,
    0.827847880223518,
    0.8293103513726919,
    0.8287580099003888
  ],
  "test_accuracy": [
    0.3238,
    0.4502,
    0.3576,
    0.4606,
    0.4366,
    0.5637000000000001,
    0.438,
    0.5738,
    0.601,
    0.6146,
    0.5856999999999999,
    0.6650000000000001,
    0.6125,
    0.6657,
    0.6170000000000001,
    0.6805000000000001,
    0.6479000000000001,
    0.675,
    0.7018,
    0.6942999999999999,
    0.6925999999999999,
    0.7004999999999999,
    0.7186999999999999,
    0.7129,
    0.7439,
    0.6453,
    0.7387999999999999,
    0.7296,
    0.693,
    0.7647000000000002,
    0.7774,
    0.745,
    0.725,
    0.7779,
    0.7520999999999999,
    0.7449,
    0.7719,
    0.7823,
    0.7796999999999998,
    0.759,
    0.7882000000000001,
    0.7803000000000001,
    0.7758,
    0.7779,
    0.7919,
    0.7988999999999999,
    0.7945,
    0.7886000000000001,
    0.7957,
    0.7872
  ]
}