{
  "setting": "setting_22",
  "train_accuracy": [
    0.4149976023017903,
    0.5465353260869565,
    0.6139506074168798,
    0.6583599744245524,
    0.6939498081841433,
    0.7166520140664961,
    0.7355578644501278,
    0.749708280051151,
    0.7612891624040921,
    0.7733855498721228,
    0.7812819693094629,
    0.7891024616368286,
    0.7968710038363171,
    0.8009191176470588,
    0.8045875959079284,
    0.8107696611253197,
    0.8142543158567775,
    0.8183983375959079,
    0.8239769820971867,
    0.8258911445012788,
    0.8328324808184143,
    0.8352022058823528,
    0.8383192135549872,
    0.8413762787723784,
    0.84221547314578,
    0.8462476023017903,
    0.8487452046035806,
    0.8488850703324808,
    0.8526334718670077,
    0.8557624680306904,
    0.8584119245524298,
    0.8579603580562659,
    0.8614570012787723,
    0.8656489769820972,
    0.8649616368286445,
    0.8693654092071611,
    0.8676990089514066,
    0.8678308823529411,
    0.8727941176470588,
    0.8721347506393862,
    0.8730698529411764,
    0.8731577685421995,
    0.8770780051150895,
    0.8758032289002557,
    0.8767503196930946,
    0.8783567774936062,
    0.8789721867007673,
    0.8802109974424553,
    0.8811421035805627,
    0.8798073849104859
  ],
  "test_accuracy": [
    0.29700000000000004,
    0.5589000000000001,
    0.5783999999999999,
    0.5233,
    0.6719,
    0.6428,
    0.6834,
    0.6965999999999999,
    0.6955,
    0.7125999999999999,
    0.6837,
    0.7436,
    0.7493000000000001,
    0.7662000000000001,
    0.7276999999999999,
    0.7698,
    0.7795,
    0.7423,
    0.7823,
    0.7737,
    0.7922,
    0.7862,
    0.8087,
    0.8093999999999999,
    0.8103999999999999,
    0.7463000000000001,
    0.8015000000000001,
    0.7824,
    0.8170999999999999,
    0.8168,
    0.8207999999999999,
    0.8142999999999999,
    0.7818000000000002,
    0.8263999999999999,
    0.813,
    0.826,
    0.8279,
    0.8279,
    0.8285,
    0.8292999999999999,
    0.8329000000000001,
    0.8232999999999999,
    0.8268000000000001,
    0.8324,
    0.8328999999999999,
    0.8238,
    0.8334999999999999,
    0.8359,
    0.836,
    0.8323
  ]
}