{
  "setting": "setting_11",
  "train_accuracy": [
    0.4377597506393862,
    0.582340952685422,
    0.6476582480818415,
    0.6848225703324808,
    0.7131753516624041,
    0.7357536764705882,
    0.7515784846547314,
    0.7653452685421995,
    0.7810302109974424,
    0.7868446291560103,
    0.7955362851662404,
    0.8011309143222506,
    0.8068054667519181,
    0.812559942455243,
    0.8158168158567775,
    0.8241088554987213,
    0.8256873401534527,
    0.8291839833759591,
    0.8326806265984654,
    0.8398537404092071,
    0.8409926470588235,
    0.84536844629156,
    0.8476862212276215,
    0.8496843030690537,
    0.853360773657289,
    0.856957320971867,
    0.8601542519181585,
    0.8615928708439897,
    0.8649896099744245,
    0.867307384910486,
    0.8658487851662404,
    0.869045716112532,
    0.8734414961636828,
    0.87661844629156,
    0.8785565856777494,
    0.8806146099744245,
    0.881074168797954,
    0.8822130754475703,
    0.8835917519181585,
    0.8862292199488491,
    0.885789641943734,
    0.8883471867007673,
    0.8872882033248082,
    0.8894661125319693,
    0.8898457480818415,
    0.8920036764705882,
    0.8909446930946292,
    0.8938219309462916,
    0.8942015664961637,
    0.8959798593350383
  ],
  "test_accuracy": [
    0.3207,
    0.3416,
    0.5563,
    0.6329,
    0.6936,
    0.5682,
    0.7201,
    0.6052000000000002,
    0.7398,
    0.6561000000000001,
    0.6916,
    0.7132,
    0.7275999999999999,
    0.7675,
    0.6673,
    0.7622,
    0.786,
    0.8046,
    0.7834,
    0.7996000000000001,
    0.7364999999999999,
    0.8010999999999999,
    0.8122999999999999,
    0.8073,
    0.8135000000000001,
    0.747,
    0.8247,
    0.7480999999999999,
    0.8261,
    0.8301000000000001,
    0.8230999999999999,
    0.8187,
    0.7986000000000001,
    0.8351000000000001,
    0.8343999999999998,
    0.8432999999999999,
    0.8388,
    0.8203999999999999,
    0.8353999999999999,
    0.842,
    0.8431,
    0.8379999999999999,
    0.8408,
    0.8455999999999999,
    0.8442000000000001,
    0.8398,
    0.8423999999999999,
    0.8470000000000001,
    0.8476000000000001,
    0.8543999999999998
  ]
}