{
  "setting": "setting_4",
  "train_accuracy": [
    0.3419904792274053,
    0.439950422133139,
    0.49246461977648204,
    0.5365997403425656,
    0.566204104409621,
    0.6069739279640427,
    0.6235175990038873,
    0.6478006939382895,
    0.6650514000242954,
    0.677300663568999,
    0.6887071793002916,
    0.7056456511175899,
    0.7124768434159378,
    0.7297740524781341,
    0.7302817890549076,
    0.7395634034863946,
    0.7440874787414966,
    0.7497038994169096,
    0.7563357932458699,
    0.763774371355685,
    0.7726725734936831,
    0.7781760583697765,
    0.7813733752429542,
    0.7852131924198251,
    0.7888242908770651,
    0.7918071246355685,
    0.79860130436103,
    0.7973219979956269,
    0.8036036959426628,
    0.8059687044460642,
    0.8073941630223519,
    0.8092599763119533,
    0.8128615843658892,
    0.8149826895043731,
    0.8186308005344994,
    0.8183128720238094,
    0.8203865251457725,
    0.8201578064261418,
    0.8211704324586977,
    0.8250985103862973,
    0.824813798287172,
    0.8260807671282799,
    0.8290227921525753,
    0.8298835717322642,
    0.8316117741739553,
    0.8328255967565598,
    0.8333978680758017,
    0.834515837585034,
    0.835290254494655,
    0.837890625
  ],
  "test_accuracy": [
    0.35629999999999995,
    0.4109999999999999,
    0.4447,
    0.4537,
    0.45330000000000004,
    0.5287999999999999,
    0.44770000000000004,
    0.5596,
    0.5855,
    0.6128,
    0.5723,
    0.6648,
    0.6075,
    0.6307,
    0.6313,
    0.6467,
    0.6555,
    0.7069,
    0.6935,
    0.6902999999999999,
    0.6783,
    0.6942,
    0.713,
    0.7071,
    0.747,
    0.6394,
    0.752,
    0.7243999999999999,
    0.6802,
    0.7716999999999999,
    0.7831,
    0.7447000000000001,
    0.7264,
    0.7749,
    0.7629,
    0.7637000000000002,
    0.7698,
    0.7805,
    0.7754000000000001,
    0.7563,
    0.7935,
    0.7832999999999999,
    0.7628,
    0.7805000000000001,
    0.7937000000000001,
    0.7984000000000001,
    0.7935,
    0.7886000000000001,
    0.8028000000000001,
    0.7867
  ]
}