{
  "setting": "setting_10",
  "train_accuracy": [
    0.30526057710820176,
    0.39038283355795145,
    0.4330293216933,
    0.46758918042452835,
    0.48936197415286875,
    0.5246411875481325,
    0.5365231366721217,
    0.5681273614988448,
    0.5779230692866769,
    0.600456205477474,
    0.6135489868117058,
    0.6256392592414324,
    0.6332866799432036,
    0.64559204430593,
    0.655051576939738,
    0.6574070592269927,
    0.6660675178090103,
    0.6811243291538314,
    0.6828939491480555,
    0.6948770516461301,
    0.697364522164998,
    0.7076449388717752,
    0.7149163247256449,
    0.7197517568348094,
    0.7272754620716212,
    0.7254392839093184,
    0.7321451133519445,
    0.736824114964382,
    0.7380793192866769,
    0.7444831927464383,
    0.7465795870234886,
    0.7526611986185984,
    0.7551193384193299,
    0.7579486246149404,
    0.7582938246053138,
    0.76438145275799,
    0.764220885877936,
    0.7642930845687331,
    0.7689796068781286,
    0.767391235680593,
    0.7700227275462073,
    0.77186605037062,
    0.7734578058817866,
    0.7747874651039661,
    0.7767447264872931,
    0.7767545033933384,
    0.7787038680448595,
    0.7788215669522526,
    0.7797368357720446,
    0.7819494248170967
  ],
  "test_accuracy": [
    0.3297,
    0.3156,
    0.361,
    0.42349999999999993,
    0.41079999999999994,
    0.496,
    0.4851,
    0.5361,
    0.4591,
    0.3904,
    0.5415,
    0.5720999999999999,
    0.5453,
    0.6140000000000001,
    0.6308,
    0.6628999999999999,
    0.6162,
    0.6414000000000001,
    0.5699,
    0.6601000000000001,
    0.6296000000000002,
    0.6228,
    0.6913999999999999,
    0.6412,
    0.6712,
    0.6784,
    0.6755,
    0.6920000000000001,
    0.6726,
    0.6656000000000001,
    0.7329,
    0.7149,
    0.7305999999999999,
    0.7238999999999999,
    0.7208999999999999,
    0.7373,
    0.7477,
    0.7206,
    0.7412,
    0.7447999999999999,
    0.7444,
    0.7472,
    0.7255,
    0.7388999999999999,
    0.7555,
    0.7371999999999999,
    0.7565999999999999,
    0.7551,
    0.7557,
    0.7478
  ]
}