{
  "setting": "setting_24",
  "train_accuracy": [
    0.34222204506802717,
    0.43804285106899904,
    0.49402674016034986,
    0.5394743835034014,
    0.5676589832361516,
    0.6006798924927114,
    0.6217874984815355,
    0.6446906887755102,
    0.6637360301263362,
    0.677589171829446,
    0.6941290467079688,
    0.7028564215864918,
    0.7126685495626822,
    0.72724391095724,
    0.7300796434645287,
    0.7440684979348883,
    0.7466508366739553,
    0.7569640579446064,
    0.7626336248785228,
    0.763076826712828,
    0.7727522928814382,
    0.7738436892614189,
    0.7819333090379009,
    0.7851942116132168,
    0.7846371249392614,
    0.7891678434766765,
    0.7973191508746357,
    0.7941844706632653,
    0.8011580190111759,
    0.8057608646137027,
    0.8039320638969873,
    0.8063767917881439,
    0.8102593157798834,
    0.8101957300777454,
    0.8131092838921282,
    0.8182521334426628,
    0.8207025555758017,
    0.8189012770286686,
    0.8205212888726919,
    0.8242329856049562,
    0.8243630041302235,
    0.8260314170310982,
    0.8286336856171039,
    0.8286071124878522,
    0.8317009839650146,
    0.8319183142006803,
    0.8323814458819242,
    0.8339672922740524,
    0.8356708196671525,
    0.8351194272351798
  ],
  "test_accuracy": [
    0.3153,
    0.41950000000000004,
    0.3255,
    0.46340000000000003,
    0.46930000000000005,
    0.5239,
    0.5167999999999999,
    0.5502999999999999,
    0.6281,
    0.6054999999999999,
    0.6093,
    0.6581,
    0.6132,
    0.649,
    0.6128,
    0.6679999999999999,
    0.6391,
    0.7067,
    0.7152000000000001,
    0.6768000000000001,
    0.6922,
    0.6807,
    0.7125999999999999,
    0.7262000000000001,
    0.7407,
    0.6422000000000001,
    0.7401,
    0.7158,
    0.6715000000000001,
    0.7664,
    0.7764,
    0.7158,
    0.7223999999999999,
    0.7664,
    0.7585,
    0.7243,
    0.7651,
    0.7796,
    0.7689,
    0.7603000000000001,
    0.7866,
    0.7662000000000001,
    0.7735000000000001,
    0.7624000000000001,
    0.7882,
    0.7985,
    0.7983,
    0.7881,
    0.7952000000000001,
    0.7882
  ]
}