{
  "setting": "setting_26",
  "train_accuracy": [
    0.43801950127877237,
    0.582780530690537,
    0.6490768861892583,
    0.6861213235294118,
    0.7138147378516624,
    0.7372522378516624,
    0.7529371803069054,
    0.7645260549872123,
    0.782488810741688,
    0.7857456841432225,
    0.7965952685421995,
    0.8042079603580563,
    0.8092631074168798,
    0.8168558184143222,
    0.8188139386189258,
    0.8259870524296675,
    0.8293837915601023,
    0.8324608375959079,
    0.8355778452685422,
    0.8405530690537084,
    0.8442495204603581,
    0.8469269501278772,
    0.8481457800511509,
    0.8496843030690537,
    0.8524016943734015,
    0.8562579923273658,
    0.8598145780051151,
    0.8585757672634271,
    0.8636708759590793,
    0.8652693414322251,
    0.8662284207161125,
    0.8718630115089514,
    0.870344469309463,
    0.8716831841432225,
    0.8728420716112532,
    0.8756393861892583,
    0.878596547314578,
    0.8800751278772379,
    0.8790960677749361,
    0.88119405370844,
    0.880394820971867,
    0.8820931905370843,
    0.8827725383631714,
    0.8860893542199488,
    0.8834518861892583,
    0.8868885869565217,
    0.8871882992327366,
    0.8865888746803069,
    0.8886269181585678,
    0.8908248081841432
  ],
  "test_accuracy": [
    0.3061,
    0.414,
    0.5721999999999998,
    0.6265999999999999,
    0.6995,
    0.5740999999999999,
    0.7182,
    0.5978999999999999,
    0.7155,
    0.711,
    0.6346,
    0.7481,
    0.7404999999999999,
    0.7691,
    0.7247,
    0.7772,
    0.7758,
    0.8067,
    0.7862000000000001,
    0.7821,
    0.8036,
    0.8063,
    0.813,
    0.8199,
    0.8121,
    0.7903,
    0.8227,
    0.7889,
    0.8352999999999999,
    0.8289,
    0.827,
    0.8291999999999999,
    0.8334999999999999,
    0.8343999999999999,
    0.8322999999999998,
    0.8395999999999999,
    0.8291999999999998,
    0.8299,
    0.8321,
    0.8389999999999999,
    0.8385,
    0.8407,
    0.8366999999999999,
    0.8417,
    0.841,
    0.8390000000000001,
    0.8431999999999998,
    0.8427,
    0.8413999999999999,
    0.8502000000000001
  ]
}