{
  "setting": "setting_3",
  "train_accuracy": [
    0.37870296556122446,
    0.496890943877551,
    0.5574258609693877,
    0.6078483737244899,
    0.6479512117346938,
    0.6718949298469388,
    0.6935945471938776,
    0.7094626913265306,
    0.7300542091836734,
    0.7382732780612244,
    0.7463687818877551,
    0.7580676020408164,
    0.770085299744898,
    0.7721938775510204,
    0.7771882971938775,
    0.7849569515306123,
    0.7875597895408163,
    0.793977200255102,
    0.7974370216836734,
    0.8018853635204082,
    0.8075693558673469,
    0.8091039540816326,
    0.8128188775510204,
    0.8148596938775511,
    0.815493463010204,
    0.8209462691326531,
    0.8257174744897958,
    0.8271643813775511,
    0.8297951211734694,
    0.8304209183673469,
    0.8329918686224489,
    0.8372448979591837,
    0.8371771364795918,
    0.8403619260204082,
    0.84140625,
    0.841242825255102,
    0.8461933992346938,
    0.8468112244897958,
    0.848748405612245,
    0.8514269770408163,
    0.851060267857143,
    0.8527303890306123,
    0.8536830357142857,
    0.8578404017857143,
    0.8568160076530612,
    0.8593032525510205,
    0.8584223533163264,
    0.8594029017857143,
    0.859701849489796,
    0.8613002232142857
  ],
  "test_accuracy": [
    0.3196,
    0.4194,
    0.46909999999999996,
    0.45089999999999997,
    0.5448999999999999,
    0.45919999999999994,
    0.5774,
    0.5364000000000001,
    0.5498000000000001,
    0.6439,
    0.6041000000000001,
    0.5786000000000001,
    0.6284,
    0.7287999999999999,
    0.6301,
    0.6537000000000001,
    0.6052,
    0.6905,
    0.7086999999999999,
    0.7021999999999999,
    0.704,
    0.7296999999999999,
    0.7382000000000001,
    0.7525000000000001,
    0.7202999999999999,
    0.5650999999999999,
    0.7222,
    0.7144,
    0.7815000000000001,
    0.7278999999999999,
    0.7464000000000001,
    0.7632000000000001,
    0.6667,
    0.7863,
    0.7682,
    0.776,
    0.7753,
    0.7712,
    0.7943,
    0.7746000000000002,
    0.8145999999999999,
    0.795,
    0.7674,
    0.8087,
    0.8049999999999999,
    0.8102,
    0.8154999999999999,
    0.8177,
    0.8129,
    0.8228
  ]
}