{
  "setting": "setting_17",
  "train_accuracy": [
    0.41433423913043477,
    0.5457880434782608,
    0.6138347186700768,
    0.6596627237851663,
    0.6931985294117646,
    0.7163842710997442,
    0.7341192455242966,
    0.7493286445012788,
    0.7600703324808185,
    0.7689617966751918,
    0.7783887468030691,
    0.7865249360613811,
    0.7956801470588235,
    0.7991807864450128,
    0.8027293797953964,
    0.8107217071611253,
    0.8138706841432225,
    0.8219549232736573,
    0.825619405370844,
    0.8289562020460358,
    0.8321731138107417,
    0.833783567774936,
    0.8377677429667519,
    0.8425191815856777,
    0.8450127877237851,
    0.8465952685421995,
    0.8514825767263428,
    0.852389705882353,
    0.8534486892583121,
    0.8553908248081841,
    0.8561580882352942,
    0.8569133631713556,
    0.8597146739130435,
    0.8645700127877238,
    0.8650855179028134,
    0.8675831202046036,
    0.8684103260869565,
    0.8702605498721229,
    0.8703005115089515,
    0.871875,
    0.8739210358056266,
    0.8749520460358056,
    0.8780330882352941,
    0.8763706841432225,
    0.8789562020460358,
    0.8800831202046037,
    0.880598625319693,
    0.8816176470588235,
    0.8821331521739131,
    0.8832400895140665
  ],
  "test_accuracy": [
    0.3343,
    0.5635000000000001,
    0.5761000000000001,
    0.531,
    0.6503,
    0.6379,
    0.6802,
    0.6829,
    0.7047,
    0.7237,
    0.6826999999999999,
    0.7255,
    0.7384000000000001,
    0.7623,
    0.7009000000000001,
    0.7746999999999999,
    0.7647,
    0.747,
    0.7827,
    0.7835,
    0.7953,
    0.7783000000000001,
    0.8047000000000001,
    0.7997000000000001,
    0.8024000000000001,
    0.7594,
    0.7884000000000001,
    0.7972,
    0.8089000000000001,
    0.8162,
    0.8219,
    0.7946000000000002,
    0.7919000000000002,
    0.8222000000000002,
    0.8151999999999999,
    0.8218,
    0.8248,
    0.827,
    0.8267999999999999,
    0.8272999999999999,
    0.8292999999999999,
    0.8263999999999999,
    0.8276999999999999,
    0.8294999999999998,
    0.8298,
    0.8156000000000001,
    0.8295,
    0.8334999999999999,
    0.8301000000000001,
    0.8368
  ]
}