{
  "setting": "setting_23",
  "train_accuracy": [
    0.3778021364795918,
    0.4984135841836735,
    0.5575334821428571,
    0.6063137755102042,
    0.6427415497448979,
    0.6719467474489795,
    0.687974330357143,
    0.7075613839285714,
    0.7290298150510205,
    0.7394610969387755,
    0.748648756377551,
    0.7612205038265306,
    0.7731784119897959,
    0.7762316645408163,
    0.7816565688775511,
    0.7918207908163266,
    0.792725605867347,
    0.799330357142857,
    0.8028260522959183,
    0.8074617346938775,
    0.813444674744898,
    0.8176698022959183,
    0.8206273915816327,
    0.8222177933673469,
    0.8260164221938775,
    0.8301578443877551,
    0.8353435905612244,
    0.8342633928571429,
    0.8381895727040817,
    0.8393574617346938,
    0.8412826849489795,
    0.8418885522959183,
    0.8444435586734694,
    0.8460817920918368,
    0.8499322385204081,
    0.8506337691326531,
    0.8519013073979592,
    0.8515146683673469,
    0.8535594706632652,
    0.8557756696428571,
    0.8552973533163266,
    0.8563097895408163,
    0.8580317283163265,
    0.8630141900510204,
    0.8628348214285714,
    0.8622767857142857,
    0.8616430165816327,
    0.8628547512755101,
    0.8641820790816326,
    0.8649154974489796
  ],
  "test_accuracy": [
    0.35469999999999996,
    0.42469999999999997,
    0.4602999999999999,
    0.4619,
    0.49729999999999996,
    0.5021000000000001,
    0.5326000000000001,
    0.522,
    0.5461,
    0.6244,
    0.6175,
    0.6117999999999999,
    0.6728000000000002,
    0.7409000000000001,
    0.5854000000000001,
    0.6854,
    0.6098,
    0.6839999999999999,
    0.72,
    0.7046,
    0.6797000000000002,
    0.7276,
    0.7549,
    0.7546999999999999,
    0.7192999999999999,
    0.617,
    0.7404,
    0.7365,
    0.7955000000000001,
    0.7505,
    0.7875,
    0.7666,
    0.7047,
    0.7925000000000001,
    0.7855,
    0.7925,
    0.7981,
    0.7921000000000001,
    0.8008000000000001,
    0.7962,
    0.8112999999999999,
    0.8034000000000001,
    0.7953,
    0.8154,
    0.8149000000000001,
    0.8179000000000001,
    0.8187000000000001,
    0.8253,
    0.8206999999999999,
    0.8269
  ]
}