{
  "setting": "setting_7",
  "train_accuracy": [
    0.4144701086956522,
    0.547286604859335,
    0.6154611572890025,
    0.6580602621483376,
    0.6922914002557545,
    0.715684942455243,
    0.7343510230179029,
    0.7487691815856777,
    0.7636828644501279,
    0.7718510230179028,
    0.7794397378516624,
    0.7874040920716112,
    0.7949208759590792,
    0.8026574488491048,
    0.8051830242966752,
    0.8125159846547315,
    0.8150815217391304,
    0.8195692135549872,
    0.8241488171355499,
    0.8257472826086957,
    0.8326326726342711,
    0.8353220907928388,
    0.8374080882352941,
    0.841188459079284,
    0.8414522058823529,
    0.8453764386189259,
    0.846727141943734,
    0.8496363491048593,
    0.8526974104859336,
    0.8538802749360613,
    0.8567615089514066,
    0.8569453324808184,
    0.8588275255754475,
    0.8639106457800512,
    0.8656369884910486,
    0.867247442455243,
    0.8679227941176472,
    0.8684982416879795,
    0.8695452365728901,
    0.8721627237851662,
    0.8720867966751917,
    0.8730019181585678,
    0.8750799232736572,
    0.8767303388746803,
    0.8770660166240409,
    0.8785126278772379,
    0.8778132992327367,
    0.881633631713555,
    0.8802629475703325,
    0.8800031969309463
  ],
  "test_accuracy": [
    0.3065,
    0.5695,
    0.5791999999999999,
    0.5358,
    0.6571,
    0.6418000000000001,
    0.6868000000000001,
    0.6859999999999999,
    0.7079,
    0.7227999999999999,
    0.6914,
    0.7494,
    0.7431,
    0.7759,
    0.7223999999999999,
    0.7618,
    0.7827000000000001,
    0.7513,
    0.7878000000000001,
    0.7798,
    0.7978000000000001,
    0.7955,
    0.8083,
    0.8097,
    0.8097000000000001,
    0.7424999999999999,
    0.7984,
    0.7722,
    0.8185,
    0.8112,
    0.8208,
    0.8087,
    0.8039,
    0.8257999999999999,
    0.8135,
    0.8175999999999999,
    0.8268999999999999,
    0.8261999999999998,
    0.8257999999999999,
    0.8286,
    0.8341,
    0.8302999999999999,
    0.8242999999999998,
    0.8344999999999999,
    0.8384,
    0.8335000000000001,
    0.8333,
    0.8374,
    0.8413,
    0.8385999999999999
  ]
}