{
  "setting": "setting_12",
  "train_accuracy": [
    0.4134590792838875,
    0.5457680626598466,
    0.6137428069053709,
    0.6592551150895141,
    0.6934742647058824,
    0.7179627557544757,
    0.7328125000000001,
    0.7482496803069054,
    0.759199168797954,
    0.7725023976982096,
    0.7815377237851663,
    0.7892623081841432,
    0.7965872762148337,
    0.8045076726342711,
    0.8071451406649617,
    0.8145060741687979,
    0.8172074808184143,
    0.8232376918158568,
    0.8242127557544756,
    0.8298992966751919,
    0.8345028772378517,
    0.8338554987212277,
    0.8385230179028134,
    0.8427229859335038,
    0.8421435421994885,
    0.8473105818414322,
    0.8516144501278772,
    0.8526054987212276,
    0.8559422953964194,
    0.8581721547314578,
    0.8608495843989771,
    0.8608296035805627,
    0.8646099744245525,
    0.8664921675191816,
    0.8690137468030691,
    0.8703045076726342,
    0.8718350383631713,
    0.8705602621483377,
    0.8737811700767263,
    0.8736652813299232,
    0.8756473785166241,
    0.8759790601023018,
    0.8784406969309463,
    0.8780690537084399,
    0.8789562020460358,
    0.8801110933503837,
    0.8799752237851662,
    0.8822690217391305,
    0.8821291560102302,
    0.8822610294117648
  ],
  "test_accuracy": [
    0.22210000000000002,
    0.5582,
    0.5851,
    0.5315,
    0.6335999999999999,
    0.6453,
    0.6859999999999999,
    0.6980999999999999,
    0.694,
    0.7321,
    0.6832999999999999,
    0.7512000000000001,
    0.7434000000000001,
    0.7684,
    0.7202999999999999,
    0.782,
    0.7902000000000001,
    0.7479,
    0.7869,
    0.791,
    0.7956000000000001,
    0.7864,
    0.8061,
    0.8099000000000001,
    0.8077,
    0.7459,
    0.7972,
    0.7830999999999999,
    0.8230999999999999,
    0.8183999999999999,
    0.8215,
    0.8188000000000001,
    0.8066000000000001,
    0.8294,
    0.8223,
    0.829,
    0.8303,
    0.8225,
    0.8328,
    0.8337,
    0.8371000000000001,
    0.8219999999999998,
    0.8305000000000001,
    0.8315999999999999,
    0.8369,
    0.8302999999999999,
    0.8362999999999999,
    0.8379,
    0.8391,
    0.8323999999999998
  ]
}