{
  "setting": "setting_6",
  "train_accuracy": [
    0.43718030690537085,
    0.5826007033248082,
    0.6492367327365729,
    0.6866807864450127,
    0.7153332800511509,
    0.7372122762148338,
    0.753156969309463,
    0.7646459398976982,
    0.781809462915601,
    0.7867047634271099,
    0.7917998721227621,
    0.8004315856777494,
    0.8070851982097187,
    0.8157768542199488,
    0.8194133631713555,
    0.8249480498721228,
    0.8262468030690537,
    0.8335997442455243,
    0.8339993606138107,
    0.8401334718670077,
    0.8403132992327366,
    0.8457081202046036,
    0.8496443414322251,
    0.8512627877237852,
    0.8527014066496164,
    0.8568374360613811,
    0.8601742327365729,
    0.8600343670076727,
    0.8658088235294118,
    0.8653692455242967,
    0.8654691496163683,
    0.868925831202046,
    0.872082800511509,
    0.872582320971867,
    0.8738011508951407,
    0.8761988491048593,
    0.8783367966751918,
    0.877977141943734,
    0.8816735933503836,
    0.8824528452685422,
    0.882752557544757,
    0.8855898337595908,
    0.8856897378516624,
    0.8890864769820972,
    0.8867287404092071,
    0.8887867647058824,
    0.888886668797954,
    0.8887867647058824,
    0.891863810741688,
    0.8929227941176471
  ],
  "test_accuracy": [
    0.3492,
    0.4367,
    0.5682,
    0.6123999999999999,
    0.6917,
    0.5917999999999999,
    0.7162999999999999,
    0.5816,
    0.6660000000000001,
    0.7412,
    0.6377,
    0.7236999999999999,
    0.6903999999999999,
    0.7836000000000001,
    0.6919,
    0.7664000000000001,
    0.7533000000000001,
    0.7837999999999999,
    0.7887000000000001,
    0.8011000000000001,
    0.7848999999999999,
    0.7494,
    0.8111,
    0.8251999999999999,
    0.8025,
    0.7738999999999999,
    0.8282,
    0.7998999999999999,
    0.8225,
    0.8294,
    0.8225,
    0.8226000000000001,
    0.8230999999999999,
    0.8389999999999999,
    0.8328999999999999,
    0.8400000000000001,
    0.8326999999999998,
    0.808,
    0.8407,
    0.8402000000000001,
    0.8363999999999999,
    0.8421,
    0.8366,
    0.8398999999999999,
    0.8422999999999998,
    0.8400000000000001,
    0.8428000000000001,
    0.8431,
    0.8472999999999999,
    0.8482
  ]
}