{
  "setting": "setting_30",
  "train_accuracy": [
    0.3081285948931459,
    0.3891272532008086,
    0.43236975657008087,
    0.46649529505198306,
    0.4935062542115903,
    0.5221281466596072,
    0.5391801989073931,
    0.5606829996149404,
    0.5757495878658068,
    0.6012289570899114,
    0.6092204496775125,
    0.619396328696573,
    0.6314264355506354,
    0.646370060406238,
    0.6572555171832885,
    0.662166908331729,
    0.6719069629620715,
    0.6883073468184444,
    0.6898419450327301,
    0.7033363315845206,
    0.7032829346361187,
    0.7160786484405083,
    0.7189222239603388,
    0.7238065405997305,
    0.7325004662832114,
    0.730979781358298,
    0.7401900028879477,
    0.7442256088756257,
    0.747581719893146,
    0.7522283825086638,
    0.757228517881209,
    0.7623354471505583,
    0.7667042200134772,
    0.7689059040479399,
    0.7697771767905275,
    0.7758768380583366,
    0.7765382833557951,
    0.7758978960098191,
    0.7814398975981902,
    0.7805122196284174,
    0.7822528849393531,
    0.7798477660521755,
    0.7845196230025029,
    0.7864170948450134,
    0.7906057470157875,
    0.7894622250433192,
    0.7924219953311513,
    0.791804922145745,
    0.7934782772189065,
    0.7971058853966114
  ],
  "test_accuracy": [
    0.3569,
    0.2746,
    0.4367,
    0.43879999999999997,
    0.3395,
    0.48389999999999994,
    0.51,
    0.5109999999999999,
    0.48690000000000005,
    0.5389,
    0.577,
    0.5861999999999999,
    0.5467000000000001,
    0.5937,
    0.6023000000000001,
    0.6597000000000001,
    0.6206,
    0.6365000000000001,
    0.5824999999999998,
    0.6538999999999999,
    0.6125,
    0.6387,
    0.6760999999999999,
    0.6300000000000001,
    0.6377,
    0.6498999999999999,
    0.5897,
    0.6920000000000001,
    0.6712,
    0.5981,
    0.7445,
    0.7263999999999999,
    0.7415999999999999,
    0.7343,
    0.7306999999999999,
    0.749,
    0.7557,
    0.7282,
    0.7518,
    0.7544000000000001,
    0.7546,
    0.7537999999999999,
    0.7430999999999999,
    0.7483,
    0.7673,
    0.7474,
    0.7681,
    0.7675000000000001,
    0.7674000000000001,
    0.7592999999999999
  ]
}