{
  "setting": "setting_3",
  "train_accuracy": [
    0.18327885841836736,
    0.25777662627551023,
    0.2911033163265306,
    0.3200454400510204,
    0.3346141581632653,
    0.3463647959183674,
    0.35445232780612246,
    0.37144451530612244,
    0.36893734056122446,
    0.37723214285714285,
    0.38449856505102037,
    0.3884765625,
    0.38899872448979594,
    0.39556361607142854,
    0.40015545280612247,
    0.4042689732142857,
    0.4119499362244898,
    0.4123046875,
    0.41946348852040816,
    0.4187061543367347,
    0.4238879145408163,
    0.4296875,
    0.4352000956632653,
    0.43446667729591837,
    0.43874362244897963,
    0.4360929528061225,
    0.44060108418367344,
    0.4421316964285715,
    0.4465720663265306,
    0.44215162627551025,
    0.44892777423469393,
    0.446452487244898,
    0.45271444515306125,
    0.4555404974489796,
    0.4580795599489796,
    0.46454878826530616,
    0.4662866709183674,
    0.4661232461734694,
    0.46558912627551025,
    0.47068319515306123,
    0.4709462691326531,
    0.4757055165816326,
    0.4739437181122449,
    0.4771564094387755,
    0.4768375318877551,
    0.4822624362244898,
    0.4852279974489796,
    0.48457828443877554,
    0.4854113520408163,
    0.4897201849489796
  ],
  "test_accuracy": [
    0.26049999999999995,
    0.27829999999999994,
    0.3225,
    0.34429999999999994,
    0.3559,
    0.36999999999999994,
    0.3745,
    0.3786,
    0.3841,
    0.3837,
    0.38759999999999994,
    0.39349999999999996,
    0.4005000000000001,
    0.398,
    0.39320000000000005,
    0.40520000000000006,
    0.4069,
    0.41450000000000004,
    0.42279999999999995,
    0.4166,
    0.4091,
    0.4271999999999999,
    0.43069999999999997,
    0.4266,
    0.434,
    0.42780000000000007,
    0.4417,
    0.4351,
    0.43950000000000006,
    0.44279999999999997,
    0.4457999999999999,
    0.4408,
    0.45280000000000004,
    0.45010000000000006,
    0.4598,
    0.4583000000000001,
    0.45940000000000003,
    0.4652,
    0.46109999999999995,
    0.46230000000000004,
    0.4721,
    0.46849999999999997,
    0.46729999999999994,
    0.48050000000000004,
    0.47240000000000004,
    0.4787,
    0.47919999999999996,
    0.48069999999999996,
    0.4777,
    0.479
  ]
}