{
  "setting": "setting_20",
  "train_accuracy": [
    0.12023488640739315,
    0.16250910004331923,
    0.19577276665383134,
    0.2239204791586446,
    0.2419186350837505,
    0.26172739880150175,
    0.2785053216451675,
    0.2872853593088179,
    0.296775726800154,
    0.30107982166923375,
    0.31106317084616864,
    0.31812247304582214,
    0.31866170701771274,
    0.3331687554149018,
    0.3355953082884097,
    0.34123921532056223,
    0.35114923770215634,
    0.35774451289949943,
    0.3643093292741625,
    0.3677192132749326,
    0.3741881407633808,
    0.37860241384289567,
    0.38092179678475163,
    0.3847377984212553,
    0.3884225638958414,
    0.3898383350981902,
    0.39620535714285715,
    0.39818743682614555,
    0.4027096319070081,
    0.3989756058673469,
    0.4041261551790527,
    0.40491507628994994,
    0.4091240343425106,
    0.4094760029601463,
    0.41079964562475935,
    0.4109470512851367,
    0.41574864025798997,
    0.41476643723527146,
    0.41615438185887565,
    0.4165010859886408,
    0.41664097095206004,
    0.4178600759289565,
    0.41938978569021945,
    0.4182748423661918,
    0.4209958305256065,
    0.4219408060983827,
    0.421573796086831,
    0.4218129542500963,
    0.42449408271563344,
    0.42329753982961105
  ],
  "test_accuracy": [
    0.14830000000000002,
    0.17459999999999998,
    0.21939999999999998,
    0.2509,
    0.2596,
    0.2833,
    0.3004,
    0.305,
    0.30900000000000005,
    0.31100000000000005,
    0.33209999999999995,
    0.3438,
    0.3434,
    0.354,
    0.35750000000000004,
    0.365,
    0.3646,
    0.3809,
    0.3809,
    0.38039999999999996,
    0.382,
    0.3956,
    0.3946,
    0.4032,
    0.4002,
    0.40659999999999996,
    0.4083,
    0.39999999999999997,
    0.4125,
    0.40890000000000004,
    0.4151000000000001,
    0.41459999999999997,
    0.41289999999999993,
    0.42060000000000003,
    0.42219999999999996,
    0.42029999999999995,
    0.4203,
    0.4223,
    0.4264,
    0.42560000000000003,
    0.4258,
    0.4266,
    0.4255,
    0.42560000000000003,
    0.425,
    0.4288,
    0.4265,
    0.42469999999999997,
    0.4285,
    0.42779999999999996
  ]
}