{
  "setting": "setting_24",
  "train_accuracy": [
    0.14132159560252672,
    0.2227691857993197,
    0.2674746796039844,
    0.29439990281827016,
    0.31926665755587946,
    0.3355379540208941,
    0.34876283102526723,
    0.36795812074829937,
    0.37365236273080665,
    0.38279446823372204,
    0.3883700801749271,
    0.4029558810131195,
    0.41025020499271136,
    0.4147268282312925,
    0.41876119867589895,
    0.42941417638483964,
    0.4240454552356657,
    0.43152863824101073,
    0.4432635219266278,
    0.4451350294582118,
    0.44845002733236156,
    0.453165808734208,
    0.4566193664965986,
    0.4654369002065112,
    0.47013370080174927,
    0.4682564990281827,
    0.4688202289844509,
    0.4721580038265306,
    0.4766336780247813,
    0.4761563107385811,
    0.4803197506681244,
    0.48749924076773565,
    0.4875599793488824,
    0.4898329309402332,
    0.4933842398566569,
    0.49571128674684156,
    0.4956211279154519,
    0.4974005785349854,
    0.49836290543002915,
    0.5004593355199223,
    0.5009414480077745,
    0.5062693604227405,
    0.5074736926020408,
    0.511100924744898,
    0.5096080843051506,
    0.511434986941205,
    0.5113609617954324,
    0.5105628188775511,
    0.5172013559888241,
    0.5152653137147717
  ],
  "test_accuracy": [
    0.20350000000000001,
    0.255,
    0.28,
    0.33359999999999995,
    0.3403,
    0.36419999999999997,
    0.37110000000000004,
    0.38999999999999996,
    0.40380000000000005,
    0.41079999999999994,
    0.4018,
    0.42210000000000003,
    0.4253,
    0.4368,
    0.4407,
    0.442,
    0.4483999999999999,
    0.44630000000000003,
    0.4534000000000001,
    0.453,
    0.4584,
    0.45719999999999994,
    0.45710000000000006,
    0.46220000000000006,
    0.46340000000000003,
    0.4654,
    0.47170000000000006,
    0.47400000000000003,
    0.47859999999999997,
    0.47709999999999997,
    0.47570000000000007,
    0.48020000000000007,
    0.4801,
    0.48949999999999994,
    0.49210000000000004,
    0.49239999999999995,
    0.49589999999999995,
    0.49330000000000007,
    0.49300000000000005,
    0.5022,
    0.49319999999999997,
    0.4962,
    0.5015999999999999,
    0.5029,
    0.5045,
    0.5085999999999999,
    0.5006,
    0.5126999999999999,
    0.5035000000000001,
    0.5130000000000001
  ]
}