{
  "setting": "setting_30",
  "train_accuracy": [
    0.1157878982961109,
    0.16959886106565267,
    0.21400782453311512,
    0.2399170015883712,
    0.25769743333654216,
    0.28313731890161725,
    0.3041042699509049,
    0.31140047410473626,
    0.3231902946909896,
    0.34465887622737773,
    0.3517557819118214,
    0.35312417272333463,
    0.36383439726126304,
    0.3719371961638429,
    0.3814031213900655,
    0.3930951729158645,
    0.40300181098382754,
    0.4105785371341933,
    0.4113843798132461,
    0.415862954851752,
    0.4294712799624567,
    0.4345372214333847,
    0.4341495295051983,
    0.4465748489844051,
    0.4473983653013092,
    0.4543884770889488,
    0.45683533584424335,
    0.46271276051694266,
    0.46979086445899115,
    0.47150182301694266,
    0.4734380264487871,
    0.47579952529360797,
    0.48035067505775897,
    0.47809634614458996,
    0.48674138729784366,
    0.4834225037302657,
    0.4908631052656912,
    0.49168624554774737,
    0.49349346902676167,
    0.4954571230025029,
    0.49785998568059303,
    0.4973384253465537,
    0.5011987990951098,
    0.4991181982816712,
    0.5019057446091645,
    0.5044011118598383,
    0.5033327968569503,
    0.5039175310454371,
    0.506809239025799,
    0.5087529631546015
  ],
  "test_accuracy": [
    0.155,
    0.213,
    0.2347,
    0.2721,
    0.2702,
    0.2869,
    0.3177,
    0.34109999999999996,
    0.3355,
    0.37229999999999996,
    0.3823,
    0.3933,
    0.4006,
    0.39749999999999996,
    0.4171,
    0.40750000000000003,
    0.42969999999999997,
    0.4377000000000001,
    0.44139999999999996,
    0.4218,
    0.4439,
    0.45360000000000006,
    0.44849999999999995,
    0.4554,
    0.43929999999999997,
    0.46629999999999994,
    0.465,
    0.46230000000000004,
    0.4702,
    0.476,
    0.4779,
    0.4784,
    0.4806,
    0.4800000000000001,
    0.4842000000000001,
    0.48329999999999995,
    0.4889,
    0.4915999999999999,
    0.4887,
    0.4871,
    0.4937,
    0.4957000000000001,
    0.493,
    0.4986,
    0.4948,
    0.5031000000000001,
    0.4978999999999999,
    0.49559999999999993,
    0.499,
    0.5013
  ]
}