{
  "setting": "setting_25",
  "train_accuracy": [
    0.12678578949268388,
    0.16632848599345398,
    0.19817788554100887,
    0.2278041670677705,
    0.2560661941663458,
    0.2692541123170966,
    0.28621967654986524,
    0.29755562307470157,
    0.30292389656334234,
    0.31298508495379285,
    0.3163220181940701,
    0.3235121805207932,
    0.328655209135541,
    0.34273357780612246,
    0.34861701903638814,
    0.3530561104158645,
    0.35448504283788984,
    0.3582273416442049,
    0.3708079635155949,
    0.37239633471313055,
    0.3827305244031575,
    0.39012336951289955,
    0.390159468858298,
    0.39300154023873696,
    0.39759819021948406,
    0.3927123694407008,
    0.4013510180015402,
    0.40905521996534466,
    0.41201837456680784,
    0.4142031370331151,
    0.4163141966692337,
    0.4182910118646515,
    0.42512882953889103,
    0.42719100464478243,
    0.42730043078552177,
    0.4316519060454371,
    0.42925017147189065,
    0.43128188775510207,
    0.4328548415238737,
    0.43470906935887565,
    0.43324403759145164,
    0.4366181982816712,
    0.4371585603581055,
    0.43720255643531,
    0.4409629049143242,
    0.4431882791442049,
    0.44218614627454755,
    0.4417315201434347,
    0.4415953955284944,
    0.44246666827108205
  ],
  "test_accuracy": [
    0.16019999999999995,
    0.1775,
    0.23209999999999997,
    0.255,
    0.26660000000000006,
    0.2913,
    0.29700000000000004,
    0.3082,
    0.3209,
    0.3386,
    0.34099999999999997,
    0.35520000000000007,
    0.3365,
    0.3532,
    0.3654,
    0.37249999999999994,
    0.38029999999999997,
    0.38589999999999997,
    0.38560000000000005,
    0.39280000000000004,
    0.38520000000000004,
    0.3887,
    0.4027,
    0.40449999999999997,
    0.4152,
    0.41559999999999997,
    0.41340000000000005,
    0.41740000000000005,
    0.41450000000000004,
    0.4231,
    0.4304,
    0.42969999999999997,
    0.42879999999999996,
    0.4333,
    0.4332,
    0.43410000000000004,
    0.4385,
    0.43479999999999996,
    0.43920000000000003,
    0.4396,
    0.43549999999999994,
    0.4436,
    0.4391999999999999,
    0.4436,
    0.4405,
    0.44600000000000006,
    0.4418,
    0.44139999999999996,
    0.4459000000000001,
    0.4483
  ]
}