{
  "setting": "setting_14",
  "train_accuracy": [
    0.13893001396987367,
    0.21538944818999028,
    0.25621051992225463,
    0.28167706814868804,
    0.301069758260447,
    0.32198091290087466,
    0.33642815385082603,
    0.345523756377551,
    0.36023862670068024,
    0.3684630102040816,
    0.37749882318999034,
    0.3885522959183674,
    0.3934749681122449,
    0.39885887390670555,
    0.4040700543610301,
    0.4125791499635568,
    0.41274428298104954,
    0.41432918033284744,
    0.4304932352405248,
    0.43102659590621967,
    0.4384926961856171,
    0.44174505739795916,
    0.4434628203960156,
    0.4477372980442177,
    0.4538946717079689,
    0.4516767644557823,
    0.45365361546404276,
    0.45738334396258506,
    0.46169293610301265,
    0.4649358069120505,
    0.46390609815354716,
    0.46649128401360546,
    0.472158952866861,
    0.47324750212585037,
    0.47490737366375124,
    0.4761107568027211,
    0.4801147579567541,
    0.47938969114431484,
    0.4794902894193392,
    0.4821010993683188,
    0.4826619822035957,
    0.481688266824587,
    0.4894751427356657,
    0.4898614021501458,
    0.4912906568877551,
    0.4926686634475219,
    0.49445855351069,
    0.49377904063411077,
    0.49860206359329445,
    0.49523866466229344
  ],
  "test_accuracy": [
    0.194,
    0.24710000000000001,
    0.25759999999999994,
    0.3121,
    0.3177,
    0.34679999999999994,
    0.35729999999999995,
    0.3739,
    0.3881,
    0.39259999999999995,
    0.39180000000000004,
    0.4061,
    0.4119,
    0.41489999999999994,
    0.4182,
    0.4279,
    0.4343,
    0.43199999999999994,
    0.4391,
    0.4318000000000001,
    0.45039999999999997,
    0.44530000000000003,
    0.4484,
    0.44489999999999996,
    0.4513000000000001,
    0.4535,
    0.4586,
    0.45600000000000007,
    0.4595999999999999,
    0.4619,
    0.4598,
    0.46929999999999994,
    0.46579999999999994,
    0.4689,
    0.47330000000000005,
    0.4734999999999999,
    0.481,
    0.48109999999999997,
    0.4845,
    0.48529999999999995,
    0.48200000000000004,
    0.4807,
    0.4882000000000001,
    0.4928,
    0.48819999999999997,
    0.48919999999999997,
    0.4835,
    0.4920999999999999,
    0.4889,
    0.49379999999999996
  ]
}