{
  "setting": "setting_8",
  "train_accuracy": [
    0.18904257015306122,
    0.26917251275510207,
    0.2997967155612245,
    0.3270248724489796,
    0.33846061862244897,
    0.3487922512755102,
    0.35400191326530617,
    0.37094228316326533,
    0.368961256377551,
    0.38113839285714285,
    0.3728555484693878,
    0.37838408801020407,
    0.3820591517857143,
    0.38875956632653064,
    0.39515704719387756,
    0.3989915497448979,
    0.40347576530612245,
    0.4095463966836735,
    0.41734295280612244,
    0.4171077806122449,
    0.4221739477040816,
    0.4219467474489796,
    0.4319276147959184,
    0.42972735969387754,
    0.43137356505102037,
    0.4362404336734694,
    0.43418367346938774,
    0.43619658801020406,
    0.4452686543367347,
    0.4459183673469388,
    0.4467514349489796,
    0.4507334183673469,
    0.45532525510204086,
    0.4565848214285714,
    0.4549465880102041,
    0.4586136798469388,
    0.4599489795918368,
    0.45798788265306123,
    0.46108498086734695,
    0.46484375,
    0.4666015625,
    0.4704320790816327,
    0.46632653061224494,
    0.4714883609693878,
    0.47005739795918366,
    0.4762436224489796,
    0.4749720982142857,
    0.47647480867346936,
    0.4838807397959184,
    0.4824099170918368
  ],
  "test_accuracy": [
    0.27230000000000004,
    0.3026,
    0.33380000000000004,
    0.34209999999999996,
    0.36069999999999997,
    0.36829999999999996,
    0.373,
    0.3774,
    0.3735,
    0.38049999999999995,
    0.3861,
    0.3869,
    0.3907,
    0.3901,
    0.3788,
    0.4046,
    0.3987,
    0.40969999999999995,
    0.4242,
    0.40940000000000004,
    0.41839999999999994,
    0.4159,
    0.42779999999999996,
    0.425,
    0.4290999999999999,
    0.43529999999999996,
    0.4385,
    0.4359,
    0.4354,
    0.44769999999999993,
    0.44289999999999996,
    0.4492999999999999,
    0.4524,
    0.45430000000000004,
    0.4509,
    0.4505,
    0.45710000000000006,
    0.4588,
    0.4521,
    0.4606,
    0.46369999999999995,
    0.4654999999999999,
    0.46849999999999997,
    0.4726,
    0.46820000000000006,
    0.4784,
    0.46519999999999995,
    0.4796,
    0.4766,
    0.4765
  ]
}