{
  "setting": "setting_11",
  "train_accuracy": [
    0.12314178388746803,
    0.10380035166240409,
    0.10064338235294118,
    0.10046355498721228,
    0.09928468670076726,
    0.10242167519181586,
    0.10074328644501279,
    0.10475943094629156,
    0.10134271099744245,
    0.09952445652173914,
    0.09966432225063938,
    0.09926470588235294,
    0.10220188618925831,
    0.10062340153452685,
    0.10194213554987212,
    0.099764226342711,
    0.10006393861892583,
    0.10110294117647059,
    0.09936460997442455,
    0.10030370843989769,
    0.0999440537084399,
    0.1012028452685422,
    0.09956441815856777,
    0.10144261508951406,
    0.10164242327365729,
    0.10020380434782608,
    0.09850543478260869,
    0.09988411125319693,
    0.10264146419437341,
    0.10202205882352941,
    0.10146259590792839,
    0.09968430306905371,
    0.10044357416879796,
    0.100383631713555,
    0.10086317135549872,
    0.10064338235294118,
    0.09980418797953965,
    0.09900495524296675,
    0.10170236572890026,
    0.09850543478260869,
    0.09844549232736573,
    0.1023617327365729,
    0.09998401534526855,
    0.10062340153452685,
    0.09938459079283887,
    0.0992247442455243,
    0.10118286445012788,
    0.10080322890025575,
    0.10054347826086957,
    0.09960437979539642
  ],
  "test_accuracy": [
    0.10870000000000002,
    0.10130000000000002,
    0.1035,
    0.1008,
    0.1032,
    0.10400000000000001,
    0.0987,
    0.10289999999999999,
    0.0999,
    0.10300000000000001,
    0.10010000000000001,
    0.0988,
    0.10010000000000001,
    0.1008,
    0.10030000000000001,
    0.1002,
    0.1014,
    0.1024,
    0.101,
    0.0999,
    0.0992,
    0.10070000000000001,
    0.1016,
    0.10170000000000001,
    0.0986,
    0.10230000000000002,
    0.1018,
    0.0997,
    0.1,
    0.1008,
    0.0994,
    0.1,
    0.1008,
    0.0996,
    0.1,
    0.0989,
    0.1002,
    0.1006,
    0.1014,
    0.10010000000000001,
    0.1006,
    0.09979999999999999,
    0.1012,
    0.10170000000000001,
    0.0997,
    0.1004,
    0.10010000000000001,
    0.0994,
    0.10069999999999998,
    0.0998
  ]
}