{
  "setting": "setting_15",
  "train_accuracy": [
    0.11997993478051598,
    0.16334690568444357,
    0.19462172398440508,
    0.22148490144878705,
    0.23595472239603388,
    0.25614553751925295,
    0.2728020011070466,
    0.2821735415864459,
    0.2906907308914132,
    0.2947131756594147,
    0.30662708774547554,
    0.3103889403638814,
    0.3101550466884867,
    0.3229481282489411,
    0.3254096523633038,
    0.32797609020023105,
    0.3366196272140932,
    0.34064658440026957,
    0.34669472889391606,
    0.3467830970831729,
    0.35241985945321525,
    0.3611472522381594,
    0.3641036382123604,
    0.36506064690026957,
    0.36877436705814404,
    0.3731213298998845,
    0.37973277459568733,
    0.3790848665527532,
    0.39106232852810935,
    0.3849566507027339,
    0.39306697030227183,
    0.39486968136311124,
    0.4001025823065075,
    0.40369145889487873,
    0.40458416562379673,
    0.4060194906382364,
    0.40982383519445514,
    0.41116251925298425,
    0.41374211830958796,
    0.4140166237485561,
    0.4141647814786292,
    0.41579150823065075,
    0.4181706807133231,
    0.4180390685165576,
    0.42062957258375044,
    0.4221416087071621,
    0.4227771076001155,
    0.42333175900077014,
    0.4253401611234116,
    0.42438277640065464
  ],
  "test_accuracy": [
    0.14759999999999998,
    0.1748,
    0.21550000000000002,
    0.24910000000000002,
    0.25179999999999997,
    0.2779,
    0.2938,
    0.29439999999999994,
    0.30399999999999994,
    0.3064,
    0.32080000000000003,
    0.3337,
    0.3317,
    0.34130000000000005,
    0.34220000000000006,
    0.34669999999999995,
    0.353,
    0.3633,
    0.36340000000000006,
    0.3689,
    0.36700000000000005,
    0.3782,
    0.38160000000000005,
    0.3858,
    0.3859,
    0.3955,
    0.3966,
    0.38689999999999997,
    0.40259999999999996,
    0.40180000000000005,
    0.4093,
    0.4044,
    0.4104,
    0.41290000000000004,
    0.4183,
    0.41629999999999995,
    0.42160000000000003,
    0.41459999999999997,
    0.42139999999999994,
    0.4225,
    0.4243,
    0.4234,
    0.425,
    0.4263,
    0.4234,
    0.4269,
    0.4288,
    0.42299999999999993,
    0.42939999999999995,
    0.42879999999999996
  ]
}