{
  "setting": "setting_21",
  "train_accuracy": [
    0.11742726982097186,
    0.10314098465473145,
    0.10264146419437341,
    0.10200207800511508,
    0.10064338235294118,
    0.10108296035805626,
    0.10214194373401535,
    0.10294117647058823,
    0.10168238491048594,
    0.0988650895140665,
    0.09880514705882353,
    0.09974424552429667,
    0.09982416879795396,
    0.09984414961636828,
    0.09998401534526855,
    0.09854539641943734,
    0.1004036125319693,
    0.10010390025575447,
    0.09874520460358056,
    0.10074328644501279,
    0.10158248081841433,
    0.10028372762148338,
    0.10000399616368287,
    0.099764226342711,
    0.10148257672634271,
    0.09906489769820973,
    0.09914482097186701,
    0.10056345907928389,
    0.10200207800511508,
    0.10144261508951406,
    0.10088315217391304,
    0.09914482097186701,
    0.10110294117647059,
    0.10160246163682865,
    0.10128276854219949,
    0.100383631713555,
    0.10016384271099744,
    0.09818574168797954,
    0.10176230818414322,
    0.09808583759590793,
    0.09944453324808185,
    0.10202205882352941,
    0.10086317135549872,
    0.09874520460358056,
    0.10044357416879796,
    0.09878516624040921,
    0.10118286445012788,
    0.09988411125319693,
    0.09916480179028132,
    0.10060342071611253
  ],
  "test_accuracy": [
    0.10370000000000001,
    0.08889999999999999,
    0.1018,
    0.0998,
    0.1015,
    0.10200000000000001,
    0.0988,
    0.10289999999999999,
    0.0991,
    0.1034,
    0.1002,
    0.10030000000000001,
    0.10010000000000001,
    0.1012,
    0.10070000000000001,
    0.101,
    0.10010000000000001,
    0.10090000000000002,
    0.1005,
    0.10200000000000001,
    0.0986,
    0.1002,
    0.099,
    0.10170000000000001,
    0.0986,
    0.1,
    0.10190000000000002,
    0.10030000000000001,
    0.1002,
    0.1014,
    0.0988,
    0.0998,
    0.10070000000000001,
    0.0995,
    0.0991,
    0.0994,
    0.0996,
    0.09949999999999999,
    0.10130000000000002,
    0.1008,
    0.0996,
    0.10030000000000001,
    0.1012,
    0.1006,
    0.0995,
    0.10010000000000001,
    0.0996,
    0.0999,
    0.0999,
    0.1002
  ]
}