{
  "setting": "setting_5",
  "train_accuracy": [
    0.11911129428186368,
    0.16443740674335774,
    0.19507635011551788,
    0.2187007394349249,
    0.22743978930015402,
    0.2465152850644975,
    0.2603202764006546,
    0.2672066025702734,
    0.27386429955236813,
    0.2749228376492106,
    0.2875835549432037,
    0.29037373351463225,
    0.290027781454563,
    0.29765113592606857,
    0.3015995018290335,
    0.3049499723238352,
    0.3072445369657297,
    0.3095864819984598,
    0.31460391497400847,
    0.31715794366095496,
    0.3183255318636889,
    0.32081300238255683,
    0.3239224345398537,
    0.321418794522526,
    0.3256202318781286,
    0.3262752845831729,
    0.33112350187716594,
    0.33364782381112823,
    0.33282731577300734,
    0.33174621558529077,
    0.3373081470206007,
    0.33470824208221023,
    0.336078889102811,
    0.34144716259145164,
    0.33977079923950715,
    0.34386995511648055,
    0.3423695760733539,
    0.34360259433962265,
    0.3451014692433577,
    0.34423658909318444,
    0.34719635938101656,
    0.3461585032008086,
    0.34701699075856757,
    0.34861777110608394,
    0.3498583100693108,
    0.3504366516653831,
    0.34924950965055834,
    0.34883737545725835,
    0.3526221662013862,
    0.3529718786099345
  ],
  "test_accuracy": [
    0.14939999999999998,
    0.1771,
    0.2191,
    0.2324,
    0.23020000000000002,
    0.2637,
    0.2735,
    0.28059999999999996,
    0.28779999999999994,
    0.296,
    0.29979999999999996,
    0.30829999999999996,
    0.3109,
    0.30860000000000004,
    0.3097,
    0.3185,
    0.32260000000000005,
    0.3285,
    0.32789999999999997,
    0.3247,
    0.3275,
    0.3325,
    0.3349000000000001,
    0.33299999999999996,
    0.3365,
    0.341,
    0.33930000000000005,
    0.34220000000000006,
    0.3418,
    0.3463,
    0.34859999999999997,
    0.3481,
    0.34669999999999995,
    0.3527,
    0.35220000000000007,
    0.3509,
    0.3590999999999999,
    0.3545,
    0.35340000000000005,
    0.3588,
    0.35259999999999997,
    0.35609999999999997,
    0.3603,
    0.36369999999999997,
    0.36419999999999997,
    0.357,
    0.36150000000000004,
    0.3605,
    0.36219999999999997,
    0.3651
  ]
}