{
  "setting": "setting_1",
  "train_accuracy": [
    0.13846707161125318,
    0.11530930306905371,
    0.10220188618925831,
    0.1017423273657289,
    0.1007632672634271,
    0.10010390025575447,
    0.10178228900255755,
    0.1029012148337596,
    0.1001238810741688,
    0.09854539641943734,
    0.10152253836317135,
    0.1006633631713555,
    0.10160246163682865,
    0.10114290281329923,
    0.10122282608695653,
    0.1006633631713555,
    0.0986053388746803,
    0.10328085038363172,
    0.0995843989769821,
    0.10146259590792839,
    0.09814578005115089,
    0.10062340153452685,
    0.09808583759590793,
    0.09960437979539642,
    0.10028372762148338,
    0.10158248081841433,
    0.09864530051150895,
    0.10056345907928389,
    0.10262148337595908,
    0.1006633631713555,
    0.10116288363171355,
    0.10100303708439898,
    0.09996403452685422,
    0.09888507033248081,
    0.09932464833759591,
    0.09926470588235294,
    0.099764226342711,
    0.09942455242966752,
    0.10166240409207161,
    0.09936460997442455,
    0.09822570332480818,
    0.09840553069053709,
    0.10112292199488492,
    0.09992407289002557,
    0.09936460997442455,
    0.10108296035805626,
    0.10134271099744245,
    0.09844549232736573,
    0.09864530051150895,
    0.09776614450127877
  ],
  "test_accuracy": [
    0.13319999999999999,
    0.1095,
    0.101,
    0.0986,
    0.10090000000000002,
    0.1015,
    0.09809999999999999,
    0.1018,
    0.1015,
    0.1052,
    0.10170000000000001,
    0.1002,
    0.099,
    0.10169999999999998,
    0.10090000000000002,
    0.099,
    0.0994,
    0.1044,
    0.1015,
    0.1,
    0.0991,
    0.1008,
    0.0999,
    0.1004,
    0.1002,
    0.1004,
    0.10030000000000001,
    0.101,
    0.0998,
    0.10130000000000002,
    0.1002,
    0.0995,
    0.1,
    0.0999,
    0.0998,
    0.099,
    0.1008,
    0.1005,
    0.0996,
    0.1005,
    0.1004,
    0.1002,
    0.1004,
    0.10090000000000002,
    0.1002,
    0.1005,
    0.0994,
    0.0998,
    0.10030000000000001,
    0.1006
  ]
}