{
  "setting": "setting_7",
  "train_accuracy": [
    0.1984375,
    0.22717391304347828,
    0.2319333439897698,
    0.22552349744245526,
    0.21771099744245526,
    0.21709159207161124,
    0.2168598145780051,
    0.21395060741687977,
    0.2163123401534527,
    0.21221227621483374,
    0.21691576086956524,
    0.2160406010230179,
    0.219753037084399,
    0.2168957800511509,
    0.21669996803069053,
    0.22180306905370842,
    0.21921755115089514,
    0.2192774936061381,
    0.22149936061381076,
    0.22133152173913045,
    0.22448449488491048,
    0.22411684782608696,
    0.22427669437340153,
    0.2322130754475703,
    0.23441895780051153,
    0.23142583120204602,
    0.23992167519181587,
    0.24243526214833758,
    0.2453484654731458,
    0.24335038363171357,
    0.2431545716112532,
    0.24700287723785166,
    0.2432584718670077,
    0.2499200767263427,
    0.24763427109974426,
    0.2503596547314578,
    0.2515105498721228,
    0.25101102941176473,
    0.2509271099744245,
    0.2515265345268542,
    0.2579483695652174,
    0.25113091432225065,
    0.25419996803069056,
    0.25444773017902816,
    0.25969469309462917,
    0.25428788363171356,
    0.2560941496163683,
    0.25525095907928386,
    0.25643781969309465,
    0.25823609335038367
  ],
  "test_accuracy": [
    0.2343,
    0.24630000000000002,
    0.2218,
    0.19490000000000002,
    0.2355,
    0.2278,
    0.21790000000000004,
    0.2298,
    0.2157,
    0.21430000000000002,
    0.2172,
    0.21420000000000003,
    0.2016,
    0.2162,
    0.2145,
    0.21150000000000002,
    0.2232,
    0.23020000000000002,
    0.2211,
    0.219,
    0.2121,
    0.22679999999999997,
    0.2399,
    0.23219999999999996,
    0.2366,
    0.2363,
    0.24080000000000004,
    0.23769999999999997,
    0.23720000000000002,
    0.24790000000000006,
    0.2391,
    0.24539999999999998,
    0.24149999999999996,
    0.253,
    0.2511,
    0.24780000000000002,
    0.2512,
    0.25730000000000003,
    0.2585,
    0.2548,
    0.2582,
    0.25860000000000005,
    0.25149999999999995,
    0.2616,
    0.2607,
    0.26420000000000005,
    0.2556,
    0.2669,
    0.26230000000000003,
    0.2592
  ]
}