{
  "setting": "setting_23",
  "train_accuracy": [
    0.20179368622448982,
    0.28109454719387755,
    0.3086535395408163,
    0.3276108099489796,
    0.3272919323979592,
    0.33305963010204076,
    0.3426977040816327,
    0.3524673150510204,
    0.3490951849489796,
    0.3612005739795918,
    0.35159837372448977,
    0.3633569834183673,
    0.3669363839285715,
    0.37798549107142854,
    0.3758171237244898,
    0.382047193877551,
    0.38597735969387753,
    0.38426339285714284,
    0.3930723852040816,
    0.39243064413265305,
    0.3967275191326531,
    0.4001474808673469,
    0.40390226403061225,
    0.40419722576530615,
    0.41146364795918366,
    0.41358816964285716,
    0.4169204400510204,
    0.4139429209183674,
    0.4221938775510204,
    0.42544642857142856,
    0.4287587691326531,
    0.4281967474489796,
    0.4339046556122449,
    0.4364437181122449,
    0.44054129464285713,
    0.44076450892857144,
    0.4395129145408163,
    0.4401147959183674,
    0.44321986607142855,
    0.44735331632653064,
    0.44762436224489793,
    0.448274075255102,
    0.450179368622449,
    0.45777264030612247,
    0.45667251275510207,
    0.46010841836734695,
    0.4626395089285715,
    0.46120455994897963,
    0.46259566326530616,
    0.462727200255102
  ],
  "test_accuracy": [
    0.29379999999999995,
    0.3177,
    0.3303,
    0.34109999999999996,
    0.346,
    0.3442,
    0.3517,
    0.3617,
    0.32709999999999995,
    0.3621,
    0.3613,
    0.3747,
    0.3795,
    0.3723,
    0.374,
    0.36649999999999994,
    0.38860000000000006,
    0.4015000000000001,
    0.3982,
    0.4041,
    0.3901,
    0.4037,
    0.40809999999999996,
    0.40090000000000003,
    0.4119,
    0.40809999999999996,
    0.42139999999999994,
    0.4152,
    0.4234000000000001,
    0.4312,
    0.43949999999999995,
    0.43129999999999996,
    0.42779999999999996,
    0.4351999999999999,
    0.43499999999999994,
    0.4378,
    0.4406,
    0.44109999999999994,
    0.4417,
    0.44089999999999996,
    0.4382999999999999,
    0.4488,
    0.4518000000000001,
    0.45030000000000003,
    0.45059999999999995,
    0.454,
    0.46119999999999994,
    0.4617000000000001,
    0.462,
    0.45389999999999997
  ]
}