{
  "setting": "setting_28",
  "train_accuracy": [
    0.18799824617346939,
    0.23316326530612247,
    0.2347098214285714,
    0.22820870535714285,
    0.22098214285714285,
    0.21836336096938777,
    0.2262276785714286,
    0.2229033801020408,
    0.2262157206632653,
    0.22797751913265307,
    0.23117825255102042,
    0.23012595663265303,
    0.22391183035714285,
    0.2294204400510204,
    0.23082350127551018,
    0.23524394132653062,
    0.23712930484693878,
    0.24084024234693877,
    0.2431640625,
    0.24438376913265308,
    0.2462531887755102,
    0.24820232780612245,
    0.2467594068877551,
    0.2537906568877551,
    0.2543327487244898,
    0.2543207908163265,
    0.25826291454081635,
    0.2587372448979592,
    0.2576809630102041,
    0.258187181122449,
    0.26363600127551023,
    0.25867745535714287,
    0.2598333864795918,
    0.2647720025510204,
    0.2739835778061224,
    0.2710698341836735,
    0.27305086096938774,
    0.2712332589285714,
    0.27641501913265304,
    0.2770328443877551,
    0.27964764030612244,
    0.27745535714285713,
    0.2778380102040816,
    0.2804448341836735,
    0.27943638392857145,
    0.283219068877551,
    0.28383290816326534,
    0.28819754464285713,
    0.28506058673469387,
    0.28615672831632655
  ],
  "test_accuracy": [
    0.2343,
    0.24610000000000004,
    0.23290000000000002,
    0.21949999999999997,
    0.2408,
    0.23929999999999998,
    0.22620000000000004,
    0.2399,
    0.23159999999999997,
    0.23220000000000002,
    0.2258,
    0.23659999999999998,
    0.2391,
    0.23569999999999997,
    0.23160000000000003,
    0.2403,
    0.25789999999999996,
    0.2446,
    0.236,
    0.25549999999999995,
    0.2584000000000001,
    0.25579999999999997,
    0.26199999999999996,
    0.2632,
    0.2652,
    0.2521,
    0.2618,
    0.26749999999999996,
    0.2596,
    0.2683000000000001,
    0.2731,
    0.2701,
    0.27,
    0.2661,
    0.2785,
    0.2792,
    0.2796,
    0.2818,
    0.2818,
    0.28270000000000006,
    0.2852,
    0.27949999999999997,
    0.28200000000000003,
    0.2862,
    0.2778,
    0.2899999999999999,
    0.29700000000000004,
    0.2956,
    0.2819,
    0.2932
  ]
}