{
  "setting": "setting_17",
  "train_accuracy": [
    0.10015585038363171,
    0.10001998081841433,
    0.10002397698209718,
    0.10002397698209718,
    0.10001198849104859,
    0.10001198849104859,
    0.10003596547314579,
    0.09996403452685422,
    0.1,
    0.10008391943734016,
    0.09996403452685422,
    0.10001198849104859,
    0.09992806905370843,
    0.0999880115089514,
    0.10002397698209718,
    0.09996403452685422,
    0.09997602301790282,
    0.1,
    0.09995204603580563,
    0.1,
    0.10003596547314579,
    0.10004795396419437,
    0.1,
    0.10003596547314579,
    0.0999880115089514,
    0.1,
    0.1,
    0.10004795396419437,
    0.10001198849104859,
    0.10003596547314579,
    0.0999880115089514,
    0.09996403452685422,
    0.09997602301790282,
    0.09995204603580563,
    0.09996403452685422,
    0.10001198849104859,
    0.09997602301790282,
    0.0999880115089514,
    0.0999560421994885,
    0.1,
    0.10003596547314579,
    0.10000399616368287,
    0.09997602301790282,
    0.10000399616368287,
    0.09991608056265985,
    0.09996403452685422,
    0.10014386189258312,
    0.09985613810741689,
    0.09982816496163682,
    0.10023577365728902
  ],
  "test_accuracy": [
    0.1,
    0.1,
    0.1,
    0.1,
    0.1,
    0.1,
    0.1,
    0.1,
    0.1,
    0.1,
    0.1,
    0.1,
    0.1,
    0.1,
    0.1,
    0.1,
    0.1,
    0.1,
    0.1,
    0.1,
    0.1,
    0.1,
    0.1,
    0.1,
    0.1,
    0.1,
    0.1,
    0.1,
    0.1,
    0.1,
    0.1,
    0.1,
    0.1,
    0.1,
    0.1,
    0.1,
    0.1,
    0.1,
    0.1,
    0.10010000000000001,
    0.1,
    0.10010000000000001,
    0.10010000000000001,
    0.0999,
    0.10010000000000001,
    0.1,
    0.1005,
    0.10030000000000001,
    0.1005,
    0.1004
  ]
}