{
  "setting": "setting_1",
  "train_accuracy": [
    0.09930466751918159,
    0.11039402173913043,
    0.13381154092071612,
    0.12436061381074169,
    0.13169357416879796,
    0.12839673913043478,
    0.13195332480818414,
    0.14400175831202047,
    0.16282368925831203,
    0.16006633631713554,
    0.1519541240409207,
    0.1604859335038363,
    0.1617247442455243,
    0.15433184143222506,
    0.1522937979539642,
    0.14981617647058823,
    0.14470108695652173,
    0.1469189578005115,
    0.13948609335038364,
    0.14234335038363172,
    0.15297314578005114,
    0.14382193094629156,
    0.15774856138107418,
    0.171875,
    0.1733136189258312,
    0.18540201406649617,
    0.18110613810741688,
    0.18024696291560102,
    0.1765305306905371,
    0.17854859335038364,
    0.17714993606138107,
    0.17623081841432225,
    0.18092631074168797,
    0.17902813299232737,
    0.16767902813299232,
    0.17862851662404092,
    0.17764945652173914,
    0.1717950767263427,
    0.1762707800511509,
    0.1687380115089514,
    0.1752917199488491,
    0.17874840153452684,
    0.17363331202046037,
    0.17023657289002558,
    0.17243446291560102,
    0.17579124040920716,
    0.17441256393861893,
    0.17796914961636828,
    0.17437260230179027,
    0.17669037723785166
  ],
  "test_accuracy": [
    0.10600000000000001,
    0.1186,
    0.1336,
    0.1081,
    0.1351,
    0.10959999999999999,
    0.14799999999999996,
    0.1742,
    0.1682,
    0.17239999999999997,
    0.15409999999999996,
    0.1648,
    0.16999999999999998,
    0.1388,
    0.15889999999999999,
    0.1543,
    0.1474,
    0.128,
    0.1345,
    0.1594,
    0.148,
    0.15739999999999998,
    0.17439999999999997,
    0.17109999999999997,
    0.18850000000000003,
    0.1939,
    0.1716,
    0.18409999999999999,
    0.1794,
    0.176,
    0.1822,
    0.184,
    0.18329999999999996,
    0.1734,
    0.175,
    0.1838,
    0.17049999999999998,
    0.18109999999999998,
    0.1827,
    0.1793,
    0.1769,
    0.1778,
    0.17509999999999998,
    0.179,
    0.1725,
    0.16909999999999997,
    0.17009999999999997,
    0.1823,
    0.1718,
    0.1921
  ]
}