{
  "setting": "setting_18",
  "train_accuracy": [
    0.09812260841836734,
    0.10008769132653061,
    0.10013153698979592,
    0.09995615433673469,
    0.1,
    0.09995615433673469,
    0.10017538265306122,
    0.09982461734693877,
    0.1,
    0.09995615433673469,
    0.1,
    0.10004384566326531,
    0.1,
    0.10017538265306122,
    0.1,
    0.10021922831632654,
    0.10013153698979592,
    0.10004384566326531,
    0.09986846301020408,
    0.09995615433673469,
    0.10004384566326531,
    0.1,
    0.09995615433673469,
    0.09991230867346938,
    0.10004384566326531,
    0.1,
    0.09991230867346938,
    0.09995615433673469,
    0.10013153698979592,
    0.09995615433673469,
    0.1,
    0.10013153698979592,
    0.10021922831632654,
    0.09995615433673469,
    0.10013153698979592,
    0.10013153698979592,
    0.09995615433673469,
    0.10004384566326531,
    0.09995615433673469,
    0.09986846301020408,
    0.10004384566326531,
    0.10017538265306122,
    0.09991230867346938,
    0.10008769132653061,
    0.09991230867346938,
    0.09984853316326531,
    0.09989237882653061,
    0.09986846301020408,
    0.1003826530612245,
    0.10155851403061225
  ],
  "test_accuracy": [
    0.1,
    0.1,
    0.1,
    0.1,
    0.1,
    0.1,
    0.1,
    0.1,
    0.1,
    0.1,
    0.1,
    0.1,
    0.1,
    0.1,
    0.1,
    0.1,
    0.1,
    0.1,
    0.1,
    0.1,
    0.1,
    0.1,
    0.1,
    0.1,
    0.1,
    0.1,
    0.1,
    0.1,
    0.1,
    0.1,
    0.1,
    0.1,
    0.1,
    0.1,
    0.1,
    0.1,
    0.1,
    0.1,
    0.1,
    0.1,
    0.1,
    0.1,
    0.1,
    0.1,
    0.10010000000000001,
    0.1,
    0.0999,
    0.0996,
    0.1,
    0.1
  ]
}