{
  "setting": "setting_4",
  "train_accuracy": [
    0.09978589650145774,
    0.09997285744655005,
    0.10000417577745384,
    0.10002505466472304,
    0.09997285744655005,
    0.09992066022837706,
    0.09998329689018465,
    0.09994153911564627,
    0.09996241800291544,
    0.09998329689018465,
    0.10007725188289603,
    0.09986846301020408,
    0.10005637299562682,
    0.10000417577745384,
    0.09988934189747328,
    0.10005637299562682,
    0.09989978134110787,
    0.10000417577745384,
    0.09996241800291544,
    0.09988934189747328,
    0.09998329689018465,
    0.10002505466472304,
    0.10000417577745384,
    0.10006681243926141,
    0.1001190096574344,
    0.10012944910106901,
    0.09996241800291544,
    0.10001461522108843,
    0.10001461522108843,
    0.10006681243926141,
    0.10003549410835763,
    0.09994153911564627,
    0.09999373633381925,
    0.09997285744655005,
    0.10000417577745384,
    0.10002505466472304,
    0.09998329689018465,
    0.10000417577745384,
    0.09995197855928085,
    0.09994153911564627,
    0.10000417577745384,
    0.10006681243926141,
    0.10006681243926141,
    0.10002505466472304,
    0.10001461522108843,
    0.09993109967201165,
    0.10004593355199222,
    0.10003549410835763,
    0.09998329689018465,
    0.10005637299562682
  ],
  "test_accuracy": [
    0.1,
    0.1,
    0.1,
    0.1,
    0.1,
    0.1,
    0.1,
    0.1,
    0.1,
    0.1,
    0.1,
    0.1,
    0.1,
    0.1,
    0.1,
    0.1,
    0.1,
    0.1,
    0.1,
    0.1,
    0.1,
    0.1,
    0.1,
    0.1,
    0.1,
    0.1,
    0.1,
    0.1,
    0.1,
    0.1,
    0.1,
    0.1,
    0.1,
    0.1,
    0.1,
    0.1,
    0.1,
    0.1,
    0.1,
    0.1,
    0.1,
    0.1,
    0.1,
    0.1,
    0.1,
    0.1,
    0.1,
    0.1,
    0.1,
    0.1
  ]
}