{
  "setting": "setting_21",
  "train_accuracy": [
    0.10689737851662404,
    0.11307145140664962,
    0.11626838235294118,
    0.11996483375959079,
    0.1273177749360614,
    0.1355898337595908,
    0.1254595588235294,
    0.12511988491048592,
    0.14464114450127877,
    0.13125399616368286,
    0.1117127557544757,
    0.10851582480818414,
    0.11437020460358056,
    0.11277173913043478,
    0.11315137468030691,
    0.11317135549872123,
    0.11421035805626599,
    0.11455003196930946,
    0.1155690537084399,
    0.11303148976982097,
    0.11954523657289003,
    0.11407049232736573,
    0.10993446291560102,
    0.10999440537084398,
    0.11355099104859336,
    0.1140505115089514,
    0.11237212276214834,
    0.1109934462915601,
    0.11185262148337596,
    0.11237212276214834,
    0.11217231457800511,
    0.11121323529411764,
    0.11179267902813299,
    0.10989450127877237,
    0.1097346547314578,
    0.1097346547314578,
    0.10977461636828645,
    0.11357097186700767,
    0.11307145140664962,
    0.11486972506393862,
    0.11137308184143223,
    0.11005434782608696,
    0.11590872762148338,
    0.11221227621483376,
    0.1155690537084399,
    0.11271179667519182,
    0.11435022378516624,
    0.11309143222506395,
    0.11468989769820973,
    0.11710757672634271
  ],
  "test_accuracy": [
    0.0953,
    0.1162,
    0.1069,
    0.12869999999999998,
    0.12519999999999998,
    0.14130000000000004,
    0.1193,
    0.11960000000000001,
    0.1222,
    0.1028,
    0.0973,
    0.1061,
    0.1068,
    0.10629999999999999,
    0.1,
    0.1,
    0.09659999999999999,
    0.1,
    0.09999999999999999,
    0.1109,
    0.0995,
    0.1,
    0.1044,
    0.0991,
    0.1101,
    0.11320000000000001,
    0.09999999999999999,
    0.10010000000000001,
    0.0999,
    0.1,
    0.1,
    0.10869999999999998,
    0.11379999999999998,
    0.10530000000000002,
    0.10540000000000001,
    0.1,
    0.1,
    0.1,
    0.1,
    0.09999999999999999,
    0.1,
    0.1,
    0.10670000000000002,
    0.0999,
    0.1,
    0.0993,
    0.1,
    0.1,
    0.1,
    0.10500000000000001
  ]
}