{
  "setting": "setting_3",
  "train_accuracy": [
    0.10025908801020408,
    0.10001992984693878,
    0.10004384566326531,
    0.09991230867346938,
    0.10008769132653061,
    0.10008769132653061,
    0.09995615433673469,
    0.09986846301020408,
    0.1,
    0.10026307397959185,
    0.09991230867346938,
    0.10004384566326531,
    0.09995615433673469,
    0.09986846301020408,
    0.10008769132653061,
    0.09991230867346938,
    0.09991230867346938,
    0.09995615433673469,
    0.10004384566326531,
    0.09978077168367348,
    0.09986846301020408,
    0.10013153698979592,
    0.10004384566326531,
    0.09986846301020408,
    0.10008769132653061,
    0.10004384566326531,
    0.09995615433673469,
    0.10017538265306122,
    0.09986846301020408,
    0.09995615433673469,
    0.09991230867346938,
    0.10004384566326531,
    0.09986846301020408,
    0.09978077168367348,
    0.10008769132653061,
    0.09982461734693877,
    0.09982461734693877,
    0.10013153698979592,
    0.10004384566326531,
    0.1,
    0.09995615433673469,
    0.10015545280612244,
    0.09984853316326531,
    0.10037069515306123,
    0.09992426658163266,
    0.10048230229591837,
    0.1003388073979592,
    0.10084103954081633,
    0.10132732780612244,
    0.10205676020408164
  ],
  "test_accuracy": [
    0.0999,
    0.1,
    0.1,
    0.1,
    0.1,
    0.1,
    0.1,
    0.1,
    0.1,
    0.1,
    0.1,
    0.1,
    0.1,
    0.1,
    0.1,
    0.1,
    0.1,
    0.1,
    0.1,
    0.1,
    0.1,
    0.1,
    0.1,
    0.1,
    0.1,
    0.1,
    0.1,
    0.1,
    0.1,
    0.1,
    0.1,
    0.1,
    0.1,
    0.1,
    0.1,
    0.1,
    0.1,
    0.1,
    0.1,
    0.1,
    0.1,
    0.1,
    0.1,
    0.1006,
    0.10030000000000001,
    0.1008,
    0.10010000000000001,
    0.10170000000000001,
    0.1002,
    0.10149999999999999
  ]
}