{
  "setting": "setting_16",
  "train_accuracy": [
    0.10629795396419438,
    0.11243206521739131,
    0.12458040281329923,
    0.12180306905370844,
    0.13529012148337596,
    0.13744804987212275,
    0.12641863810741688,
    0.12252237851662404,
    0.12110374040920716,
    0.12969549232736574,
    0.13806745524296676,
    0.1383072250639386,
    0.14496083759590792,
    0.14272298593350383,
    0.14076486572890026,
    0.1430626598465473,
    0.12074408567774936,
    0.11253196930946291,
    0.10971467391304347,
    0.10969469309462916,
    0.10979459718670077,
    0.10993446291560102,
    0.10999440537084398,
    0.10885549872122763,
    0.11385070332480818,
    0.1105338874680307,
    0.10749680306905371,
    0.11169277493606138,
    0.10791640025575447,
    0.1123321611253197,
    0.11616847826086957,
    0.11592870843989769,
    0.11331122122762148,
    0.11249200767263427,
    0.11237212276214834,
    0.11141304347826086,
    0.11093350383631713,
    0.11245204603580562,
    0.1166480179028133,
    0.110553868286445,
    0.11490968670076726,
    0.11457001278772379,
    0.1135110294117647,
    0.11231218030690537,
    0.1130514705882353,
    0.11642822890025575,
    0.11488970588235294,
    0.11506953324808185,
    0.11407049232736573,
    0.11371083759590793
  ],
  "test_accuracy": [
    0.0968,
    0.1199,
    0.1058,
    0.144,
    0.12459999999999997,
    0.1276,
    0.11639999999999999,
    0.1117,
    0.13169999999999998,
    0.12179999999999999,
    0.13399999999999998,
    0.1254,
    0.14170000000000002,
    0.1113,
    0.1386,
    0.1316,
    0.1,
    0.0973,
    0.0899,
    0.1,
    0.10880000000000001,
    0.1,
    0.1,
    0.1026,
    0.10330000000000002,
    0.1,
    0.1042,
    0.1,
    0.09459999999999999,
    0.09999999999999999,
    0.0996,
    0.0992,
    0.1015,
    0.1,
    0.1,
    0.10010000000000001,
    0.1,
    0.1052,
    0.1,
    0.1,
    0.10170000000000001,
    0.1,
    0.1,
    0.1,
    0.0999,
    0.0984,
    0.12469999999999999,
    0.1,
    0.1,
    0.1
  ]
}