{
  "setting": "setting_7",
  "train_accuracy": [
    0.10051550511508953,
    0.1,
    0.10002397698209718,
    0.10002397698209718,
    0.10001198849104859,
    0.10001198849104859,
    0.10003596547314579,
    0.09996403452685422,
    0.1,
    0.10008391943734016,
    0.09996403452685422,
    0.10001198849104859,
    0.09992806905370843,
    0.0999880115089514,
    0.10002397698209718,
    0.09996403452685422,
    0.09997602301790282,
    0.1,
    0.09995204603580563,
    0.1,
    0.10003596547314579,
    0.10004795396419437,
    0.1,
    0.10003596547314579,
    0.0999880115089514,
    0.1,
    0.1,
    0.10004795396419437,
    0.10001198849104859,
    0.10003596547314579,
    0.0999880115089514,
    0.09996403452685422,
    0.09997602301790282,
    0.09995204603580563,
    0.09996403452685422,
    0.10001198849104859,
    0.09997602301790282,
    0.0999880115089514,
    0.09997602301790282,
    0.10001998081841433,
    0.10001598465473147,
    0.10004395780051151,
    0.10023577365728902,
    0.10036365089514067,
    0.10021579283887469,
    0.10021579283887469,
    0.10106297953964194,
    0.1010350063938619,
    0.10136668797953964,
    0.10289322250639386
  ],
  "test_accuracy": [
    0.10010000000000001,
    0.1,
    0.1,
    0.1,
    0.1,
    0.1,
    0.1,
    0.1,
    0.1,
    0.1,
    0.1,
    0.1,
    0.1,
    0.1,
    0.1,
    0.1,
    0.1,
    0.1,
    0.1,
    0.1,
    0.1,
    0.1,
    0.1,
    0.1,
    0.1,
    0.1,
    0.1,
    0.1,
    0.1,
    0.1,
    0.1,
    0.1,
    0.1,
    0.1,
    0.1,
    0.1,
    0.1,
    0.1,
    0.1,
    0.1,
    0.1002,
    0.1004,
    0.10010000000000001,
    0.1004,
    0.10010000000000001,
    0.10130000000000002,
    0.101,
    0.1026,
    0.10230000000000002,
    0.10350000000000001
  ]
}