{
  "setting": "setting_8",
  "train_accuracy": [
    0.10141501913265306,
    0.10001992984693878,
    0.10004384566326531,
    0.09991230867346938,
    0.10008769132653061,
    0.10008769132653061,
    0.09995615433673469,
    0.09986846301020408,
    0.1,
    0.10026307397959185,
    0.09991230867346938,
    0.10004384566326531,
    0.09995615433673469,
    0.09986846301020408,
    0.10008769132653061,
    0.09991230867346938,
    0.09991230867346938,
    0.09995615433673469,
    0.10004384566326531,
    0.09978077168367348,
    0.09986846301020408,
    0.10013153698979592,
    0.10004384566326531,
    0.09986846301020408,
    0.10008769132653061,
    0.10004384566326531,
    0.09995615433673469,
    0.10017538265306122,
    0.09986846301020408,
    0.09995615433673469,
    0.09991230867346938,
    0.10004384566326531,
    0.09986846301020408,
    0.09978077168367348,
    0.10008769132653061,
    0.09982461734693877,
    0.09982461734693877,
    0.10013153698979592,
    0.10004384566326531,
    0.1,
    0.09997608418367346,
    0.10017538265306122,
    0.09994818239795919,
    0.09999202806122448,
    0.0998844068877551,
    0.10054607780612244,
    0.10047831632653062,
    0.10142697704081632,
    0.10165019132653061,
    0.10227200255102041
  ],
  "test_accuracy": [
    0.1002,
    0.1,
    0.1,
    0.1,
    0.1,
    0.1,
    0.1,
    0.1,
    0.1,
    0.1,
    0.1,
    0.1,
    0.1,
    0.1,
    0.1,
    0.1,
    0.1,
    0.1,
    0.1,
    0.1,
    0.1,
    0.1,
    0.1,
    0.1,
    0.1,
    0.1,
    0.1,
    0.1,
    0.1,
    0.1,
    0.1,
    0.1,
    0.1,
    0.1,
    0.1,
    0.1,
    0.1,
    0.1,
    0.1,
    0.1,
    0.1,
    0.1005,
    0.1002,
    0.10030000000000001,
    0.10010000000000001,
    0.10030000000000001,
    0.1006,
    0.1015,
    0.101,
    0.1024
  ]
}