{
  "setting": "setting_22",
  "train_accuracy": [
    0.10224,
    0.1189,
    0.14224,
    0.1654,
    0.19972,
    0.229,
    0.24362,
    0.2588,
    0.26644,
    0.27874,
    0.29724,
    0.30088,
    0.30696,
    0.31712,
    0.31826,
    0.32664,
    0.32702,
    0.33242,
    0.33512,
    0.3399,
    0.34094,
    0.34578,
    0.35002,
    0.35292,
    0.35962,
    0.36158,
    0.36304,
    0.37036,
    0.374,
    0.37412,
    0.3771,
    0.37948,
    0.38302,
    0.38156,
    0.38092,
    0.39214,
    0.39236,
    0.38996,
    0.3955,
    0.40134,
    0.4018,
    0.40468,
    0.4078,
    0.40786,
    0.4063,
    0.41056,
    0.41194,
    0.41022,
    0.41802,
    0.41552,
    0.41444,
    0.41546,
    0.4151,
    0.4196,
    0.42176,
    0.41772,
    0.41976,
    0.42474,
    0.42822,
    0.42112,
    0.41792,
    0.42194,
    0.42564,
    0.42286,
    0.42648,
    0.42328,
    0.42724,
    0.42392,
    0.42392,
    0.4284,
    0.42418,
    0.42854,
    0.42528,
    0.42654,
    0.42278,
    0.42638,
    0.42432,
    0.42848,
    0.42666,
    0.42916,
    0.42592,
    0.43056,
    0.428,
    0.42678,
    0.42612,
    0.42802,
    0.42306,
    0.42778,
    0.4293,
    0.43042,
    0.42794,
    0.4299,
    0.43254,
    0.42868,
    0.43524,
    0.43,
    0.42932,
    0.4303,
    0.42916,
    0.43078
  ],
  "test_accuracy": [
    0.0999,
    0.1483,
    0.1583,
    0.1844,
    0.21870000000000003,
    0.2378,
    0.2476,
    0.25529999999999997,
    0.2806,
    0.2928,
    0.2867,
    0.31249999999999994,
    0.302,
    0.3179,
    0.319,
    0.32080000000000003,
    0.3316,
    0.3264,
    0.35239999999999994,
    0.342,
    0.3536,
    0.34270000000000006,
    0.33810000000000007,
    0.36039999999999994,
    0.35689999999999994,
    0.36829999999999996,
    0.36719999999999997,
    0.37270000000000003,
    0.3655,
    0.3734,
    0.3755,
    0.3766,
    0.38130000000000003,
    0.3909,
    0.3828,
    0.3884,
    0.39110000000000006,
    0.3967,
    0.3967,
    0.3963,
    0.3983,
    0.4064,
    0.4100999999999999,
    0.4081,
    0.40190000000000003,
    0.4109,
    0.4053,
    0.41109999999999997,
    0.4183,
    0.4079,
    0.4128,
    0.4231999999999999,
    0.42079999999999995,
    0.4133,
    0.4202,
    0.4196,
    0.42089999999999994,
    0.4265,
    0.4243,
    0.4276,
    0.42700000000000005,
    0.4281,
    0.42169999999999996,
    0.426,
    0.42590000000000006,
    0.42799999999999994,
    0.42990000000000006,
    0.4298,
    0.4338,
    0.4298,
    0.42699999999999994,
    0.4281,
    0.4263,
    0.4279,
    0.4283,
    0.43010000000000004,
    0.4324,
    0.4283,
    0.42679999999999996,
    0.42969999999999997,
    0.43150000000000005,
    0.43229999999999996,
    0.43129999999999996,
    0.43170000000000003,
    0.4335,
    0.4300999999999999,
    0.4284,
    0.4347,
    0.4365,
    0.4311,
    0.429,
    0.43389999999999995,
    0.4361,
    0.4346,
    0.4365,
    0.43100000000000005,
    0.4372,
    0.4309,
    0.4359,
    0.4307
  ]
}