{
  "setting": "setting_28",
  "train_accuracy": [
    0.10164,
    0.1002,
    0.11844,
    0.1225,
    0.13062,
    0.14318,
    0.1578,
    0.16494,
    0.17728,
    0.18796,
    0.201,
    0.2245,
    0.22548,
    0.23138,
    0.23856,
    0.24888,
    0.25772,
    0.26324,
    0.2693,
    0.26836,
    0.27496,
    0.27996,
    0.28336,
    0.2859,
    0.29414,
    0.292,
    0.29452,
    0.2985,
    0.29986,
    0.30488,
    0.30816,
    0.30728,
    0.31386,
    0.31752,
    0.31462,
    0.3158,
    0.32,
    0.32174,
    0.32408,
    0.32216,
    0.3224,
    0.32224,
    0.32742,
    0.32304,
    0.329,
    0.32726,
    0.32756,
    0.33008,
    0.33066,
    0.32978,
    0.33122,
    0.3294,
    0.32874,
    0.33318,
    0.33604,
    0.32966,
    0.33418,
    0.3361,
    0.33416,
    0.33184,
    0.32974,
    0.33614,
    0.33208,
    0.33736,
    0.33516,
    0.33956,
    0.33624,
    0.33676,
    0.33708,
    0.33382,
    0.3323,
    0.33598,
    0.3349,
    0.34032,
    0.33864,
    0.33496,
    0.3395,
    0.33752,
    0.33746,
    0.33574,
    0.33858,
    0.33786,
    0.3372,
    0.34252,
    0.3388,
    0.33434,
    0.33968,
    0.33592,
    0.33746,
    0.33984,
    0.33858,
    0.34184,
    0.34026,
    0.3399,
    0.34034,
    0.34144,
    0.34078,
    0.34024,
    0.33942,
    0.34018
  ],
  "test_accuracy": [
    0.0998,
    0.11639999999999999,
    0.1222,
    0.12440000000000002,
    0.1361,
    0.1547,
    0.1542,
    0.1726,
    0.1857,
    0.1981,
    0.2205,
    0.23149999999999998,
    0.2391,
    0.23970000000000002,
    0.25500000000000006,
    0.26420000000000005,
    0.2696,
    0.2653,
    0.2644,
    0.2714,
    0.2803,
    0.2821,
    0.29239999999999994,
    0.2938,
    0.29829999999999995,
    0.2999,
    0.3054,
    0.31490000000000007,
    0.3082,
    0.3085,
    0.32219999999999993,
    0.31989999999999996,
    0.3139,
    0.32280000000000003,
    0.31930000000000003,
    0.3254,
    0.3244,
    0.32420000000000004,
    0.3253,
    0.3267,
    0.3257,
    0.3325,
    0.331,
    0.3315,
    0.337,
    0.33320000000000005,
    0.3318,
    0.3389,
    0.33670000000000005,
    0.33399999999999996,
    0.33720000000000006,
    0.3326,
    0.3426,
    0.3399,
    0.3419,
    0.3383999999999999,
    0.3391,
    0.339,
    0.3456,
    0.3419,
    0.3498,
    0.34199999999999997,
    0.34409999999999996,
    0.344,
    0.3428,
    0.3398,
    0.3422,
    0.3404,
    0.3452,
    0.34279999999999994,
    0.34270000000000006,
    0.3473,
    0.3432,
    0.3446,
    0.34120000000000006,
    0.347,
    0.3445,
    0.344,
    0.3476,
    0.34930000000000005,
    0.341,
    0.3459,
    0.3445,
    0.3473,
    0.34750000000000003,
    0.34900000000000003,
    0.34829999999999994,
    0.34819999999999995,
    0.3497,
    0.3449,
    0.3444,
    0.34809999999999997,
    0.3494,
    0.35069999999999996,
    0.35130000000000006,
    0.3483,
    0.34829999999999994,
    0.34530000000000005,
    0.3473,
    0.34530000000000005
  ]
}