{
  "setting": "setting_5",
  "train_accuracy": [
    0.10164,
    0.10094,
    0.10084,
    0.09988,
    0.10002,
    0.10244,
    0.10022,
    0.09898,
    0.10126,
    0.0991,
    0.10042,
    0.10214,
    0.10094,
    0.1046,
    0.10542,
    0.10664,
    0.11058,
    0.11492,
    0.11822,
    0.11914,
    0.12276,
    0.12488,
    0.12588,
    0.12878,
    0.12978,
    0.13046,
    0.13012,
    0.13428,
    0.13508,
    0.13674,
    0.13698,
    0.13644,
    0.14056,
    0.13754,
    0.14036,
    0.13928,
    0.1417,
    0.14144,
    0.14276,
    0.14264,
    0.14674,
    0.1463,
    0.1466,
    0.14854,
    0.14962,
    0.1482,
    0.15298,
    0.1488,
    0.1527,
    0.15322,
    0.15472,
    0.15752,
    0.15906,
    0.15652,
    0.16234,
    0.1625,
    0.16452,
    0.16378,
    0.165,
    0.16682,
    0.16554,
    0.16626,
    0.16594,
    0.1692,
    0.16948,
    0.16862,
    0.17224,
    0.17216,
    0.17012,
    0.17246,
    0.17306,
    0.17026,
    0.17424,
    0.17502,
    0.1783,
    0.17352,
    0.17446,
    0.17664,
    0.17538,
    0.1754,
    0.1776,
    0.17702,
    0.17872,
    0.1746,
    0.17684,
    0.17788,
    0.1789,
    0.17672,
    0.18152,
    0.17866,
    0.1771,
    0.17812,
    0.17734,
    0.1807,
    0.1763,
    0.17952,
    0.17726,
    0.18146,
    0.18088,
    0.1822
  ],
  "test_accuracy": [
    0.0999,
    0.10010000000000001,
    0.0999,
    0.1,
    0.09979999999999999,
    0.0997,
    0.1,
    0.0997,
    0.1002,
    0.1005,
    0.1012,
    0.10200000000000001,
    0.1044,
    0.10400000000000001,
    0.10640000000000001,
    0.1092,
    0.11339999999999999,
    0.11600000000000002,
    0.12069999999999999,
    0.12179999999999999,
    0.12309999999999999,
    0.12730000000000002,
    0.1264,
    0.1315,
    0.13260000000000002,
    0.1324,
    0.13490000000000002,
    0.1353,
    0.1368,
    0.1378,
    0.13810000000000003,
    0.1388,
    0.1372,
    0.14080000000000004,
    0.1403,
    0.1413,
    0.1429,
    0.1416,
    0.1451,
    0.14400000000000002,
    0.147,
    0.14780000000000001,
    0.14909999999999998,
    0.14820000000000003,
    0.1494,
    0.15100000000000002,
    0.153,
    0.15209999999999999,
    0.1541,
    0.15309999999999999,
    0.1571,
    0.1582,
    0.15819999999999998,
    0.1605,
    0.16140000000000002,
    0.16369999999999996,
    0.16299999999999998,
    0.16319999999999998,
    0.1658,
    0.1669,
    0.1682,
    0.1678,
    0.1713,
    0.1694,
    0.17109999999999997,
    0.1727,
    0.17109999999999997,
    0.1714,
    0.17659999999999998,
    0.17409999999999998,
    0.1726,
    0.1765,
    0.17479999999999998,
    0.17570000000000002,
    0.1789,
    0.17839999999999998,
    0.1777,
    0.1779,
    0.18129999999999996,
    0.1803,
    0.1789,
    0.18150000000000002,
    0.17980000000000002,
    0.17939999999999998,
    0.1813,
    0.1793,
    0.18180000000000002,
    0.18209999999999998,
    0.1829,
    0.18119999999999997,
    0.18109999999999998,
    0.1833,
    0.1815,
    0.1819,
    0.17929999999999996,
    0.18349999999999997,
    0.18159999999999998,
    0.1817,
    0.1799,
    0.1797
  ]
}