{
  "setting": "setting_25",
  "train_accuracy": [
    0.10172,
    0.10092,
    0.1008,
    0.10018,
    0.09994,
    0.1024,
    0.10028,
    0.09904,
    0.10146,
    0.09936,
    0.10236,
    0.10556,
    0.10494,
    0.1088,
    0.10906,
    0.11204,
    0.11448,
    0.11972,
    0.12408,
    0.12286,
    0.12648,
    0.12822,
    0.13084,
    0.1328,
    0.13368,
    0.13274,
    0.13336,
    0.13736,
    0.1376,
    0.13946,
    0.13936,
    0.13916,
    0.14246,
    0.1397,
    0.14244,
    0.14016,
    0.14244,
    0.14166,
    0.14248,
    0.14232,
    0.1464,
    0.14496,
    0.1446,
    0.14608,
    0.14754,
    0.14402,
    0.14988,
    0.14464,
    0.14758,
    0.14712,
    0.14836,
    0.15042,
    0.15148,
    0.14732,
    0.15192,
    0.15284,
    0.15522,
    0.15242,
    0.15382,
    0.15698,
    0.1571,
    0.1552,
    0.15544,
    0.15616,
    0.15774,
    0.15718,
    0.15872,
    0.15932,
    0.15666,
    0.15966,
    0.16,
    0.1598,
    0.16122,
    0.16394,
    0.16752,
    0.16364,
    0.16292,
    0.16684,
    0.16504,
    0.1657,
    0.16524,
    0.16774,
    0.16716,
    0.16552,
    0.1671,
    0.16516,
    0.16808,
    0.16554,
    0.17086,
    0.1678,
    0.16692,
    0.16954,
    0.1695,
    0.17102,
    0.16672,
    0.16812,
    0.16822,
    0.17028,
    0.16904,
    0.17158
  ],
  "test_accuracy": [
    0.0998,
    0.10030000000000001,
    0.1,
    0.0999,
    0.0995,
    0.0998,
    0.0999,
    0.0995,
    0.10010000000000001,
    0.1018,
    0.10390000000000002,
    0.1046,
    0.10819999999999999,
    0.1061,
    0.1117,
    0.11410000000000001,
    0.1186,
    0.12240000000000002,
    0.12279999999999999,
    0.12710000000000002,
    0.12669999999999998,
    0.12999999999999998,
    0.12920000000000004,
    0.1343,
    0.1347,
    0.1351,
    0.13740000000000002,
    0.1389,
    0.13809999999999997,
    0.1395,
    0.1387,
    0.1396,
    0.13810000000000003,
    0.1424,
    0.1416,
    0.1432,
    0.14279999999999998,
    0.14179999999999998,
    0.144,
    0.1426,
    0.14520000000000002,
    0.1456,
    0.148,
    0.14600000000000002,
    0.1469,
    0.14719999999999997,
    0.149,
    0.1491,
    0.1495,
    0.1459,
    0.14899999999999997,
    0.1501,
    0.15109999999999998,
    0.1524,
    0.1514,
    0.1521,
    0.15309999999999999,
    0.1516,
    0.15539999999999998,
    0.1549,
    0.1555,
    0.1567,
    0.15739999999999998,
    0.15789999999999998,
    0.15860000000000002,
    0.15940000000000001,
    0.15849999999999997,
    0.1599,
    0.1587,
    0.16319999999999998,
    0.1598,
    0.16319999999999998,
    0.1645,
    0.16529999999999997,
    0.16299999999999998,
    0.16429999999999997,
    0.1665,
    0.16629999999999998,
    0.16870000000000002,
    0.172,
    0.17099999999999999,
    0.1697,
    0.1699,
    0.17049999999999998,
    0.16979999999999998,
    0.1699,
    0.1696,
    0.1723,
    0.1717,
    0.1686,
    0.1693,
    0.1704,
    0.1728,
    0.17049999999999998,
    0.17229999999999995,
    0.17239999999999997,
    0.1701,
    0.172,
    0.17459999999999998,
    0.17329999999999998
  ]
}