{
  "setting": "setting_21",
  "train_accuracy": [
    0.11816,
    0.16028,
    0.24006,
    0.27294,
    0.29574,
    0.31176,
    0.33184,
    0.34116,
    0.35252,
    0.3645,
    0.37826,
    0.38516,
    0.39686,
    0.40762,
    0.41702,
    0.42564,
    0.4317,
    0.43574,
    0.44842,
    0.4508,
    0.45444,
    0.458,
    0.46578,
    0.46838,
    0.47514,
    0.47266,
    0.48076,
    0.47908,
    0.4847,
    0.48994,
    0.4941,
    0.49854,
    0.4999,
    0.50158,
    0.50488,
    0.50624,
    0.5079,
    0.50924,
    0.51096,
    0.51642,
    0.51972,
    0.52116,
    0.52142,
    0.5252,
    0.52586,
    0.52696,
    0.52808,
    0.53286,
    0.53626,
    0.53516,
    0.5362,
    0.53766,
    0.53704,
    0.54426,
    0.54114,
    0.54584,
    0.5436,
    0.54796,
    0.54818,
    0.54652,
    0.54854,
    0.5485,
    0.55002,
    0.54768,
    0.54996,
    0.5554,
    0.5521,
    0.55298,
    0.553,
    0.55604,
    0.55172,
    0.55622,
    0.55176,
    0.55994,
    0.55678,
    0.55582,
    0.55892,
    0.55856,
    0.5588,
    0.55486,
    0.55574,
    0.55962,
    0.55704,
    0.55738,
    0.55428,
    0.55512,
    0.55568,
    0.55752,
    0.55864,
    0.5534,
    0.55766,
    0.56028,
    0.56252,
    0.5588,
    0.55924,
    0.56266,
    0.55958,
    0.56402,
    0.55882,
    0.5576
  ],
  "test_accuracy": [
    0.1332,
    0.20660000000000003,
    0.2391,
    0.2803,
    0.2878,
    0.27290000000000003,
    0.2939,
    0.345,
    0.3364,
    0.33119999999999994,
    0.3408,
    0.3606999999999999,
    0.30040000000000006,
    0.3929,
    0.38120000000000004,
    0.4086,
    0.41450000000000004,
    0.3884,
    0.4080000000000001,
    0.4171,
    0.4176,
    0.39880000000000004,
    0.42469999999999997,
    0.43790000000000007,
    0.44580000000000003,
    0.4572,
    0.46709999999999996,
    0.42779999999999996,
    0.438,
    0.4314,
    0.4587,
    0.4601,
    0.47569999999999996,
    0.4628,
    0.4577000000000001,
    0.4789,
    0.48360000000000003,
    0.4833,
    0.4943000000000001,
    0.5015,
    0.47090000000000004,
    0.48889999999999995,
    0.5004000000000001,
    0.5074,
    0.49559999999999993,
    0.5058999999999999,
    0.47359999999999997,
    0.4901,
    0.4936000000000001,
    0.5136000000000001,
    0.5071,
    0.4957000000000001,
    0.5095000000000001,
    0.5176000000000001,
    0.5124000000000001,
    0.5053,
    0.5234000000000001,
    0.5254,
    0.5135000000000001,
    0.5351999999999999,
    0.5332,
    0.5388,
    0.5267999999999999,
    0.5356000000000001,
    0.5387000000000001,
    0.5258,
    0.5281999999999999,
    0.5352,
    0.5422,
    0.529,
    0.5440000000000002,
    0.5375000000000001,
    0.5381,
    0.543,
    0.5488999999999999,
    0.5463000000000001,
    0.5405,
    0.5491,
    0.5484,
    0.5475999999999999,
    0.5426,
    0.5521,
    0.5467000000000002,
    0.5473,
    0.5514,
    0.5520000000000002,
    0.5537,
    0.5474,
    0.5497,
    0.5484,
    0.5534000000000001,
    0.5540999999999999,
    0.5542000000000001,
    0.5534000000000001,
    0.5517,
    0.5548000000000001,
    0.5502,
    0.5576000000000001,
    0.5512000000000001,
    0.5540999999999999
  ]
}