{
  "setting": "setting_23",
  "train_accuracy": [
    0.10166,
    0.09986,
    0.11856,
    0.12184,
    0.1299,
    0.1417,
    0.15642,
    0.16426,
    0.17654,
    0.18726,
    0.20026,
    0.22386,
    0.22568,
    0.23056,
    0.23732,
    0.2475,
    0.25594,
    0.26096,
    0.26682,
    0.26504,
    0.27182,
    0.27806,
    0.2803,
    0.28396,
    0.29158,
    0.28944,
    0.29094,
    0.2967,
    0.2976,
    0.30208,
    0.3036,
    0.3046,
    0.31004,
    0.31348,
    0.31142,
    0.31218,
    0.3151,
    0.31746,
    0.31938,
    0.3178,
    0.31848,
    0.3187,
    0.3237,
    0.32014,
    0.32574,
    0.3244,
    0.32398,
    0.32622,
    0.3266,
    0.32542,
    0.3288,
    0.32512,
    0.32522,
    0.32912,
    0.3324,
    0.32476,
    0.3292,
    0.33114,
    0.32958,
    0.3263,
    0.32574,
    0.33156,
    0.32686,
    0.33314,
    0.33034,
    0.3343,
    0.33024,
    0.33282,
    0.33202,
    0.32888,
    0.32716,
    0.33192,
    0.3297,
    0.33528,
    0.3333,
    0.33062,
    0.3344,
    0.33284,
    0.3315,
    0.33122,
    0.33348,
    0.33356,
    0.33192,
    0.33728,
    0.33382,
    0.33038,
    0.33388,
    0.33098,
    0.33234,
    0.33546,
    0.33454,
    0.33654,
    0.3354,
    0.33446,
    0.3354,
    0.3368,
    0.33474,
    0.33562,
    0.3348,
    0.33408
  ],
  "test_accuracy": [
    0.0997,
    0.11499999999999999,
    0.1217,
    0.12349999999999998,
    0.13599999999999998,
    0.1542,
    0.1526,
    0.17209999999999998,
    0.1864,
    0.1973,
    0.2191,
    0.23169999999999996,
    0.24000000000000005,
    0.2386,
    0.2545,
    0.26139999999999997,
    0.2669,
    0.2627,
    0.2647,
    0.26890000000000003,
    0.28109999999999996,
    0.2784,
    0.28929999999999995,
    0.28990000000000005,
    0.29429999999999995,
    0.2966999999999999,
    0.30310000000000004,
    0.3094,
    0.305,
    0.3075,
    0.3163,
    0.31610000000000005,
    0.31110000000000004,
    0.31910000000000005,
    0.3206,
    0.32120000000000004,
    0.312,
    0.31789999999999996,
    0.324,
    0.3234,
    0.3232,
    0.3293,
    0.32849999999999996,
    0.327,
    0.33220000000000005,
    0.33130000000000004,
    0.32949999999999996,
    0.33320000000000005,
    0.33280000000000004,
    0.3303,
    0.33299999999999996,
    0.3281,
    0.3365,
    0.3348,
    0.335,
    0.3331,
    0.33759999999999996,
    0.33540000000000003,
    0.33920000000000006,
    0.33709999999999996,
    0.3448,
    0.3367,
    0.3376,
    0.3396,
    0.33890000000000003,
    0.33380000000000004,
    0.3375,
    0.3353,
    0.3406,
    0.33620000000000005,
    0.33799999999999997,
    0.3443,
    0.33490000000000003,
    0.34079999999999994,
    0.338,
    0.3419,
    0.34030000000000005,
    0.34060000000000007,
    0.3433,
    0.34299999999999997,
    0.3366,
    0.3408,
    0.3439,
    0.3429,
    0.34450000000000003,
    0.3441,
    0.3451,
    0.34320000000000006,
    0.3423,
    0.3427,
    0.34130000000000005,
    0.3429,
    0.34440000000000004,
    0.3453,
    0.3459,
    0.34279999999999994,
    0.343,
    0.3406,
    0.3419,
    0.3406
  ]
}