{
  "setting": "setting_6",
  "train_accuracy": [
    0.11906,
    0.1474,
    0.21668,
    0.25526,
    0.27922,
    0.29974,
    0.31586,
    0.32418,
    0.33044,
    0.33754,
    0.35092,
    0.36148,
    0.37022,
    0.37658,
    0.38364,
    0.39084,
    0.396,
    0.40418,
    0.41334,
    0.41746,
    0.41838,
    0.425,
    0.4286,
    0.43044,
    0.43744,
    0.43788,
    0.44558,
    0.44426,
    0.44758,
    0.45036,
    0.45454,
    0.45738,
    0.45872,
    0.46064,
    0.46334,
    0.4648,
    0.46384,
    0.46706,
    0.47062,
    0.46948,
    0.47358,
    0.47214,
    0.47358,
    0.47614,
    0.48174,
    0.47648,
    0.475,
    0.48096,
    0.48184,
    0.48036,
    0.48326,
    0.48182,
    0.48286,
    0.48776,
    0.4841,
    0.48908,
    0.48908,
    0.48726,
    0.48918,
    0.48992,
    0.49184,
    0.48622,
    0.48812,
    0.48924,
    0.48944,
    0.49438,
    0.49256,
    0.4892,
    0.49136,
    0.49314,
    0.49478,
    0.49456,
    0.49126,
    0.4945,
    0.49374,
    0.49368,
    0.49846,
    0.4985,
    0.49502,
    0.49448,
    0.49316,
    0.49694,
    0.49372,
    0.49582,
    0.49634,
    0.49478,
    0.49358,
    0.49386,
    0.49434,
    0.4912,
    0.49444,
    0.49622,
    0.49998,
    0.49534,
    0.4948,
    0.49872,
    0.49676,
    0.50098,
    0.49438,
    0.4963
  ],
  "test_accuracy": [
    0.1266,
    0.1809,
    0.2183,
    0.26510000000000006,
    0.27409999999999995,
    0.26589999999999997,
    0.28830000000000006,
    0.3254,
    0.32489999999999997,
    0.3316,
    0.3146,
    0.3406,
    0.3286,
    0.35940000000000005,
    0.3499,
    0.3837,
    0.37670000000000003,
    0.3739,
    0.3802,
    0.39059999999999995,
    0.3906,
    0.3601,
    0.4010000000000001,
    0.41129999999999994,
    0.42069999999999996,
    0.4343,
    0.4335,
    0.39890000000000003,
    0.4227,
    0.42779999999999996,
    0.43620000000000003,
    0.4342999999999999,
    0.45030000000000003,
    0.44110000000000005,
    0.4345,
    0.44799999999999995,
    0.45430000000000004,
    0.45949999999999996,
    0.4606,
    0.4595000000000001,
    0.45409999999999995,
    0.4542999999999999,
    0.45710000000000006,
    0.47120000000000006,
    0.46110000000000007,
    0.47030000000000005,
    0.46319999999999995,
    0.4609,
    0.47269999999999995,
    0.47750000000000004,
    0.47240000000000004,
    0.46129999999999993,
    0.4727,
    0.48150000000000004,
    0.47170000000000006,
    0.47379999999999994,
    0.4798,
    0.4812,
    0.4796,
    0.4862,
    0.49420000000000003,
    0.4856999999999999,
    0.48719999999999997,
    0.4904,
    0.49420000000000003,
    0.4768,
    0.48979999999999996,
    0.4897,
    0.4949,
    0.48869999999999997,
    0.49640000000000006,
    0.4906,
    0.4873,
    0.49189999999999995,
    0.4925,
    0.48949999999999994,
    0.492,
    0.49640000000000006,
    0.4957999999999999,
    0.4949,
    0.4918,
    0.49799999999999994,
    0.4944,
    0.4972,
    0.49959999999999993,
    0.4981,
    0.4941000000000001,
    0.4928,
    0.49380000000000007,
    0.49640000000000006,
    0.4962,
    0.49910000000000004,
    0.4957999999999999,
    0.496,
    0.49640000000000006,
    0.4981999999999999,
    0.49879999999999997,
    0.49849999999999994,
    0.5026000000000002,
    0.4967
  ]
}