{
  "setting": "setting_19",
  "train_accuracy": [
    0.10168,
    0.10038,
    0.10256,
    0.10348,
    0.11334,
    0.11904,
    0.12118,
    0.13036,
    0.13062,
    0.13384,
    0.13668,
    0.14276,
    0.14512,
    0.1517,
    0.162,
    0.16878,
    0.17822,
    0.18768,
    0.19314,
    0.19884,
    0.20972,
    0.21668,
    0.22284,
    0.22838,
    0.23298,
    0.23304,
    0.23476,
    0.24342,
    0.24558,
    0.24978,
    0.25552,
    0.25406,
    0.25852,
    0.26026,
    0.26136,
    0.25884,
    0.26192,
    0.26262,
    0.26488,
    0.26512,
    0.26868,
    0.2659,
    0.26942,
    0.26972,
    0.27472,
    0.2721,
    0.26966,
    0.27052,
    0.2756,
    0.27596,
    0.27776,
    0.27562,
    0.27436,
    0.27952,
    0.27604,
    0.2783,
    0.27588,
    0.27796,
    0.27994,
    0.28126,
    0.27902,
    0.27882,
    0.28186,
    0.27942,
    0.28096,
    0.28086,
    0.28206,
    0.28472,
    0.28148,
    0.28278,
    0.28902,
    0.285,
    0.28892,
    0.2843,
    0.286,
    0.2858,
    0.28514,
    0.28608,
    0.28574,
    0.28872,
    0.28508,
    0.2886,
    0.28422,
    0.28904,
    0.28592,
    0.28464,
    0.28162,
    0.28772,
    0.29026,
    0.29402,
    0.28858,
    0.28686,
    0.28472,
    0.28578,
    0.29062,
    0.28658,
    0.28858,
    0.2858,
    0.29044,
    0.28682
  ],
  "test_accuracy": [
    0.10010000000000001,
    0.1008,
    0.10270000000000001,
    0.1072,
    0.11320000000000001,
    0.1162,
    0.12320000000000002,
    0.12819999999999998,
    0.1325,
    0.13509999999999997,
    0.1404,
    0.1443,
    0.14839999999999998,
    0.1555,
    0.1689,
    0.178,
    0.1825,
    0.18970000000000004,
    0.19820000000000002,
    0.21140000000000003,
    0.2219,
    0.22350000000000003,
    0.2344,
    0.22489999999999996,
    0.24359999999999998,
    0.23489999999999997,
    0.2332,
    0.2597,
    0.2541,
    0.26630000000000004,
    0.2509,
    0.24720000000000003,
    0.2573,
    0.2707,
    0.2676,
    0.2702,
    0.2725,
    0.27419999999999994,
    0.2753,
    0.275,
    0.2773,
    0.272,
    0.2815,
    0.27969999999999995,
    0.2794,
    0.2779,
    0.2788,
    0.2804,
    0.2794,
    0.28419999999999995,
    0.27899999999999997,
    0.2817,
    0.27969999999999995,
    0.27949999999999997,
    0.2878,
    0.2869999999999999,
    0.28600000000000003,
    0.2884,
    0.29090000000000005,
    0.2881,
    0.2884,
    0.2919,
    0.28380000000000005,
    0.28700000000000003,
    0.29319999999999996,
    0.28719999999999996,
    0.29069999999999996,
    0.29029999999999995,
    0.28900000000000003,
    0.2915,
    0.292,
    0.2904999999999999,
    0.2955,
    0.2967000000000001,
    0.2896,
    0.2912,
    0.294,
    0.29209999999999997,
    0.2955,
    0.29479999999999995,
    0.2923,
    0.2902,
    0.29439999999999994,
    0.29460000000000003,
    0.2974,
    0.2929,
    0.3007,
    0.29829999999999995,
    0.29050000000000004,
    0.2972,
    0.2909,
    0.2967,
    0.2974,
    0.29510000000000003,
    0.29829999999999995,
    0.29619999999999996,
    0.29710000000000003,
    0.2988,
    0.2947,
    0.30310000000000004
  ]
}