{
  "setting": "setting_9",
  "train_accuracy": [
    0.10168,
    0.10006,
    0.10158,
    0.10096,
    0.10874,
    0.11272,
    0.11512,
    0.1249,
    0.127,
    0.1317,
    0.13482,
    0.14138,
    0.14418,
    0.15092,
    0.16106,
    0.16814,
    0.1783,
    0.18666,
    0.19296,
    0.1984,
    0.20854,
    0.21628,
    0.22238,
    0.22834,
    0.2328,
    0.23212,
    0.23348,
    0.24242,
    0.24494,
    0.24956,
    0.25574,
    0.25364,
    0.25784,
    0.25968,
    0.26128,
    0.25868,
    0.26176,
    0.26218,
    0.26466,
    0.26486,
    0.26862,
    0.26566,
    0.26962,
    0.2699,
    0.27444,
    0.27264,
    0.27028,
    0.27118,
    0.27544,
    0.2758,
    0.27848,
    0.27612,
    0.27568,
    0.28006,
    0.27766,
    0.27958,
    0.2775,
    0.27974,
    0.28148,
    0.28386,
    0.28178,
    0.28146,
    0.28496,
    0.28246,
    0.28312,
    0.2828,
    0.28492,
    0.28838,
    0.28466,
    0.2864,
    0.292,
    0.28792,
    0.29204,
    0.2868,
    0.28924,
    0.28958,
    0.28778,
    0.29002,
    0.28966,
    0.29222,
    0.28874,
    0.29234,
    0.28774,
    0.29184,
    0.28884,
    0.28878,
    0.28498,
    0.29064,
    0.29434,
    0.29766,
    0.29154,
    0.29094,
    0.28822,
    0.28922,
    0.29402,
    0.28976,
    0.29174,
    0.2897,
    0.29356,
    0.28936
  ],
  "test_accuracy": [
    0.10010000000000001,
    0.09999999999999999,
    0.10130000000000002,
    0.1049,
    0.1076,
    0.1103,
    0.11840000000000002,
    0.12560000000000002,
    0.12940000000000002,
    0.1325,
    0.1385,
    0.14289999999999997,
    0.1475,
    0.1555,
    0.16819999999999996,
    0.17729999999999999,
    0.181,
    0.19,
    0.19760000000000003,
    0.2129,
    0.22160000000000002,
    0.2233,
    0.2347,
    0.225,
    0.2431,
    0.23529999999999998,
    0.23220000000000002,
    0.25860000000000005,
    0.2529,
    0.26589999999999997,
    0.2532,
    0.24820000000000003,
    0.25839999999999996,
    0.271,
    0.2664,
    0.2702,
    0.27190000000000003,
    0.27349999999999997,
    0.27540000000000003,
    0.27549999999999997,
    0.27749999999999997,
    0.2723,
    0.28069999999999995,
    0.2802,
    0.2797,
    0.2783,
    0.27869999999999995,
    0.2803,
    0.2793,
    0.28450000000000003,
    0.2794,
    0.2819,
    0.28119999999999995,
    0.2807,
    0.2891,
    0.2875,
    0.28759999999999997,
    0.28950000000000004,
    0.2919,
    0.28950000000000004,
    0.2919,
    0.2952,
    0.2875,
    0.29100000000000004,
    0.2968,
    0.292,
    0.293,
    0.2938,
    0.29159999999999997,
    0.2937,
    0.2942,
    0.2938,
    0.2989,
    0.2969,
    0.2914,
    0.293,
    0.29719999999999996,
    0.29640000000000005,
    0.30110000000000003,
    0.29819999999999997,
    0.29380000000000006,
    0.2944,
    0.2973,
    0.2977,
    0.3007,
    0.2962,
    0.3015,
    0.30239999999999995,
    0.2934,
    0.3015,
    0.29650000000000004,
    0.3033,
    0.3016,
    0.2984,
    0.3005,
    0.2987,
    0.3016,
    0.3026,
    0.299,
    0.3055
  ]
}