{
  "setting": "setting_12",
  "train_accuracy": [
    0.102,
    0.11332,
    0.14032,
    0.1617,
    0.19594,
    0.22494,
    0.2397,
    0.25422,
    0.26348,
    0.2738,
    0.2938,
    0.29552,
    0.30422,
    0.31346,
    0.31518,
    0.32342,
    0.32242,
    0.32826,
    0.33012,
    0.3357,
    0.3345,
    0.33836,
    0.34114,
    0.34176,
    0.34882,
    0.35068,
    0.35254,
    0.35946,
    0.36286,
    0.3606,
    0.36354,
    0.36912,
    0.37038,
    0.36944,
    0.36966,
    0.3775,
    0.37688,
    0.37592,
    0.3794,
    0.38464,
    0.3863,
    0.3884,
    0.3915,
    0.39128,
    0.39068,
    0.39516,
    0.39708,
    0.39314,
    0.40256,
    0.40028,
    0.3989,
    0.40028,
    0.40086,
    0.40398,
    0.40542,
    0.40192,
    0.40356,
    0.40972,
    0.41346,
    0.4073,
    0.40468,
    0.40808,
    0.4111,
    0.40798,
    0.41242,
    0.40956,
    0.41324,
    0.4112,
    0.4106,
    0.41542,
    0.41128,
    0.41428,
    0.41208,
    0.41322,
    0.40916,
    0.41442,
    0.41166,
    0.41462,
    0.41368,
    0.41484,
    0.41248,
    0.4174,
    0.41542,
    0.41286,
    0.41428,
    0.41486,
    0.41148,
    0.414,
    0.41532,
    0.41738,
    0.4155,
    0.41714,
    0.41934,
    0.41612,
    0.42104,
    0.41664,
    0.4184,
    0.4164,
    0.41646,
    0.41652
  ],
  "test_accuracy": [
    0.0999,
    0.1414,
    0.1577,
    0.1805,
    0.2153,
    0.23720000000000002,
    0.24480000000000005,
    0.2534,
    0.2773,
    0.29,
    0.28789999999999993,
    0.31170000000000003,
    0.29960000000000003,
    0.31599999999999995,
    0.3164,
    0.3147,
    0.32689999999999997,
    0.32230000000000003,
    0.34459999999999996,
    0.33630000000000004,
    0.3439,
    0.3339,
    0.3348,
    0.3516,
    0.34439999999999993,
    0.3595,
    0.3581,
    0.3601,
    0.35469999999999996,
    0.3658,
    0.3632,
    0.3638,
    0.36619999999999997,
    0.37279999999999996,
    0.36829999999999996,
    0.37629999999999997,
    0.3777,
    0.3829,
    0.3766,
    0.37920000000000004,
    0.37620000000000003,
    0.38899999999999996,
    0.3906,
    0.3902,
    0.38849999999999996,
    0.39360000000000006,
    0.3885,
    0.3968,
    0.4051,
    0.39730000000000004,
    0.39990000000000003,
    0.4074,
    0.40729999999999994,
    0.39990000000000003,
    0.40170000000000006,
    0.40449999999999997,
    0.4046,
    0.4103,
    0.4112,
    0.40919999999999995,
    0.40920000000000006,
    0.41500000000000004,
    0.4058,
    0.4128,
    0.4122,
    0.4119,
    0.4199,
    0.41469999999999996,
    0.42000000000000004,
    0.41789999999999994,
    0.41340000000000005,
    0.4175000000000001,
    0.41479999999999995,
    0.4163,
    0.4185,
    0.4192,
    0.422,
    0.418,
    0.4143,
    0.41609999999999997,
    0.4197,
    0.42029999999999995,
    0.41550000000000004,
    0.4178,
    0.42210000000000003,
    0.41469999999999996,
    0.4152,
    0.4206,
    0.42479999999999996,
    0.42079999999999995,
    0.4162,
    0.4176,
    0.42269999999999996,
    0.4202,
    0.4286,
    0.42400000000000004,
    0.42289999999999994,
    0.4149999999999999,
    0.41980000000000006,
    0.4182
  ]
}