{
  "setting": "setting_26",
  "train_accuracy": [
    0.1183,
    0.1751,
    0.23272,
    0.27052,
    0.2951,
    0.3137,
    0.3339,
    0.34612,
    0.35922,
    0.37204,
    0.3812,
    0.3934,
    0.39408,
    0.40908,
    0.41302,
    0.42078,
    0.4316,
    0.43416,
    0.44046,
    0.44778,
    0.4516,
    0.45238,
    0.45842,
    0.45846,
    0.46594,
    0.46692,
    0.46986,
    0.47472,
    0.4749,
    0.48538,
    0.48752,
    0.4893,
    0.491,
    0.48742,
    0.49146,
    0.49894,
    0.49656,
    0.49656,
    0.49884,
    0.50058,
    0.5012,
    0.5038,
    0.50254,
    0.51104,
    0.50772,
    0.50812,
    0.51248,
    0.5122,
    0.51392,
    0.51524,
    0.51602,
    0.51916,
    0.5183,
    0.52332,
    0.5215,
    0.51984,
    0.52168,
    0.5248,
    0.51834,
    0.5263,
    0.52898,
    0.52836,
    0.52906,
    0.52844,
    0.53148,
    0.5281,
    0.53144,
    0.5325,
    0.52702,
    0.53462,
    0.53104,
    0.52906,
    0.53314,
    0.5371,
    0.53688,
    0.53302,
    0.53252,
    0.53416,
    0.53694,
    0.53364,
    0.53248,
    0.53364,
    0.5393,
    0.53358,
    0.53558,
    0.53768,
    0.53606,
    0.53574,
    0.53656,
    0.53546,
    0.53256,
    0.5337,
    0.53576,
    0.53696,
    0.53552,
    0.53524,
    0.5372,
    0.53426,
    0.53456,
    0.53486
  ],
  "test_accuracy": [
    0.13130000000000003,
    0.21939999999999998,
    0.24459999999999998,
    0.2521,
    0.29579999999999995,
    0.29579999999999995,
    0.2771,
    0.2758,
    0.3404,
    0.3244,
    0.3553,
    0.3617,
    0.35989999999999994,
    0.3837,
    0.3942,
    0.3902,
    0.38720000000000004,
    0.43089999999999995,
    0.4021,
    0.4147,
    0.42639999999999995,
    0.43899999999999995,
    0.4016,
    0.4157,
    0.4447,
    0.4425,
    0.4615,
    0.4563,
    0.453,
    0.4643999999999999,
    0.45519999999999994,
    0.4554,
    0.46469999999999995,
    0.45570000000000005,
    0.47919999999999996,
    0.4793,
    0.4306,
    0.4739999999999999,
    0.4806,
    0.49000000000000005,
    0.47729999999999995,
    0.4906999999999999,
    0.48660000000000003,
    0.49750000000000005,
    0.46399999999999997,
    0.4867,
    0.5019,
    0.4896,
    0.5003,
    0.4894,
    0.4936,
    0.4984,
    0.5096,
    0.5144,
    0.5035999999999999,
    0.51,
    0.5158,
    0.49689999999999995,
    0.5024,
    0.5124,
    0.519,
    0.5149,
    0.5186,
    0.5108,
    0.5207,
    0.5218,
    0.5182,
    0.5176000000000001,
    0.5237,
    0.5227999999999999,
    0.5192,
    0.5219,
    0.5213,
    0.525,
    0.5278,
    0.5235000000000001,
    0.5294000000000001,
    0.5338,
    0.527,
    0.5263,
    0.5271000000000001,
    0.5296000000000001,
    0.5308,
    0.5318999999999999,
    0.5307000000000001,
    0.5314,
    0.5282,
    0.5367999999999999,
    0.5349,
    0.5341,
    0.5342,
    0.535,
    0.531,
    0.539,
    0.5359999999999999,
    0.5337999999999999,
    0.5323,
    0.5352,
    0.5332000000000001,
    0.5345000000000001
  ]
}