{
  "setting": "setting_1",
  "train_accuracy": [
    0.11022,
    0.14876,
    0.20466,
    0.24252,
    0.26558,
    0.29056,
    0.30872,
    0.31836,
    0.32464,
    0.33486,
    0.33938,
    0.35466,
    0.35884,
    0.36716,
    0.37436,
    0.37882,
    0.39334,
    0.3929,
    0.39912,
    0.40488,
    0.41086,
    0.41368,
    0.42106,
    0.42402,
    0.42744,
    0.43324,
    0.43062,
    0.4362,
    0.43764,
    0.44964,
    0.45228,
    0.44914,
    0.45194,
    0.4519,
    0.45258,
    0.45944,
    0.45812,
    0.45694,
    0.46014,
    0.46032,
    0.46034,
    0.4627,
    0.46272,
    0.46782,
    0.46492,
    0.46556,
    0.46936,
    0.46576,
    0.46638,
    0.46812,
    0.46836,
    0.47106,
    0.46976,
    0.47142,
    0.47166,
    0.4711,
    0.47382,
    0.47226,
    0.47102,
    0.47474,
    0.47762,
    0.47618,
    0.47712,
    0.47342,
    0.47524,
    0.47392,
    0.47888,
    0.47524,
    0.47442,
    0.47698,
    0.47684,
    0.47196,
    0.47628,
    0.47948,
    0.4803,
    0.47544,
    0.47638,
    0.4756,
    0.4794,
    0.4768,
    0.47964,
    0.47754,
    0.4807,
    0.4771,
    0.47548,
    0.48004,
    0.47672,
    0.47746,
    0.47828,
    0.47836,
    0.47686,
    0.47854,
    0.4791,
    0.47952,
    0.4787,
    0.47778,
    0.48204,
    0.47678,
    0.47732,
    0.47696
  ],
  "test_accuracy": [
    0.13470000000000001,
    0.184,
    0.21989999999999998,
    0.2398,
    0.28500000000000003,
    0.2752,
    0.26549999999999996,
    0.28159999999999996,
    0.3077,
    0.3247,
    0.3224,
    0.33440000000000003,
    0.33340000000000003,
    0.3558,
    0.36279999999999996,
    0.3517,
    0.37770000000000004,
    0.3931,
    0.37270000000000003,
    0.3887,
    0.3879,
    0.41400000000000003,
    0.3777,
    0.384,
    0.4184,
    0.41900000000000004,
    0.4293,
    0.413,
    0.42919999999999997,
    0.4321,
    0.4248,
    0.4231000000000001,
    0.43899999999999995,
    0.429,
    0.44630000000000003,
    0.4516,
    0.4271,
    0.4443,
    0.44370000000000004,
    0.4580000000000001,
    0.45519999999999994,
    0.4521,
    0.4561,
    0.45299999999999996,
    0.44400000000000006,
    0.4558,
    0.46259999999999996,
    0.45669999999999994,
    0.4729,
    0.46209999999999996,
    0.46160000000000007,
    0.4684000000000001,
    0.46670000000000006,
    0.47309999999999997,
    0.4675000000000001,
    0.46980000000000005,
    0.47240000000000004,
    0.47050000000000003,
    0.47450000000000003,
    0.4749,
    0.4718,
    0.4784,
    0.4749,
    0.46790000000000004,
    0.4742,
    0.4734999999999999,
    0.4739999999999999,
    0.4760999999999999,
    0.4779,
    0.47820000000000007,
    0.4821,
    0.4758,
    0.4779,
    0.4756,
    0.4808,
    0.4796,
    0.4795000000000001,
    0.48109999999999997,
    0.48040000000000005,
    0.4795,
    0.4828,
    0.4833,
    0.4845,
    0.4797999999999999,
    0.4805,
    0.4806,
    0.4809,
    0.4801,
    0.4854,
    0.4840999999999999,
    0.4800999999999999,
    0.48329999999999995,
    0.4812,
    0.48149999999999993,
    0.48319999999999996,
    0.4891,
    0.4829,
    0.4845,
    0.4875999999999999,
    0.48119999999999996
  ]
}