{
  "setting": "setting_16",
  "train_accuracy": [
    0.119,
    0.15536,
    0.23148,
    0.26678,
    0.28904,
    0.30784,
    0.32634,
    0.33406,
    0.3437,
    0.35328,
    0.36852,
    0.3751,
    0.38722,
    0.39488,
    0.4047,
    0.41154,
    0.42048,
    0.42362,
    0.43626,
    0.44044,
    0.44236,
    0.44884,
    0.45324,
    0.45506,
    0.46146,
    0.46298,
    0.46874,
    0.46666,
    0.4731,
    0.47532,
    0.47942,
    0.48486,
    0.48436,
    0.4882,
    0.4912,
    0.49248,
    0.4921,
    0.49498,
    0.49684,
    0.5017,
    0.50334,
    0.5041,
    0.50598,
    0.5087,
    0.5111,
    0.51034,
    0.51086,
    0.5161,
    0.51842,
    0.51878,
    0.5189,
    0.5211,
    0.52,
    0.52826,
    0.525,
    0.52964,
    0.52816,
    0.52832,
    0.53014,
    0.52936,
    0.5308,
    0.5292,
    0.53188,
    0.5314,
    0.5309,
    0.53676,
    0.53518,
    0.53456,
    0.53416,
    0.53626,
    0.53602,
    0.53716,
    0.53434,
    0.541,
    0.53954,
    0.5389,
    0.54102,
    0.54148,
    0.53992,
    0.53738,
    0.5391,
    0.54082,
    0.54044,
    0.54002,
    0.53806,
    0.53752,
    0.53594,
    0.5393,
    0.54148,
    0.53582,
    0.54038,
    0.54248,
    0.54414,
    0.5418,
    0.54096,
    0.5449,
    0.5433,
    0.54666,
    0.5419,
    0.53996
  ],
  "test_accuracy": [
    0.13169999999999998,
    0.1994,
    0.23149999999999998,
    0.2732,
    0.2817,
    0.27090000000000003,
    0.2934,
    0.3376,
    0.3275,
    0.3254,
    0.3341,
    0.3475,
    0.2953,
    0.3778,
    0.37079999999999996,
    0.39990000000000003,
    0.4037,
    0.387,
    0.3888,
    0.40869999999999995,
    0.40800000000000003,
    0.38550000000000006,
    0.4152,
    0.43309999999999993,
    0.44159999999999994,
    0.4521,
    0.4559,
    0.4192,
    0.43339999999999995,
    0.4372,
    0.44749999999999995,
    0.4425,
    0.46810000000000007,
    0.4535,
    0.44799999999999995,
    0.4705000000000001,
    0.47470000000000007,
    0.47700000000000004,
    0.48150000000000004,
    0.4833,
    0.46319999999999995,
    0.47050000000000003,
    0.4808,
    0.4997,
    0.48150000000000004,
    0.4979,
    0.46299999999999997,
    0.47520000000000007,
    0.4838000000000001,
    0.5069,
    0.49659999999999993,
    0.4793,
    0.4921000000000001,
    0.5052,
    0.49779999999999996,
    0.492,
    0.5047999999999999,
    0.5121,
    0.5006,
    0.5217,
    0.5203,
    0.5213,
    0.516,
    0.5219999999999999,
    0.524,
    0.5088999999999999,
    0.5131,
    0.5195000000000001,
    0.5264,
    0.5136,
    0.5281,
    0.5229000000000001,
    0.5236,
    0.5269000000000001,
    0.5346000000000001,
    0.5296000000000001,
    0.5233000000000001,
    0.532,
    0.5338,
    0.5316,
    0.5281,
    0.5346,
    0.5261,
    0.5314,
    0.5373000000000001,
    0.5341,
    0.5352,
    0.5314,
    0.5307000000000002,
    0.5335,
    0.536,
    0.5376000000000001,
    0.5378000000000001,
    0.5367,
    0.5384,
    0.5401000000000001,
    0.5388,
    0.5368999999999999,
    0.5395000000000001,
    0.5427000000000001
  ]
}