{
  "setting": "setting_18",
  "train_accuracy": [
    0.10324,
    0.1002,
    0.09898,
    0.1068,
    0.12786,
    0.1415,
    0.1513,
    0.16048,
    0.18008,
    0.19334,
    0.2073,
    0.21734,
    0.23178,
    0.24078,
    0.24602,
    0.2509,
    0.25808,
    0.2628,
    0.26554,
    0.27328,
    0.27352,
    0.27742,
    0.2858,
    0.29272,
    0.29198,
    0.29766,
    0.30556,
    0.3046,
    0.30802,
    0.30994,
    0.31614,
    0.31916,
    0.31726,
    0.31768,
    0.31842,
    0.32138,
    0.31992,
    0.32482,
    0.32272,
    0.32536,
    0.32856,
    0.32854,
    0.32864,
    0.3307,
    0.32478,
    0.33056,
    0.32926,
    0.33224,
    0.32856,
    0.3311,
    0.33204,
    0.335,
    0.33484,
    0.3341,
    0.33908,
    0.33726,
    0.33688,
    0.33962,
    0.3398,
    0.33926,
    0.3358,
    0.33946,
    0.33766,
    0.3421,
    0.34114,
    0.3379,
    0.34078,
    0.34216,
    0.3426,
    0.33904,
    0.34044,
    0.34058,
    0.34074,
    0.33972,
    0.3438,
    0.34186,
    0.34238,
    0.34834,
    0.34682,
    0.34184,
    0.34408,
    0.34326,
    0.34364,
    0.3423,
    0.3429,
    0.34632,
    0.34718,
    0.34492,
    0.34606,
    0.34618,
    0.34466,
    0.34378,
    0.34428,
    0.34172,
    0.34534,
    0.34448,
    0.34606,
    0.3473,
    0.34504,
    0.34336
  ],
  "test_accuracy": [
    0.1,
    0.1,
    0.10269999999999999,
    0.11710000000000001,
    0.13690000000000002,
    0.14679999999999999,
    0.15560000000000002,
    0.1714,
    0.18960000000000002,
    0.19980000000000003,
    0.22690000000000002,
    0.23980000000000007,
    0.2426,
    0.24739999999999998,
    0.2481,
    0.2548,
    0.26430000000000003,
    0.26380000000000003,
    0.2803,
    0.281,
    0.2833,
    0.29109999999999997,
    0.29419999999999996,
    0.2943,
    0.3097,
    0.304,
    0.2955,
    0.3198,
    0.31310000000000004,
    0.32259999999999994,
    0.3209,
    0.32089999999999996,
    0.3258,
    0.3225,
    0.32930000000000004,
    0.3255,
    0.33020000000000005,
    0.32999999999999996,
    0.332,
    0.3357,
    0.32799999999999996,
    0.3329000000000001,
    0.33340000000000003,
    0.3345,
    0.3355,
    0.3385000000000001,
    0.3354,
    0.3393,
    0.33799999999999997,
    0.3412,
    0.339,
    0.34290000000000004,
    0.3399,
    0.3409,
    0.34249999999999997,
    0.3436,
    0.3473,
    0.34099999999999997,
    0.33930000000000005,
    0.348,
    0.3499,
    0.3457,
    0.34500000000000003,
    0.3529,
    0.34500000000000003,
    0.3436,
    0.3499,
    0.3476,
    0.3482,
    0.3479,
    0.3448,
    0.3456,
    0.35009999999999997,
    0.3513,
    0.35350000000000004,
    0.35559999999999997,
    0.3477,
    0.35089999999999993,
    0.35009999999999997,
    0.35259999999999997,
    0.351,
    0.3537,
    0.34609999999999996,
    0.356,
    0.35259999999999997,
    0.3538,
    0.35279999999999995,
    0.35950000000000004,
    0.35039999999999993,
    0.3558,
    0.35519999999999996,
    0.35229999999999995,
    0.3552,
    0.3506,
    0.35109999999999997,
    0.35489999999999994,
    0.35619999999999996,
    0.3555,
    0.3574,
    0.3566
  ]
}