{
  "setting": "setting_20",
  "train_accuracy": [
    0.10172,
    0.10094,
    0.1009,
    0.1001,
    0.09988,
    0.10242,
    0.10022,
    0.09902,
    0.10136,
    0.09928,
    0.10158,
    0.10414,
    0.10334,
    0.10786,
    0.1079,
    0.11076,
    0.11322,
    0.11834,
    0.1224,
    0.1217,
    0.12534,
    0.12726,
    0.12936,
    0.13186,
    0.13226,
    0.1316,
    0.13182,
    0.1364,
    0.13672,
    0.13818,
    0.13776,
    0.1374,
    0.14144,
    0.13864,
    0.14106,
    0.13884,
    0.14138,
    0.14046,
    0.1409,
    0.14156,
    0.14518,
    0.14356,
    0.1436,
    0.14434,
    0.14582,
    0.1421,
    0.1479,
    0.1424,
    0.14474,
    0.14416,
    0.1459,
    0.14748,
    0.14898,
    0.14428,
    0.1482,
    0.14966,
    0.151,
    0.14848,
    0.14862,
    0.15,
    0.14978,
    0.1483,
    0.14888,
    0.14858,
    0.15048,
    0.15062,
    0.15062,
    0.1509,
    0.1471,
    0.14938,
    0.15062,
    0.14826,
    0.1503,
    0.15206,
    0.15368,
    0.15012,
    0.15014,
    0.15452,
    0.15144,
    0.1501,
    0.15272,
    0.15268,
    0.15138,
    0.15108,
    0.15228,
    0.15008,
    0.15304,
    0.1506,
    0.15576,
    0.15174,
    0.15156,
    0.15354,
    0.1536,
    0.15354,
    0.14986,
    0.15196,
    0.15204,
    0.15246,
    0.15296,
    0.15448
  ],
  "test_accuracy": [
    0.0998,
    0.1002,
    0.1,
    0.1,
    0.0996,
    0.0997,
    0.0999,
    0.0994,
    0.0998,
    0.1012,
    0.10330000000000002,
    0.1038,
    0.10600000000000001,
    0.1052,
    0.1101,
    0.1133,
    0.1169,
    0.1207,
    0.12200000000000003,
    0.12589999999999998,
    0.1255,
    0.12940000000000002,
    0.1286,
    0.13340000000000002,
    0.13430000000000003,
    0.134,
    0.1361,
    0.13740000000000002,
    0.13679999999999998,
    0.13810000000000003,
    0.1379,
    0.1392,
    0.1387,
    0.14130000000000004,
    0.14070000000000002,
    0.1423,
    0.1416,
    0.1389,
    0.1427,
    0.14170000000000002,
    0.145,
    0.1447,
    0.1441,
    0.14279999999999998,
    0.1456,
    0.1447,
    0.1452,
    0.1463,
    0.14659999999999998,
    0.14519999999999997,
    0.1467,
    0.14789999999999998,
    0.1461,
    0.1463,
    0.148,
    0.1477,
    0.14889999999999998,
    0.1469,
    0.1502,
    0.1497,
    0.1489,
    0.148,
    0.15,
    0.1508,
    0.1507,
    0.1512,
    0.15,
    0.1502,
    0.1504,
    0.151,
    0.15059999999999998,
    0.15089999999999998,
    0.1517,
    0.1501,
    0.15159999999999998,
    0.15109999999999996,
    0.1502,
    0.1533,
    0.151,
    0.15030000000000002,
    0.1506,
    0.15399999999999997,
    0.15419999999999998,
    0.1545,
    0.15039999999999998,
    0.1505,
    0.15209999999999999,
    0.1526,
    0.1524,
    0.15239999999999998,
    0.15439999999999998,
    0.1535,
    0.1521,
    0.1545,
    0.1535,
    0.15360000000000001,
    0.1551,
    0.15510000000000002,
    0.1524,
    0.1528
  ]
}