{
  "setting": "setting_4",
  "train_accuracy": [
    0.10172,
    0.10002,
    0.10138,
    0.10028,
    0.10698,
    0.10936,
    0.11246,
    0.12248,
    0.12528,
    0.1308,
    0.1342,
    0.14052,
    0.14382,
    0.15084,
    0.16048,
    0.16758,
    0.17766,
    0.1865,
    0.19268,
    0.19872,
    0.20784,
    0.21666,
    0.22232,
    0.22788,
    0.23254,
    0.2319,
    0.23304,
    0.24206,
    0.24456,
    0.24912,
    0.25546,
    0.25322,
    0.2577,
    0.25916,
    0.26104,
    0.2582,
    0.2617,
    0.262,
    0.26484,
    0.26448,
    0.26828,
    0.2658,
    0.26948,
    0.26992,
    0.27416,
    0.27256,
    0.27068,
    0.27132,
    0.276,
    0.2757,
    0.27854,
    0.27614,
    0.2764,
    0.28082,
    0.279,
    0.28034,
    0.27922,
    0.28162,
    0.2837,
    0.28562,
    0.2849,
    0.28334,
    0.28752,
    0.28476,
    0.28628,
    0.28438,
    0.28826,
    0.29072,
    0.28682,
    0.28876,
    0.29396,
    0.29062,
    0.29468,
    0.28888,
    0.29222,
    0.29244,
    0.29138,
    0.29222,
    0.29182,
    0.29478,
    0.2915,
    0.29476,
    0.28998,
    0.29416,
    0.29174,
    0.29148,
    0.28916,
    0.29322,
    0.29676,
    0.3007,
    0.29514,
    0.29482,
    0.2919,
    0.29306,
    0.29728,
    0.29328,
    0.29556,
    0.29304,
    0.29762,
    0.2922
  ],
  "test_accuracy": [
    0.10010000000000001,
    0.0998,
    0.1006,
    0.1035,
    0.10500000000000001,
    0.10769999999999999,
    0.1162,
    0.1243,
    0.1274,
    0.1318,
    0.1377,
    0.14300000000000002,
    0.14720000000000003,
    0.1548,
    0.1674,
    0.17619999999999997,
    0.1806,
    0.19,
    0.1974,
    0.2138,
    0.2217,
    0.22240000000000001,
    0.23479999999999998,
    0.2251,
    0.2431,
    0.23410000000000003,
    0.23159999999999997,
    0.25799999999999995,
    0.2532,
    0.26660000000000006,
    0.2526,
    0.2476,
    0.2569,
    0.2702,
    0.2671,
    0.2691,
    0.2718,
    0.27280000000000004,
    0.2751,
    0.2761,
    0.2767,
    0.274,
    0.2805,
    0.2792,
    0.2798,
    0.27870000000000006,
    0.27949999999999997,
    0.2808,
    0.2792,
    0.2839,
    0.27969999999999995,
    0.28200000000000003,
    0.28209999999999996,
    0.281,
    0.2897,
    0.28819999999999996,
    0.2908,
    0.2909,
    0.2945,
    0.2922,
    0.2952,
    0.2992,
    0.2894,
    0.2923,
    0.298,
    0.2934,
    0.29639999999999994,
    0.2952,
    0.2955,
    0.2949,
    0.2961,
    0.2966,
    0.302,
    0.29910000000000003,
    0.2956,
    0.2974,
    0.299,
    0.29900000000000004,
    0.3021,
    0.3021,
    0.2984,
    0.29960000000000003,
    0.30289999999999995,
    0.30050000000000004,
    0.3047,
    0.2999,
    0.30560000000000004,
    0.3036,
    0.29579999999999995,
    0.30329999999999996,
    0.3009,
    0.30670000000000003,
    0.3055,
    0.2983,
    0.3066,
    0.3024,
    0.3053,
    0.3056,
    0.30079999999999996,
    0.3089
  ]
}