{
  "setting": "setting_15",
  "train_accuracy": [
    0.10168,
    0.10102,
    0.10094,
    0.10008,
    0.09996,
    0.10244,
    0.10022,
    0.099,
    0.10132,
    0.09926,
    0.1012,
    0.10366,
    0.10268,
    0.10654,
    0.10692,
    0.10952,
    0.11248,
    0.11724,
    0.12086,
    0.12052,
    0.12396,
    0.12618,
    0.1279,
    0.13122,
    0.1313,
    0.13152,
    0.13196,
    0.13586,
    0.13674,
    0.13832,
    0.1385,
    0.1379,
    0.14182,
    0.13894,
    0.14102,
    0.13982,
    0.14232,
    0.14156,
    0.1429,
    0.1427,
    0.14644,
    0.14584,
    0.14566,
    0.14744,
    0.1487,
    0.14654,
    0.1514,
    0.14668,
    0.15024,
    0.15032,
    0.15184,
    0.15494,
    0.15584,
    0.15252,
    0.1585,
    0.15878,
    0.161,
    0.15986,
    0.16148,
    0.16336,
    0.16298,
    0.16264,
    0.16342,
    0.16628,
    0.16574,
    0.1663,
    0.16916,
    0.16886,
    0.16626,
    0.16952,
    0.17012,
    0.16744,
    0.17178,
    0.17232,
    0.17634,
    0.17086,
    0.17156,
    0.17414,
    0.17338,
    0.17232,
    0.17478,
    0.175,
    0.1759,
    0.1723,
    0.17466,
    0.17464,
    0.17576,
    0.17452,
    0.17824,
    0.176,
    0.17478,
    0.17546,
    0.17572,
    0.17766,
    0.17332,
    0.1763,
    0.17478,
    0.17888,
    0.17776,
    0.1798
  ],
  "test_accuracy": [
    0.0998,
    0.1,
    0.1,
    0.09999999999999999,
    0.0996,
    0.0998,
    0.0999,
    0.0996,
    0.1002,
    0.10110000000000001,
    0.10290000000000002,
    0.1032,
    0.1058,
    0.1046,
    0.1086,
    0.11190000000000003,
    0.11560000000000001,
    0.11810000000000001,
    0.1213,
    0.1236,
    0.1253,
    0.1292,
    0.1285,
    0.1333,
    0.1345,
    0.1341,
    0.13630000000000003,
    0.13710000000000003,
    0.1375,
    0.1387,
    0.13840000000000002,
    0.13920000000000002,
    0.1386,
    0.1413,
    0.141,
    0.142,
    0.1429,
    0.14090000000000003,
    0.14450000000000002,
    0.1429,
    0.1463,
    0.1468,
    0.1485,
    0.1476,
    0.1478,
    0.149,
    0.1506,
    0.1508,
    0.15109999999999998,
    0.15050000000000002,
    0.15339999999999998,
    0.1557,
    0.15519999999999998,
    0.15699999999999997,
    0.1574,
    0.1604,
    0.1598,
    0.1602,
    0.16119999999999998,
    0.1637,
    0.165,
    0.16459999999999997,
    0.16729999999999998,
    0.16670000000000001,
    0.1689,
    0.17039999999999997,
    0.16649999999999998,
    0.16889999999999997,
    0.1724,
    0.1717,
    0.16970000000000002,
    0.1735,
    0.1725,
    0.1745,
    0.17519999999999997,
    0.17479999999999998,
    0.1752,
    0.1739,
    0.17839999999999998,
    0.1787,
    0.1764,
    0.1774,
    0.17719999999999997,
    0.17709999999999998,
    0.1778,
    0.17679999999999998,
    0.18139999999999998,
    0.1783,
    0.18209999999999998,
    0.1776,
    0.17970000000000003,
    0.1798,
    0.1796,
    0.1779,
    0.17909999999999998,
    0.1798,
    0.1794,
    0.18019999999999997,
    0.1772,
    0.17950000000000002
  ]
}