{"setting": "setting_28", "train_accuracy": [0.09897476340694006, 0.10370662460567823, 0.09996056782334385, 0.10764984227129337, 0.09897476340694006, 0.09582018927444795, 0.10350946372239747, 0.10824132492113564, 0.10469242902208202, 0.10370662460567823, 0.10469242902208202, 0.08990536277602523, 0.10173501577287067, 0.1029179810725552, 0.10488958990536278, 0.10449526813880126, 0.10272082018927445, 0.10074921135646688, 0.10094637223974763, 0.10745268138801262, 0.0997634069400631, 0.09897476340694006, 0.09818611987381703, 0.09897476340694006, 0.09739747634069401, 0.10232649842271294, 0.10193217665615142, 0.10725552050473186, 0.09227129337539432, 0.10055205047318612, 0.09838328075709779, 0.0960173501577287, 0.09798895899053628, 0.1015378548895899, 0.10449526813880126, 0.10114353312302839, 0.09798895899053628, 0.09069400630914827, 0.09956624605678234, 0.09660883280757097, 0.10784700315457413, 0.0960173501577287, 0.08852523659305994, 0.10429810725552051, 0.10114353312302839, 0.09798895899053628, 0.10173501577287067, 0.09365141955835962, 0.09582018927444795, 0.09582018927444795], "test_accuracy": [0.1, 0.1, 0.1, 0.1, 0.1, 0.1, 0.1, 0.1, 0.1, 0.1, 0.1, 0.1, 0.1, 0.1, 0.1, 0.1, 0.1, 0.1, 0.1, 0.1, 0.1, 0.1, 0.1, 0.1, 0.1, 0.1, 0.1, 0.1, 0.1, 0.1, 0.1, 0.1, 0.1, 0.1, 0.1, 0.1, 0.1, 0.1, 0.1, 0.1, 0.1, 0.1, 0.1, 0.1, 0.1, 0.1, 0.1, 0.1, 0.1, 0.1]}