{"setting": "setting_30", "train_accuracy": [0.1037109375, 0.0982421875, 0.1048828125, 0.09921875, 0.0951171875, 0.1021484375, 0.10234375, 0.0984375, 0.1013671875, 0.09609375, 0.1029296875, 0.096875, 0.096484375, 0.096875, 0.1046875, 0.0998046875, 0.0982421875, 0.0931640625, 0.09296875, 0.100390625, 0.09375, 0.0982421875, 0.0994140625, 0.104296875, 0.1015625, 0.099609375, 0.1044921875, 0.096875, 0.0994140625, 0.0955078125, 0.0958984375, 0.1037109375, 0.100390625, 0.0990234375, 0.09296875, 0.098046875, 0.1044921875, 0.1021484375, 0.0908203125, 0.096484375, 0.0998046875, 0.0984375, 0.1041015625, 0.1048828125, 0.1005859375, 0.109375, 0.0982421875, 0.0974609375, 0.1021484375, 0.0962890625], "test_accuracy": [0.0999, 0.0996, 0.0996, 0.0996, 0.1003, 0.0995, 0.0998, 0.0998, 0.0996, 0.0998, 0.0994, 0.0994, 0.1003, 0.0997, 0.0998, 0.0997, 0.0999, 0.0997, 0.1002, 0.0998, 0.0998, 0.1, 0.0994, 0.0998, 0.0999, 0.1, 0.0998, 0.0998, 0.1, 0.0998, 0.0999, 0.0998, 0.0996, 0.0994, 0.1002, 0.0999, 0.0997, 0.0998, 0.1, 0.0998, 0.0998, 0.0997, 0.1, 0.0996, 0.0999, 0.0999, 0.0998, 0.0995, 0.1, 0.1001]}