{"setting": "setting_23", "train_accuracy": [0.09897476340694006, 0.10350946372239747, 0.09956624605678234, 0.1070583596214511, 0.09917192429022081, 0.0956230283911672, 0.1029179810725552, 0.10764984227129337, 0.10429810725552051, 0.10331230283911672, 0.10449526813880126, 0.08990536277602523, 0.10173501577287067, 0.1029179810725552, 0.10469242902208202, 0.10429810725552051, 0.10232649842271294, 0.10035488958990536, 0.10114353312302839, 0.10784700315457413, 0.09956624605678234, 0.09897476340694006, 0.09838328075709779, 0.09956624605678234, 0.09759463722397477, 0.10212933753943218, 0.1015378548895899, 0.1070583596214511, 0.0914826498422713, 0.10074921135646688, 0.09798895899053628, 0.0956230283911672, 0.09779179810725552, 0.1015378548895899, 0.10429810725552051, 0.10134069400630914, 0.09779179810725552, 0.09049684542586751, 0.09936908517350158, 0.09582018927444795, 0.10725552050473186, 0.0960173501577287, 0.0887223974763407, 0.10429810725552051, 0.10114353312302839, 0.09739747634069401, 0.10114353312302839, 0.09365141955835962, 0.0956230283911672, 0.09582018927444795], "test_accuracy": [0.0996, 0.0997, 0.0995, 0.0995, 0.1001, 0.0995, 0.0999, 0.0998, 0.0997, 0.0998, 0.0996, 0.0997, 0.1002, 0.0998, 0.0997, 0.0998, 0.1, 0.0999, 0.1, 0.0996, 0.0999, 0.0997, 0.0996, 0.0997, 0.0999, 0.0998, 0.0997, 0.0998, 0.1001, 0.0998, 0.1, 0.0996, 0.0997, 0.0995, 0.1001, 0.0999, 0.0995, 0.0997, 0.0999, 0.0998, 0.0996, 0.0997, 0.0998, 0.0995, 0.1, 0.1001, 0.0997, 0.0995, 0.0998, 0.0999]}