{"setting": "setting_5", "train_accuracy": [0.10390625, 0.098828125, 0.1044921875, 0.098828125, 0.09453125, 0.1015625, 0.101953125, 0.09765625, 0.1009765625, 0.096875, 0.1029296875, 0.0966796875, 0.0962890625, 0.09609375, 0.1037109375, 0.0998046875, 0.0974609375, 0.09296875, 0.0927734375, 0.0998046875, 0.0935546875, 0.0982421875, 0.0990234375, 0.1041015625, 0.101171875, 0.0994140625, 0.1041015625, 0.0966796875, 0.099609375, 0.0947265625, 0.095703125, 0.103125, 0.0998046875, 0.09921875, 0.0921875, 0.09765625, 0.10390625, 0.1017578125, 0.0904296875, 0.09609375, 0.099609375, 0.098828125, 0.103515625, 0.1041015625, 0.1001953125, 0.1087890625, 0.0982421875, 0.09765625, 0.10078125, 0.0958984375], "test_accuracy": [0.0995, 0.0993, 0.0988, 0.0991, 0.1, 0.0996, 0.0994, 0.0995, 0.0995, 0.0995, 0.0994, 0.0989, 0.1001, 0.0988, 0.0996, 0.0992, 0.0996, 0.0994, 0.0997, 0.0994, 0.0995, 0.0995, 0.0991, 0.0987, 0.1, 0.0996, 0.0992, 0.0994, 0.0998, 0.0997, 0.0999, 0.0995, 0.0996, 0.0994, 0.0999, 0.0992, 0.0994, 0.0994, 0.0992, 0.0996, 0.0991, 0.0994, 0.0992, 0.0995, 0.0999, 0.0997, 0.0995, 0.0988, 0.0994, 0.0997]}