{"setting": "setting_2", "train_accuracy": [0.09988132911392406, 0.10403481012658228, 0.10146360759493671, 0.10146360759493671, 0.09889240506329114, 0.09750791139240507, 0.0971123417721519, 0.09829905063291139, 0.10047468354430379, 0.10482594936708861, 0.09909018987341772, 0.09968354430379747, 0.09968354430379747, 0.10284810126582279, 0.10284810126582279, 0.1060126582278481, 0.10067246835443038, 0.10581487341772151, 0.10166139240506329, 0.11075949367088607, 0.10640822784810126, 0.10027689873417721, 0.09572784810126582, 0.10047468354430379, 0.09632120253164557, 0.09988132911392406, 0.10581487341772151, 0.10561708860759493, 0.10205696202531646, 0.10581487341772151, 0.09889240506329114, 0.10284810126582279, 0.09869462025316456, 0.10324367088607594, 0.10067246835443038, 0.10759493670886076, 0.10344145569620253, 0.09335443037974683, 0.10977056962025317, 0.09770569620253164, 0.10700158227848101, 0.10047468354430379, 0.08979430379746836, 0.09968354430379747, 0.10581487341772151, 0.09869462025316456, 0.09414556962025317, 0.10878164556962025, 0.09790348101265822, 0.09849683544303797], "test_accuracy": [0.0997, 0.0996, 0.0997, 0.0995, 0.0999, 0.0997, 0.0998, 0.0996, 0.0996, 0.0997, 0.0996, 0.0998, 0.0999, 0.0997, 0.0997, 0.0997, 0.1, 0.0999, 0.0998, 0.0999, 0.0998, 0.0998, 0.0997, 0.0994, 0.0998, 0.1, 0.0996, 0.0997, 0.1, 0.0999, 0.0996, 0.0998, 0.0998, 0.0998, 0.1001, 0.1, 0.0998, 0.0999, 0.1, 0.0997, 0.0998, 0.0999, 0.1, 0.0995, 0.0998, 0.0998, 0.1, 0.0997, 0.0997, 0.0998]}