{"setting": "setting_29", "train_accuracy": [0.0994140625, 0.0919921875, 0.103125, 0.100390625, 0.101953125, 0.0966796875, 0.102734375, 0.101171875, 0.100390625, 0.0962890625, 0.1048828125, 0.10078125, 0.1021484375, 0.1017578125, 0.105078125, 0.103515625, 0.096875, 0.1015625, 0.0984375, 0.1009765625, 0.09453125, 0.1, 0.098046875, 0.10390625, 0.0984375, 0.1044921875, 0.0986328125, 0.098046875, 0.098046875, 0.0994140625, 0.0966796875, 0.0962890625, 0.09609375, 0.0998046875, 0.1001953125, 0.0998046875, 0.100390625, 0.09609375, 0.091796875, 0.0916015625, 0.0982421875, 0.0982421875, 0.09375, 0.1017578125, 0.1080078125, 0.1048828125, 0.0986328125, 0.0947265625, 0.1001953125, 0.100390625], "test_accuracy": [0.0999, 0.0998, 0.0999, 0.0998, 0.0999, 0.0998, 0.1, 0.0998, 0.0999, 0.0999, 0.0998, 0.1, 0.1, 0.0999, 0.0997, 0.0997, 0.0999, 0.1, 0.0998, 0.0999, 0.0999, 0.0999, 0.1, 0.0998, 0.0999, 0.1001, 0.0998, 0.0998, 0.0998, 0.0998, 0.0999, 0.0999, 0.0998, 0.0998, 0.1, 0.1, 0.0999, 0.0999, 0.1, 0.1, 0.1, 0.0999, 0.0999, 0.0998, 0.1, 0.1, 0.0998, 0.0999, 0.0997, 0.0999]}