{"setting": "setting_8", "train_accuracy": [0.0987776025236593, 0.10370662460567823, 0.09956624605678234, 0.10725552050473186, 0.09917192429022081, 0.09542586750788644, 0.10311514195583596, 0.10745268138801262, 0.10410094637223975, 0.10370662460567823, 0.10449526813880126, 0.08990536277602523, 0.1015378548895899, 0.10193217665615142, 0.10488958990536278, 0.10410094637223975, 0.10232649842271294, 0.10055205047318612, 0.10114353312302839, 0.1070583596214511, 0.0997634069400631, 0.09897476340694006, 0.09818611987381703, 0.09936908517350158, 0.09739747634069401, 0.1015378548895899, 0.10114353312302839, 0.10686119873817035, 0.0914826498422713, 0.10035488958990536, 0.09838328075709779, 0.09582018927444795, 0.09739747634069401, 0.10134069400630914, 0.10429810725552051, 0.10094637223974763, 0.09798895899053628, 0.09029968454258674, 0.09936908517350158, 0.09503154574132493, 0.10725552050473186, 0.09582018927444795, 0.08891955835962145, 0.10410094637223975, 0.10035488958990536, 0.09759463722397477, 0.10094637223974763, 0.09325709779179811, 0.0956230283911672, 0.0956230283911672], "test_accuracy": [0.0995, 0.0995, 0.0995, 0.0996, 0.1001, 0.0996, 0.0999, 0.0999, 0.0996, 0.0998, 0.0996, 0.0991, 0.0998, 0.0993, 0.0998, 0.0992, 0.0998, 0.0996, 0.0999, 0.0995, 0.0998, 0.0995, 0.0993, 0.099, 0.0998, 0.0999, 0.0995, 0.0995, 0.0998, 0.0997, 0.1, 0.0997, 0.0995, 0.0995, 0.0999, 0.0997, 0.0994, 0.0998, 0.0996, 0.0995, 0.0995, 0.0996, 0.0994, 0.0995, 0.1001, 0.0997, 0.0998, 0.0993, 0.0994, 0.1001]}