{"setting": "setting_9", "train_accuracy": [0.0994140625, 0.0919921875, 0.103125, 0.0998046875, 0.1015625, 0.096484375, 0.1025390625, 0.1005859375, 0.1001953125, 0.09609375, 0.1046875, 0.1009765625, 0.101953125, 0.1013671875, 0.1046875, 0.1037109375, 0.0958984375, 0.1015625, 0.0984375, 0.100390625, 0.09453125, 0.1001953125, 0.0982421875, 0.1041015625, 0.0982421875, 0.1037109375, 0.09765625, 0.0974609375, 0.0970703125, 0.0990234375, 0.096484375, 0.0958984375, 0.0958984375, 0.1001953125, 0.100390625, 0.099609375, 0.1009765625, 0.0951171875, 0.0912109375, 0.091015625, 0.09765625, 0.0982421875, 0.09296875, 0.10078125, 0.107421875, 0.1046875, 0.0982421875, 0.0951171875, 0.099609375, 0.1001953125], "test_accuracy": [0.0995, 0.0992, 0.0991, 0.0992, 0.0999, 0.0997, 0.0995, 0.0997, 0.0995, 0.0997, 0.0996, 0.0992, 0.0998, 0.0992, 0.0996, 0.0992, 0.0996, 0.0994, 0.0997, 0.0995, 0.0998, 0.0995, 0.0992, 0.099, 0.1, 0.0997, 0.0993, 0.0992, 0.0998, 0.0997, 0.0998, 0.0997, 0.0997, 0.0994, 0.0998, 0.0996, 0.0993, 0.0997, 0.0996, 0.0994, 0.0995, 0.0995, 0.0992, 0.0995, 0.1001, 0.0996, 0.0997, 0.0992, 0.0995, 0.1]}