{"setting": "setting_25", "train_accuracy": [0.105078125, 0.100390625, 0.1029296875, 0.09921875, 0.09453125, 0.100390625, 0.103515625, 0.0994140625, 0.1009765625, 0.0978515625, 0.1041015625, 0.097265625, 0.0958984375, 0.09765625, 0.1044921875, 0.101953125, 0.096484375, 0.09296875, 0.094140625, 0.101953125, 0.0943359375, 0.1005859375, 0.1029296875, 0.1052734375, 0.1021484375, 0.1021484375, 0.1044921875, 0.097265625, 0.1015625, 0.095703125, 0.0982421875, 0.1041015625, 0.101171875, 0.098828125, 0.0919921875, 0.09921875, 0.107421875, 0.1033203125, 0.0921875, 0.0966796875, 0.101171875, 0.097265625, 0.1044921875, 0.1046875, 0.10078125, 0.109765625, 0.1005859375, 0.0990234375, 0.103125, 0.0970703125], "test_accuracy": [0.0994, 0.1, 0.0999, 0.0996, 0.0987, 0.0998, 0.0999, 0.1006, 0.0997, 0.0998, 0.1007, 0.0999, 0.0995, 0.0996, 0.0995, 0.0996, 0.101, 0.0994, 0.1001, 0.1003, 0.0991, 0.1005, 0.0992, 0.0996, 0.0999, 0.0997, 0.1003, 0.1001, 0.0999, 0.1007, 0.1003, 0.1, 0.0999, 0.1006, 0.0993, 0.098, 0.0999, 0.1003, 0.1008, 0.1011, 0.0998, 0.1007, 0.1012, 0.0994, 0.1005, 0.1005, 0.0998, 0.1003, 0.1009, 0.1002]}