{"setting": "setting_27", "train_accuracy": [0.10027689873417721, 0.10363924050632911, 0.10146360759493671, 0.10166139240506329, 0.09889240506329114, 0.09750791139240507, 0.09750791139240507, 0.09849683544303797, 0.10047468354430379, 0.10482594936708861, 0.09889240506329114, 0.10007911392405064, 0.09988132911392406, 0.10344145569620253, 0.10344145569620253, 0.10561708860759493, 0.10067246835443038, 0.10640822784810126, 0.10185917721518987, 0.1105617088607595, 0.10660601265822785, 0.10087025316455696, 0.0959256329113924, 0.10087025316455696, 0.09632120253164557, 0.09988132911392406, 0.1060126582278481, 0.1060126582278481, 0.10245253164556962, 0.10561708860759493, 0.09909018987341772, 0.10304588607594936, 0.09889240506329114, 0.10324367088607594, 0.10087025316455696, 0.10739715189873418, 0.10344145569620253, 0.09315664556962025, 0.10996835443037975, 0.09790348101265822, 0.1071993670886076, 0.10027689873417721, 0.08959651898734178, 0.09988132911392406, 0.10581487341772151, 0.0992879746835443, 0.09434335443037975, 0.10838607594936708, 0.09790348101265822, 0.09869462025316456], "test_accuracy": [0.1, 0.1, 0.1, 0.1, 0.1, 0.1, 0.1, 0.1, 0.1, 0.1, 0.1, 0.1, 0.1, 0.1, 0.1, 0.1, 0.1, 0.1, 0.1, 0.1, 0.1, 0.1, 0.1, 0.1, 0.1, 0.1, 0.1, 0.1, 0.1, 0.1, 0.1, 0.1, 0.1, 0.1, 0.1, 0.1, 0.1, 0.1, 0.1, 0.1, 0.1, 0.1, 0.1, 0.1, 0.1, 0.1, 0.1, 0.1, 0.1, 0.1]}