{
  "setting": "setting_24",
  "train_accuracy": [
    0.1017,
    0.1051,
    0.13532,
    0.15606,
    0.18732,
    0.2187,
    0.23552,
    0.2486,
    0.25888,
    0.26818,
    0.28714,
    0.28958,
    0.3001,
    0.30768,
    0.31184,
    0.32206,
    0.31938,
    0.32398,
    0.32696,
    0.33154,
    0.33052,
    0.33474,
    0.33536,
    0.33662,
    0.34358,
    0.34532,
    0.34746,
    0.35238,
    0.3559,
    0.3531,
    0.35656,
    0.36178,
    0.36064,
    0.3618,
    0.36366,
    0.36866,
    0.36742,
    0.36688,
    0.37198,
    0.3744,
    0.37748,
    0.37872,
    0.38136,
    0.38208,
    0.38194,
    0.38562,
    0.38736,
    0.38472,
    0.39154,
    0.39112,
    0.38938,
    0.39026,
    0.39104,
    0.39506,
    0.39544,
    0.39156,
    0.3942,
    0.39974,
    0.40404,
    0.39692,
    0.39484,
    0.39852,
    0.4008,
    0.39804,
    0.4032,
    0.40056,
    0.40338,
    0.4013,
    0.40272,
    0.4044,
    0.40246,
    0.40536,
    0.40214,
    0.40284,
    0.3992,
    0.4053,
    0.4005,
    0.40496,
    0.40572,
    0.40394,
    0.40542,
    0.40652,
    0.40846,
    0.4049,
    0.40572,
    0.40534,
    0.40176,
    0.4054,
    0.40678,
    0.40886,
    0.40684,
    0.40904,
    0.40954,
    0.40722,
    0.41096,
    0.4059,
    0.40886,
    0.40756,
    0.4077,
    0.40878
  ],
  "test_accuracy": [
    0.0999,
    0.13069999999999998,
    0.1522,
    0.17159999999999997,
    0.20859999999999998,
    0.23650000000000002,
    0.2413,
    0.2492,
    0.2712,
    0.2848,
    0.28379999999999994,
    0.3046,
    0.29480000000000006,
    0.3125,
    0.3125,
    0.315,
    0.3228000000000001,
    0.3195,
    0.3390000000000001,
    0.33099999999999996,
    0.3402,
    0.32920000000000005,
    0.3285,
    0.3447,
    0.33859999999999996,
    0.35259999999999997,
    0.3536,
    0.3543,
    0.3502,
    0.35869999999999996,
    0.35500000000000004,
    0.3553,
    0.3588,
    0.36419999999999997,
    0.36360000000000003,
    0.3651,
    0.3719,
    0.3721,
    0.36920000000000003,
    0.3716,
    0.36740000000000006,
    0.38170000000000004,
    0.38439999999999996,
    0.38300000000000006,
    0.37960000000000005,
    0.383,
    0.3761,
    0.3883,
    0.3934,
    0.3891,
    0.3907,
    0.39630000000000004,
    0.39440000000000003,
    0.3889,
    0.3917,
    0.39509999999999995,
    0.397,
    0.4013,
    0.39760000000000006,
    0.4008999999999999,
    0.402,
    0.4046,
    0.3988,
    0.40149999999999997,
    0.40190000000000003,
    0.40170000000000006,
    0.4112,
    0.4027,
    0.4093,
    0.4051,
    0.4055000000000001,
    0.4067,
    0.4063,
    0.4063,
    0.4067,
    0.4091,
    0.41100000000000003,
    0.40659999999999996,
    0.40709999999999996,
    0.41069999999999995,
    0.4083,
    0.4107,
    0.4093,
    0.41109999999999997,
    0.40869999999999995,
    0.40650000000000003,
    0.41159999999999997,
    0.4149,
    0.4170999999999999,
    0.4117,
    0.406,
    0.4105,
    0.4122,
    0.41319999999999996,
    0.4151000000000001,
    0.41669999999999996,
    0.4192,
    0.40800000000000003,
    0.4104,
    0.4123
  ]
}