{
  "setting": "setting_16",
  "train_accuracy": [
    0.1738,
    0.29852,
    0.35174,
    0.38784,
    0.41714,
    0.44744,
    0.46552,
    0.48054,
    0.49116,
    0.50186,
    0.51494,
    0.52232,
    0.5302,
    0.54046,
    0.54884,
    0.55914,
    0.57002,
    0.57944,
    0.58742,
    0.59828,
    0.60488,
    0.61224,
    0.6227,
    0.62988,
    0.6377,
    0.63768,
    0.64516,
    0.65264,
    0.6567,
    0.65866,
    0.66404,
    0.66882,
    0.671,
    0.67558,
    0.6795,
    0.67822,
    0.68314,
    0.6838,
    0.68348,
    0.68944,
    0.6925,
    0.69156,
    0.69098,
    0.6962,
    0.69362,
    0.6983,
    0.69778,
    0.70026,
    0.7029,
    0.70266,
    0.70442,
    0.70666,
    0.70118,
    0.70148,
    0.7007,
    0.70194,
    0.70342,
    0.69962,
    0.70354,
    0.70482,
    0.70516,
    0.70438,
    0.70574,
    0.70786,
    0.70732,
    0.70792,
    0.71058,
    0.70606,
    0.7055,
    0.70682,
    0.70632,
    0.70664,
    0.70656,
    0.7092,
    0.70836,
    0.70448,
    0.70812,
    0.70772,
    0.71122,
    0.70772,
    0.70962,
    0.70752,
    0.71212,
    0.71002,
    0.70774,
    0.70604,
    0.7105,
    0.70486,
    0.70854,
    0.7074,
    0.70614,
    0.71106,
    0.70722,
    0.7092,
    0.70798,
    0.70638,
    0.70712,
    0.70672,
    0.70676,
    0.71048
  ],
  "test_accuracy": [
    0.2192,
    0.29700000000000004,
    0.30419999999999997,
    0.3622,
    0.3357,
    0.3673,
    0.40919999999999995,
    0.3685,
    0.4003000000000001,
    0.4457000000000001,
    0.3857,
    0.40090000000000003,
    0.48390000000000005,
    0.45109999999999995,
    0.48440000000000005,
    0.44299999999999995,
    0.5257000000000001,
    0.5311999999999999,
    0.5192,
    0.4612,
    0.5271000000000001,
    0.4746,
    0.5136000000000001,
    0.5282,
    0.5498000000000001,
    0.5419999999999999,
    0.5532999999999999,
    0.5564,
    0.5839,
    0.5722999999999999,
    0.5862,
    0.5993999999999999,
    0.6145999999999999,
    0.6155999999999999,
    0.5981,
    0.6164,
    0.5862,
    0.6094000000000002,
    0.6247999999999999,
    0.5966,
    0.6315999999999999,
    0.6257,
    0.6428,
    0.5929,
    0.6426999999999999,
    0.6204999999999999,
    0.6455,
    0.6553,
    0.6448,
    0.6619,
    0.6596,
    0.6508,
    0.6477,
    0.6590999999999999,
    0.6512,
    0.66,
    0.6506000000000001,
    0.6665,
    0.659,
    0.6683,
    0.6714,
    0.6757000000000002,
    0.6737,
    0.6765,
    0.6612000000000001,
    0.6774,
    0.6556000000000001,
    0.6764999999999999,
    0.6791,
    0.6698999999999999,
    0.677,
    0.6821999999999999,
    0.6636,
    0.681,
    0.677,
    0.6846000000000001,
    0.6726,
    0.683,
    0.6860999999999999,
    0.6834,
    0.6859,
    0.6839999999999999,
    0.6862999999999999,
    0.6826000000000001,
    0.6826,
    0.6827,
    0.6785,
    0.6820999999999999,
    0.6880999999999999,
    0.6834,
    0.6895,
    0.6838000000000001,
    0.6852,
    0.6880999999999999,
    0.6910999999999999,
    0.6836000000000001,
    0.6906999999999999,
    0.689,
    0.6854999999999999,
    0.6878
  ]
}