{
  "setting": "setting_6",
  "train_accuracy": [
    0.17402,
    0.29866,
    0.3513,
    0.38768,
    0.41644,
    0.4469,
    0.46456,
    0.47992,
    0.49138,
    0.50062,
    0.5165,
    0.52298,
    0.53018,
    0.54104,
    0.54928,
    0.56028,
    0.5695,
    0.57856,
    0.5837,
    0.59864,
    0.60406,
    0.61002,
    0.6242,
    0.62974,
    0.63724,
    0.63788,
    0.64736,
    0.65222,
    0.6545,
    0.6597,
    0.66646,
    0.66992,
    0.67202,
    0.67614,
    0.68,
    0.67866,
    0.68278,
    0.6841,
    0.68372,
    0.68816,
    0.6914,
    0.69094,
    0.68848,
    0.69518,
    0.69208,
    0.69722,
    0.69504,
    0.69796,
    0.70228,
    0.70278,
    0.7021,
    0.70594,
    0.69892,
    0.69924,
    0.69866,
    0.70038,
    0.70154,
    0.69786,
    0.70246,
    0.70176,
    0.70234,
    0.7009,
    0.70158,
    0.70568,
    0.70426,
    0.70562,
    0.7066,
    0.70204,
    0.70354,
    0.7018,
    0.69976,
    0.70326,
    0.70346,
    0.70242,
    0.70338,
    0.70212,
    0.70478,
    0.70308,
    0.7065,
    0.70248,
    0.70626,
    0.70278,
    0.70674,
    0.7045,
    0.70408,
    0.70256,
    0.70778,
    0.70152,
    0.70446,
    0.70298,
    0.70258,
    0.70564,
    0.70248,
    0.70428,
    0.70328,
    0.70222,
    0.70302,
    0.7031,
    0.70302,
    0.70532
  ],
  "test_accuracy": [
    0.2197,
    0.2971,
    0.3016,
    0.3616,
    0.333,
    0.36740000000000006,
    0.4104,
    0.36769999999999997,
    0.39770000000000005,
    0.44719999999999993,
    0.3841,
    0.40680000000000005,
    0.4863999999999999,
    0.45330000000000004,
    0.48699999999999993,
    0.44370000000000004,
    0.5263,
    0.5321000000000001,
    0.5224,
    0.46049999999999996,
    0.5258,
    0.4867,
    0.5126999999999999,
    0.5356,
    0.5403,
    0.5439,
    0.541,
    0.5488999999999999,
    0.5871,
    0.5795999999999999,
    0.586,
    0.6018,
    0.6169,
    0.6163000000000001,
    0.5984999999999999,
    0.6195999999999999,
    0.5825,
    0.6041,
    0.6252,
    0.5953,
    0.6343,
    0.631,
    0.6459,
    0.5826,
    0.6420999999999999,
    0.6295,
    0.6437999999999999,
    0.6554,
    0.6482,
    0.6599,
    0.6557000000000001,
    0.6529,
    0.6464,
    0.6593000000000001,
    0.6497,
    0.6609999999999999,
    0.649,
    0.6634,
    0.6557000000000002,
    0.6704,
    0.6697000000000001,
    0.6718000000000001,
    0.677,
    0.6754999999999999,
    0.6623000000000001,
    0.6757,
    0.6604,
    0.6794,
    0.6792999999999999,
    0.6723000000000001,
    0.6775,
    0.6799000000000002,
    0.6683,
    0.6766000000000001,
    0.6795000000000001,
    0.6861,
    0.677,
    0.6798000000000001,
    0.6813,
    0.6797,
    0.6826000000000001,
    0.6795,
    0.6869,
    0.6845,
    0.6808,
    0.6784,
    0.6788000000000001,
    0.6833,
    0.6827,
    0.6851,
    0.6872999999999999,
    0.6792999999999999,
    0.6831,
    0.6820999999999999,
    0.6872999999999999,
    0.6847000000000001,
    0.6839999999999999,
    0.6849000000000001,
    0.6849000000000001,
    0.6888000000000001
  ]
}