{
  "setting": "setting_12",
  "train_accuracy": [
    0.12912,
    0.22346,
    0.27798,
    0.31772,
    0.33434,
    0.3503,
    0.36992,
    0.38834,
    0.40248,
    0.41674,
    0.43142,
    0.44408,
    0.4489,
    0.46568,
    0.47462,
    0.4778,
    0.48258,
    0.48782,
    0.49588,
    0.49992,
    0.50596,
    0.51096,
    0.5167,
    0.51818,
    0.5287,
    0.52938,
    0.5332,
    0.54132,
    0.54298,
    0.54588,
    0.55096,
    0.55934,
    0.56476,
    0.57228,
    0.57896,
    0.58112,
    0.5839,
    0.5911,
    0.59194,
    0.59474,
    0.60048,
    0.6076,
    0.60682,
    0.6152,
    0.6164,
    0.61856,
    0.62428,
    0.6245,
    0.62496,
    0.62346,
    0.63252,
    0.6331,
    0.62956,
    0.63456,
    0.63552,
    0.63424,
    0.64086,
    0.64048,
    0.64434,
    0.64422,
    0.64386,
    0.64292,
    0.64582,
    0.64804,
    0.64766,
    0.6458,
    0.6482,
    0.6493,
    0.65084,
    0.65084,
    0.64618,
    0.6521,
    0.65406,
    0.65368,
    0.65546,
    0.65222,
    0.65076,
    0.65694,
    0.65534,
    0.65582,
    0.6558,
    0.65786,
    0.65562,
    0.65872,
    0.65716,
    0.661,
    0.65374,
    0.65614,
    0.65932,
    0.65688,
    0.65954,
    0.66162,
    0.66118,
    0.6589,
    0.6551,
    0.65436,
    0.66182,
    0.65884,
    0.65852,
    0.65826
  ],
  "test_accuracy": [
    0.1638,
    0.2373,
    0.2833,
    0.314,
    0.32399999999999995,
    0.3424,
    0.3551,
    0.3827,
    0.35840000000000005,
    0.39730000000000004,
    0.4114,
    0.4154,
    0.42679999999999996,
    0.43339999999999995,
    0.45,
    0.4391999999999999,
    0.44909999999999994,
    0.46040000000000003,
    0.46109999999999995,
    0.4721,
    0.4857,
    0.4768,
    0.4768,
    0.4967,
    0.49980000000000013,
    0.46849999999999997,
    0.4849,
    0.5163,
    0.5184000000000001,
    0.5218999999999999,
    0.5232,
    0.5328999999999999,
    0.5382,
    0.5413,
    0.5405,
    0.5475,
    0.5564,
    0.5576000000000001,
    0.5525,
    0.5664,
    0.5615,
    0.5603,
    0.5771999999999999,
    0.5843,
    0.5811,
    0.5817,
    0.576,
    0.5845,
    0.5734,
    0.5898999999999999,
    0.5906999999999999,
    0.6018000000000001,
    0.5846000000000001,
    0.6079,
    0.5952999999999999,
    0.5999,
    0.6035000000000001,
    0.6054,
    0.6119,
    0.6099,
    0.6087999999999999,
    0.6172000000000001,
    0.6159999999999999,
    0.6197,
    0.621,
    0.6218000000000001,
    0.6211,
    0.6188,
    0.6242,
    0.6172,
    0.6202000000000001,
    0.6275000000000001,
    0.6234999999999999,
    0.625,
    0.6252,
    0.6302,
    0.6298,
    0.6302999999999999,
    0.6331,
    0.6371,
    0.633,
    0.6332,
    0.6362,
    0.6340999999999999,
    0.6413,
    0.6319,
    0.6368,
    0.6332,
    0.6338999999999999,
    0.6407999999999999,
    0.6473000000000001,
    0.6403,
    0.6411,
    0.6397,
    0.6375,
    0.6441000000000001,
    0.6401000000000001,
    0.6422000000000001,
    0.6434,
    0.648
  ]
}