{
  "setting": "setting_25",
  "train_accuracy": [
    0.10174,
    0.09848,
    0.11928,
    0.12022,
    0.12944,
    0.1368,
    0.15088,
    0.1623,
    0.176,
    0.19144,
    0.20534,
    0.22764,
    0.22842,
    0.23574,
    0.2423,
    0.25338,
    0.25868,
    0.26524,
    0.2694,
    0.26882,
    0.27606,
    0.28164,
    0.28476,
    0.28738,
    0.29514,
    0.29452,
    0.29532,
    0.30192,
    0.3041,
    0.30844,
    0.3103,
    0.30972,
    0.31812,
    0.32164,
    0.31758,
    0.3189,
    0.32118,
    0.32454,
    0.32628,
    0.32634,
    0.32382,
    0.32648,
    0.33044,
    0.32474,
    0.33354,
    0.33094,
    0.33156,
    0.3355,
    0.3344,
    0.33412,
    0.33506,
    0.33408,
    0.3352,
    0.33804,
    0.34046,
    0.3349,
    0.33984,
    0.3415,
    0.34022,
    0.33728,
    0.336,
    0.34304,
    0.33868,
    0.34352,
    0.34054,
    0.34504,
    0.3415,
    0.34438,
    0.34398,
    0.34092,
    0.33932,
    0.34184,
    0.34018,
    0.34588,
    0.346,
    0.34082,
    0.34864,
    0.34472,
    0.34406,
    0.3432,
    0.34614,
    0.34682,
    0.34456,
    0.35108,
    0.34664,
    0.34028,
    0.34724,
    0.34578,
    0.34528,
    0.34722,
    0.34708,
    0.34892,
    0.34626,
    0.34734,
    0.34904,
    0.35138,
    0.34916,
    0.34988,
    0.34786,
    0.34844
  ],
  "test_accuracy": [
    0.0998,
    0.1081,
    0.1199,
    0.12149999999999998,
    0.1331,
    0.14579999999999999,
    0.15089999999999998,
    0.1725,
    0.1877,
    0.2023,
    0.22430000000000003,
    0.23020000000000002,
    0.2432,
    0.24019999999999997,
    0.2587,
    0.26539999999999997,
    0.2697,
    0.2653,
    0.26539999999999997,
    0.27159999999999995,
    0.28090000000000004,
    0.2891,
    0.2965,
    0.2975,
    0.3001,
    0.3033,
    0.3045,
    0.3146,
    0.3095,
    0.3131,
    0.32439999999999997,
    0.32139999999999996,
    0.31829999999999997,
    0.3276,
    0.3169,
    0.32920000000000005,
    0.3234,
    0.32649999999999996,
    0.3291,
    0.3278,
    0.33120000000000005,
    0.33280000000000004,
    0.33540000000000003,
    0.3339,
    0.33940000000000003,
    0.3379,
    0.3362,
    0.3412,
    0.3407,
    0.3367,
    0.3395,
    0.3379,
    0.3444,
    0.3444,
    0.3466,
    0.3433,
    0.3453,
    0.3442,
    0.3464,
    0.3467,
    0.35350000000000004,
    0.3504,
    0.3494,
    0.3473,
    0.34879999999999994,
    0.3465,
    0.35069999999999996,
    0.34629999999999994,
    0.3515,
    0.3474,
    0.35109999999999997,
    0.3505,
    0.35069999999999996,
    0.35150000000000003,
    0.3524,
    0.35229999999999995,
    0.3532,
    0.352,
    0.35729999999999995,
    0.3567,
    0.348,
    0.35350000000000004,
    0.35209999999999997,
    0.3523,
    0.35409999999999997,
    0.3543,
    0.3559,
    0.35609999999999997,
    0.3563,
    0.3519,
    0.3503,
    0.35309999999999997,
    0.3584,
    0.3585,
    0.35609999999999997,
    0.3557,
    0.35760000000000003,
    0.3539,
    0.3529,
    0.3557
  ]
}