{
  "setting": "setting_27",
  "train_accuracy": [
    0.11948,
    0.23156,
    0.29184,
    0.3219,
    0.3461,
    0.37316,
    0.39178,
    0.41544,
    0.43342,
    0.4477,
    0.4595,
    0.47266,
    0.47934,
    0.48654,
    0.49388,
    0.5034,
    0.50988,
    0.5173,
    0.5246,
    0.5284,
    0.5384,
    0.5429,
    0.54954,
    0.54896,
    0.55652,
    0.55886,
    0.56434,
    0.56972,
    0.5699,
    0.57566,
    0.57856,
    0.58056,
    0.58728,
    0.58852,
    0.58958,
    0.59238,
    0.59774,
    0.59792,
    0.59864,
    0.601,
    0.60366,
    0.60656,
    0.60846,
    0.60706,
    0.61084,
    0.61252,
    0.61476,
    0.6177,
    0.61854,
    0.62026,
    0.619,
    0.61922,
    0.62498,
    0.62414,
    0.6194,
    0.62186,
    0.62674,
    0.62396,
    0.63032,
    0.62662,
    0.6308,
    0.628,
    0.63088,
    0.6353,
    0.63504,
    0.63156,
    0.63406,
    0.6354,
    0.63632,
    0.6397,
    0.63684,
    0.63542,
    0.63096,
    0.6373,
    0.63752,
    0.63852,
    0.6349,
    0.6355,
    0.63564,
    0.64062,
    0.63734,
    0.63622,
    0.64066,
    0.63874,
    0.63874,
    0.63806,
    0.63858,
    0.63614,
    0.63926,
    0.63968,
    0.63642,
    0.64366,
    0.64108,
    0.63572,
    0.64016,
    0.64026,
    0.64054,
    0.63766,
    0.6407,
    0.64036
  ],
  "test_accuracy": [
    0.1755,
    0.23479999999999998,
    0.2863,
    0.3297,
    0.3462,
    0.35890000000000005,
    0.3785,
    0.37320000000000003,
    0.4114999999999999,
    0.4091,
    0.4288,
    0.4525,
    0.4399,
    0.44530000000000003,
    0.43970000000000004,
    0.46610000000000007,
    0.4622,
    0.4885,
    0.48729999999999996,
    0.49539999999999995,
    0.4986,
    0.4951,
    0.5011,
    0.5254,
    0.5069999999999999,
    0.5333,
    0.5208,
    0.5314000000000001,
    0.5168000000000001,
    0.5499,
    0.5277000000000001,
    0.5481,
    0.5573,
    0.5444000000000001,
    0.5537000000000001,
    0.5601,
    0.5553999999999999,
    0.5570999999999999,
    0.5680999999999999,
    0.5647,
    0.5803999999999999,
    0.5643,
    0.5782,
    0.5811,
    0.5831999999999999,
    0.5826,
    0.587,
    0.5814,
    0.5807,
    0.5919,
    0.5965,
    0.5981,
    0.5924,
    0.6016999999999999,
    0.6013,
    0.6076,
    0.6018,
    0.6058999999999999,
    0.6098999999999999,
    0.6109,
    0.6000000000000001,
    0.6045,
    0.6127999999999999,
    0.6051,
    0.6087,
    0.6096999999999999,
    0.6116,
    0.6134999999999999,
    0.6163000000000001,
    0.6024999999999999,
    0.6132,
    0.6105,
    0.6246,
    0.6157999999999999,
    0.6117999999999999,
    0.614,
    0.6179,
    0.6162000000000001,
    0.6171,
    0.6219,
    0.6205,
    0.6247999999999999,
    0.6193000000000001,
    0.6257,
    0.623,
    0.6189,
    0.6253,
    0.628,
    0.6302000000000001,
    0.6214000000000001,
    0.623,
    0.6258000000000001,
    0.6237000000000001,
    0.6260999999999999,
    0.6272,
    0.625,
    0.6279,
    0.6272,
    0.6275000000000001,
    0.6321999999999999
  ]
}