{
  "setting": "setting_3",
  "train_accuracy": [
    0.1053,
    0.13874,
    0.20342,
    0.24064,
    0.26838,
    0.28994,
    0.3086,
    0.3194,
    0.32564,
    0.33012,
    0.34312,
    0.35124,
    0.3608,
    0.36406,
    0.37286,
    0.37894,
    0.3846,
    0.39458,
    0.40458,
    0.40482,
    0.40788,
    0.41526,
    0.41948,
    0.42028,
    0.42858,
    0.42794,
    0.43716,
    0.43604,
    0.44164,
    0.44206,
    0.44728,
    0.45234,
    0.45126,
    0.45526,
    0.45486,
    0.45844,
    0.45608,
    0.4598,
    0.46032,
    0.4619,
    0.46522,
    0.46688,
    0.46728,
    0.47034,
    0.47358,
    0.47032,
    0.46884,
    0.4717,
    0.47388,
    0.47224,
    0.47636,
    0.47548,
    0.4765,
    0.47916,
    0.47694,
    0.47996,
    0.48222,
    0.48122,
    0.48056,
    0.48074,
    0.48332,
    0.47876,
    0.48178,
    0.4814,
    0.48118,
    0.48612,
    0.48172,
    0.48328,
    0.48406,
    0.48498,
    0.48458,
    0.48564,
    0.48342,
    0.48502,
    0.48374,
    0.48608,
    0.48974,
    0.48666,
    0.48518,
    0.48646,
    0.48326,
    0.4878,
    0.48398,
    0.48546,
    0.48538,
    0.48514,
    0.4856,
    0.4874,
    0.48654,
    0.47988,
    0.48732,
    0.4892,
    0.49,
    0.48892,
    0.48732,
    0.49004,
    0.48678,
    0.49152,
    0.48456,
    0.48676
  ],
  "test_accuracy": [
    0.1091,
    0.1679,
    0.21279999999999996,
    0.2563,
    0.26559999999999995,
    0.26389999999999997,
    0.2821,
    0.3206,
    0.3208,
    0.3298,
    0.29629999999999995,
    0.3305,
    0.3459,
    0.3503,
    0.33070000000000005,
    0.3811,
    0.35819999999999996,
    0.3681,
    0.3787,
    0.38499999999999995,
    0.36480000000000007,
    0.3539,
    0.40140000000000003,
    0.4074,
    0.4093,
    0.42539999999999994,
    0.4234,
    0.3853,
    0.4178,
    0.42810000000000004,
    0.43549999999999994,
    0.4263,
    0.44209999999999994,
    0.43710000000000004,
    0.43739999999999996,
    0.4423,
    0.44889999999999997,
    0.44210000000000005,
    0.45310000000000006,
    0.45569999999999994,
    0.4492,
    0.45409999999999995,
    0.45489999999999997,
    0.46419999999999995,
    0.45780000000000004,
    0.46820000000000006,
    0.45990000000000003,
    0.45550000000000007,
    0.46279999999999993,
    0.4716,
    0.46499999999999997,
    0.46020000000000005,
    0.4707,
    0.4747,
    0.4686,
    0.4713,
    0.473,
    0.47700000000000004,
    0.4704,
    0.47990000000000005,
    0.4782,
    0.47739999999999994,
    0.4758,
    0.4829,
    0.4856,
    0.477,
    0.484,
    0.4838,
    0.484,
    0.48250000000000004,
    0.48979999999999996,
    0.4827,
    0.48230000000000006,
    0.48929999999999996,
    0.4827,
    0.4878,
    0.48469999999999996,
    0.488,
    0.48729999999999996,
    0.4901,
    0.48600000000000004,
    0.4902,
    0.4909,
    0.49190000000000006,
    0.4896999999999999,
    0.48660000000000003,
    0.48769999999999997,
    0.48740000000000006,
    0.4854,
    0.4891,
    0.49450000000000005,
    0.4888,
    0.4918,
    0.4899,
    0.48440000000000005,
    0.4908,
    0.4901999999999999,
    0.49029999999999996,
    0.4925,
    0.4868
  ]
}