{
  "setting": "setting_9",
  "train_accuracy": [
    0.10176,
    0.10332,
    0.13364,
    0.15508,
    0.1864,
    0.21792,
    0.2347,
    0.24666,
    0.25888,
    0.26788,
    0.2862,
    0.28958,
    0.29864,
    0.30738,
    0.31132,
    0.32222,
    0.31926,
    0.32292,
    0.32676,
    0.33174,
    0.33078,
    0.33544,
    0.33532,
    0.33682,
    0.34356,
    0.34568,
    0.34798,
    0.35252,
    0.35618,
    0.3529,
    0.3555,
    0.36164,
    0.36038,
    0.36196,
    0.36374,
    0.36716,
    0.36704,
    0.36784,
    0.3713,
    0.37444,
    0.37822,
    0.37944,
    0.38172,
    0.38256,
    0.38236,
    0.38598,
    0.38888,
    0.38582,
    0.39252,
    0.39098,
    0.39072,
    0.39126,
    0.3925,
    0.39694,
    0.3979,
    0.3943,
    0.39706,
    0.40134,
    0.40602,
    0.39956,
    0.39726,
    0.40014,
    0.40318,
    0.39978,
    0.4048,
    0.40202,
    0.40538,
    0.40436,
    0.40554,
    0.40754,
    0.4052,
    0.40718,
    0.40574,
    0.40642,
    0.40232,
    0.40948,
    0.40508,
    0.40916,
    0.4081,
    0.40768,
    0.4093,
    0.40944,
    0.41162,
    0.40842,
    0.40932,
    0.40832,
    0.40604,
    0.40888,
    0.41026,
    0.41286,
    0.41084,
    0.41288,
    0.4136,
    0.41172,
    0.41512,
    0.40966,
    0.41374,
    0.41186,
    0.41142,
    0.41248
  ],
  "test_accuracy": [
    0.0999,
    0.128,
    0.1502,
    0.1719,
    0.20820000000000002,
    0.2386,
    0.23959999999999998,
    0.2486,
    0.26890000000000003,
    0.28409999999999996,
    0.2831,
    0.3055,
    0.2951,
    0.31179999999999997,
    0.3101,
    0.3157,
    0.3231,
    0.31939999999999996,
    0.3377,
    0.3307,
    0.3399,
    0.3301,
    0.32939999999999997,
    0.34509999999999996,
    0.34,
    0.35100000000000003,
    0.3519,
    0.35279999999999995,
    0.35119999999999996,
    0.3593,
    0.35589999999999994,
    0.35679999999999995,
    0.35760000000000003,
    0.36469999999999997,
    0.3647,
    0.3655,
    0.3718,
    0.37270000000000003,
    0.3678,
    0.3722,
    0.36900000000000005,
    0.38280000000000003,
    0.38539999999999996,
    0.38500000000000006,
    0.3794,
    0.3806,
    0.3773,
    0.3877,
    0.3933,
    0.39,
    0.3933000000000001,
    0.396,
    0.3962,
    0.38949999999999996,
    0.3899,
    0.39570000000000005,
    0.39749999999999996,
    0.4042,
    0.39949999999999997,
    0.40440000000000004,
    0.40309999999999996,
    0.40770000000000006,
    0.40169999999999995,
    0.4022,
    0.40280000000000005,
    0.404,
    0.41340000000000005,
    0.4064,
    0.41109999999999997,
    0.4048,
    0.40750000000000003,
    0.40970000000000006,
    0.40939999999999993,
    0.4111000000000001,
    0.409,
    0.41500000000000004,
    0.4165,
    0.4095000000000001,
    0.4119,
    0.41339999999999993,
    0.4124,
    0.41769999999999996,
    0.41209999999999997,
    0.4152,
    0.41459999999999997,
    0.40940000000000004,
    0.41689999999999994,
    0.4171,
    0.42299999999999993,
    0.417,
    0.40870000000000006,
    0.4141,
    0.4152,
    0.41770000000000007,
    0.42029999999999995,
    0.42139999999999994,
    0.4206,
    0.41200000000000003,
    0.41459999999999997,
    0.4145
  ]
}