{
  "setting": "setting_23",
  "train_accuracy": [
    0.1101,
    0.14256,
    0.20602,
    0.24284,
    0.27004,
    0.29142,
    0.30964,
    0.31864,
    0.3249,
    0.3306,
    0.34264,
    0.35088,
    0.3592,
    0.36244,
    0.3712,
    0.37706,
    0.38214,
    0.391,
    0.40248,
    0.40214,
    0.404,
    0.41296,
    0.41702,
    0.41606,
    0.4257,
    0.42492,
    0.43418,
    0.43306,
    0.43612,
    0.4392,
    0.44336,
    0.4468,
    0.44692,
    0.45068,
    0.45118,
    0.45402,
    0.45124,
    0.45528,
    0.45696,
    0.45696,
    0.4603,
    0.46118,
    0.46238,
    0.46412,
    0.46746,
    0.46304,
    0.46368,
    0.4643,
    0.46738,
    0.46516,
    0.46862,
    0.46784,
    0.46908,
    0.47158,
    0.46886,
    0.47248,
    0.47474,
    0.47214,
    0.4722,
    0.47268,
    0.47344,
    0.47118,
    0.47186,
    0.47376,
    0.47154,
    0.47732,
    0.4739,
    0.47274,
    0.47496,
    0.474,
    0.47554,
    0.47718,
    0.47326,
    0.47534,
    0.47536,
    0.4761,
    0.48094,
    0.4797,
    0.47624,
    0.47792,
    0.47486,
    0.47856,
    0.47406,
    0.47536,
    0.4755,
    0.47588,
    0.47592,
    0.47758,
    0.4765,
    0.47086,
    0.4763,
    0.47852,
    0.48082,
    0.47612,
    0.47804,
    0.47868,
    0.47752,
    0.48108,
    0.4746,
    0.47656
  ],
  "test_accuracy": [
    0.1162,
    0.1691,
    0.21390000000000003,
    0.2613,
    0.26620000000000005,
    0.2655,
    0.28500000000000003,
    0.3229,
    0.32120000000000004,
    0.32980000000000004,
    0.30000000000000004,
    0.3293,
    0.342,
    0.34930000000000005,
    0.3305,
    0.3795,
    0.3585,
    0.3696,
    0.37849999999999995,
    0.3797,
    0.3619,
    0.35429999999999995,
    0.394,
    0.40099999999999997,
    0.40700000000000003,
    0.42300000000000004,
    0.4202,
    0.3816,
    0.4122,
    0.4255,
    0.4333,
    0.4253,
    0.4385,
    0.4359,
    0.437,
    0.44079999999999997,
    0.44480000000000003,
    0.4426,
    0.44989999999999997,
    0.4505,
    0.44639999999999996,
    0.449,
    0.4474,
    0.46099999999999997,
    0.4526,
    0.46370000000000006,
    0.45830000000000004,
    0.4545,
    0.4615,
    0.46740000000000004,
    0.45940000000000003,
    0.45730000000000004,
    0.4645,
    0.4708,
    0.4628000000000001,
    0.4628,
    0.4664999999999999,
    0.4711,
    0.46469999999999995,
    0.4734999999999999,
    0.47430000000000005,
    0.4699000000000001,
    0.4713,
    0.47669999999999996,
    0.4766,
    0.4721000000000001,
    0.47969999999999996,
    0.47750000000000004,
    0.4748,
    0.47520000000000007,
    0.48250000000000004,
    0.47589999999999993,
    0.4744,
    0.4838,
    0.47719999999999996,
    0.47800000000000004,
    0.4769,
    0.47840000000000005,
    0.4786,
    0.47829999999999995,
    0.47619999999999996,
    0.47939999999999994,
    0.4808,
    0.48419999999999996,
    0.4801,
    0.47859999999999997,
    0.48069999999999996,
    0.48069999999999996,
    0.4761,
    0.47970000000000007,
    0.4822,
    0.4821,
    0.4812,
    0.48129999999999995,
    0.48080000000000006,
    0.48229999999999995,
    0.48100000000000004,
    0.4782,
    0.4861,
    0.477
  ]
}