{
  "setting": "setting_20",
  "train_accuracy": [
    0.10168,
    0.09816,
    0.11924,
    0.12006,
    0.13014,
    0.13606,
    0.15058,
    0.16214,
    0.1754,
    0.19228,
    0.20554,
    0.22776,
    0.22882,
    0.23598,
    0.24282,
    0.25316,
    0.25882,
    0.26522,
    0.26942,
    0.26952,
    0.2762,
    0.284,
    0.28514,
    0.28738,
    0.29748,
    0.29428,
    0.29414,
    0.3018,
    0.30126,
    0.30684,
    0.30726,
    0.30732,
    0.3134,
    0.31734,
    0.31396,
    0.31396,
    0.31754,
    0.32062,
    0.32312,
    0.32052,
    0.3189,
    0.31986,
    0.32522,
    0.32138,
    0.32764,
    0.3247,
    0.32372,
    0.32686,
    0.32654,
    0.3269,
    0.32752,
    0.32562,
    0.32606,
    0.32922,
    0.3324,
    0.32588,
    0.33162,
    0.33226,
    0.33148,
    0.32868,
    0.32756,
    0.33182,
    0.32732,
    0.33388,
    0.33108,
    0.33516,
    0.33164,
    0.33424,
    0.33288,
    0.33046,
    0.32824,
    0.33152,
    0.3311,
    0.3357,
    0.33422,
    0.33086,
    0.33742,
    0.33506,
    0.33286,
    0.33322,
    0.33406,
    0.33494,
    0.334,
    0.33904,
    0.33558,
    0.3303,
    0.33674,
    0.3339,
    0.33504,
    0.33678,
    0.33478,
    0.3379,
    0.33668,
    0.33664,
    0.33826,
    0.33856,
    0.33724,
    0.33756,
    0.33616,
    0.33646
  ],
  "test_accuracy": [
    0.0999,
    0.10729999999999999,
    0.12029999999999999,
    0.12179999999999999,
    0.1326,
    0.1453,
    0.1504,
    0.1727,
    0.18789999999999998,
    0.20329999999999998,
    0.2243,
    0.2298,
    0.24370000000000003,
    0.2403,
    0.2592,
    0.26370000000000005,
    0.2692,
    0.26530000000000004,
    0.26450000000000007,
    0.27190000000000003,
    0.2827,
    0.28480000000000005,
    0.2954,
    0.2952,
    0.29869999999999997,
    0.3025,
    0.3101,
    0.3123,
    0.3081,
    0.3125,
    0.322,
    0.3197,
    0.3137,
    0.32230000000000003,
    0.31899999999999995,
    0.3255,
    0.324,
    0.3228,
    0.3261,
    0.32600000000000007,
    0.3266,
    0.3297,
    0.3296,
    0.3298,
    0.33240000000000003,
    0.332,
    0.33009999999999995,
    0.3336,
    0.3346,
    0.32959999999999995,
    0.3358,
    0.3304000000000001,
    0.33740000000000003,
    0.33940000000000003,
    0.335,
    0.33110000000000006,
    0.3398,
    0.33629999999999993,
    0.3383,
    0.339,
    0.34340000000000004,
    0.3385,
    0.33770000000000006,
    0.3403,
    0.3415,
    0.3357,
    0.33999999999999997,
    0.3387,
    0.3396,
    0.3393,
    0.3415,
    0.3424,
    0.3383,
    0.34400000000000003,
    0.34140000000000004,
    0.34400000000000003,
    0.3415,
    0.3419,
    0.3443,
    0.34429999999999994,
    0.3396,
    0.34259999999999996,
    0.3459,
    0.3421,
    0.34500000000000003,
    0.3472,
    0.3453,
    0.34689999999999993,
    0.34629999999999994,
    0.3437,
    0.3451,
    0.34359999999999996,
    0.34790000000000004,
    0.3468,
    0.3457,
    0.34489999999999993,
    0.3465,
    0.34400000000000003,
    0.3415,
    0.3443
  ]
}