{
  "setting": "setting_15",
  "train_accuracy": [
    0.10168,
    0.09818,
    0.1192,
    0.12006,
    0.1301,
    0.13606,
    0.15058,
    0.16212,
    0.17542,
    0.19228,
    0.2056,
    0.22782,
    0.22878,
    0.2359,
    0.24288,
    0.2531,
    0.25874,
    0.26504,
    0.26936,
    0.26948,
    0.27616,
    0.28396,
    0.28518,
    0.28732,
    0.29752,
    0.29426,
    0.29414,
    0.3018,
    0.30118,
    0.30682,
    0.30728,
    0.30734,
    0.31346,
    0.3175,
    0.31392,
    0.314,
    0.31748,
    0.3206,
    0.32308,
    0.32058,
    0.31968,
    0.3201,
    0.32532,
    0.32086,
    0.32776,
    0.32456,
    0.3243,
    0.32748,
    0.3268,
    0.32786,
    0.3282,
    0.32648,
    0.32716,
    0.3303,
    0.33336,
    0.32612,
    0.33236,
    0.33306,
    0.3321,
    0.33012,
    0.32896,
    0.33312,
    0.32866,
    0.33562,
    0.33224,
    0.33724,
    0.33372,
    0.33592,
    0.33474,
    0.33232,
    0.32976,
    0.33322,
    0.3329,
    0.33756,
    0.33674,
    0.333,
    0.34006,
    0.337,
    0.3352,
    0.33588,
    0.3366,
    0.3378,
    0.3363,
    0.34178,
    0.33834,
    0.33296,
    0.33944,
    0.33708,
    0.33792,
    0.34,
    0.33886,
    0.34112,
    0.34018,
    0.34008,
    0.34164,
    0.34266,
    0.34122,
    0.34064,
    0.3395,
    0.3406
  ],
  "test_accuracy": [
    0.0999,
    0.10729999999999999,
    0.1202,
    0.12189999999999998,
    0.1326,
    0.1453,
    0.1504,
    0.1727,
    0.1878,
    0.203,
    0.2242,
    0.2299,
    0.24370000000000003,
    0.24,
    0.25880000000000003,
    0.26380000000000003,
    0.2693,
    0.2652,
    0.26470000000000005,
    0.27190000000000003,
    0.28259999999999996,
    0.28490000000000004,
    0.2956,
    0.2952,
    0.29869999999999997,
    0.30260000000000004,
    0.31010000000000004,
    0.31260000000000004,
    0.308,
    0.3124,
    0.32199999999999995,
    0.3195,
    0.31339999999999996,
    0.32220000000000004,
    0.3189,
    0.3255,
    0.32380000000000003,
    0.3228,
    0.326,
    0.32610000000000006,
    0.32530000000000003,
    0.3296,
    0.32989999999999997,
    0.33060000000000006,
    0.333,
    0.3325,
    0.33039999999999997,
    0.33449999999999996,
    0.3353,
    0.3303999999999999,
    0.3358,
    0.3298,
    0.3383999999999999,
    0.3394,
    0.3364,
    0.3317,
    0.34040000000000004,
    0.3368,
    0.3388000000000001,
    0.3403,
    0.3446,
    0.3397,
    0.34080000000000005,
    0.3417,
    0.34249999999999997,
    0.3382,
    0.34199999999999997,
    0.3405,
    0.3419,
    0.3409,
    0.3416,
    0.344,
    0.34099999999999997,
    0.34609999999999996,
    0.34330000000000005,
    0.34700000000000003,
    0.34299999999999997,
    0.34409999999999996,
    0.3461,
    0.3472,
    0.3407,
    0.3456,
    0.34609999999999996,
    0.34629999999999994,
    0.3471,
    0.3494,
    0.34750000000000003,
    0.3484,
    0.34859999999999997,
    0.3459,
    0.3459,
    0.3455,
    0.3486,
    0.34909999999999997,
    0.347,
    0.34680000000000005,
    0.3503,
    0.3474,
    0.346,
    0.34750000000000003
  ]
}