{
  "setting": "setting_4",
  "train_accuracy": [
    0.10174,
    0.10358,
    0.13386,
    0.15522,
    0.1864,
    0.21822,
    0.23452,
    0.24688,
    0.25896,
    0.26816,
    0.28636,
    0.28952,
    0.29902,
    0.30764,
    0.31118,
    0.32232,
    0.31924,
    0.32338,
    0.3266,
    0.3317,
    0.33054,
    0.33542,
    0.3353,
    0.33662,
    0.34356,
    0.3453,
    0.34754,
    0.35226,
    0.35632,
    0.35256,
    0.35546,
    0.36128,
    0.36028,
    0.36148,
    0.3631,
    0.36748,
    0.36714,
    0.36756,
    0.37138,
    0.37426,
    0.37816,
    0.37896,
    0.38128,
    0.38244,
    0.3827,
    0.38602,
    0.38858,
    0.38594,
    0.39254,
    0.39102,
    0.39058,
    0.39128,
    0.39272,
    0.39664,
    0.39802,
    0.3939,
    0.39662,
    0.4007,
    0.40534,
    0.39922,
    0.39706,
    0.40012,
    0.40252,
    0.39952,
    0.4036,
    0.40118,
    0.40422,
    0.4026,
    0.40352,
    0.4046,
    0.40328,
    0.40626,
    0.40296,
    0.4041,
    0.3996,
    0.40648,
    0.40148,
    0.4068,
    0.40586,
    0.40446,
    0.40558,
    0.40608,
    0.40862,
    0.40488,
    0.4054,
    0.4045,
    0.40186,
    0.40568,
    0.40618,
    0.40862,
    0.40588,
    0.40868,
    0.40854,
    0.40696,
    0.41048,
    0.40568,
    0.40824,
    0.40682,
    0.4058,
    0.4082
  ],
  "test_accuracy": [
    0.0999,
    0.128,
    0.15050000000000002,
    0.17179999999999998,
    0.20820000000000002,
    0.2383,
    0.23959999999999998,
    0.24820000000000003,
    0.2692,
    0.28390000000000004,
    0.28369999999999995,
    0.3053,
    0.2948,
    0.3122,
    0.3096,
    0.315,
    0.3232,
    0.3196,
    0.3376,
    0.3306,
    0.33999999999999997,
    0.32989999999999997,
    0.3296,
    0.34409999999999996,
    0.3398,
    0.3514,
    0.3518,
    0.3533,
    0.35159999999999997,
    0.3591,
    0.35500000000000004,
    0.35619999999999996,
    0.3578,
    0.36489999999999995,
    0.3652,
    0.3658,
    0.37220000000000003,
    0.37320000000000003,
    0.3682,
    0.3715,
    0.3696,
    0.38260000000000005,
    0.38580000000000003,
    0.3849,
    0.3793,
    0.3809,
    0.3769,
    0.3882,
    0.39289999999999997,
    0.38970000000000005,
    0.39370000000000005,
    0.3962,
    0.3971,
    0.3896,
    0.3895,
    0.39560000000000006,
    0.3975,
    0.4041,
    0.40040000000000003,
    0.40359999999999996,
    0.40329999999999994,
    0.4067,
    0.4022,
    0.4018,
    0.40459999999999996,
    0.4043,
    0.4138,
    0.404,
    0.4114,
    0.40729999999999994,
    0.4072,
    0.40809999999999996,
    0.4079,
    0.40920000000000006,
    0.40809999999999996,
    0.41109999999999997,
    0.4154,
    0.40940000000000004,
    0.40750000000000003,
    0.4109,
    0.4090999999999999,
    0.4141,
    0.40940000000000004,
    0.41079999999999994,
    0.4098,
    0.4056,
    0.41390000000000005,
    0.4143,
    0.4191,
    0.41290000000000004,
    0.4041,
    0.41100000000000003,
    0.41200000000000003,
    0.41180000000000005,
    0.41459999999999997,
    0.4178,
    0.4181,
    0.4088,
    0.4107,
    0.4104
  ]
}