{
  "setting": "setting_14",
  "train_accuracy": [
    0.10174,
    0.10314,
    0.13314,
    0.15494,
    0.18662,
    0.21782,
    0.23476,
    0.24668,
    0.2589,
    0.26792,
    0.2861,
    0.28966,
    0.29848,
    0.30712,
    0.31144,
    0.3223,
    0.31922,
    0.3229,
    0.3266,
    0.33202,
    0.33096,
    0.33552,
    0.33562,
    0.33732,
    0.34396,
    0.34624,
    0.34856,
    0.35314,
    0.35754,
    0.35414,
    0.357,
    0.36378,
    0.363,
    0.36432,
    0.36648,
    0.36946,
    0.3694,
    0.36938,
    0.37396,
    0.37564,
    0.38046,
    0.38126,
    0.38226,
    0.3833,
    0.3829,
    0.38688,
    0.38926,
    0.3865,
    0.39366,
    0.39188,
    0.39132,
    0.39168,
    0.39316,
    0.39726,
    0.39792,
    0.39418,
    0.3975,
    0.40092,
    0.406,
    0.39972,
    0.39682,
    0.3997,
    0.40274,
    0.39952,
    0.4043,
    0.402,
    0.40452,
    0.4035,
    0.40446,
    0.40552,
    0.4041,
    0.40664,
    0.4036,
    0.40486,
    0.40096,
    0.40778,
    0.40296,
    0.40732,
    0.4072,
    0.4058,
    0.4074,
    0.40716,
    0.41002,
    0.40644,
    0.40702,
    0.406,
    0.40372,
    0.40734,
    0.40842,
    0.4106,
    0.40852,
    0.41066,
    0.41066,
    0.40836,
    0.41284,
    0.4078,
    0.41068,
    0.40904,
    0.408,
    0.41002
  ],
  "test_accuracy": [
    0.0999,
    0.12769999999999998,
    0.14989999999999998,
    0.1717,
    0.20800000000000002,
    0.23810000000000003,
    0.2399,
    0.24829999999999997,
    0.2686,
    0.28430000000000005,
    0.2833000000000001,
    0.3053,
    0.2947,
    0.31199999999999994,
    0.3099,
    0.3154,
    0.32289999999999996,
    0.31939999999999996,
    0.3378,
    0.33009999999999995,
    0.34030000000000005,
    0.3294,
    0.3296,
    0.3457,
    0.34009999999999996,
    0.35229999999999995,
    0.3539,
    0.355,
    0.34859999999999997,
    0.36100000000000004,
    0.35750000000000004,
    0.35750000000000004,
    0.36,
    0.36819999999999997,
    0.36639999999999995,
    0.3669,
    0.3733000000000001,
    0.375,
    0.3686999999999999,
    0.3736,
    0.3699,
    0.38360000000000005,
    0.3848,
    0.38550000000000006,
    0.3807,
    0.38130000000000003,
    0.3784,
    0.38770000000000004,
    0.3931,
    0.3905,
    0.3947,
    0.39770000000000005,
    0.3971,
    0.39080000000000004,
    0.39180000000000004,
    0.396,
    0.3975,
    0.4044,
    0.40059999999999996,
    0.40449999999999997,
    0.4043,
    0.40730000000000005,
    0.40309999999999996,
    0.40310000000000007,
    0.40309999999999996,
    0.4058,
    0.41340000000000005,
    0.40409999999999996,
    0.4116999999999999,
    0.40599999999999997,
    0.40800000000000003,
    0.4077,
    0.4093,
    0.41019999999999995,
    0.4086,
    0.41079999999999994,
    0.4162,
    0.4095,
    0.40970000000000006,
    0.41100000000000003,
    0.41000000000000003,
    0.4159,
    0.4090999999999999,
    0.4131,
    0.41100000000000003,
    0.4079,
    0.4149999999999999,
    0.4163,
    0.42189999999999994,
    0.4143,
    0.4077,
    0.41209999999999997,
    0.41450000000000004,
    0.4151999999999999,
    0.4181,
    0.4199,
    0.4197,
    0.4107,
    0.41319999999999996,
    0.4121
  ]
}