{
  "setting": "setting_17",
  "train_accuracy": [
    0.12908,
    0.22346,
    0.27792,
    0.31792,
    0.33446,
    0.3504,
    0.37014,
    0.38824,
    0.40256,
    0.41682,
    0.4316,
    0.443,
    0.4486,
    0.46558,
    0.47436,
    0.47732,
    0.48132,
    0.48738,
    0.49508,
    0.49954,
    0.50524,
    0.50992,
    0.51524,
    0.51718,
    0.52824,
    0.52884,
    0.53336,
    0.5414,
    0.544,
    0.54632,
    0.55106,
    0.5599,
    0.56696,
    0.57458,
    0.58066,
    0.58446,
    0.58644,
    0.59426,
    0.59468,
    0.59886,
    0.60398,
    0.61022,
    0.61068,
    0.6207,
    0.62154,
    0.62358,
    0.6286,
    0.62834,
    0.62994,
    0.628,
    0.63688,
    0.63754,
    0.63206,
    0.63836,
    0.63888,
    0.6371,
    0.64412,
    0.6449,
    0.64738,
    0.64664,
    0.64638,
    0.64672,
    0.64798,
    0.65266,
    0.65172,
    0.65032,
    0.65198,
    0.65302,
    0.65446,
    0.65492,
    0.65072,
    0.65512,
    0.6565,
    0.65638,
    0.65768,
    0.65468,
    0.65362,
    0.66016,
    0.65684,
    0.65672,
    0.65932,
    0.6608,
    0.6576,
    0.66016,
    0.65848,
    0.66356,
    0.6543,
    0.6598,
    0.66048,
    0.6591,
    0.66272,
    0.6636,
    0.66258,
    0.66048,
    0.65688,
    0.65638,
    0.66352,
    0.66036,
    0.65994,
    0.65988
  ],
  "test_accuracy": [
    0.1639,
    0.23739999999999997,
    0.2831,
    0.31399999999999995,
    0.32419999999999993,
    0.34209999999999996,
    0.35439999999999994,
    0.38420000000000004,
    0.35960000000000003,
    0.39740000000000003,
    0.41259999999999997,
    0.41479999999999995,
    0.4282,
    0.43479999999999996,
    0.44939999999999997,
    0.4368,
    0.44849999999999995,
    0.4603,
    0.4609000000000001,
    0.4715,
    0.48550000000000004,
    0.47589999999999993,
    0.4769,
    0.4951,
    0.49899999999999994,
    0.469,
    0.4821,
    0.5165,
    0.5174000000000001,
    0.5212999999999999,
    0.5232000000000001,
    0.5332,
    0.5383,
    0.5405,
    0.5404,
    0.5506,
    0.5587,
    0.5599999999999999,
    0.5566,
    0.5724,
    0.5647,
    0.5643,
    0.5807,
    0.5885,
    0.5865,
    0.5861,
    0.5818999999999999,
    0.5905,
    0.5818000000000001,
    0.5957,
    0.5952,
    0.6056999999999999,
    0.5908999999999999,
    0.6123999999999999,
    0.603,
    0.6070999999999999,
    0.6078999999999999,
    0.61,
    0.6161,
    0.6158,
    0.6159000000000001,
    0.6224999999999999,
    0.6235999999999999,
    0.6235,
    0.6262,
    0.6266,
    0.6252000000000001,
    0.6222,
    0.6279000000000001,
    0.6222,
    0.6238,
    0.6305000000000001,
    0.6263,
    0.6295999999999999,
    0.6286999999999999,
    0.6351,
    0.6321000000000001,
    0.6348,
    0.6397999999999999,
    0.6424000000000001,
    0.6371,
    0.6385000000000001,
    0.6374,
    0.6393,
    0.6449,
    0.6372000000000001,
    0.6404000000000001,
    0.6379,
    0.638,
    0.6434,
    0.649,
    0.6448,
    0.6397,
    0.6421,
    0.6395000000000001,
    0.6466999999999999,
    0.6447,
    0.6455000000000001,
    0.6465,
    0.651
  ]
}