{
  "setting": "setting_10",
  "train_accuracy": [
    0.1017,
    0.09826,
    0.11926,
    0.1201,
    0.13002,
    0.13614,
    0.15064,
    0.16214,
    0.17538,
    0.19224,
    0.20562,
    0.2278,
    0.22884,
    0.23594,
    0.24278,
    0.25326,
    0.25874,
    0.26498,
    0.2693,
    0.26956,
    0.27618,
    0.2839,
    0.28512,
    0.28726,
    0.29754,
    0.2942,
    0.29416,
    0.30184,
    0.3013,
    0.30688,
    0.30736,
    0.30736,
    0.31342,
    0.3175,
    0.31396,
    0.31422,
    0.31746,
    0.3204,
    0.3231,
    0.3206,
    0.31964,
    0.32002,
    0.32516,
    0.32078,
    0.32794,
    0.32442,
    0.32434,
    0.32772,
    0.32678,
    0.3279,
    0.3279,
    0.32634,
    0.32688,
    0.33028,
    0.33306,
    0.326,
    0.33244,
    0.33288,
    0.33236,
    0.33006,
    0.32854,
    0.3331,
    0.32862,
    0.33548,
    0.3324,
    0.33704,
    0.33354,
    0.336,
    0.33478,
    0.33256,
    0.32954,
    0.3331,
    0.3328,
    0.33744,
    0.33662,
    0.33282,
    0.33968,
    0.33708,
    0.33518,
    0.33586,
    0.3367,
    0.33782,
    0.3364,
    0.3417,
    0.33834,
    0.33312,
    0.33918,
    0.3367,
    0.3374,
    0.33996,
    0.33854,
    0.34086,
    0.33972,
    0.3397,
    0.34122,
    0.3422,
    0.34086,
    0.3403,
    0.33936,
    0.3401
  ],
  "test_accuracy": [
    0.0999,
    0.1075,
    0.11989999999999998,
    0.12160000000000001,
    0.13290000000000002,
    0.14550000000000002,
    0.15059999999999998,
    0.1727,
    0.1877,
    0.2028,
    0.22430000000000003,
    0.22970000000000002,
    0.2434,
    0.23999999999999994,
    0.25949999999999995,
    0.26370000000000005,
    0.26949999999999996,
    0.2655,
    0.2649,
    0.2721,
    0.2825,
    0.2847,
    0.29579999999999995,
    0.29500000000000004,
    0.2988,
    0.3025,
    0.31,
    0.3124,
    0.3081,
    0.3124,
    0.3219,
    0.3191,
    0.31320000000000003,
    0.322,
    0.31899999999999995,
    0.3258,
    0.324,
    0.3228000000000001,
    0.3256,
    0.3257,
    0.3253,
    0.3295,
    0.3298,
    0.3308000000000001,
    0.3328,
    0.3326,
    0.3304,
    0.33440000000000003,
    0.33520000000000005,
    0.32999999999999996,
    0.3358,
    0.3297,
    0.33819999999999995,
    0.3388,
    0.3359,
    0.33230000000000004,
    0.34,
    0.33649999999999997,
    0.3388,
    0.33999999999999997,
    0.34500000000000003,
    0.3391,
    0.3405,
    0.34130000000000005,
    0.34249999999999997,
    0.33830000000000005,
    0.3413,
    0.341,
    0.3421,
    0.3405,
    0.3415,
    0.3438,
    0.34040000000000004,
    0.34550000000000003,
    0.3427,
    0.34670000000000006,
    0.34280000000000005,
    0.3435,
    0.3457,
    0.3472,
    0.341,
    0.3458,
    0.34540000000000004,
    0.3458,
    0.3475,
    0.3486,
    0.34730000000000005,
    0.34809999999999997,
    0.3484999999999999,
    0.34609999999999996,
    0.3465,
    0.34550000000000003,
    0.34890000000000004,
    0.3488,
    0.34740000000000004,
    0.3467,
    0.35029999999999994,
    0.34669999999999995,
    0.3455,
    0.34719999999999995
  ]
}