{
  "setting": "setting_2",
  "train_accuracy": [
    0.1299,
    0.22404,
    0.27904,
    0.31816,
    0.33328,
    0.34922,
    0.36962,
    0.38776,
    0.40116,
    0.41542,
    0.43032,
    0.44258,
    0.44648,
    0.46508,
    0.47398,
    0.47762,
    0.48232,
    0.48802,
    0.49684,
    0.5001,
    0.50764,
    0.51094,
    0.5157,
    0.51826,
    0.5297,
    0.53166,
    0.53488,
    0.54354,
    0.54804,
    0.54932,
    0.55522,
    0.56526,
    0.56894,
    0.57888,
    0.5851,
    0.58712,
    0.58862,
    0.59688,
    0.59776,
    0.5995,
    0.60518,
    0.61124,
    0.612,
    0.61776,
    0.62098,
    0.62354,
    0.62908,
    0.62858,
    0.6291,
    0.62808,
    0.63512,
    0.63536,
    0.63304,
    0.63768,
    0.63832,
    0.63518,
    0.64444,
    0.64164,
    0.64468,
    0.64314,
    0.6434,
    0.64232,
    0.6462,
    0.64702,
    0.6481,
    0.6464,
    0.64938,
    0.64942,
    0.65244,
    0.65078,
    0.64622,
    0.65162,
    0.65298,
    0.65292,
    0.65282,
    0.64964,
    0.6511,
    0.65668,
    0.6523,
    0.65336,
    0.6537,
    0.65586,
    0.65056,
    0.65486,
    0.65334,
    0.65716,
    0.65166,
    0.65082,
    0.65458,
    0.65218,
    0.65494,
    0.65774,
    0.65558,
    0.65244,
    0.65072,
    0.65018,
    0.65562,
    0.6537,
    0.65258,
    0.65156
  ],
  "test_accuracy": [
    0.16499999999999998,
    0.238,
    0.2838,
    0.31490000000000007,
    0.32239999999999996,
    0.34279999999999994,
    0.35409999999999997,
    0.38289999999999996,
    0.35860000000000003,
    0.39790000000000003,
    0.4093,
    0.41340000000000005,
    0.42890000000000006,
    0.4319,
    0.44860000000000005,
    0.4372,
    0.44820000000000004,
    0.45919999999999994,
    0.45970000000000005,
    0.47220000000000006,
    0.4877000000000001,
    0.4751,
    0.479,
    0.4971,
    0.5001,
    0.46530000000000005,
    0.47969999999999996,
    0.5137,
    0.5206999999999999,
    0.5269,
    0.5257,
    0.5397000000000001,
    0.5415,
    0.5455000000000001,
    0.543,
    0.5529999999999999,
    0.5584000000000001,
    0.5598,
    0.5598,
    0.5694000000000001,
    0.564,
    0.5649,
    0.5773,
    0.5869,
    0.5841999999999999,
    0.5841999999999999,
    0.578,
    0.5884999999999999,
    0.5798,
    0.5968,
    0.5908,
    0.6067,
    0.5894999999999999,
    0.6094999999999999,
    0.5999,
    0.6073999999999999,
    0.6062000000000001,
    0.6098,
    0.6156,
    0.615,
    0.6183,
    0.6217,
    0.6201,
    0.6231000000000001,
    0.6245999999999999,
    0.627,
    0.6200999999999999,
    0.6252000000000001,
    0.6233000000000001,
    0.6210000000000001,
    0.6232,
    0.6277999999999999,
    0.6264000000000001,
    0.6264000000000001,
    0.628,
    0.6306,
    0.6285000000000001,
    0.627,
    0.6341,
    0.6392,
    0.6379999999999999,
    0.6359,
    0.6364,
    0.6346,
    0.6416000000000001,
    0.6375,
    0.6371,
    0.6361999999999999,
    0.6359,
    0.6396000000000001,
    0.6423,
    0.6424000000000001,
    0.6393,
    0.637,
    0.6349,
    0.6434,
    0.6411,
    0.6391,
    0.6399999999999999,
    0.6426000000000001
  ]
}