{
  "setting": "setting_21",
  "train_accuracy": [
    0.18272,
    0.31526,
    0.36688,
    0.41346,
    0.44832,
    0.4813,
    0.50116,
    0.51734,
    0.5349,
    0.54854,
    0.56466,
    0.57856,
    0.58984,
    0.60118,
    0.61008,
    0.62046,
    0.6299,
    0.63764,
    0.64626,
    0.6543,
    0.65432,
    0.6634,
    0.67274,
    0.67624,
    0.681,
    0.68468,
    0.69038,
    0.69202,
    0.69762,
    0.7005,
    0.70436,
    0.70616,
    0.70788,
    0.70934,
    0.71578,
    0.71266,
    0.7142,
    0.71626,
    0.71462,
    0.71988,
    0.72048,
    0.7235,
    0.71928,
    0.7249,
    0.72132,
    0.72562,
    0.7237,
    0.72708,
    0.73042,
    0.72854,
    0.72748,
    0.7311,
    0.72696,
    0.7263,
    0.72954,
    0.72878,
    0.72676,
    0.72668,
    0.72896,
    0.7299,
    0.73326,
    0.73252,
    0.73298,
    0.73476,
    0.73046,
    0.73262,
    0.73536,
    0.73352,
    0.72882,
    0.73106,
    0.73114,
    0.73366,
    0.73226,
    0.73132,
    0.73538,
    0.73256,
    0.7331,
    0.73404,
    0.7351,
    0.73076,
    0.73206,
    0.73174,
    0.73488,
    0.73188,
    0.72864,
    0.73212,
    0.73754,
    0.73174,
    0.73492,
    0.73364,
    0.73228,
    0.7366,
    0.73664,
    0.73572,
    0.73342,
    0.73212,
    0.73248,
    0.73562,
    0.73058,
    0.73422
  ],
  "test_accuracy": [
    0.22949999999999998,
    0.3001,
    0.3041,
    0.3742,
    0.3213,
    0.39130000000000004,
    0.4136,
    0.3055,
    0.4386,
    0.49399999999999994,
    0.40499999999999997,
    0.45830000000000004,
    0.5203,
    0.45509999999999995,
    0.5420999999999999,
    0.48250000000000004,
    0.5748,
    0.5799000000000001,
    0.5612,
    0.4869,
    0.5354000000000001,
    0.5473,
    0.5558,
    0.5231,
    0.5866,
    0.5911,
    0.5778999999999999,
    0.6073999999999999,
    0.6339,
    0.6179999999999999,
    0.5592,
    0.6287,
    0.6417,
    0.6527000000000001,
    0.6205999999999999,
    0.6409999999999999,
    0.6213,
    0.6525,
    0.6648000000000001,
    0.6453,
    0.6574000000000001,
    0.6577000000000001,
    0.6605000000000001,
    0.6218999999999999,
    0.6682,
    0.6574,
    0.6664000000000001,
    0.6847999999999999,
    0.6574,
    0.6917,
    0.6894,
    0.67,
    0.6755,
    0.6881,
    0.6816,
    0.6889,
    0.6752999999999999,
    0.693,
    0.6873,
    0.692,
    0.6939,
    0.6942999999999999,
    0.6912,
    0.7007,
    0.6897,
    0.6984999999999999,
    0.691,
    0.6999,
    0.7034,
    0.6992,
    0.7,
    0.7045,
    0.6945,
    0.7036,
    0.7041,
    0.7078,
    0.6952999999999999,
    0.7089000000000001,
    0.707,
    0.7068,
    0.7104999999999999,
    0.7056,
    0.7084999999999999,
    0.7025,
    0.7049000000000001,
    0.706,
    0.7076,
    0.7078,
    0.7083999999999999,
    0.7066999999999999,
    0.7059,
    0.7079,
    0.7102999999999999,
    0.7099,
    0.7153,
    0.7101999999999999,
    0.7125999999999999,
    0.7112999999999999,
    0.7110000000000001,
    0.7072999999999999
  ]
}