{
  "setting": "setting_7",
  "train_accuracy": [
    0.12924,
    0.2237,
    0.27834,
    0.318,
    0.33398,
    0.3498,
    0.37026,
    0.3878,
    0.4021,
    0.41612,
    0.43116,
    0.44372,
    0.44788,
    0.46552,
    0.47392,
    0.47782,
    0.48202,
    0.48814,
    0.4958,
    0.49974,
    0.5062,
    0.50994,
    0.51584,
    0.51716,
    0.52868,
    0.5307,
    0.5342,
    0.54276,
    0.54652,
    0.5481,
    0.55298,
    0.56378,
    0.56734,
    0.57688,
    0.58404,
    0.58696,
    0.58874,
    0.59698,
    0.59784,
    0.60004,
    0.60712,
    0.61258,
    0.6135,
    0.62186,
    0.62376,
    0.62588,
    0.63248,
    0.63202,
    0.63368,
    0.63302,
    0.6414,
    0.64156,
    0.63898,
    0.6434,
    0.64452,
    0.64244,
    0.64986,
    0.64942,
    0.6523,
    0.65222,
    0.651,
    0.65048,
    0.65452,
    0.65674,
    0.6571,
    0.6541,
    0.65636,
    0.65742,
    0.65958,
    0.66018,
    0.65408,
    0.6609,
    0.6619,
    0.66254,
    0.6625,
    0.65924,
    0.66002,
    0.66574,
    0.66236,
    0.66214,
    0.66294,
    0.66556,
    0.66206,
    0.66578,
    0.66494,
    0.66828,
    0.66048,
    0.66162,
    0.66564,
    0.663,
    0.66536,
    0.66674,
    0.66636,
    0.6639,
    0.66042,
    0.6599,
    0.66738,
    0.66476,
    0.66306,
    0.66284
  ],
  "test_accuracy": [
    0.16409999999999997,
    0.2372,
    0.28359999999999996,
    0.31379999999999997,
    0.32230000000000003,
    0.34199999999999997,
    0.3548,
    0.3828,
    0.3581,
    0.39740000000000003,
    0.41019999999999995,
    0.4144,
    0.42869999999999997,
    0.4327,
    0.44930000000000003,
    0.4386,
    0.44889999999999997,
    0.4609,
    0.4626,
    0.47170000000000006,
    0.4871,
    0.4744,
    0.4753,
    0.4965,
    0.49940000000000007,
    0.46369999999999995,
    0.47890000000000005,
    0.5149,
    0.5193000000000001,
    0.5236,
    0.5252000000000001,
    0.5368,
    0.5409999999999999,
    0.5433000000000001,
    0.5424,
    0.5515,
    0.5574999999999999,
    0.5597000000000001,
    0.5587,
    0.5702999999999999,
    0.5633,
    0.5641,
    0.5773999999999999,
    0.587,
    0.584,
    0.585,
    0.5737,
    0.5868,
    0.5746,
    0.5978000000000001,
    0.5913999999999999,
    0.6089,
    0.5911000000000001,
    0.6113000000000001,
    0.6021,
    0.6117,
    0.6104999999999999,
    0.6162,
    0.6199999999999999,
    0.6191,
    0.6216,
    0.6254000000000001,
    0.6234,
    0.6275000000000001,
    0.6274,
    0.6314,
    0.6269,
    0.6289,
    0.631,
    0.622,
    0.6289,
    0.6321999999999999,
    0.6311,
    0.6308,
    0.6324,
    0.6392,
    0.6377999999999999,
    0.6375,
    0.6397000000000002,
    0.6428,
    0.6437,
    0.6401000000000001,
    0.6441000000000001,
    0.6444000000000001,
    0.6441000000000001,
    0.6404000000000001,
    0.6423,
    0.6422000000000001,
    0.6413,
    0.6478999999999999,
    0.6507000000000002,
    0.6471,
    0.6477,
    0.6472,
    0.6427999999999999,
    0.652,
    0.6485000000000001,
    0.6487,
    0.6487999999999999,
    0.6521000000000001
  ]
}