{
  "setting": "setting_1",
  "train_accuracy": [
    0.17474,
    0.29948,
    0.35102,
    0.3874,
    0.41606,
    0.4459,
    0.46404,
    0.47954,
    0.49138,
    0.50272,
    0.5196,
    0.5266,
    0.53314,
    0.54402,
    0.55286,
    0.56348,
    0.57348,
    0.58162,
    0.58686,
    0.60068,
    0.60598,
    0.61214,
    0.62646,
    0.62952,
    0.63876,
    0.63972,
    0.64854,
    0.6536,
    0.65754,
    0.66252,
    0.66718,
    0.67148,
    0.67546,
    0.6784,
    0.68056,
    0.68074,
    0.68484,
    0.68634,
    0.68528,
    0.69202,
    0.69362,
    0.6938,
    0.69094,
    0.69694,
    0.69344,
    0.69906,
    0.69674,
    0.70176,
    0.70368,
    0.70364,
    0.70514,
    0.70834,
    0.70142,
    0.70094,
    0.7007,
    0.70146,
    0.70394,
    0.69986,
    0.70432,
    0.70368,
    0.70588,
    0.70386,
    0.70442,
    0.70752,
    0.70792,
    0.70762,
    0.70984,
    0.70392,
    0.7061,
    0.70578,
    0.70494,
    0.70882,
    0.70696,
    0.7078,
    0.708,
    0.7049,
    0.70624,
    0.7066,
    0.70974,
    0.70746,
    0.70876,
    0.707,
    0.71202,
    0.70816,
    0.70668,
    0.70536,
    0.71182,
    0.70566,
    0.709,
    0.70742,
    0.70562,
    0.71116,
    0.70774,
    0.70992,
    0.70688,
    0.7051,
    0.70618,
    0.70694,
    0.70854,
    0.70934
  ],
  "test_accuracy": [
    0.2198,
    0.2979,
    0.30029999999999996,
    0.3617,
    0.33349999999999996,
    0.36869999999999997,
    0.4117,
    0.3602,
    0.39740000000000003,
    0.4507,
    0.385,
    0.418,
    0.49050000000000005,
    0.4601,
    0.49510000000000004,
    0.4434,
    0.5284,
    0.5333,
    0.5299,
    0.46279999999999993,
    0.5248999999999999,
    0.49899999999999994,
    0.5146,
    0.5361999999999999,
    0.5429,
    0.5536000000000001,
    0.5444,
    0.5478,
    0.5818,
    0.5775,
    0.587,
    0.6012,
    0.6234,
    0.6217999999999999,
    0.6018000000000001,
    0.6207,
    0.5861,
    0.6058000000000001,
    0.6283,
    0.6013,
    0.6415,
    0.636,
    0.6453999999999999,
    0.5869,
    0.6475,
    0.6326,
    0.6474000000000001,
    0.6565000000000001,
    0.6485000000000001,
    0.6615,
    0.6589,
    0.658,
    0.6548,
    0.6653,
    0.6524000000000001,
    0.6595,
    0.6557000000000002,
    0.6664000000000001,
    0.6612,
    0.6712,
    0.6705,
    0.6757,
    0.6774000000000001,
    0.6806000000000001,
    0.6632000000000001,
    0.6761,
    0.6588,
    0.6785,
    0.6797,
    0.6783,
    0.6792,
    0.6815000000000001,
    0.6679999999999999,
    0.6818,
    0.6816000000000001,
    0.6853999999999999,
    0.6797,
    0.6805,
    0.6831999999999999,
    0.6831,
    0.6839999999999999,
    0.6831,
    0.6889,
    0.6852,
    0.68,
    0.6807000000000001,
    0.6808000000000001,
    0.6851,
    0.6855,
    0.6866,
    0.6899,
    0.6833,
    0.6873000000000001,
    0.6851999999999999,
    0.6888,
    0.6885999999999999,
    0.688,
    0.6894000000000001,
    0.6853999999999999,
    0.6888000000000001
  ]
}