{
  "setting": "setting_16",
  "train_accuracy": [
    0.18608136189258312,
    0.22870044757033248,
    0.24850143861892582,
    0.27401694373401536,
    0.3001918158567775,
    0.32171115728900257,
    0.34175191815856776,
    0.35513906649616367,
    0.37064418158567775,
    0.3827725383631714,
    0.39647937979539644,
    0.40720907928388744,
    0.41951726342711,
    0.429627557544757,
    0.439298273657289,
    0.45076726342711,
    0.45802030051150894,
    0.46765105498721227,
    0.4766823849104859,
    0.4851742327365729,
    0.49174792199488493,
    0.4993006713554987,
    0.5055746483375959,
    0.5104699488491049,
    0.5180626598465473,
    0.5200007992327366,
    0.5274136828644501,
    0.5347266624040921,
    0.5406210038363172,
    0.5440377237851662,
    0.5503916240409207,
    0.5539681905370843,
    0.5583839514066496,
    0.5636189258312021,
    0.5668358375959079,
    0.5701526534526854,
    0.5746483375959079,
    0.579803388746803,
    0.5840992647058824,
    0.5900535485933504,
    0.5929507672634271,
    0.5982257033248082,
    0.5985054347826086,
    0.602121962915601,
    0.6043598145780051,
    0.6082560741687979,
    0.6134311061381074,
    0.6167079603580563,
    0.6205642583120204,
    0.6233016304347826
  ],
  "test_accuracy": [
    0.1872,
    0.2256,
    0.2513,
    0.2814,
    0.2971,
    0.3304,
    0.3544,
    0.3599,
    0.3696,
    0.3776,
    0.3949,
    0.4013,
    0.4185,
    0.4218,
    0.4344,
    0.4413,
    0.4509,
    0.4624,
    0.4597,
    0.4777,
    0.4835,
    0.4807,
    0.4933,
    0.4972,
    0.5056,
    0.5041,
    0.5238,
    0.5184,
    0.5252,
    0.5325,
    0.5336,
    0.5381,
    0.5428,
    0.5512,
    0.5561,
    0.5525,
    0.5619,
    0.5707,
    0.5659,
    0.5753,
    0.576,
    0.5788,
    0.5854,
    0.589,
    0.5926,
    0.5934,
    0.5911,
    0.5977,
    0.6039,
    0.6036
  ]
}