{
  "setting": "setting_24",
  "train_accuracy": [
    0.12264732902089406,
    0.12973096604713313,
    0.1239816797254616,
    0.13108050139698738,
    0.14208272594752186,
    0.15630504433916423,
    0.17159218598153544,
    0.18849744138726918,
    0.19713940263605442,
    0.20485984572400387,
    0.21127440931729835,
    0.21441478377065112,
    0.2209517735665695,
    0.22325319636783286,
    0.22497760264820216,
    0.22693072764820216,
    0.22785699101069,
    0.2297313456632653,
    0.23579286625364432,
    0.24032738095238093,
    0.23987753583576288,
    0.24178605594023325,
    0.24200243713556852,
    0.2446663933430515,
    0.24414347212099125,
    0.24680363216715256,
    0.24819207817055391,
    0.25246655581875604,
    0.2536035061345967,
    0.25610612548590866,
    0.25842937621477163,
    0.2588849155733722,
    0.2627465606778425,
    0.264273566569485,
    0.26590211977648204,
    0.27214300898931,
    0.27225309766763844,
    0.2771093370383868,
    0.277493698372206,
    0.28224933946793,
    0.28523881650874633,
    0.288755959973275,
    0.292414510447036,
    0.29623534681729835,
    0.2995057397959184,
    0.3013544703595724,
    0.3047045827259475,
    0.3090141748663751,
    0.31255504433916426,
    0.31208337129494657
  ],
  "test_accuracy": [
    0.1182,
    0.1287,
    0.1171,
    0.1277,
    0.1385,
    0.1553,
    0.1702,
    0.1814,
    0.1688,
    0.1707,
    0.1819,
    0.1843,
    0.184,
    0.1884,
    0.1894,
    0.1927,
    0.1988,
    0.2025,
    0.2127,
    0.2173,
    0.2191,
    0.2191,
    0.2246,
    0.2307,
    0.2306,
    0.2325,
    0.2337,
    0.2366,
    0.2404,
    0.2368,
    0.2388,
    0.2457,
    0.2481,
    0.2502,
    0.2489,
    0.2531,
    0.2584,
    0.2634,
    0.2688,
    0.272,
    0.2695,
    0.2764,
    0.2762,
    0.2793,
    0.2825,
    0.2902,
    0.2942,
    0.2893,
    0.2936,
    0.3
  ]
}