{
  "setting": "setting_12",
  "train_accuracy": [
    0.1660406010230179,
    0.20104699488491048,
    0.20937899616368286,
    0.2271938938618926,
    0.24245524296675192,
    0.24672714194373402,
    0.2510350063938619,
    0.25883152173913043,
    0.27159127237851666,
    0.2801710358056266,
    0.29156409846547315,
    0.304215952685422,
    0.31356297953964196,
    0.32235853580562657,
    0.33117407289002554,
    0.33815137468030687,
    0.34278692455242965,
    0.35143861892583117,
    0.3581281969309463,
    0.3638187340153453,
    0.36861812659846543,
    0.3760110294117647,
    0.37956361892583124,
    0.38656489769820973,
    0.3939977621483376,
    0.3995444373401535,
    0.40160645780051146,
    0.4103940217391305,
    0.41471387468030685,
    0.41915760869565216,
    0.4228061061381074,
    0.42973145780051153,
    0.432516783887468,
    0.4355298913043479,
    0.4422794117647059,
    0.44452525575447566,
    0.4461117327365729,
    0.4515505115089514,
    0.4583200127877238,
    0.4599424552429668,
    0.4612531969309463,
    0.4673793158567775,
    0.4707161125319693,
    0.4712036445012788,
    0.4749880115089514,
    0.4787803708439898,
    0.4830322890025575,
    0.4839593989769821,
    0.4849664322250639,
    0.49000159846547314
  ],
  "test_accuracy": [
    0.1817,
    0.1746,
    0.1931,
    0.2022,
    0.2178,
    0.2231,
    0.2317,
    0.2469,
    0.2536,
    0.2682,
    0.2783,
    0.2889,
    0.3033,
    0.3138,
    0.3189,
    0.337,
    0.3376,
    0.3487,
    0.3548,
    0.3552,
    0.3643,
    0.3724,
    0.3838,
    0.3806,
    0.3859,
    0.396,
    0.39,
    0.4002,
    0.4025,
    0.4126,
    0.4151,
    0.4181,
    0.4184,
    0.425,
    0.4321,
    0.4354,
    0.4323,
    0.4398,
    0.4455,
    0.4477,
    0.4538,
    0.4541,
    0.4572,
    0.4615,
    0.4617,
    0.4603,
    0.4763,
    0.4664,
    0.4788,
    0.4825
  ]
}