{
  "setting": "setting_5",
  "train_accuracy": [
    0.1028530515979977,
    0.1195599038554101,
    0.11186284655371583,
    0.1104030792741625,
    0.11441311489218328,
    0.12010139403638814,
    0.12271634036869465,
    0.12022849381497883,
    0.11833026990277244,
    0.11875293307181363,
    0.1225478767568348,
    0.12463975861571043,
    0.1245807211445899,
    0.1285343515354255,
    0.13589824196187908,
    0.14355619163939162,
    0.1504451500529457,
    0.1595173667934155,
    0.17204383964670775,
    0.1852603364458991,
    0.19409001070947246,
    0.20338634421929147,
    0.20990340416827105,
    0.21314369645263764,
    0.21940655684443588,
    0.22086970843762033,
    0.22045531803523297,
    0.22234677332017713,
    0.2248977937283404,
    0.23019311645648827,
    0.2282035160762418,
    0.2315806850452445,
    0.23281295124181747,
    0.23383614206295725,
    0.23599495812475935,
    0.23733100993935308,
    0.23662707270408162,
    0.23678801561898344,
    0.23856026785714285,
    0.238788521009819,
    0.23999183252310358,
    0.24495248423661917,
    0.24394696705333077,
    0.2455157844387755,
    0.24593656743357717,
    0.245624458509819,
    0.24714965585290719,
    0.24850074906141703,
    0.24882000264728532,
    0.2468890637033115
  ],
  "test_accuracy": [
    0.1013,
    0.1166,
    0.1052,
    0.107,
    0.1089,
    0.114,
    0.117,
    0.1187,
    0.1158,
    0.1176,
    0.1204,
    0.1206,
    0.118,
    0.1214,
    0.1259,
    0.1351,
    0.1452,
    0.1593,
    0.1743,
    0.1769,
    0.185,
    0.185,
    0.1861,
    0.1856,
    0.1878,
    0.1909,
    0.1913,
    0.1933,
    0.1963,
    0.196,
    0.1941,
    0.1975,
    0.1987,
    0.1991,
    0.2032,
    0.204,
    0.2066,
    0.2095,
    0.2082,
    0.2087,
    0.2155,
    0.2163,
    0.2163,
    0.2158,
    0.2145,
    0.2206,
    0.2226,
    0.2244,
    0.2279,
    0.2267
  ]
}