{
  "setting": "setting_8",
  "train_accuracy": [
    0.1419403698979592,
    0.15656489158163267,
    0.17848373724489797,
    0.19925860969387754,
    0.2113360969387755,
    0.21790497448979593,
    0.22344148596938776,
    0.23440688775510204,
    0.24020248724489796,
    0.24341517857142858,
    0.2429767219387755,
    0.24928252551020408,
    0.2524433992346939,
    0.25527343750000003,
    0.25587930484693877,
    0.26337691326530616,
    0.2650669642857143,
    0.27128109056122446,
    0.27711654974489797,
    0.28226642219387754,
    0.289859693877551,
    0.2947345344387755,
    0.29763632015306124,
    0.3049107142857143,
    0.30825095663265306,
    0.3123286033163265,
    0.31761001275510203,
    0.31918048469387755,
    0.32291135204081634,
    0.32626753826530613,
    0.3275669642857143,
    0.33450653698979593,
    0.33576610331632656,
    0.3378786670918368,
    0.3430883290816326,
    0.3430923150510204,
    0.34603794642857144,
    0.349625318877551,
    0.3496053890306122,
    0.3547313456632653,
    0.35677614795918366,
    0.362906568877551,
    0.36432557397959187,
    0.3696229272959184,
    0.3709622130102041,
    0.37563376913265306,
    0.37515545280612245,
    0.37974330357142855,
    0.3815529336734694,
    0.3839245854591837
  ],
  "test_accuracy": [
    0.1463,
    0.1626,
    0.1814,
    0.1801,
    0.1855,
    0.1898,
    0.1965,
    0.2101,
    0.213,
    0.2207,
    0.2276,
    0.2322,
    0.2342,
    0.2331,
    0.243,
    0.2435,
    0.2472,
    0.2585,
    0.2552,
    0.2655,
    0.2734,
    0.2778,
    0.284,
    0.2873,
    0.2942,
    0.2957,
    0.3009,
    0.3066,
    0.3106,
    0.3156,
    0.3211,
    0.3214,
    0.3281,
    0.3302,
    0.3316,
    0.3352,
    0.338,
    0.3381,
    0.3491,
    0.3484,
    0.3541,
    0.3485,
    0.3575,
    0.3597,
    0.3589,
    0.3655,
    0.3691,
    0.3715,
    0.3751,
    0.371
  ]
}