{
  "setting": "setting_9",
  "train_accuracy": [
    0.12500094904033043,
    0.1324736926020408,
    0.13568429603984453,
    0.13977181274295433,
    0.14750459335519922,
    0.15516904306365403,
    0.16537597181729835,
    0.17490054057337218,
    0.19000356839164237,
    0.20214464133867832,
    0.20713089923469388,
    0.21323322855928087,
    0.2204582725947522,
    0.22400293822886294,
    0.22916002338435376,
    0.2312744852405248,
    0.23400202715014576,
    0.23325987761175898,
    0.23480586431000972,
    0.23693930697278912,
    0.23607188411078717,
    0.2381872950072886,
    0.23949032738095236,
    0.24248360058309038,
    0.24325706845238093,
    0.2451228817419825,
    0.24688619867589892,
    0.2477393859329446,
    0.24983771410349856,
    0.25166841290087466,
    0.25293727982264336,
    0.256338640366861,
    0.2592778182701652,
    0.260360673287172,
    0.26508784317298345,
    0.26631115615889217,
    0.2661830357142857,
    0.2702316417638484,
    0.2730711704324587,
    0.2760008579324587,
    0.2791108630952381,
    0.28279598669825073,
    0.2849398688046647,
    0.28694708910349853,
    0.2914256104227405,
    0.29389975856413997,
    0.2997211719509232,
    0.29992047042031095,
    0.30522180970602525,
    0.3062145058916424
  ],
  "test_accuracy": [
    0.1271,
    0.1302,
    0.1338,
    0.1301,
    0.1426,
    0.15,
    0.1629,
    0.179,
    0.1903,
    0.1853,
    0.1905,
    0.1963,
    0.1932,
    0.1986,
    0.2033,
    0.2042,
    0.2073,
    0.2051,
    0.214,
    0.2174,
    0.2199,
    0.2204,
    0.2253,
    0.2294,
    0.2294,
    0.232,
    0.2323,
    0.2352,
    0.2377,
    0.236,
    0.2366,
    0.2407,
    0.2439,
    0.244,
    0.2436,
    0.2457,
    0.251,
    0.2558,
    0.258,
    0.262,
    0.256,
    0.2652,
    0.265,
    0.2684,
    0.2712,
    0.2795,
    0.2837,
    0.2807,
    0.2841,
    0.2924
  ]
}