{
  "setting": "setting_15",
  "train_accuracy": [
    0.1029869200038506,
    0.11992352955333077,
    0.10601024018097806,
    0.10540068769252985,
    0.10910425490951098,
    0.11464550442818637,
    0.1187187139006546,
    0.12181949725644975,
    0.12339884361763573,
    0.1216750998748556,
    0.11975017748844821,
    0.12340899655852908,
    0.1242577072102426,
    0.12992192012418174,
    0.13768027110608394,
    0.1455375192529842,
    0.1512148933865999,
    0.16115311838178667,
    0.17319149800250289,
    0.18136423938679244,
    0.1895783446043512,
    0.19873780142953407,
    0.20657925611282246,
    0.21063328780804774,
    0.21487909727570273,
    0.2158962715392761,
    0.21706649198594533,
    0.22314471926742396,
    0.22673359585579514,
    0.22738639235175204,
    0.23175253297073548,
    0.23174839658740856,
    0.23317507280034655,
    0.2343490535954948,
    0.23515865662302657,
    0.23765590404793993,
    0.23992113797169812,
    0.23872384301598,
    0.24140534751636505,
    0.24497166201386214,
    0.24432488207547168,
    0.24486712432614555,
    0.2466374963900655,
    0.24699284932133228,
    0.24882150678667694,
    0.24993908235464,
    0.2512386587889873,
    0.2513416923373123,
    0.2514879698931459,
    0.2544597732961109
  ],
  "test_accuracy": [
    0.1031,
    0.1102,
    0.1015,
    0.1048,
    0.1058,
    0.109,
    0.1162,
    0.12,
    0.1201,
    0.1215,
    0.1214,
    0.1209,
    0.1217,
    0.1246,
    0.1291,
    0.1349,
    0.1437,
    0.156,
    0.1707,
    0.1746,
    0.1854,
    0.1894,
    0.1896,
    0.1872,
    0.1893,
    0.1927,
    0.1953,
    0.1951,
    0.196,
    0.1973,
    0.1983,
    0.2024,
    0.2033,
    0.2013,
    0.204,
    0.2037,
    0.2088,
    0.2114,
    0.2106,
    0.2148,
    0.2183,
    0.2209,
    0.2209,
    0.2182,
    0.2193,
    0.2254,
    0.2224,
    0.2271,
    0.2303,
    0.2289
  ]
}