{
  "setting": "setting_13",
  "train_accuracy": [
    0.14188855229591835,
    0.14637675382653062,
    0.18305564413265307,
    0.1988201530612245,
    0.20942283163265307,
    0.21988201530612245,
    0.22816485969387754,
    0.23465800382653063,
    0.23247369260204082,
    0.23495695153061225,
    0.23740832270408166,
    0.24313217474489796,
    0.246109693877551,
    0.25186144770408164,
    0.2548788265306122,
    0.2588767538265306,
    0.2621970663265306,
    0.2694076849489796,
    0.2723533163265306,
    0.27879464285714284,
    0.2835698341836735,
    0.2895567602040816,
    0.29555564413265306,
    0.3012635522959184,
    0.3022201849489796,
    0.30728236607142856,
    0.31214923469387756,
    0.31539779974489796,
    0.31570870535714285,
    0.3235411352040816,
    0.32480867346938774,
    0.32939652423469384,
    0.33196348852040813,
    0.3374441964285714,
    0.34102359693877554,
    0.3436224489795918,
    0.3462292729591837,
    0.3511957908163265,
    0.3530213647959184,
    0.355305325255102,
    0.3599210778061225,
    0.358984375,
    0.36362404336734694,
    0.3651108099489796,
    0.36820392219387754,
    0.3704799107142857,
    0.37331393494897963,
    0.37793765943877555,
    0.3791493941326531,
    0.38168447066326533
  ],
  "test_accuracy": [
    0.1345,
    0.1631,
    0.1752,
    0.1914,
    0.1935,
    0.2006,
    0.2001,
    0.2023,
    0.2052,
    0.2135,
    0.2251,
    0.2285,
    0.2327,
    0.2354,
    0.2393,
    0.2403,
    0.245,
    0.2495,
    0.259,
    0.26,
    0.2592,
    0.2743,
    0.2797,
    0.289,
    0.2915,
    0.2963,
    0.3027,
    0.3073,
    0.3107,
    0.3115,
    0.3155,
    0.3149,
    0.3251,
    0.3297,
    0.3266,
    0.3335,
    0.3404,
    0.3424,
    0.3465,
    0.3468,
    0.3511,
    0.3454,
    0.3544,
    0.3565,
    0.3532,
    0.3623,
    0.3697,
    0.3703,
    0.3712,
    0.3696
  ]
}