{
  "setting": "setting_3",
  "train_accuracy": [
    0.13719308035714287,
    0.1568797831632653,
    0.18768335459183674,
    0.2040138711734694,
    0.20701132015306123,
    0.21157126913265303,
    0.21761798469387755,
    0.22003348214285715,
    0.23425940688775512,
    0.24060108418367346,
    0.24299266581632653,
    0.24395727040816326,
    0.24890385841836735,
    0.2501594387755102,
    0.25607461734693876,
    0.25880899234693877,
    0.26211734693877553,
    0.2670360331632653,
    0.27195870535714284,
    0.2762157206632653,
    0.2820033482142857,
    0.2864158163265306,
    0.29105149872448977,
    0.2980986926020408,
    0.30405771683673466,
    0.3066525829081633,
    0.3121731505102041,
    0.31440529336734696,
    0.32084661989795915,
    0.3247688137755102,
    0.32375239158163266,
    0.3292689732142857,
    0.3284797512755102,
    0.33194754464285714,
    0.33573421556122446,
    0.3407924107142857,
    0.3435267857142857,
    0.3495336415816327,
    0.3541812818877551,
    0.35830277423469387,
    0.3584024234693878,
    0.3612523915816327,
    0.36503109056122446,
    0.3683872767857143,
    0.36947544642857144,
    0.37265625,
    0.376969068877551,
    0.376985012755102,
    0.3801857461734694,
    0.38459422831632656
  ],
  "test_accuracy": [
    0.1284,
    0.1761,
    0.193,
    0.1935,
    0.1776,
    0.1796,
    0.188,
    0.2,
    0.208,
    0.2198,
    0.2248,
    0.2288,
    0.2327,
    0.23,
    0.2421,
    0.2422,
    0.244,
    0.2538,
    0.255,
    0.26,
    0.2678,
    0.2705,
    0.2784,
    0.2819,
    0.284,
    0.2903,
    0.2988,
    0.2994,
    0.31,
    0.3109,
    0.3114,
    0.3123,
    0.318,
    0.3249,
    0.32,
    0.3369,
    0.3353,
    0.3422,
    0.3457,
    0.3472,
    0.3548,
    0.3478,
    0.3577,
    0.3571,
    0.3583,
    0.3644,
    0.3699,
    0.3696,
    0.3741,
    0.3716
  ]
}