{
  "setting": "setting_22",
  "train_accuracy": [
    0.1589474104859335,
    0.2171994884910486,
    0.21889386189258314,
    0.22623481457800512,
    0.22641064578005116,
    0.2360693734015345,
    0.25043158567774937,
    0.2648497442455243,
    0.2805586636828644,
    0.3016384271099744,
    0.31744725063938617,
    0.3256833439897698,
    0.33339593989769817,
    0.34212356138107414,
    0.3477541560102302,
    0.3540800831202046,
    0.3617127557544757,
    0.3677269820971867,
    0.37259031329923276,
    0.3797114769820972,
    0.38272458439897694,
    0.391715952685422,
    0.3960637787723785,
    0.39998801150895136,
    0.40471946930946295,
    0.4092391304347826,
    0.41805866368286443,
    0.42317375319693096,
    0.4297834079283887,
    0.43082640664961636,
    0.437675831202046,
    0.4416160485933504,
    0.4481337915601023,
    0.4523857097186701,
    0.4566695971867008,
    0.4580882352941177,
    0.46346707161125317,
    0.46743526214833764,
    0.4701566496163683,
    0.4732097186700767,
    0.47840473145780055,
    0.4837036445012788,
    0.48439098465473146,
    0.4880274936061381,
    0.4917039641943734,
    0.49704683503836317,
    0.4983016304347826,
    0.5021898976982097,
    0.50627797314578,
    0.5074648337595907
  ],
  "test_accuracy": [
    0.199,
    0.2035,
    0.2022,
    0.2095,
    0.2206,
    0.2299,
    0.239,
    0.2557,
    0.2654,
    0.2885,
    0.3091,
    0.3124,
    0.3316,
    0.3405,
    0.3374,
    0.3551,
    0.3545,
    0.3583,
    0.3656,
    0.372,
    0.3782,
    0.3829,
    0.3882,
    0.3953,
    0.3897,
    0.4037,
    0.4036,
    0.4127,
    0.4151,
    0.4302,
    0.4282,
    0.4304,
    0.4387,
    0.4399,
    0.4485,
    0.4494,
    0.4522,
    0.4547,
    0.4648,
    0.4625,
    0.4626,
    0.4679,
    0.4695,
    0.4801,
    0.4797,
    0.4776,
    0.4858,
    0.4921,
    0.4952,
    0.4995
  ]
}