{
  "setting": "setting_23",
  "train_accuracy": [
    0.13674266581632652,
    0.1536511479591837,
    0.18403619260204082,
    0.20565210459183672,
    0.21545758928571426,
    0.21744658801020408,
    0.22099808673469387,
    0.22342554209183674,
    0.2309550382653061,
    0.24192841198979592,
    0.2491031568877551,
    0.25252311862244897,
    0.2588767538265306,
    0.2636080994897959,
    0.2664500956632653,
    0.27104193239795915,
    0.27615593112244896,
    0.2798588966836735,
    0.2846859056122449,
    0.2900829081632653,
    0.2946109693877551,
    0.29849330357142856,
    0.3013552295918367,
    0.3083107461734694,
    0.31483179209183676,
    0.3173788265306122,
    0.3223931760204082,
    0.3242705676020408,
    0.32622767857142854,
    0.32959183673469383,
    0.3341796875,
    0.3363759566326531,
    0.3380261479591837,
    0.34031409438775506,
    0.3424186862244898,
    0.3472058354591837,
    0.3498644770408163,
    0.35025510204081634,
    0.3539421237244898,
    0.3574497767857143,
    0.35805564413265306,
    0.36287468112244897,
    0.36490353954081634,
    0.3700095663265306,
    0.37351721938775506,
    0.3745376275510204,
    0.3771803252551021,
    0.37667410714285715,
    0.3803810586734694,
    0.38492107780612245
  ],
  "test_accuracy": [
    0.1341,
    0.1422,
    0.189,
    0.1777,
    0.1922,
    0.198,
    0.1931,
    0.201,
    0.2077,
    0.2223,
    0.2345,
    0.2379,
    0.2423,
    0.2378,
    0.2492,
    0.2533,
    0.2553,
    0.2669,
    0.2695,
    0.2717,
    0.2778,
    0.2772,
    0.2882,
    0.2972,
    0.3004,
    0.3054,
    0.3116,
    0.3164,
    0.3186,
    0.3193,
    0.3259,
    0.3266,
    0.3324,
    0.3314,
    0.3365,
    0.3426,
    0.3447,
    0.346,
    0.3513,
    0.3517,
    0.3549,
    0.3554,
    0.3613,
    0.3595,
    0.3626,
    0.3692,
    0.3701,
    0.374,
    0.3762,
    0.379
  ]
}