{
  "setting": "setting_30",
  "train_accuracy": [
    0.10322683023681171,
    0.12378578347612632,
    0.11621996233634964,
    0.11153983261936849,
    0.11716418583943011,
    0.11872209821428571,
    0.11891237184732384,
    0.12142278049191374,
    0.127506272261263,
    0.13203034751636505,
    0.13676349814690025,
    0.14005944358875624,
    0.14329635155949172,
    0.1472748002502888,
    0.1498115313342318,
    0.15335490770600693,
    0.1560104658018868,
    0.16024386611956104,
    0.1700245325134771,
    0.18070655443781286,
    0.1856277224922988,
    0.19431863989699652,
    0.19875284282345013,
    0.20379321392472083,
    0.20606521647574125,
    0.21140303114170195,
    0.21477944804100887,
    0.2190982082691567,
    0.22559947475452446,
    0.22763307121197535,
    0.22857315833172895,
    0.2309662441037736,
    0.2334691320514055,
    0.23429114422891797,
    0.2367797428523296,
    0.23597314810358105,
    0.2383376552271852,
    0.23981660028398152,
    0.24093342378224875,
    0.2418509488111282,
    0.24375518928090104,
    0.24237739759819021,
    0.24559437572198692,
    0.24900162747882174,
    0.24733165671929147,
    0.24665592209761264,
    0.2498943342077397,
    0.24997066928186368,
    0.2507125860367732,
    0.253383561561417
  ],
  "test_accuracy": [
    0.1037,
    0.1152,
    0.1079,
    0.1064,
    0.1126,
    0.1183,
    0.1104,
    0.1163,
    0.1203,
    0.123,
    0.1267,
    0.1276,
    0.1316,
    0.1368,
    0.1378,
    0.1439,
    0.1497,
    0.1556,
    0.1711,
    0.1746,
    0.1769,
    0.1787,
    0.1828,
    0.1839,
    0.1893,
    0.1902,
    0.1944,
    0.1936,
    0.1983,
    0.1997,
    0.1953,
    0.2025,
    0.2023,
    0.204,
    0.2049,
    0.2043,
    0.2091,
    0.2069,
    0.2096,
    0.2119,
    0.2174,
    0.2225,
    0.2216,
    0.2188,
    0.2176,
    0.2242,
    0.2232,
    0.2263,
    0.2287,
    0.2287
  ]
}