{
  "setting": "setting_4",
  "train_accuracy": [
    0.12488421707968901,
    0.13408421404275997,
    0.12698254525024297,
    0.13082900570942663,
    0.1456511175898931,
    0.15312575923226435,
    0.16063171920553937,
    0.17224322764820216,
    0.1862368273202138,
    0.19506005527210882,
    0.20128575983965016,
    0.20658709912536444,
    0.21416708424441203,
    0.2192112336005831,
    0.22350279397473274,
    0.22520821944849367,
    0.22750299896744414,
    0.2300540193756074,
    0.2304583105563654,
    0.23647902241253643,
    0.2358441144314869,
    0.23602348305393586,
    0.2378987867468416,
    0.2391667046282799,
    0.24103726311953352,
    0.24447563623663748,
    0.24710637603255586,
    0.24616018282312926,
    0.2508731171039844,
    0.2516114704810496,
    0.25424315931729835,
    0.2565853908527697,
    0.25997631195335275,
    0.2622853270772595,
    0.26714915877065115,
    0.26734181395772594,
    0.2718620930515063,
    0.27534412202380953,
    0.27763415634110783,
    0.2811123891520894,
    0.28392344661078717,
    0.2885348335762877,
    0.2917862457482993,
    0.2939785289115646,
    0.29354861364188534,
    0.29868292182944606,
    0.3004357993197279,
    0.3044274629494655,
    0.30665580964528666,
    0.3076124422983479
  ],
  "test_accuracy": [
    0.122,
    0.1264,
    0.1174,
    0.1296,
    0.1371,
    0.1402,
    0.1545,
    0.167,
    0.1838,
    0.1767,
    0.179,
    0.181,
    0.1867,
    0.1867,
    0.193,
    0.1956,
    0.2011,
    0.2022,
    0.2075,
    0.2144,
    0.214,
    0.2165,
    0.2223,
    0.2264,
    0.2251,
    0.2301,
    0.2303,
    0.2331,
    0.2363,
    0.2344,
    0.2359,
    0.2411,
    0.2441,
    0.2436,
    0.2437,
    0.2478,
    0.2539,
    0.2572,
    0.2622,
    0.2716,
    0.2683,
    0.2767,
    0.2678,
    0.2722,
    0.2759,
    0.2826,
    0.2903,
    0.2822,
    0.2881,
    0.2945
  ]
}