{
  "setting": "setting_18",
  "train_accuracy": [
    0.13451450892857142,
    0.15402582908163265,
    0.19572704081632653,
    0.2098971619897959,
    0.21480389030612246,
    0.21321348852040817,
    0.22025271045918365,
    0.22521922831632654,
    0.2332469706632653,
    0.2346301020408163,
    0.23816565688775512,
    0.24143016581632654,
    0.24452726403061223,
    0.2479512117346939,
    0.2537986288265306,
    0.2564014668367347,
    0.2629344706632653,
    0.2664580676020408,
    0.2739915497448979,
    0.2833984375,
    0.28964445153061225,
    0.29482222576530615,
    0.30062579719387755,
    0.3053611288265306,
    0.30997688137755103,
    0.31593989158163266,
    0.3193239795918367,
    0.32106983418367346,
    0.32398357780612247,
    0.3283960459183673,
    0.32997448979591837,
    0.333023756377551,
    0.3367785395408163,
    0.3376674107142857,
    0.3415377869897959,
    0.34348692602040815,
    0.3416055484693878,
    0.34768016581632655,
    0.3477877869897959,
    0.351773756377551,
    0.35341996173469387,
    0.3571069834183674,
    0.35966597576530607,
    0.360140306122449,
    0.3641940369897959,
    0.36491151147959183,
    0.37010921556122445,
    0.3709343112244898,
    0.37257254464285716,
    0.37382413903061223
  ],
  "test_accuracy": [
    0.1304,
    0.1867,
    0.1951,
    0.1902,
    0.1846,
    0.1892,
    0.1989,
    0.1981,
    0.1998,
    0.2121,
    0.2181,
    0.2248,
    0.233,
    0.236,
    0.239,
    0.2433,
    0.239,
    0.2527,
    0.2584,
    0.2651,
    0.2739,
    0.2772,
    0.2847,
    0.2918,
    0.3033,
    0.3003,
    0.3091,
    0.3135,
    0.3141,
    0.319,
    0.3234,
    0.3243,
    0.3322,
    0.3325,
    0.3329,
    0.3393,
    0.3416,
    0.3428,
    0.3471,
    0.3467,
    0.3525,
    0.3533,
    0.3584,
    0.3549,
    0.3554,
    0.3629,
    0.3631,
    0.3656,
    0.3615,
    0.3639
  ]
}