{
  "setting": "setting_1",
  "train_accuracy": [
    0.18060661764705882,
    0.22288602941176472,
    0.25189817774936063,
    0.2741368286445013,
    0.2961157289002558,
    0.319693094629156,
    0.33318014705882354,
    0.3494245524296675,
    0.36451007033248084,
    0.3749600383631714,
    0.39158407928388744,
    0.40033567774936063,
    0.4138826726342711,
    0.42525175831202044,
    0.4352621483375959,
    0.4485693734015345,
    0.4586197250639386,
    0.4662523976982097,
    0.4728061061381074,
    0.4823169757033248,
    0.48875079923273657,
    0.4956042199488491,
    0.5033367966751918,
    0.5104299872122762,
    0.5174432544757033,
    0.5250159846547314,
    0.5251958120204604,
    0.5345468350383632,
    0.5405011189258312,
    0.5463954603580563,
    0.5524496483375959,
    0.5563858695652174,
    0.5599824168797954,
    0.5633591751918159,
    0.5710118286445013,
    0.5736492966751918,
    0.5765864769820972,
    0.5829403772378516,
    0.5875359654731458,
    0.5912523976982097,
    0.5972666240409207,
    0.6015824808184144,
    0.60465952685422,
    0.6064777813299232,
    0.6122722186700768,
    0.6150495524296675,
    0.6166080562659847,
    0.6223225703324808,
    0.6270979859335039,
    0.6292359335038363
  ],
  "test_accuracy": [
    0.1818,
    0.211,
    0.2493,
    0.2723,
    0.2925,
    0.3155,
    0.3383,
    0.3505,
    0.3627,
    0.3742,
    0.3949,
    0.3959,
    0.4093,
    0.4223,
    0.4369,
    0.439,
    0.4527,
    0.4547,
    0.461,
    0.4785,
    0.4835,
    0.4832,
    0.4974,
    0.498,
    0.5013,
    0.4941,
    0.5196,
    0.5203,
    0.5346,
    0.5301,
    0.5339,
    0.5437,
    0.5443,
    0.5481,
    0.551,
    0.5618,
    0.5627,
    0.5708,
    0.5672,
    0.5774,
    0.5795,
    0.5859,
    0.5862,
    0.5911,
    0.5974,
    0.6008,
    0.5911,
    0.6061,
    0.6088,
    0.6055
  ]
}