{
  "setting": "setting_9",
  "train_accuracy": [
    0.10001651330174928,
    0.10524857264334304,
    0.12775601311953352,
    0.13141835975461613,
    0.12103206237852283,
    0.11342740221088435,
    0.10905802052964043,
    0.10713241769922255,
    0.10639975856413994,
    0.10629536412779399,
    0.10725104774052478,
    0.10830543154761904,
    0.11106998603012634,
    0.11204939565111759,
    0.11436030885568513,
    0.11594900236880468,
    0.11791351585276968,
    0.11890146683673469,
    0.12179034560252672,
    0.12336859967201165,
    0.12391429786200193,
    0.12549729713313895,
    0.12682690263605442,
    0.1300897032920311,
    0.1308271076287658,
    0.13199252915451895,
    0.13336104531098153,
    0.13611705843051505,
    0.1366931259110787,
    0.13694082543731778,
    0.13849345541788144,
    0.139637049016035,
    0.1418027590500486,
    0.14172019254130222,
    0.14396182580174927,
    0.14541480654761904,
    0.1470509520772595,
    0.14815753310252672,
    0.1507303814382896,
    0.1514725309766764,
    0.15327380952380953,
    0.15554201591350827,
    0.15503617741739553,
    0.15738789935617103,
    0.1573470906219631,
    0.15814048833819241,
    0.1591066113945578,
    0.16139190051020408,
    0.15933248299319727,
    0.16138335914723032
  ],
  "test_accuracy": [
    0.0998,
    0.1145,
    0.1366,
    0.131,
    0.1217,
    0.1119,
    0.1092,
    0.1071,
    0.1073,
    0.1076,
    0.109,
    0.1107,
    0.1115,
    0.1156,
    0.1173,
    0.118,
    0.1229,
    0.1231,
    0.1257,
    0.1263,
    0.1285,
    0.1297,
    0.1316,
    0.1351,
    0.1374,
    0.1379,
    0.1378,
    0.1407,
    0.1414,
    0.1426,
    0.1452,
    0.1463,
    0.1458,
    0.1483,
    0.1509,
    0.1511,
    0.1547,
    0.154,
    0.1568,
    0.1605,
    0.1604,
    0.1601,
    0.1612,
    0.1663,
    0.1657,
    0.168,
    0.1658,
    0.1652,
    0.1684,
    0.1689
  ]
}