{
  "setting": "setting_5",
  "train_accuracy": [
    0.09958982118790913,
    0.10556764716499807,
    0.1278529763910281,
    0.1322085880342703,
    0.12255878176742395,
    0.11456954538891029,
    0.10922157778205623,
    0.1071033734838275,
    0.10616817481709664,
    0.10649532513477088,
    0.10775165756160955,
    0.10926068540623797,
    0.11129089755005776,
    0.11266116853581055,
    0.11431496979688102,
    0.11598042813823643,
    0.1181151779697728,
    0.1192184642135156,
    0.12239257436465152,
    0.12374028325953022,
    0.12440699304485944,
    0.12590586794859454,
    0.12716332847997688,
    0.1293556116432422,
    0.1315960272670389,
    0.13271397886984984,
    0.133975951819407,
    0.13606595350404313,
    0.13709628898729304,
    0.13723767809010398,
    0.13826726150365806,
    0.13973304534077782,
    0.1417324226270697,
    0.1422291646611475,
    0.14432443083365423,
    0.14563115193011167,
    0.14802010131882942,
    0.1489146882219869,
    0.15137997268482867,
    0.1516559822631883,
    0.15391783187331537,
    0.15506887454274162,
    0.15552387670870235,
    0.1574886587889873,
    0.15783385877936082,
    0.1581760504909511,
    0.1590221288987293,
    0.16127909005583366,
    0.16079776545051983,
    0.16090756762610706
  ],
  "test_accuracy": [
    0.0997,
    0.1146,
    0.1355,
    0.1327,
    0.1224,
    0.1119,
    0.1091,
    0.1071,
    0.1071,
    0.1075,
    0.1094,
    0.1119,
    0.1117,
    0.1167,
    0.1184,
    0.1184,
    0.1231,
    0.1235,
    0.1266,
    0.1264,
    0.1284,
    0.1297,
    0.1318,
    0.1346,
    0.1374,
    0.1386,
    0.1384,
    0.1409,
    0.1414,
    0.1423,
    0.1451,
    0.1465,
    0.1464,
    0.1484,
    0.1515,
    0.1513,
    0.1547,
    0.1548,
    0.1574,
    0.161,
    0.1606,
    0.1604,
    0.1608,
    0.1658,
    0.1655,
    0.1693,
    0.1655,
    0.1645,
    0.1677,
    0.1683
  ]
}