{
  "setting": "setting_30",
  "train_accuracy": [
    0.11041135204081633,
    0.14383671363592607,
    0.13941153554582209,
    0.14396682169329997,
    0.15505947367154407,
    0.1665905822824413,
    0.1849399547554871,
    0.2004085242587601,
    0.21232394048421255,
    0.21981267448016942,
    0.22219974369464768,
    0.22859572042260298,
    0.2306533831103196,
    0.22904733827493262,
    0.23113997220350405,
    0.23061502755583366,
    0.23617996726992685,
    0.23560576205718134,
    0.23791348791875241,
    0.23874452493261455,
    0.24164112136599922,
    0.24186636623989216,
    0.2439274132412399,
    0.24236950086638429,
    0.2460704358394301,
    0.24730082186176358,
    0.2490020035136696,
    0.2546511750336927,
    0.252140014319407,
    0.25464929485945326,
    0.2591526881979207,
    0.25859615662302654,
    0.2610095482768579,
    0.26209967330092415,
    0.2610599369464767,
    0.26566185141509435,
    0.26306307458124756,
    0.26863666309684253,
    0.268005300587216,
    0.2717483514632268,
    0.2699494007508664,
    0.27257788433769736,
    0.27540341018482867,
    0.27352887646804,
    0.2778145456295726,
    0.2776092306026184,
    0.2779281081536388,
    0.2790092083413554,
    0.2779446536869465,
    0.27804505499133614
  ],
  "test_accuracy": [
    0.133,
    0.1514,
    0.141,
    0.1541,
    0.1747,
    0.178,
    0.1974,
    0.2144,
    0.2206,
    0.2291,
    0.2379,
    0.2326,
    0.2321,
    0.2348,
    0.2414,
    0.2434,
    0.2416,
    0.2424,
    0.2489,
    0.2443,
    0.2513,
    0.2516,
    0.2555,
    0.2512,
    0.2559,
    0.2575,
    0.263,
    0.2552,
    0.2571,
    0.2647,
    0.267,
    0.2717,
    0.2674,
    0.2676,
    0.273,
    0.2805,
    0.2775,
    0.2836,
    0.2809,
    0.2854,
    0.2762,
    0.2813,
    0.2881,
    0.2885,
    0.2819,
    0.285,
    0.2856,
    0.2843,
    0.2836,
    0.285
  ]
}