{
  "setting": "setting_17",
  "train_accuracy": [
    0.09985214194373401,
    0.09986013427109974,
    0.10057544757033249,
    0.10418398337595908,
    0.112735773657289,
    0.12386109335038363,
    0.13494245524296675,
    0.13429907289002557,
    0.13334798593350383,
    0.12951566496163683,
    0.12597506393861893,
    0.11996882992327365,
    0.11738331202046036,
    0.11365089514066497,
    0.11150895140664963,
    0.1086996483375959,
    0.10808423913043477,
    0.10737691815856777,
    0.10718510230179028,
    0.1072610294117647,
    0.10629395780051151,
    0.1061500959079284,
    0.10677349744245525,
    0.10644181585677749,
    0.1071731138107417,
    0.10814418158567775,
    0.10837196291560103,
    0.10862372122762147,
    0.10940297314578004,
    0.11020620204603582,
    0.11105738491048593,
    0.11203244884910486,
    0.11254395780051152,
    0.11279971227621483,
    0.11443813938618926,
    0.11528932225063938,
    0.11501358695652174,
    0.1162763746803069,
    0.11746323529411765,
    0.11778292838874681,
    0.11890185421994885,
    0.11908967391304348,
    0.11956521739130435,
    0.12093190537084399,
    0.12122362531969309,
    0.12166719948849104,
    0.12114769820971867,
    0.12402893222506393,
    0.12389705882352942,
    0.12432864450127877
  ],
  "test_accuracy": [
    0.0995,
    0.0991,
    0.1,
    0.1051,
    0.1124,
    0.1283,
    0.1373,
    0.138,
    0.1321,
    0.1304,
    0.1282,
    0.1197,
    0.1187,
    0.1162,
    0.1125,
    0.11,
    0.111,
    0.1099,
    0.1092,
    0.1088,
    0.1085,
    0.1073,
    0.1083,
    0.1085,
    0.1091,
    0.1094,
    0.1095,
    0.11,
    0.1113,
    0.1117,
    0.113,
    0.1149,
    0.114,
    0.1153,
    0.1171,
    0.1175,
    0.1194,
    0.1201,
    0.1187,
    0.121,
    0.1208,
    0.1228,
    0.1232,
    0.1223,
    0.1255,
    0.1257,
    0.1256,
    0.1258,
    0.1275,
    0.1277
  ]
}