{
  "setting": "setting_7",
  "train_accuracy": [
    0.11482177109974426,
    0.11005834398976981,
    0.10639386189258312,
    0.11140105498721227,
    0.11883391943734015,
    0.12492007672634271,
    0.13161365089514065,
    0.13638107416879797,
    0.14287883631713555,
    0.15007592710997442,
    0.15485933503836316,
    0.1571171675191816,
    0.16156090153452685,
    0.16590872762148337,
    0.172582320971867,
    0.18080642583120204,
    0.19078484654731456,
    0.19523657289002558,
    0.2013027493606138,
    0.2061940537084399,
    0.2134670716112532,
    0.20983056265984656,
    0.2089713874680307,
    0.20907129156010232,
    0.2125359654731458,
    0.21490968670076724,
    0.21998081841432227,
    0.22278212915601023,
    0.2223345588235294,
    0.2229619565217391,
    0.22363730818414324,
    0.22499200767263428,
    0.2285286125319693,
    0.22994325447570335,
    0.2283367966751918,
    0.2287244245524297,
    0.2283367966751918,
    0.2309023337595908,
    0.23395939897698212,
    0.23303228900255754,
    0.23351982097186702,
    0.23400735294117647,
    0.23484654731457802,
    0.23535805626598466,
    0.23614130434782607,
    0.23546994884910485,
    0.23849504475703326,
    0.23814737851662401,
    0.23826326726342711,
    0.23887867647058822
  ],
  "test_accuracy": [
    0.1284,
    0.1065,
    0.1104,
    0.1162,
    0.126,
    0.1319,
    0.1392,
    0.1468,
    0.1515,
    0.1601,
    0.163,
    0.1684,
    0.1709,
    0.1736,
    0.1828,
    0.1959,
    0.2006,
    0.212,
    0.219,
    0.2216,
    0.2216,
    0.2178,
    0.2198,
    0.2178,
    0.2223,
    0.23,
    0.2291,
    0.2246,
    0.2286,
    0.2291,
    0.2312,
    0.2315,
    0.2364,
    0.234,
    0.2356,
    0.2354,
    0.2416,
    0.2407,
    0.2424,
    0.2436,
    0.2414,
    0.2398,
    0.2467,
    0.2399,
    0.2412,
    0.2428,
    0.2458,
    0.2452,
    0.2468,
    0.2466
  ]
}