{
  "setting": "setting_15",
  "train_accuracy": [
    0.09985304558144012,
    0.09973685081343858,
    0.09980716932999616,
    0.09949581247593377,
    0.09978159896033886,
    0.10005234405082787,
    0.09943978328359647,
    0.09999255451001154,
    0.09997525690700808,
    0.10039453576241818,
    0.10044078804871005,
    0.10128949870042357,
    0.10155460326819407,
    0.1030658873219099,
    0.10384728773584906,
    0.10503066940219484,
    0.10673297915864459,
    0.10863045100115519,
    0.11308947222757026,
    0.11326996895456296,
    0.11729391786195612,
    0.12033904806026184,
    0.12531737341162882,
    0.1264026099826723,
    0.12976624169715056,
    0.13213563727377745,
    0.13380899234693877,
    0.1351897923084328,
    0.1357102245379284,
    0.13507359754043127,
    0.1352687596264921,
    0.134765625,
    0.13469342630920292,
    0.13275083028494417,
    0.132732404577397,
    0.13201004163457836,
    0.13079620114555257,
    0.13082327565460147,
    0.1311714839237582,
    0.12865731493068924,
    0.12907884999518673,
    0.12706781562860994,
    0.1265812265354255,
    0.12351767062957258,
    0.12277349766557566,
    0.12260014560069311,
    0.12182852209279939,
    0.11927110909222179,
    0.11813435574701578,
    0.1178455609838275
  ],
  "test_accuracy": [
    0.0995,
    0.0993,
    0.0986,
    0.0992,
    0.0996,
    0.0997,
    0.0989,
    0.1,
    0.0994,
    0.0998,
    0.101,
    0.1003,
    0.1003,
    0.1025,
    0.1021,
    0.1062,
    0.1081,
    0.108,
    0.1087,
    0.111,
    0.1158,
    0.1197,
    0.1228,
    0.128,
    0.1319,
    0.1326,
    0.1339,
    0.1336,
    0.133,
    0.1375,
    0.1369,
    0.1356,
    0.1328,
    0.1332,
    0.1357,
    0.133,
    0.135,
    0.1338,
    0.1307,
    0.1334,
    0.1299,
    0.1299,
    0.1264,
    0.1261,
    0.1253,
    0.1263,
    0.1247,
    0.1218,
    0.1212,
    0.1224
  ]
}