{
  "setting": "setting_11",
  "train_accuracy": [
    0.10072330562659847,
    0.1261588874680307,
    0.11998481457800511,
    0.11019421355498721,
    0.10597826086956522,
    0.10585837595907928,
    0.10699728260869565,
    0.1091951726342711,
    0.11313139386189258,
    0.11698769181585678,
    0.11882592710997443,
    0.12194293478260869,
    0.12436061381074169,
    0.12599904092071612,
    0.1293957800511509,
    0.13159367007672634,
    0.13409127237851662,
    0.13533008312020461,
    0.13734814578005114,
    0.13912643861892582,
    0.14090473145780052,
    0.14460118286445012,
    0.14815776854219948,
    0.14991608056265984,
    0.15187420076726343,
    0.15397218670076726,
    0.15529092071611253,
    0.15726902173913043,
    0.15956681585677748,
    0.16222426470588236,
    0.16194453324808183,
    0.16494165601023017,
    0.1675591432225064,
    0.16767902813299232,
    0.16897778132992328,
    0.17227461636828645,
    0.1757512787723785,
    0.1808463874680307,
    0.18440297314578005,
    0.1844429347826087,
    0.19051710358056265,
    0.19313459079283887,
    0.19499280690537085,
    0.1972906010230179,
    0.20162643861892582,
    0.20246563299232737,
    0.2050831202046036,
    0.2039442135549872,
    0.20921914961636828,
    0.20917918797953963
  ],
  "test_accuracy": [
    0.1079,
    0.1296,
    0.1221,
    0.1079,
    0.1055,
    0.1076,
    0.1097,
    0.1117,
    0.1169,
    0.1194,
    0.1217,
    0.1263,
    0.1283,
    0.1313,
    0.133,
    0.1384,
    0.1395,
    0.1399,
    0.1447,
    0.1467,
    0.1492,
    0.1542,
    0.1548,
    0.1589,
    0.1578,
    0.1613,
    0.1631,
    0.1657,
    0.1689,
    0.1688,
    0.1681,
    0.1708,
    0.1717,
    0.1768,
    0.1813,
    0.1835,
    0.1863,
    0.1913,
    0.195,
    0.2002,
    0.203,
    0.2007,
    0.2041,
    0.2131,
    0.2091,
    0.2161,
    0.2108,
    0.2171,
    0.2235,
    0.219
  ]
}