{
  "setting": "setting_8",
  "train_accuracy": [
    0.10271843112244898,
    0.1286591198979592,
    0.11656568877551021,
    0.10740991709183673,
    0.1057158801020408,
    0.10751355229591837,
    0.1098812181122449,
    0.11417012117346939,
    0.11772161989795919,
    0.12182716836734694,
    0.12437021683673469,
    0.12822066326530612,
    0.13088329081632652,
    0.13376514668367348,
    0.1364357461734694,
    0.13809789540816325,
    0.1419642857142857,
    0.14419642857142856,
    0.1481624681122449,
    0.15107222576530613,
    0.1543048469387755,
    0.1562579719387755,
    0.15835060586734692,
    0.1599410076530612,
    0.16164301658163266,
    0.16211336096938775,
    0.1653858418367347,
    0.16735889668367346,
    0.1680644132653061,
    0.1725964604591837,
    0.17683354591836734,
    0.18110251913265307,
    0.18617267219387754,
    0.1895129145408163,
    0.19072066326530612,
    0.19561144770408162,
    0.1970782844387755,
    0.2002909757653061,
    0.20286591198979592,
    0.2039142219387755,
    0.2064373405612245,
    0.2109295280612245,
    0.21033561862244896,
    0.20942681760204082,
    0.2106983418367347,
    0.21166294642857142,
    0.21221301020408162,
    0.21201769770408166,
    0.21381536989795918,
    0.21334103954081635
  ],
  "test_accuracy": [
    0.1124,
    0.1302,
    0.1145,
    0.1065,
    0.1067,
    0.1093,
    0.1133,
    0.1179,
    0.1222,
    0.1263,
    0.128,
    0.1342,
    0.1374,
    0.1391,
    0.1409,
    0.1469,
    0.1484,
    0.1505,
    0.1561,
    0.1598,
    0.1627,
    0.1673,
    0.1668,
    0.1667,
    0.1684,
    0.1722,
    0.169,
    0.1729,
    0.1792,
    0.185,
    0.1867,
    0.1918,
    0.1947,
    0.2,
    0.2023,
    0.2113,
    0.2098,
    0.2131,
    0.2127,
    0.2185,
    0.2187,
    0.219,
    0.217,
    0.2249,
    0.2204,
    0.2181,
    0.2186,
    0.2235,
    0.2263,
    0.2247
  ]
}