{
  "setting": "setting_12",
  "train_accuracy": [
    0.09970028772378517,
    0.10205003196930945,
    0.11718350383631713,
    0.13389546035805627,
    0.12777333759590792,
    0.12215073529411764,
    0.11402653452685423,
    0.10957081202046036,
    0.10789641943734016,
    0.1063618925831202,
    0.1057105179028133,
    0.10629795396419438,
    0.10818414322250638,
    0.10797234654731458,
    0.10926710358056267,
    0.11053788363171355,
    0.11240009590792838,
    0.11377078005115089,
    0.11549712276214832,
    0.11724744245524296,
    0.11739929667519182,
    0.11867007672634271,
    0.12117567135549873,
    0.12299792199488492,
    0.12340153452685422,
    0.12470028772378516,
    0.12604299872122762,
    0.12659446930946291,
    0.1293598145780051,
    0.12878037084398977,
    0.13109414961636828,
    0.13172554347826088,
    0.13317615089514065,
    0.13463075447570333,
    0.1347106777493606,
    0.1361373081841432,
    0.1375239769820972,
    0.1379275895140665,
    0.13907848465473147,
    0.14044916879795397,
    0.13960597826086957,
    0.14175591432225065,
    0.1427389705882353,
    0.14540041560102301,
    0.14563219309462916,
    0.1481018222506394,
    0.1474704283887468,
    0.15032368925831202,
    0.1495724104859335,
    0.1519221547314578
  ],
  "test_accuracy": [
    0.0989,
    0.1061,
    0.1284,
    0.134,
    0.1284,
    0.1176,
    0.1141,
    0.1098,
    0.1078,
    0.107,
    0.1076,
    0.1084,
    0.1085,
    0.111,
    0.1107,
    0.1109,
    0.1149,
    0.1161,
    0.1193,
    0.1205,
    0.1206,
    0.1213,
    0.1236,
    0.1251,
    0.1293,
    0.1284,
    0.1298,
    0.1315,
    0.1332,
    0.1342,
    0.1371,
    0.137,
    0.1392,
    0.1422,
    0.1428,
    0.1414,
    0.1428,
    0.1436,
    0.1433,
    0.1446,
    0.1473,
    0.1483,
    0.1498,
    0.1522,
    0.1544,
    0.1561,
    0.1552,
    0.1537,
    0.1595,
    0.1565
  ]
}