{
  "setting": "setting_28",
  "train_accuracy": [
    0.13408402423469387,
    0.17636320153061225,
    0.21510283801020408,
    0.23033322704081635,
    0.24138632015306122,
    0.24825015943877551,
    0.2524314413265306,
    0.2610530931122449,
    0.2650749362244898,
    0.2659000318877551,
    0.26875,
    0.27657844387755104,
    0.2787428252551021,
    0.28623246173469385,
    0.28788663903061223,
    0.29112723214285713,
    0.2926060267857143,
    0.2952208227040816,
    0.29642458545918365,
    0.2971779336734694,
    0.3011519451530612,
    0.30177774234693877,
    0.30570392219387754,
    0.30891661352040817,
    0.30751753826530615,
    0.3118861607142857,
    0.3134845344387755,
    0.315445631377551,
    0.3185307716836735,
    0.31944754464285713,
    0.32320232780612246,
    0.32545838647959185,
    0.32203842474489797,
    0.3267099808673469,
    0.3266860650510204,
    0.32734375,
    0.32747130102040817,
    0.32910953443877555,
    0.3318957270408163,
    0.33122608418367344,
    0.3332509566326531,
    0.3364317602040816,
    0.3397201849489796,
    0.33803810586734695,
    0.3393614477040816,
    0.34341517857142856,
    0.34434789540816324,
    0.34584263392857145,
    0.3475805165816327,
    0.3469666772959184
  ],
  "test_accuracy": [
    0.1625,
    0.2073,
    0.2297,
    0.2457,
    0.2496,
    0.2582,
    0.2626,
    0.27,
    0.2688,
    0.2854,
    0.279,
    0.2883,
    0.2919,
    0.2908,
    0.2962,
    0.3001,
    0.309,
    0.306,
    0.3072,
    0.3031,
    0.3127,
    0.3112,
    0.3192,
    0.3158,
    0.3198,
    0.3233,
    0.3217,
    0.3169,
    0.3095,
    0.326,
    0.3281,
    0.3323,
    0.3321,
    0.3354,
    0.3358,
    0.3369,
    0.3398,
    0.3404,
    0.3379,
    0.3363,
    0.3368,
    0.343,
    0.3417,
    0.3472,
    0.3472,
    0.3469,
    0.3521,
    0.3555,
    0.3563,
    0.3516
  ]
}