{
  "setting": "setting_27",
  "train_accuracy": [
    0.15099104859335039,
    0.21879795396419435,
    0.24667918797953964,
    0.2624200767263427,
    0.26440217391304344,
    0.2739410166240409,
    0.28225303708439897,
    0.2883631713554987,
    0.29799392583120204,
    0.2996843030690537,
    0.3038642902813299,
    0.31073769181585675,
    0.31441815856777494,
    0.31775095907928386,
    0.32179108056265987,
    0.3292319373401535,
    0.3227062020460358,
    0.3275215792838875,
    0.33318014705882354,
    0.33504635549872125,
    0.3338554987212276,
    0.33253676470588234,
    0.3370324488491048,
    0.3439058503836317,
    0.34463714833759596,
    0.3490089514066496,
    0.34892503196930946,
    0.35057944373401534,
    0.34603580562659847,
    0.350883152173913,
    0.35368046675191817,
    0.35622602301790285,
    0.3563539002557545,
    0.36168078644501284,
    0.3673193734015345,
    0.3736572890025575,
    0.37193094629156015,
    0.3784526854219949,
    0.37835677749360613,
    0.37949168797953964,
    0.37963954603580563,
    0.38290041560102306,
    0.38814737851662406,
    0.387763746803069,
    0.3893781969309463,
    0.38747202685421994,
    0.38978980179028133,
    0.3899616368286445,
    0.39001758312020457,
    0.39277493606138103
  ],
  "test_accuracy": [
    0.2174,
    0.2435,
    0.2657,
    0.2705,
    0.2646,
    0.2835,
    0.2935,
    0.2973,
    0.3033,
    0.3125,
    0.3106,
    0.3154,
    0.3262,
    0.333,
    0.325,
    0.3279,
    0.3295,
    0.3368,
    0.3358,
    0.3401,
    0.3336,
    0.3427,
    0.3437,
    0.3476,
    0.3554,
    0.3475,
    0.3595,
    0.3534,
    0.3509,
    0.3502,
    0.36,
    0.3686,
    0.3587,
    0.3763,
    0.373,
    0.3822,
    0.3752,
    0.3861,
    0.3907,
    0.3834,
    0.3839,
    0.3916,
    0.3868,
    0.3946,
    0.391,
    0.3919,
    0.3923,
    0.3861,
    0.4023,
    0.3981
  ]
}