{
  "setting": "setting_23",
  "train_accuracy": [
    0.11350845025510203,
    0.13885124362244897,
    0.1639030612244898,
    0.19078443877551018,
    0.21242825255102038,
    0.2196627869897959,
    0.22722018494897958,
    0.23197544642857143,
    0.23513632015306124,
    0.23656329719387753,
    0.24228714923469388,
    0.24654017857142857,
    0.24945392219387755,
    0.2526985012755102,
    0.2552535076530612,
    0.2596460459183674,
    0.25998086734693876,
    0.2640545280612245,
    0.26287866709183677,
    0.2674067283163265,
    0.2675900829081633,
    0.268734056122449,
    0.2712013711734694,
    0.2753388073979592,
    0.2777742346938776,
    0.28013392857142855,
    0.2817362882653061,
    0.28329878826530613,
    0.283805006377551,
    0.2839325573979592,
    0.2880181760204082,
    0.2892578125,
    0.2879583864795918,
    0.2897241709183674,
    0.2925502232142857,
    0.29249441964285716,
    0.2946906887755102,
    0.2959024234693878,
    0.2968311543367347,
    0.2958864795918367,
    0.2972297512755102,
    0.29962133290816323,
    0.3016860650510204,
    0.2987842793367347,
    0.3011439732142857,
    0.3039421237244898,
    0.3037826849489796,
    0.30551658163265305,
    0.30568399234693877,
    0.30512994260204085
  ],
  "test_accuracy": [
    0.1287,
    0.1619,
    0.1852,
    0.2094,
    0.2215,
    0.2293,
    0.2339,
    0.2423,
    0.2388,
    0.2509,
    0.2483,
    0.2508,
    0.2534,
    0.2635,
    0.2678,
    0.2715,
    0.2805,
    0.2713,
    0.2785,
    0.2671,
    0.2778,
    0.2814,
    0.2862,
    0.2815,
    0.2956,
    0.29,
    0.291,
    0.2905,
    0.2797,
    0.2915,
    0.2891,
    0.2999,
    0.298,
    0.298,
    0.3043,
    0.3017,
    0.306,
    0.3085,
    0.3052,
    0.3074,
    0.2995,
    0.3084,
    0.3073,
    0.3094,
    0.3071,
    0.3098,
    0.3128,
    0.3147,
    0.3133,
    0.3119
  ]
}