{
  "setting": "setting_25",
  "train_accuracy": [
    0.11658245992972661,
    0.10920653638814015,
    0.11153945658452061,
    0.11952004416153254,
    0.12812973803908356,
    0.13239886166730844,
    0.14168692241047362,
    0.1496761587889873,
    0.1565120962889873,
    0.16057853713419332,
    0.16388501155179053,
    0.1684929425779746,
    0.17847930003369272,
    0.18674266581632654,
    0.19230722949557183,
    0.19503348214285715,
    0.20433583221024257,
    0.20947547651135928,
    0.21196181892568347,
    0.21270260757604928,
    0.2190466914949942,
    0.2188003886696188,
    0.22216665262803234,
    0.2211261642038891,
    0.22304356589333846,
    0.2244018037639584,
    0.22897137923565652,
    0.23038113388043896,
    0.22771053439064307,
    0.23077597047073548,
    0.2316555159799769,
    0.2311050009626492,
    0.23181758699942243,
    0.23185331030997305,
    0.2321048776232191,
    0.23390157212649212,
    0.23295358827493262,
    0.23652591932999614,
    0.23639129885444743,
    0.23779654108105508,
    0.23883928571428573,
    0.2382007785425491,
    0.24111880896226418,
    0.24043705778301888,
    0.24209649956680784,
    0.24257707210242588,
    0.245670334761263,
    0.2455699334568733,
    0.24629380053908356,
    0.24498143891990756
  ],
  "test_accuracy": [
    0.1266,
    0.1081,
    0.1191,
    0.1272,
    0.1352,
    0.1416,
    0.1523,
    0.1613,
    0.1616,
    0.1693,
    0.1685,
    0.1829,
    0.1928,
    0.1959,
    0.2055,
    0.2137,
    0.2171,
    0.2194,
    0.2263,
    0.228,
    0.2256,
    0.2312,
    0.2325,
    0.2298,
    0.2361,
    0.2382,
    0.235,
    0.2335,
    0.2336,
    0.2329,
    0.2359,
    0.2404,
    0.241,
    0.239,
    0.2406,
    0.2399,
    0.2437,
    0.2456,
    0.2467,
    0.2491,
    0.2457,
    0.2452,
    0.2476,
    0.2467,
    0.2476,
    0.2513,
    0.2519,
    0.2541,
    0.2514,
    0.256
  ]
}