{
  "setting": "setting_16",
  "train_accuracy": [
    0.09956441815856777,
    0.10224184782608696,
    0.12026454603580562,
    0.1337116368286445,
    0.13065457161125318,
    0.12152333759590793,
    0.11349104859335038,
    0.1091951726342711,
    0.10773657289002557,
    0.10697730179028132,
    0.10713714833759591,
    0.10697730179028132,
    0.1083959398976982,
    0.10853580562659847,
    0.11029411764705882,
    0.11209239130434782,
    0.11407049232736573,
    0.11494964833759591,
    0.11622842071611253,
    0.11826646419437341,
    0.11938539002557545,
    0.12066416240409207,
    0.12244245524296675,
    0.1238411125319693,
    0.1238411125319693,
    0.12593909846547316,
    0.1265385230179028,
    0.12749760230179027,
    0.12945572250639387,
    0.12955562659846548,
    0.13141384271099743,
    0.13241288363171355,
    0.13357177109974425,
    0.13417119565217392,
    0.13554987212276215,
    0.13722826086956522,
    0.1382872442455243,
    0.13948609335038364,
    0.1407249040920716,
    0.14126438618925832,
    0.14230338874680307,
    0.1440417199488491,
    0.14542039641943735,
    0.146639226342711,
    0.14779811381074168,
    0.1495164641943734,
    0.1495963874680307,
    0.15143462276214834,
    0.15141464194373402,
    0.15375239769820973
  ],
  "test_accuracy": [
    0.0992,
    0.1067,
    0.1299,
    0.1347,
    0.1295,
    0.1206,
    0.1136,
    0.1093,
    0.1083,
    0.1085,
    0.1079,
    0.1085,
    0.1092,
    0.1115,
    0.1118,
    0.1122,
    0.1165,
    0.1169,
    0.1202,
    0.1211,
    0.1231,
    0.1235,
    0.1253,
    0.128,
    0.1296,
    0.1296,
    0.1304,
    0.1325,
    0.1345,
    0.1353,
    0.1369,
    0.1373,
    0.1396,
    0.142,
    0.1432,
    0.1425,
    0.144,
    0.1445,
    0.145,
    0.1488,
    0.1507,
    0.1489,
    0.1517,
    0.1541,
    0.156,
    0.1567,
    0.1569,
    0.1559,
    0.1615,
    0.1586
  ]
}