{
  "setting": "setting_19",
  "train_accuracy": [
    0.09990547558309039,
    0.09970427903304178,
    0.09974603680758018,
    0.09960842595966958,
    0.09975078200923228,
    0.0997735589771623,
    0.09959419035471331,
    0.10008294612487852,
    0.0999329977526725,
    0.10009907981049562,
    0.10048628826530612,
    0.10068273961370262,
    0.10196679118075802,
    0.10286363429300292,
    0.10371966867103985,
    0.10553328474246843,
    0.1071513985058309,
    0.1085417425898931,
    0.11152362730806609,
    0.11370736910835763,
    0.1174475370505345,
    0.12042277848639456,
    0.12465739644071915,
    0.12660957240038873,
    0.12985149416909622,
    0.13186345966958213,
    0.13404625242954324,
    0.13576591350826045,
    0.135678601797862,
    0.13560267857142858,
    0.13530942510932945,
    0.13548974277210885,
    0.1341867103984451,
    0.13207794278425655,
    0.1337529989674441,
    0.13266729682944606,
    0.13068285349854228,
    0.132038083090379,
    0.13135951925413022,
    0.12862628310252672,
    0.12869746112730807,
    0.128438373117104,
    0.12627456116375121,
    0.1236779868197279,
    0.12224208879980564,
    0.12218229925898931,
    0.12189284195821186,
    0.11919187317784256,
    0.11814033649173955,
    0.11891854956268222
  ],
  "test_accuracy": [
    0.0995,
    0.0992,
    0.0986,
    0.0992,
    0.0996,
    0.0997,
    0.099,
    0.1001,
    0.0994,
    0.0998,
    0.101,
    0.1001,
    0.1003,
    0.1026,
    0.1021,
    0.1064,
    0.1079,
    0.1081,
    0.1091,
    0.1116,
    0.1161,
    0.1197,
    0.1225,
    0.1275,
    0.1316,
    0.1325,
    0.1337,
    0.1339,
    0.1336,
    0.1372,
    0.1373,
    0.1356,
    0.1329,
    0.1339,
    0.1364,
    0.1333,
    0.1354,
    0.1341,
    0.1308,
    0.1338,
    0.13,
    0.1297,
    0.1276,
    0.1258,
    0.1247,
    0.1251,
    0.1244,
    0.1228,
    0.1214,
    0.1221
  ]
}