{
  "setting": "setting_1",
  "train_accuracy": [
    0.1101742327365729,
    0.1273377557544757,
    0.15169437340153452,
    0.17111572890025575,
    0.192894820971867,
    0.20562260230179027,
    0.2149736253196931,
    0.22438459079283887,
    0.22374520460358055,
    0.2316775895140665,
    0.23295636189258312,
    0.2344749040920716,
    0.23911045396419436,
    0.24042918797953963,
    0.2427269820971867,
    0.2468430306905371,
    0.24872122762148338,
    0.25481537723785164,
    0.261409047314578,
    0.26694373401534527,
    0.26614450127877237,
    0.2673233695652174,
    0.27239849744245526,
    0.2736173273657289,
    0.2737971547314578,
    0.2791719948849105,
    0.2809702685421995,
    0.2819493286445013,
    0.2844669117647059,
    0.28622522378516624,
    0.28562579923273657,
    0.28638507033248084,
    0.28858296035805625,
    0.2930786445012788,
    0.2927389705882353,
    0.2954164002557545,
    0.29413762787723785,
    0.29164002557544755,
    0.2938179347826087,
    0.29649536445012786,
    0.2961357097186701,
    0.29641544117647056,
    0.2948169757033248,
    0.29899296675191817,
    0.3023497442455243,
    0.30169037723785164,
    0.30139066496163686,
    0.3024296675191816,
    0.305306905370844,
    0.30668558184143224
  ],
  "test_accuracy": [
    0.1195,
    0.1445,
    0.1686,
    0.1912,
    0.2104,
    0.2108,
    0.2229,
    0.2259,
    0.2378,
    0.2342,
    0.2448,
    0.2444,
    0.2424,
    0.2437,
    0.26,
    0.2535,
    0.2641,
    0.2666,
    0.2809,
    0.2779,
    0.2821,
    0.2802,
    0.2823,
    0.2767,
    0.295,
    0.2899,
    0.2985,
    0.2927,
    0.2843,
    0.2921,
    0.2969,
    0.3011,
    0.2992,
    0.302,
    0.2994,
    0.3011,
    0.301,
    0.3088,
    0.3065,
    0.3074,
    0.2968,
    0.3038,
    0.303,
    0.3046,
    0.3072,
    0.3077,
    0.3021,
    0.3082,
    0.3169,
    0.3129
  ]
}