{
  "setting": "setting_2",
  "train_accuracy": [
    0.11088554987212276,
    0.10993046675191816,
    0.12246243606138107,
    0.13343190537084398,
    0.14404971227621483,
    0.157193094629156,
    0.16364290281329924,
    0.17606297953964195,
    0.18917039641943734,
    0.1953125,
    0.20596627237851664,
    0.21194453324808182,
    0.21409047314578003,
    0.21886189258312022,
    0.22189498081841433,
    0.2228900255754476,
    0.22728980179028133,
    0.22829683503836315,
    0.22914002557544758,
    0.23171355498721227,
    0.23286445012787724,
    0.23146179667519182,
    0.2356098145780051,
    0.23321211636828643,
    0.2372282608695652,
    0.23680866368286443,
    0.2393062659846547,
    0.24217151534526857,
    0.2442535166240409,
    0.2427309782608696,
    0.2458599744245524,
    0.24663123401534526,
    0.24915281329923275,
    0.2494844948849105,
    0.24906489769820972,
    0.2501998081841432,
    0.25291719948849106,
    0.2572090792838875,
    0.260789641943734,
    0.25908727621483374,
    0.2609454923273657,
    0.26429827365728903,
    0.2631074168797954,
    0.263207320971867,
    0.26574888107416883,
    0.2650535485933504,
    0.26926150895140666,
    0.26909367007672635,
    0.2724504475703325,
    0.2699968030690537
  ],
  "test_accuracy": [
    0.1055,
    0.1185,
    0.1322,
    0.1445,
    0.1609,
    0.1636,
    0.1741,
    0.1911,
    0.1959,
    0.2128,
    0.2196,
    0.2177,
    0.2195,
    0.2225,
    0.2314,
    0.2366,
    0.2341,
    0.2371,
    0.2407,
    0.2393,
    0.2424,
    0.2424,
    0.2455,
    0.2469,
    0.2483,
    0.2522,
    0.2495,
    0.2476,
    0.2513,
    0.2532,
    0.2513,
    0.2553,
    0.258,
    0.2592,
    0.2616,
    0.267,
    0.2662,
    0.2732,
    0.2717,
    0.2741,
    0.2703,
    0.2734,
    0.2728,
    0.2765,
    0.2777,
    0.275,
    0.2774,
    0.2769,
    0.2777,
    0.2805
  ]
}