{
  "setting": "setting_10",
  "train_accuracy": [
    0.09981732227088949,
    0.10031895275799,
    0.10189980325856758,
    0.10861503357239122,
    0.1227046832884097,
    0.1340007701193685,
    0.13485023284077782,
    0.1314098900173277,
    0.12712760516942626,
    0.11938241540720061,
    0.11544119416634578,
    0.1116680605025029,
    0.10960851764054678,
    0.10790131943107432,
    0.10760124362244898,
    0.10667582186176357,
    0.10620878658067,
    0.10640958918944937,
    0.10625127851848286,
    0.10708494777628032,
    0.1071323281671159,
    0.10783137694936465,
    0.1084221276954178,
    0.10976983659029649,
    0.1099533415960724,
    0.11139581127262226,
    0.11241712191952254,
    0.11342414324220254,
    0.11368247918271082,
    0.11477034799768965,
    0.11602103990180979,
    0.1164237732239122,
    0.11807531827589526,
    0.1183494476800154,
    0.11875142893242203,
    0.11980658271563342,
    0.12023676658163265,
    0.12212934997112052,
    0.12327437608298036,
    0.12358347672795535,
    0.12411744621197536,
    0.12469691591259144,
    0.12584871065171352,
    0.12542679955236813,
    0.12648044919618792,
    0.12814402736330383,
    0.12934545870234887,
    0.12945413277339238,
    0.1303577445128995,
    0.13033631052656913
  ],
  "test_accuracy": [
    0.0995,
    0.0996,
    0.1032,
    0.1142,
    0.1286,
    0.1383,
    0.1347,
    0.1319,
    0.1261,
    0.1205,
    0.1177,
    0.1129,
    0.1114,
    0.1104,
    0.1088,
    0.1079,
    0.1085,
    0.1091,
    0.1082,
    0.1086,
    0.1096,
    0.1092,
    0.1111,
    0.1112,
    0.1122,
    0.1126,
    0.1135,
    0.1143,
    0.1151,
    0.1182,
    0.1188,
    0.1207,
    0.1204,
    0.1214,
    0.1232,
    0.1241,
    0.1242,
    0.1258,
    0.1248,
    0.1262,
    0.1266,
    0.1294,
    0.1286,
    0.13,
    0.1318,
    0.1312,
    0.1332,
    0.1343,
    0.1364,
    0.1353
  ]
}