{
  "setting": "setting_29",
  "train_accuracy": [
    0.12847348760932945,
    0.1395003872084548,
    0.1632339877915452,
    0.19319234390184645,
    0.21547675990038873,
    0.2220773353984451,
    0.22851087979834792,
    0.2321400100218659,
    0.2364590925655977,
    0.23797281189261418,
    0.24224823858114672,
    0.2462247175655977,
    0.24901584517735667,
    0.2500540952988338,
    0.25623994017249757,
    0.2590424562682216,
    0.2605296024659864,
    0.26381518008989313,
    0.2657085155490768,
    0.26812761935131196,
    0.2710886251822157,
    0.27215914267492713,
    0.27599326560981535,
    0.2759534059159378,
    0.2789362396744412,
    0.27984636935131196,
    0.2809776254251701,
    0.2831907874757046,
    0.28430401178328474,
    0.284751958819242,
    0.2893614477040816,
    0.2880688547740525,
    0.288837577441691,
    0.2907935495626822,
    0.2929734952016521,
    0.2931329339771623,
    0.29067491952137997,
    0.2912443437196307,
    0.2943866162536443,
    0.2948867605077745,
    0.29564409469144803,
    0.2971340880102041,
    0.3002127748420797,
    0.2980745869776482,
    0.3007774538386783,
    0.30138768677113703,
    0.3013003750607386,
    0.303422429239553,
    0.306038933430515,
    0.3049987852283771
  ],
  "test_accuracy": [
    0.1518,
    0.1547,
    0.1835,
    0.2151,
    0.2239,
    0.2401,
    0.2373,
    0.2418,
    0.2366,
    0.2499,
    0.2495,
    0.2494,
    0.2532,
    0.258,
    0.2712,
    0.2684,
    0.28,
    0.2741,
    0.2807,
    0.2725,
    0.282,
    0.2807,
    0.289,
    0.2843,
    0.2937,
    0.2899,
    0.295,
    0.2865,
    0.2839,
    0.2909,
    0.2943,
    0.3,
    0.2963,
    0.2966,
    0.2974,
    0.3018,
    0.3059,
    0.3046,
    0.3039,
    0.3073,
    0.2964,
    0.3021,
    0.3077,
    0.3077,
    0.3035,
    0.3076,
    0.3099,
    0.3091,
    0.3113,
    0.3115
  ]
}