{
  "setting": "setting_22",
  "train_accuracy": [
    0.12431265984654732,
    0.1763626918158568,
    0.21880594629156008,
    0.23434702685421996,
    0.23800351662404093,
    0.24574008951406648,
    0.2501678388746803,
    0.257752557544757,
    0.26147698209718667,
    0.26457400895140665,
    0.2702085997442455,
    0.2759630754475703,
    0.28541799872122764,
    0.2863610933503836,
    0.28987771739130436,
    0.29101262787723786,
    0.29221547314578006,
    0.2964234335038363,
    0.30143462276214833,
    0.3048873081841432,
    0.30726902173913045,
    0.3052389705882353,
    0.30973865089514063,
    0.31247202685421993,
    0.3118046675191816,
    0.31531329923273654,
    0.3175471547314578,
    0.3181705562659846,
    0.31974504475703325,
    0.3170796035805627,
    0.32125159846547313,
    0.3237292199488491,
    0.32476822250639387,
    0.32957960358056265,
    0.3320012787723785,
    0.33377157928388745,
    0.33397538363171353,
    0.337028452685422,
    0.33989769820971866,
    0.33727221867007673,
    0.3407688618925831,
    0.3440577046035806,
    0.3457201086956521,
    0.3466592071611253,
    0.35133871483375956,
    0.3526654411764706,
    0.35227781329923274,
    0.35256553708439897,
    0.3518981777493606,
    0.3582880434782608
  ],
  "test_accuracy": [
    0.154,
    0.2079,
    0.2364,
    0.2492,
    0.2428,
    0.2632,
    0.2647,
    0.2629,
    0.2638,
    0.2811,
    0.28,
    0.294,
    0.2939,
    0.2956,
    0.2975,
    0.2959,
    0.311,
    0.308,
    0.3099,
    0.3083,
    0.3122,
    0.3171,
    0.3263,
    0.3167,
    0.3233,
    0.3294,
    0.3245,
    0.3251,
    0.3186,
    0.324,
    0.3282,
    0.3318,
    0.3345,
    0.3405,
    0.3382,
    0.3448,
    0.3425,
    0.3445,
    0.3437,
    0.3479,
    0.3443,
    0.3525,
    0.3472,
    0.3625,
    0.3563,
    0.3529,
    0.3571,
    0.3601,
    0.3635,
    0.3567
  ]
}