{
  "setting": "setting_29",
  "train_accuracy": [
    0.3879435911016949,
    0.6416125971045198,
    0.716896186440678,
    0.7532552083333333,
    0.775638903601695,
    0.7841245144774011,
    0.7958101606638418,
    0.7924887447033898,
    0.793746689618644,
    0.8022102312853108,
    0.8079427083333333,
    0.806784074858757,
    0.8089523746468926,
    0.8103813559322034,
    0.8142876059322034,
    0.8140558792372882,
    0.8171676377118644,
    0.8162903866525424,
    0.8220338983050848,
    0.8235290872175142,
    0.8192697298728814,
    0.8183317884887006,
    0.8208421610169492,
    0.8282794844632769,
    0.829443635240113,
    0.8287043167372882,
    0.8317277983757062,
    0.8363623322740112,
    0.8397830596751413,
    0.8378795903954802,
    0.8412010063559322,
    0.8419789459745762,
    0.842872748940678,
    0.8445720780367231,
    0.8470493467514125,
    0.845361052259887,
    0.8521197475282486,
    0.8492231638418078,
    0.8513473252118644,
    0.8501445533192091,
    0.8547294314971752,
    0.856693591101695,
    0.8568480755649718,
    0.8567322122175142,
    0.8592646539548023,
    0.857570842161017,
    0.857377736581921,
    0.8616536458333333,
    0.8626246910310735,
    0.860208112641243
  ],
  "test_accuracy": [
    0.5936,
    0.7087000000000001,
    0.7593,
    0.78,
    0.7939999999999999,
    0.7943999999999999,
    0.8030999999999999,
    0.8121,
    0.8046,
    0.8168000000000001,
    0.8189,
    0.8073,
    0.8194000000000001,
    0.8125,
    0.8240999999999999,
    0.8253,
    0.8306000000000001,
    0.8304,
    0.8343,
    0.8259000000000001,
    0.8265,
    0.8242,
    0.8356999999999999,
    0.8327,
    0.8352,
    0.8375,
    0.8437999999999999,
    0.8426,
    0.8469,
    0.8474,
    0.8497,
    0.8539000000000001,
    0.8549,
    0.8541000000000001,
    0.8583999999999999,
    0.8555999999999999,
    0.8572000000000001,
    0.8600000000000001,
    0.8582999999999998,
    0.8564,
    0.8622,
    0.8624,
    0.8629999999999999,
    0.8613999999999999,
    0.8610000000000001,
    0.8667,
    0.8673000000000002,
    0.8708,
    0.8686999999999999,
    0.866
  ]
}