{
  "setting": "setting_19",
  "train_accuracy": [
    0.3370795815677966,
    0.6087956832627118,
    0.6881013859463277,
    0.7379005561440678,
    0.7735257768361582,
    0.7945025600282486,
    0.8175869526836158,
    0.8257691119350282,
    0.8412948004943502,
    0.8447265625,
    0.8560701359463277,
    0.8637115995762712,
    0.8654385151836158,
    0.8700123587570621,
    0.873146186440678,
    0.8750551730225989,
    0.8795793608757062,
    0.8805448887711864,
    0.8845780367231638,
    0.8867573711158192,
    0.8852621822033898,
    0.8876566913841808,
    0.8897036105225989,
    0.8895215395480226,
    0.8907077595338984,
    0.8927381267655367,
    0.8927436440677966,
    0.8959050582627118,
    0.8957891949152542,
    0.8947022863700566,
    0.8981395656779662,
    0.8979795639124294,
    0.9002747616525424,
    0.9027906514830508,
    0.9033865201271186,
    0.9030996204096045,
    0.9030665165960452,
    0.9043630826271186,
    0.9033865201271186,
    0.9051024011299434,
    0.906443105579096,
    0.9066141419491526,
    0.9073313912429379,
    0.9101341807909604,
    0.9095658986581922,
    0.9108569473870057,
    0.9095769332627118,
    0.9116679908192091,
    0.9114528160310735,
    0.9116514389124294
  ],
  "test_accuracy": [
    0.5609,
    0.6681999999999999,
    0.7283999999999999,
    0.7697,
    0.7996,
    0.8173000000000001,
    0.8352,
    0.8462,
    0.8503999999999999,
    0.8651,
    0.8654999999999999,
    0.8773000000000002,
    0.8717,
    0.8808,
    0.8850999999999999,
    0.8857000000000002,
    0.8902999999999999,
    0.8889999999999999,
    0.8907999999999999,
    0.8897,
    0.8971,
    0.8985,
    0.8966000000000001,
    0.8958999999999999,
    0.8969000000000001,
    0.8987,
    0.9049000000000001,
    0.8996000000000001,
    0.9005999999999998,
    0.9037999999999998,
    0.9026,
    0.9027,
    0.9066000000000001,
    0.905,
    0.9098999999999998,
    0.9097999999999999,
    0.9083,
    0.9113,
    0.9108,
    0.9137000000000001,
    0.9117,
    0.9110000000000001,
    0.9148,
    0.9151999999999999,
    0.9125,
    0.9154,
    0.9193,
    0.9189,
    0.9165000000000001,
    0.9160999999999999
  ]
}