{
  "setting": "setting_16",
  "train_accuracy": [
    0.21605143923240938,
    0.18155317164179105,
    0.1539012526652452,
    0.13447827825159914,
    0.13995868869936035,
    0.15301839019189764,
    0.1773220948827292,
    0.19854410980810236,
    0.21748400852878466,
    0.2261460554371002,
    0.2314265724946695,
    0.22511327292110875,
    0.2550972814498934,
    0.2632595948827292,
    0.2417877132196162,
    0.2327925106609808,
    0.2513659381663113,
    0.2571961620469083,
    0.26144389658848616,
    0.26590818230277186,
    0.25419776119402987,
    0.2536980277185501,
    0.2591784381663113,
    0.27763526119402987,
    0.2756863006396588,
    0.2842150852878465,
    0.27528651385927505,
    0.28000066631130066,
    0.285147921108742,
    0.28842950426439234,
    0.28951226012793174,
    0.294926039445629,
    0.28486473880597013,
    0.28141657782515994,
    0.27705223880597013,
    0.28416511194029853,
    0.2901285980810235,
    0.2847148187633262,
    0.2827325426439232,
    0.2784681503198294,
    0.2785014658848614,
    0.2825992803837953,
    0.28741337953091683,
    0.2902285447761194,
    0.28912913113006394,
    0.29011194029850745,
    0.29301039445628996,
    0.2994736140724947,
    0.29834088486140725,
    0.29405983475479747
  ],
  "test_accuracy": [
    0.23290000000000002,
    0.1984,
    0.1363,
    0.1322,
    0.1325,
    0.1332,
    0.2152,
    0.19760000000000003,
    0.2415,
    0.2346,
    0.2479,
    0.23399999999999999,
    0.24989999999999996,
    0.23149999999999998,
    0.23850000000000002,
    0.28200000000000003,
    0.2444,
    0.2259,
    0.2733,
    0.2526,
    0.25470000000000004,
    0.23420000000000002,
    0.26450000000000007,
    0.27599999999999997,
    0.2824,
    0.2976,
    0.2751,
    0.3068,
    0.2879999999999999,
    0.30239999999999995,
    0.3129,
    0.2737,
    0.3103,
    0.3043,
    0.2759,
    0.2987,
    0.30720000000000003,
    0.2848,
    0.2747,
    0.2958,
    0.2877,
    0.2915,
    0.2918,
    0.27759999999999996,
    0.29789999999999994,
    0.2995,
    0.2851,
    0.30129999999999996,
    0.3078,
    0.30770000000000003
  ]
}