{
  "setting": "setting_10",
  "train_accuracy": [
    0.2208625459968778,
    0.45828396799732385,
    0.5696521660347903,
    0.6075403518064229,
    0.6471089916926851,
    0.674093826661463,
    0.6976376073260482,
    0.7195645280441569,
    0.7392438740521855,
    0.7575049829950937,
    0.7711080369090099,
    0.7842154047725245,
    0.7948913846454059,
    0.8067138018510259,
    0.8142170425401427,
    0.8214824584634255,
    0.830227092161017,
    0.8336123926739518,
    0.8399073441681535,
    0.8456099116302409,
    0.851629578780107,
    0.856143022413024,
    0.8592094809322034,
    0.8639668474018734,
    0.8677223879348797,
    0.8701659720673506,
    0.8746959676070473,
    0.8762910487288136,
    0.8784149197145407,
    0.8806145810102587,
    0.8838657239629795,
    0.8846384366636931,
    0.8863938099353257,
    0.88748797808876,
    0.8902138157894737,
    0.8889671958630687,
    0.8916808374219447,
    0.8926530441570026,
    0.8943099771409455,
    0.8959259659344336,
    0.8960244062221231,
    0.89874850161686,
    0.8995952623215879,
    0.901416843220339,
    0.8992685799509366,
    0.9014360085860839,
    0.9024683248773416,
    0.9037332390165032,
    0.9033368644067796,
    0.9050425819580732
  ],
  "test_accuracy": [
    0.38880000000000003,
    0.5561,
    0.5974999999999999,
    0.6351,
    0.6718,
    0.6943000000000001,
    0.7166,
    0.7388,
    0.7555,
    0.7724,
    0.7903999999999999,
    0.8038000000000001,
    0.8138,
    0.8173,
    0.8325000000000001,
    0.8369,
    0.8412000000000001,
    0.8504000000000002,
    0.8545999999999999,
    0.8604,
    0.8603999999999999,
    0.8662000000000001,
    0.8709,
    0.8741999999999999,
    0.8807,
    0.876,
    0.8856999999999999,
    0.8847000000000002,
    0.8877,
    0.8873,
    0.8914,
    0.8912000000000001,
    0.8958999999999999,
    0.8949,
    0.8973000000000001,
    0.8974,
    0.8994,
    0.9002999999999999,
    0.9014999999999999,
    0.9028,
    0.9042999999999999,
    0.9029,
    0.9092,
    0.9066000000000001,
    0.9076000000000001,
    0.9077,
    0.9077,
    0.909,
    0.9091000000000001,
    0.9102
  ]
}