{
  "setting": "setting_13",
  "train_accuracy": [
    0.49043107269503544,
    0.6962821365248226,
    0.7403091755319149,
    0.7626717641843971,
    0.7704177748226949,
    0.7822750443262412,
    0.7828956117021276,
    0.7896165780141843,
    0.7894060283687944,
    0.7899046985815603,
    0.7834718528368795,
    0.7889350620567375,
    0.7889073581560284,
    0.7929410460992907,
    0.7955784574468086,
    0.7962267287234043,
    0.7969193262411348,
    0.7998503989361702,
    0.8020777925531914,
    0.8050144060283688,
    0.8077737145390071,
    0.8112089982269503,
    0.8131593528368796,
    0.8119847074468085,
    0.8189660904255319,
    0.8199024822695035,
    0.8234873670212766,
    0.8245567375886524,
    0.8275321365248226,
    0.8292497783687944,
    0.8300698138297873,
    0.8301196808510638,
    0.8340591755319149,
    0.8339317375886524,
    0.8341478280141843,
    0.834762854609929,
    0.8382757092198583,
    0.8398548315602837,
    0.8398825354609928,
    0.8428800975177306,
    0.845168439716312,
    0.8445035460992907,
    0.8480718085106383,
    0.847833554964539,
    0.8481105939716311,
    0.8472074468085107,
    0.8480385638297873,
    0.8504765070921987,
    0.8506648936170212,
    0.8552859042553191
  ],
  "test_accuracy": [
    0.6640999999999999,
    0.7389,
    0.7521000000000001,
    0.7791,
    0.7918000000000001,
    0.7870999999999999,
    0.7933,
    0.7966,
    0.7996000000000001,
    0.7937000000000001,
    0.7891999999999999,
    0.7923,
    0.8039000000000002,
    0.7988000000000001,
    0.8013999999999999,
    0.8120999999999998,
    0.8102,
    0.8055,
    0.8173,
    0.8139,
    0.826,
    0.8193999999999999,
    0.8230000000000001,
    0.8197000000000001,
    0.8286,
    0.8256,
    0.8295999999999999,
    0.8324999999999999,
    0.8365,
    0.8375,
    0.8364,
    0.8354000000000001,
    0.8390000000000001,
    0.8435,
    0.8416,
    0.8493999999999999,
    0.8452999999999999,
    0.8469999999999999,
    0.8495999999999999,
    0.8470000000000001,
    0.8518000000000001,
    0.8509,
    0.852,
    0.8493,
    0.8568,
    0.8532,
    0.8582000000000001,
    0.8577999999999999,
    0.8627,
    0.8588999999999999
  ]
}