{
  "setting": "setting_25",
  "train_accuracy": [
    0.2144134004237288,
    0.45950793794603034,
    0.5752406124553969,
    0.6225085024531668,
    0.6682832362288136,
    0.7015429861730598,
    0.7288867361730598,
    0.7534105639495986,
    0.7724652932649421,
    0.7895520879794826,
    0.8027186942462087,
    0.814444413470116,
    0.8213160682426405,
    0.8360969209968777,
    0.83683217411909,
    0.8482042052297056,
    0.8564331163581624,
    0.8585108162355041,
    0.8620590223572703,
    0.8671169366079393,
    0.8744006467439787,
    0.8773015861953612,
    0.8820441430642284,
    0.8873111340321143,
    0.8888957613180196,
    0.8884227252453167,
    0.8952203320138269,
    0.8960627369536128,
    0.8975132066793041,
    0.8995255700825155,
    0.9015300931088315,
    0.903523291146298,
    0.9059651329727922,
    0.9079356810325603,
    0.9091117375669046,
    0.9082823999219447,
    0.910089171219893,
    0.9123977266391615,
    0.91296049146967,
    0.9131103297836753,
    0.9124412842885816,
    0.9152821141837645,
    0.9149449779772525,
    0.9162107632694023,
    0.9155181966436218,
    0.9188616818131133,
    0.9191779103479036,
    0.9176324849464763,
    0.9182083170718109,
    0.9190803412132025
  ],
  "test_accuracy": [
    0.3842,
    0.5582,
    0.6089,
    0.6556,
    0.6970000000000001,
    0.7282,
    0.7515999999999999,
    0.7762,
    0.7908999999999999,
    0.8073,
    0.8253999999999999,
    0.8366,
    0.844,
    0.8452999999999999,
    0.8567,
    0.8634999999999999,
    0.8676,
    0.8721,
    0.8795,
    0.8836999999999999,
    0.8878999999999999,
    0.8887,
    0.8903000000000001,
    0.8949,
    0.8997999999999999,
    0.8974,
    0.9032,
    0.9022,
    0.9047000000000001,
    0.9052000000000001,
    0.9108,
    0.9120000000000001,
    0.9140999999999998,
    0.9138,
    0.9163,
    0.9173,
    0.9169999999999998,
    0.9179,
    0.9195,
    0.9197999999999998,
    0.9201,
    0.9228000000000002,
    0.9233,
    0.9195,
    0.9200999999999999,
    0.922,
    0.9218,
    0.9241999999999999,
    0.9241999999999999,
    0.9235
  ]
}