{
  "setting": "setting_27",
  "train_accuracy": [
    0.2795620113717129,
    0.24319807213930347,
    0.23735119047619047,
    0.22781738628287138,
    0.21546286425017766,
    0.1912146855010661,
    0.1919920486851457,
    0.2085554371002132,
    0.22849480277185502,
    0.2596059879175551,
    0.2619547352523099,
    0.27093883262260127,
    0.2661802594171997,
    0.275397565742715,
    0.2841595593461265,
    0.30110052416488986,
    0.30583133439943144,
    0.3077136638237385,
    0.322261460554371,
    0.32683124555792464,
    0.322294776119403,
    0.32432147299218195,
    0.31955179459843636,
    0.32944096481876334,
    0.3194796108742004,
    0.32139525586353945,
    0.3201126066098081,
    0.320218105899076,
    0.31912424484719265,
    0.3271144278606965,
    0.3337830934612651,
    0.3380696961620469,
    0.33744780561478327,
    0.35083511016346836,
    0.35098503020611227,
    0.3498134328358209,
    0.34991893212508884,
    0.35693741115849326,
    0.3589641080312722,
    0.3648387526652452,
    0.3712075781805259,
    0.37290667199715705,
    0.37297885572139305,
    0.3756607587064677,
    0.37542199715707175,
    0.38075804015636106,
    0.3812133528784648,
    0.38567208599857855,
    0.382845815565032,
    0.38694363006396587
  ],
  "test_accuracy": [
    0.29109999999999997,
    0.24969999999999998,
    0.24089999999999998,
    0.24299999999999997,
    0.1939,
    0.18639999999999998,
    0.21130000000000004,
    0.1971,
    0.259,
    0.23870000000000005,
    0.2625,
    0.24560000000000004,
    0.2697,
    0.2983,
    0.2806,
    0.2986,
    0.3206,
    0.30269999999999997,
    0.3406,
    0.3173,
    0.314,
    0.3251,
    0.3197,
    0.3237,
    0.3018,
    0.3278,
    0.31880000000000003,
    0.3209,
    0.3365000000000001,
    0.347,
    0.3258,
    0.3105,
    0.34390000000000004,
    0.3536,
    0.358,
    0.35429999999999995,
    0.3606,
    0.3565,
    0.36829999999999996,
    0.36429999999999996,
    0.3618,
    0.3829000000000001,
    0.3756,
    0.3687,
    0.37270000000000003,
    0.3817,
    0.38380000000000003,
    0.3825,
    0.3862,
    0.3947
  ]
}