{
  "setting": "setting_18",
  "train_accuracy": [
    0.5078623670212766,
    0.7034851507092199,
    0.7421985815602837,
    0.7552138741134753,
    0.7593528368794327,
    0.7702847960992907,
    0.7723736702127659,
    0.7733433067375886,
    0.7746730939716311,
    0.7762743794326242,
    0.7837156471631205,
    0.7822639627659574,
    0.7837433510638298,
    0.7877548758865247,
    0.7927471187943264,
    0.7937333776595744,
    0.7963707890070922,
    0.7984707446808511,
    0.7986037234042553,
    0.8040669326241136,
    0.8102171985815604,
    0.806111480496454,
    0.8075687056737588,
    0.8105551861702127,
    0.8132757092198583,
    0.8142176418439715,
    0.814671985815603,
    0.8173093971631205,
    0.8185283687943263,
    0.8206338652482269,
    0.8215370124113476,
    0.820949689716312,
    0.8237810283687944,
    0.8244015957446809,
    0.8252992021276596,
    0.8269946808510639,
    0.8309563386524822,
    0.8314937943262413,
    0.8332834663120566,
    0.8334884751773051,
    0.834485815602837,
    0.8375221631205673,
    0.838425310283688,
    0.8385638297872341,
    0.8365913120567375,
    0.8403202570921987,
    0.8393339982269503,
    0.8445700354609929,
    0.8450687056737588,
    0.8431737588652481
  ],
  "test_accuracy": [
    0.6712,
    0.7441,
    0.7659999999999999,
    0.7586,
    0.7731,
    0.7863,
    0.7928000000000001,
    0.777,
    0.7824,
    0.7807999999999999,
    0.7981999999999999,
    0.7838999999999999,
    0.7985,
    0.7910999999999999,
    0.8027,
    0.8122,
    0.8063,
    0.8057000000000001,
    0.8095000000000001,
    0.8122999999999999,
    0.8125,
    0.8111,
    0.8126000000000001,
    0.8220000000000001,
    0.8206999999999999,
    0.8211,
    0.8247,
    0.8313,
    0.8265,
    0.8332,
    0.8314,
    0.8291999999999999,
    0.8312000000000002,
    0.834,
    0.8389,
    0.8314,
    0.8371999999999999,
    0.8354000000000001,
    0.8388,
    0.8394,
    0.8403,
    0.8457000000000001,
    0.8448,
    0.8426,
    0.8475000000000001,
    0.8439,
    0.8562,
    0.8486,
    0.8489000000000001,
    0.8511000000000001
  ]
}