{
  "setting": "setting_6",
  "train_accuracy": [
    0.25776252665245203,
    0.21493536780383796,
    0.20014325692963753,
    0.16674440298507462,
    0.18270255863539445,
    0.210954157782516,
    0.22517990405117272,
    0.22671242004264391,
    0.2418043710021322,
    0.2554470948827292,
    0.2664578891257996,
    0.2582289445628998,
    0.2760694296375267,
    0.2745369136460554,
    0.2868969882729211,
    0.2906283315565032,
    0.30946828358208955,
    0.3083522121535181,
    0.3306736407249467,
    0.3363206289978678,
    0.3474980010660981,
    0.34358342217484006,
    0.3420009328358209,
    0.33915245202558636,
    0.34113472814498935,
    0.3426006130063966,
    0.35437766524520253,
    0.3621235341151386,
    0.36042444029850745,
    0.3666044776119403,
    0.37539978678038377,
    0.3699693496801706,
    0.3703857942430704,
    0.3806803038379531,
    0.37493336886993606,
    0.37433368869936035,
    0.3798807302771855,
    0.3883761993603412,
    0.3922241471215352,
    0.39838752665245203,
    0.39842084221748403,
    0.41161380597014924,
    0.41351279317697226,
    0.4128797974413646,
    0.4154450959488273,
    0.42082555970149255,
    0.41647787846481876,
    0.42239139125799574,
    0.42040911513859275,
    0.42587286780383793
  ],
  "test_accuracy": [
    0.2813,
    0.21760000000000002,
    0.15309999999999999,
    0.202,
    0.1916,
    0.211,
    0.264,
    0.24489999999999998,
    0.265,
    0.2637,
    0.2203,
    0.26239999999999997,
    0.2648,
    0.28630000000000005,
    0.2831,
    0.3135,
    0.3242,
    0.3191,
    0.3499,
    0.3398,
    0.34609999999999996,
    0.3452,
    0.346,
    0.32620000000000005,
    0.34859999999999997,
    0.3505,
    0.3403,
    0.3609,
    0.3868,
    0.3554,
    0.374,
    0.38289999999999996,
    0.38089999999999996,
    0.35840000000000005,
    0.36690000000000006,
    0.3882,
    0.39469999999999994,
    0.4029,
    0.4024,
    0.4072,
    0.3957,
    0.4053,
    0.4162,
    0.38670000000000004,
    0.41669999999999996,
    0.4311999999999999,
    0.41690000000000005,
    0.4372,
    0.4185,
    0.4347
  ]
}