{
  "setting": "setting_5",
  "train_accuracy": [
    0.22281479984388938,
    0.45859322730820695,
    0.5661806213760036,
    0.5995710442685103,
    0.6360950044603033,
    0.6628463704281891,
    0.682919477586976,
    0.7042740507917039,
    0.7236763701494201,
    0.7416160236396075,
    0.7552042679527208,
    0.7654246348126673,
    0.778004955118198,
    0.7908422655553078,
    0.7987270712533453,
    0.8063958310102587,
    0.8154505951717217,
    0.8212124010370205,
    0.8268574724018734,
    0.833040045160571,
    0.8392914390053523,
    0.8441969014830508,
    0.8470943563224799,
    0.8527812430307761,
    0.8570011081066012,
    0.8601172223461195,
    0.8647299774197146,
    0.8671317462087421,
    0.8684480583742195,
    0.8717253359165923,
    0.8741366873884925,
    0.8757483204170383,
    0.8778295049063336,
    0.8795256397747547,
    0.8829301056534344,
    0.8818098029103479,
    0.8835869550066905,
    0.8852203668599464,
    0.8868285152765387,
    0.8880681659790366,
    0.8884697675066905,
    0.8911616302408564,
    0.8911328821922391,
    0.8938177757024978,
    0.8915527779326494,
    0.8935555586529884,
    0.8943857674509366,
    0.8948980054081177,
    0.8951602224576272,
    0.8975088509143622
  ],
  "test_accuracy": [
    0.39320000000000005,
    0.5544,
    0.592,
    0.6254,
    0.6607999999999998,
    0.681,
    0.7015,
    0.7222999999999999,
    0.738,
    0.7562,
    0.7723,
    0.7863,
    0.797,
    0.8009000000000001,
    0.8168000000000001,
    0.8242,
    0.8287000000000001,
    0.8373999999999999,
    0.8423999999999999,
    0.8477,
    0.8481,
    0.8566,
    0.859,
    0.8638,
    0.8692,
    0.8664,
    0.8756999999999999,
    0.8755,
    0.8782,
    0.8782,
    0.8848,
    0.8837999999999999,
    0.8885,
    0.8869,
    0.8911,
    0.8904,
    0.893,
    0.8923,
    0.8934000000000001,
    0.8967,
    0.8956,
    0.8957,
    0.9005000000000001,
    0.8987999999999999,
    0.8995000000000001,
    0.9009,
    0.9017,
    0.9016,
    0.9011000000000001,
    0.9022000000000002
  ]
}