{
  "setting": "setting_23",
  "train_accuracy": [
    0.5038896276595745,
    0.6943982712765957,
    0.7265015514184396,
    0.7373891843971631,
    0.7328734485815603,
    0.7346797429078014,
    0.7323470744680851,
    0.7406748670212766,
    0.7398991578014184,
    0.7513851950354609,
    0.737250664893617,
    0.7428080673758864,
    0.7467808067375886,
    0.7548592641843971,
    0.7587488918439715,
    0.7538563829787234,
    0.7551917109929077,
    0.7554576684397162,
    0.757313829787234,
    0.7642841312056737,
    0.7709773936170212,
    0.7688497340425532,
    0.7704842641843971,
    0.7692542109929077,
    0.775637189716312,
    0.7737311613475178,
    0.7763242464539007,
    0.7813497340425531,
    0.785904255319149,
    0.7894115691489362,
    0.7868406471631205,
    0.7927637411347519,
    0.7945257092198582,
    0.7964151152482268,
    0.7973404255319149,
    0.7982047872340425,
    0.8026484929078014,
    0.8034297429078013,
    0.8048592641843971,
    0.8059895833333333,
    0.8103834219858157,
    0.8064550088652481,
    0.8089705230496455,
    0.812112145390071,
    0.811574689716312,
    0.8142675088652481,
    0.8158466312056737,
    0.8173038563829788,
    0.8160793439716312,
    0.8204066932624114
  ],
  "test_accuracy": [
    0.6725,
    0.7303,
    0.733,
    0.7464999999999999,
    0.753,
    0.7377,
    0.7464,
    0.7444,
    0.7470999999999999,
    0.758,
    0.7486,
    0.7458,
    0.7588,
    0.7635,
    0.7681,
    0.7661,
    0.7711,
    0.7630999999999999,
    0.7708,
    0.7664,
    0.7807999999999999,
    0.7845,
    0.7719,
    0.7749,
    0.7855000000000001,
    0.7847,
    0.7908000000000001,
    0.7867,
    0.7968,
    0.7966,
    0.7973999999999999,
    0.8026,
    0.7976,
    0.7960999999999999,
    0.8058,
    0.8083,
    0.8116999999999999,
    0.8087,
    0.8099000000000001,
    0.8119,
    0.8157,
    0.8086,
    0.8217000000000001,
    0.8156999999999999,
    0.8168,
    0.8247,
    0.825,
    0.8293000000000001,
    0.8268000000000001,
    0.8286000000000001
  ]
}