{
  "setting": "setting_8",
  "train_accuracy": [
    0.48173758865248223,
    0.6899213209219859,
    0.7424645390070923,
    0.7693040780141843,
    0.7835605053191489,
    0.7975343528368796,
    0.8026595744680851,
    0.8077183067375886,
    0.8117021276595745,
    0.812112145390071,
    0.8054576684397162,
    0.8103834219858157,
    0.811325354609929,
    0.8161458333333332,
    0.8172595301418439,
    0.8180851063829787,
    0.8207225177304965,
    0.8191932624113476,
    0.824329565602837,
    0.8244292996453901,
    0.825426640070922,
    0.8268617021276595,
    0.8268894060283689,
    0.8242575354609928,
    0.8323747783687944,
    0.8361480496453901,
    0.8376551418439715,
    0.8376218971631205,
    0.8411735372340425,
    0.8411125886524822,
    0.8405640514184396,
    0.8434009308510638,
    0.8451518173758864,
    0.8461990248226949,
    0.8470412234042554,
    0.84609375,
    0.8512023492907801,
    0.8507424645390071,
    0.8512522163120566,
    0.8544769503546098,
    0.8564716312056737,
    0.8565381205673758,
    0.8584164450354609,
    0.8594581117021277,
    0.8598902925531915,
    0.8610206117021276,
    0.8606382978723405,
    0.8633089539007093,
    0.8613142730496455,
    0.865769060283688
  ],
  "test_accuracy": [
    0.6547999999999999,
    0.7348,
    0.762,
    0.7867,
    0.8065,
    0.8061999999999999,
    0.8078,
    0.8160000000000001,
    0.8192999999999999,
    0.8146000000000001,
    0.8098000000000001,
    0.8168,
    0.8204,
    0.8243,
    0.829,
    0.8310000000000001,
    0.8301000000000001,
    0.8285,
    0.8294,
    0.8318000000000001,
    0.8401,
    0.8345,
    0.8295999999999999,
    0.8404,
    0.842,
    0.8378,
    0.8462,
    0.8503000000000001,
    0.8484999999999999,
    0.8503000000000001,
    0.85,
    0.8549999999999999,
    0.8493999999999999,
    0.8561,
    0.8526999999999999,
    0.8573999999999998,
    0.8618,
    0.8541000000000001,
    0.8635999999999999,
    0.8600000000000001,
    0.8648,
    0.8659000000000001,
    0.8632,
    0.8599,
    0.8672000000000001,
    0.8618,
    0.8705,
    0.8693,
    0.8713000000000001,
    0.8718999999999999
  ]
}