{
  "setting": "setting_15",
  "train_accuracy": [
    0.21864981740633363,
    0.4580243644067797,
    0.5715843833630687,
    0.6133361326382695,
    0.654728966882248,
    0.6844187318800179,
    0.710330306367083,
    0.7334376393844781,
    0.7529070375223015,
    0.7710592523416593,
    0.7855665630575379,
    0.7973611033675291,
    0.8063017464875112,
    0.8196094795383586,
    0.8244156305753791,
    0.8318683443911685,
    0.8414797753122213,
    0.8440104747435325,
    0.8497121710526315,
    0.8540714206066012,
    0.8605144681088315,
    0.8637542860727029,
    0.8697878916703835,
    0.8739267395182873,
    0.8774104803189117,
    0.8787694789808206,
    0.8851916188113291,
    0.8870131997100803,
    0.8881378582181088,
    0.8906476499776985,
    0.8929657880798394,
    0.894589617250223,
    0.8971229301404995,
    0.8989279591324709,
    0.9009019918041927,
    0.9001310214094559,
    0.9019107869647637,
    0.9039440580396967,
    0.9053396451271186,
    0.905556562221231,
    0.9054877411351472,
    0.9085228381467441,
    0.9095717063447813,
    0.9115100217439787,
    0.9103383209745762,
    0.9132497142618198,
    0.9131129432426405,
    0.9132122546833185,
    0.91339693911686,
    0.914539891837645
  ],
  "test_accuracy": [
    0.38770000000000004,
    0.5561,
    0.6012000000000001,
    0.6433000000000001,
    0.6819,
    0.7098,
    0.7313,
    0.7537999999999999,
    0.7687000000000002,
    0.7878999999999999,
    0.8055,
    0.8181,
    0.8290999999999998,
    0.8305,
    0.8431000000000001,
    0.8478,
    0.8523,
    0.8592000000000001,
    0.8641,
    0.8698,
    0.8713999999999998,
    0.8749,
    0.8800000000000001,
    0.8844,
    0.8899000000000001,
    0.8877,
    0.893,
    0.8936,
    0.8960000000000001,
    0.8958999999999998,
    0.9023,
    0.9007000000000002,
    0.906,
    0.9071000000000001,
    0.9074,
    0.9086000000000001,
    0.9101000000000001,
    0.9103999999999999,
    0.9113999999999999,
    0.9133999999999999,
    0.9148,
    0.9141999999999999,
    0.9183999999999999,
    0.9163,
    0.9174000000000001,
    0.9188000000000001,
    0.9184999999999999,
    0.9221999999999999,
    0.9179999999999999,
    0.9206000000000001
  ]
}