{
  "setting": "setting_12",
  "train_accuracy": [
    0.5212220149253731,
    0.5456478766879886,
    0.5091839907604833,
    0.5019711709310589,
    0.5061855899076048,
    0.5000222103766879,
    0.49906716417910446,
    0.5072961087420043,
    0.513864827647477,
    0.519578447050462,
    0.5224991115849325,
    0.5299784559346126,
    0.527285447761194,
    0.5163746002132196,
    0.5172852256574271,
    0.5241815476190476,
    0.5215274076048331,
    0.531011238450604,
    0.5248200959488273,
    0.5355254975124377,
    0.529212197938877,
    0.5407949093816631,
    0.5523998312011371,
    0.5556869669509595,
    0.5603344882729211,
    0.5657760305614783,
    0.5695240316275764,
    0.5687078002842928,
    0.5714063610518834,
    0.5777474235963043,
    0.5854322139303482,
    0.5845882196162047,
    0.5928893479033405,
    0.5954268834399431,
    0.5954768567874911,
    0.5970315831556503,
    0.6037502221037669,
    0.6097137082444919,
    0.6119069829424307,
    0.6125955046197584,
    0.6155661425017768,
    0.6160991915422885,
    0.6168710021321961,
    0.6208022388059702,
    0.6231787491115849,
    0.6262049129353234,
    0.6278817963752665,
    0.6314132462686567,
    0.6330290511727079,
    0.638720460199005
  ],
  "test_accuracy": [
    0.5608000000000001,
    0.5262,
    0.49090000000000006,
    0.5151000000000001,
    0.5147999999999999,
    0.49899999999999994,
    0.4984,
    0.5151,
    0.5194000000000001,
    0.5226000000000001,
    0.5434,
    0.5450000000000002,
    0.5309,
    0.5084,
    0.525,
    0.5428999999999999,
    0.5316,
    0.5415,
    0.5296000000000001,
    0.5455,
    0.5359,
    0.5461,
    0.5632,
    0.5660999999999999,
    0.5721999999999999,
    0.5683,
    0.5849,
    0.5698000000000001,
    0.5821000000000001,
    0.5907,
    0.5914999999999999,
    0.5885999999999999,
    0.5984,
    0.5913,
    0.6121,
    0.6020999999999999,
    0.6132,
    0.6180000000000001,
    0.6132,
    0.6172000000000001,
    0.609,
    0.6176999999999999,
    0.6188,
    0.6267,
    0.6317,
    0.6361,
    0.6333,
    0.6416999999999999,
    0.6376000000000001,
    0.6451
  ]
}