{
  "setting": "setting_11",
  "train_accuracy": [
    0.22927771855010662,
    0.17444029850746268,
    0.17607276119402984,
    0.19211420575692964,
    0.2216484541577825,
    0.19582889125799574,
    0.12448360874200426,
    0.15520055970149255,
    0.17633928571428573,
    0.2023587420042644,
    0.23527452025586354,
    0.23269256396588486,
    0.23330890191897655,
    0.2281283315565032,
    0.2755363805970149,
    0.28129997334754797,
    0.2628764658848614,
    0.2658915245202559,
    0.2790844882729211,
    0.27348747334754797,
    0.29129464285714285,
    0.2877298773987207,
    0.31556503198294245,
    0.30635327825159914,
    0.31289978678038377,
    0.31006796375266527,
    0.32081223347547977,
    0.32117870469083154,
    0.3228944562899787,
    0.3253764658848614,
    0.3289245735607676,
    0.32569296375266527,
    0.32807502665245203,
    0.33505463752665243,
    0.3322394722814499,
    0.3334055170575693,
    0.33503797974413646,
    0.3307069562899787,
    0.33057369402985076,
    0.3359375,
    0.34193430170575695,
    0.34205090618336886,
    0.33660381130063965,
    0.33885261194029853,
    0.3412180170575693,
    0.3369203091684435,
    0.33996868336886993,
    0.3439498933901919,
    0.3423007729211087,
    0.34518256929637525
  ],
  "test_accuracy": [
    0.1877,
    0.1714,
    0.18019999999999997,
    0.18239999999999998,
    0.23149999999999996,
    0.10570000000000002,
    0.1149,
    0.16269999999999998,
    0.1861,
    0.2509,
    0.2528,
    0.24889999999999998,
    0.2678,
    0.23399999999999999,
    0.29979999999999996,
    0.24650000000000002,
    0.29359999999999997,
    0.2265,
    0.2944,
    0.2788,
    0.2792,
    0.31710000000000005,
    0.3281,
    0.3254,
    0.3356,
    0.34429999999999994,
    0.324,
    0.3344,
    0.33349999999999996,
    0.33270000000000005,
    0.34709999999999996,
    0.33209999999999995,
    0.3377,
    0.35740000000000005,
    0.31779999999999997,
    0.346,
    0.33849999999999997,
    0.3346,
    0.3332,
    0.33499999999999996,
    0.3423,
    0.3323,
    0.3309,
    0.3437,
    0.35090000000000005,
    0.34600000000000003,
    0.3456,
    0.34450000000000003,
    0.35660000000000003,
    0.3443
  ]
}