{
  "setting": "setting_2",
  "train_accuracy": [
    0.5487295664534471,
    0.6235785358919687,
    0.5949771233120114,
    0.5854655294953802,
    0.5928726901208244,
    0.5808624289267946,
    0.5751210465529495,
    0.5781138948116561,
    0.5821173152096659,
    0.5845993248045487,
    0.5980421552949537,
    0.5929060056858565,
    0.592039800995025,
    0.5938443941009239,
    0.5992859363894812,
    0.5955379353233832,
    0.595887748756219,
    0.6052438699360341,
    0.613328447050462,
    0.6148387526652452,
    0.6202691897654584,
    0.6214907604832979,
    0.6257273898365315,
    0.6311689321250888,
    0.6365605010660981,
    0.634828091684435,
    0.6399253731343284,
    0.6445506840796019,
    0.6470882196162047,
    0.6514470060412224,
    0.6506085643212509,
    0.6552838486140725,
    0.6552116648898365,
    0.6591651119402985,
    0.6589707711442786,
    0.6606865227434258,
    0.6670109275053305,
    0.6690931503198294,
    0.6732298329779673,
    0.6750233208955224,
    0.675634106254442,
    0.6725746268656716,
    0.6780939054726368,
    0.6791988717128642,
    0.6810478855721392,
    0.6877165511727079,
    0.6882718105899076,
    0.6877554193319119,
    0.689343461265103,
    0.6940853766879886
  ],
  "test_accuracy": [
    0.6287999999999999,
    0.6216999999999999,
    0.5767000000000001,
    0.5837999999999999,
    0.6077,
    0.5859,
    0.5819000000000001,
    0.5846000000000001,
    0.5919,
    0.6013,
    0.6071,
    0.5863,
    0.6056,
    0.6014,
    0.6105,
    0.6069,
    0.6041000000000001,
    0.6285999999999999,
    0.6234999999999999,
    0.6306,
    0.6394,
    0.6154,
    0.6409,
    0.6396,
    0.6465000000000001,
    0.6425,
    0.6479999999999999,
    0.6575,
    0.6636,
    0.6654,
    0.6621,
    0.6628999999999999,
    0.6629,
    0.6703,
    0.6633,
    0.665,
    0.6736,
    0.6757,
    0.6829,
    0.6814000000000001,
    0.6820999999999999,
    0.6794,
    0.6854,
    0.6895,
    0.6909,
    0.6906000000000001,
    0.6974,
    0.6978,
    0.6904,
    0.7010000000000001
  ]
}