{
  "setting": "setting_1",
  "train_accuracy": [
    0.3208788646055437,
    0.26880663646055436,
    0.2472348081023454,
    0.23457489339019189,
    0.19777785181236673,
    0.2349580223880597,
    0.22413046375266524,
    0.21565165245202558,
    0.21120402452025586,
    0.20307502665245203,
    0.20180903518123666,
    0.20092617270788912,
    0.21168710021321963,
    0.22526319296375266,
    0.2375399786780384,
    0.25531383262260127,
    0.25031649786780386,
    0.2580457089552239,
    0.26232675906183367,
    0.26983941897654584,
    0.26004464285714285,
    0.2810667643923241,
    0.2938266257995736,
    0.3039378997867804,
    0.30806902985074625,
    0.3172641257995736,
    0.32204490938166314,
    0.32361074093816633,
    0.32799173773987206,
    0.3443496801705757,
    0.35441098081023453,
    0.3522954424307036,
    0.34933035714285715,
    0.3542610607675906,
    0.3545109275053305,
    0.35246202025586354,
    0.35649320362473347,
    0.36214019189765456,
    0.35829224413646055,
    0.36395589019189767,
    0.37006929637526653,
    0.3742004264392324,
    0.3803304904051173,
    0.38286247334754797,
    0.38820962153518124,
    0.3876932302771855,
    0.3814132462686567,
    0.38442830490405117,
    0.3865105277185501,
    0.38694363006396587
  ],
  "test_accuracy": [
    0.3035,
    0.2374,
    0.2318,
    0.2364,
    0.2129,
    0.22110000000000002,
    0.2153,
    0.2327,
    0.21630000000000002,
    0.20529999999999998,
    0.18839999999999998,
    0.201,
    0.22160000000000002,
    0.2124,
    0.2626,
    0.2614,
    0.2414,
    0.27079999999999993,
    0.2736,
    0.2639,
    0.27090000000000003,
    0.2909,
    0.3032,
    0.3009,
    0.31999999999999995,
    0.3115,
    0.3197,
    0.32049999999999995,
    0.34249999999999997,
    0.3391,
    0.36029999999999995,
    0.3538,
    0.3487,
    0.36,
    0.3657,
    0.35769999999999996,
    0.3697,
    0.36449999999999994,
    0.36429999999999996,
    0.3661,
    0.37370000000000003,
    0.37320000000000003,
    0.38730000000000003,
    0.38730000000000003,
    0.3924,
    0.393,
    0.3814,
    0.37739999999999996,
    0.39099999999999996,
    0.3871
  ]
}