{
  "setting": "setting_7",
  "train_accuracy": [
    0.5370191453447051,
    0.5823061034115139,
    0.5511171819474058,
    0.5474080490405118,
    0.5484408315565032,
    0.5319996002132196,
    0.5338930348258706,
    0.525441986496091,
    0.5280850213219617,
    0.5440542821606255,
    0.5552816275764036,
    0.5578413734896944,
    0.5559035181236673,
    0.5525941719971571,
    0.5519889392324094,
    0.5570973258706468,
    0.5516946517412936,
    0.5601179371002132,
    0.5628553660270078,
    0.5735940831556503,
    0.5747767857142857,
    0.582145078180526,
    0.58988539445629,
    0.5848047707889126,
    0.5964763237384506,
    0.5967261904761905,
    0.6009572672352522,
    0.6063599413646056,
    0.6070262526652452,
    0.6089085820895522,
    0.607476012793177,
    0.6103355987917555,
    0.6147443585643213,
    0.6169431858564322,
    0.6197305881307746,
    0.622912224591329,
    0.6307191719971571,
    0.628825737384506,
    0.6339785447761194,
    0.6397587953091685,
    0.638775986140725,
    0.6437899786780383,
    0.6386427238805971,
    0.6413801528073917,
    0.6442175284292821,
    0.650453091684435,
    0.6535514392324094,
    0.6533848614072495,
    0.6549951137171286,
    0.6592428482587064
  ],
  "test_accuracy": [
    0.5955999999999999,
    0.5772,
    0.5465,
    0.5506,
    0.5546,
    0.516,
    0.5435999999999999,
    0.5176999999999999,
    0.5284,
    0.5483999999999999,
    0.5655,
    0.5521,
    0.5556,
    0.5534,
    0.5621,
    0.571,
    0.5527000000000001,
    0.5794,
    0.5737,
    0.5936,
    0.5900000000000001,
    0.5920000000000001,
    0.6028999999999999,
    0.5923,
    0.6079,
    0.5969,
    0.6151,
    0.6181000000000001,
    0.6234,
    0.6258999999999999,
    0.6195,
    0.6173,
    0.6268999999999999,
    0.6244999999999999,
    0.6315999999999999,
    0.6355999999999999,
    0.6368,
    0.6408,
    0.6547000000000001,
    0.6479,
    0.6427999999999999,
    0.6474,
    0.6455000000000001,
    0.6520999999999999,
    0.6555000000000001,
    0.6608,
    0.6597,
    0.6629,
    0.6586000000000001,
    0.6682999999999999
  ]
}