{
  "setting": "setting_4",
  "train_accuracy": [
    0.3362685381355932,
    0.5919623940677966,
    0.6560348252118644,
    0.7015801553672316,
    0.7352301818502824,
    0.7628829007768362,
    0.7833576094632769,
    0.8011564265536723,
    0.8136917372881356,
    0.8271815413135594,
    0.839887888418079,
    0.847750044138418,
    0.8517776747881356,
    0.8585198181497176,
    0.8646826447740112,
    0.8709337482344633,
    0.8761475988700566,
    0.8803959216101694,
    0.8815711069915254,
    0.8854332185734464,
    0.8861835716807909,
    0.8890691207627118,
    0.8901946504237288,
    0.8914636299435028,
    0.8929974399717514,
    0.8931739936440678,
    0.8971409339689265,
    0.8969533456920904,
    0.8983988788841808,
    0.8998885504943502,
    0.9018416754943502,
    0.9011299435028248,
    0.899656823799435,
    0.904495497881356,
    0.904545153601695,
    0.9054444738700566,
    0.9060624117231638,
    0.9082362288135594,
    0.9067962129237288,
    0.9079493290960452,
    0.9092845162429379,
    0.9086224399717514,
    0.9109176377118644,
    0.9114141949152542,
    0.910939706920904,
    0.9128155896892655,
    0.9130749028954802,
    0.914156294138418,
    0.914211467161017,
    0.9137756002824858
  ],
  "test_accuracy": [
    0.5597000000000001,
    0.6329,
    0.6908000000000001,
    0.733,
    0.76,
    0.7814,
    0.8076000000000001,
    0.8152000000000001,
    0.8333999999999999,
    0.8404,
    0.8538,
    0.8625,
    0.8662000000000001,
    0.8759,
    0.8779,
    0.8873,
    0.8892,
    0.8878,
    0.8936999999999999,
    0.8943,
    0.8963999999999999,
    0.8969000000000001,
    0.8972000000000001,
    0.9004,
    0.9038,
    0.9023,
    0.9045,
    0.9010999999999999,
    0.9066000000000001,
    0.905,
    0.9071,
    0.9082999999999999,
    0.9102,
    0.9078999999999999,
    0.9073,
    0.9117000000000001,
    0.9109,
    0.9144,
    0.914,
    0.9131,
    0.9160999999999999,
    0.9138,
    0.9178999999999998,
    0.9179,
    0.9178999999999998,
    0.9163,
    0.9205,
    0.9202,
    0.9219000000000002,
    0.9193
  ]
}