{
  "setting": "setting_21",
  "train_accuracy": [
    0.17720549040511727,
    0.10662646588486141,
    0.10032982409381663,
    0.10296175373134328,
    0.10072961087420043,
    0.09828091684434968,
    0.10002998400852879,
    0.1003797974413646,
    0.10289512260127932,
    0.10366138059701492,
    0.10262859808102345,
    0.10072961087420043,
    0.10322827825159915,
    0.10159581556503199,
    0.10374466950959488,
    0.10101279317697229,
    0.10544376332622601,
    0.10352811833688699,
    0.10277851812366738,
    0.10471082089552239,
    0.105460421108742,
    0.1013792643923241,
    0.10092950426439233,
    0.10256196695095948,
    0.10502731876332623,
    0.10181236673773987,
    0.10354477611940298,
    0.10202891791044776,
    0.10331156716417911,
    0.10287846481876332,
    0.10266191364605544,
    0.10471082089552239,
    0.10417777185501066,
    0.10464418976545842,
    0.10359474946695096,
    0.11255663646055437,
    0.12018590085287846,
    0.12490005330490406,
    0.12874800106609807,
    0.1404584221748401,
    0.14097481343283583,
    0.13990871535181237,
    0.1460887526652452,
    0.14870402452025586,
    0.14892057569296374,
    0.15543376865671643,
    0.1571994936034115,
    0.15851545842217485,
    0.15964818763326227,
    0.16611140724946696
  ],
  "test_accuracy": [
    0.1516,
    0.10270000000000001,
    0.08919999999999999,
    0.09759999999999999,
    0.10130000000000002,
    0.10210000000000001,
    0.11179999999999998,
    0.1137,
    0.1132,
    0.09809999999999999,
    0.10400000000000001,
    0.101,
    0.09809999999999999,
    0.1024,
    0.10329999999999999,
    0.10290000000000002,
    0.101,
    0.11779999999999999,
    0.0977,
    0.1059,
    0.11579999999999999,
    0.11549999999999998,
    0.0992,
    0.0967,
    0.099,
    0.11429999999999998,
    0.1135,
    0.10110000000000001,
    0.0963,
    0.096,
    0.1032,
    0.10330000000000002,
    0.0958,
    0.11520000000000001,
    0.0989,
    0.1262,
    0.08729999999999999,
    0.10200000000000001,
    0.152,
    0.1462,
    0.0972,
    0.13210000000000002,
    0.1122,
    0.1526,
    0.10090000000000002,
    0.121,
    0.16949999999999998,
    0.1679,
    0.1557,
    0.1697
  ]
}