{
  "setting": "setting_22",
  "train_accuracy": [
    0.48304792999289264,
    0.4575892857142857,
    0.4351123845060412,
    0.4380052860696517,
    0.42312988628287135,
    0.4280272743425728,
    0.4416366826581379,
    0.44219194207533763,
    0.43642279673063256,
    0.44833311122956643,
    0.4461453891257996,
    0.4466784381663113,
    0.4557069562899787,
    0.44349680170575695,
    0.4527141080312722,
    0.4587553304904051,
    0.470776696872779,
    0.4828924573560768,
    0.4838530561478323,
    0.49188765991471217,
    0.48758439943141435,
    0.4904495380241649,
    0.49446406361051887,
    0.49057169509594883,
    0.5014103589196873,
    0.505746934968017,
    0.5052472014925373,
    0.5145089285714286,
    0.5207444918265814,
    0.523676261549396,
    0.5269745024875623,
    0.5255141702203269,
    0.5262304548685145,
    0.5326214907604834,
    0.5329213308457712,
    0.5424051616915423,
    0.5443041488983653,
    0.5503453713574983,
    0.5501565831556503,
    0.5543321339729922,
    0.5502565298507462,
    0.5556258884150675,
    0.5597570184790335,
    0.5632051794598437,
    0.5628942341862118,
    0.5647821162046909,
    0.5696683990760484,
    0.5712842039800995,
    0.5706567608386638,
    0.5746046552949537
  ],
  "test_accuracy": [
    0.4835999999999999,
    0.4475999999999999,
    0.4328,
    0.4511,
    0.43550000000000005,
    0.42489999999999994,
    0.4577,
    0.42330000000000007,
    0.4391,
    0.44220000000000004,
    0.46209999999999996,
    0.4476,
    0.4548,
    0.4631,
    0.4659000000000001,
    0.45929999999999993,
    0.48949999999999994,
    0.5,
    0.4827,
    0.4896,
    0.49050000000000005,
    0.4941,
    0.48930000000000007,
    0.5003,
    0.5166000000000001,
    0.5179,
    0.5178,
    0.5157,
    0.5206,
    0.5478000000000001,
    0.5273,
    0.5311,
    0.5298,
    0.5412,
    0.5492000000000001,
    0.5568,
    0.5604000000000001,
    0.5633000000000001,
    0.5606,
    0.5589999999999999,
    0.5656000000000001,
    0.5651,
    0.5733,
    0.5656,
    0.5641,
    0.5702,
    0.5731,
    0.5833999999999999,
    0.5669,
    0.5889000000000001
  ]
}