{
  "setting": "setting_15",
  "train_accuracy": [
    0.10268872436946476,
    0.09998841812668464,
    0.09994291791008857,
    0.10004219110993454,
    0.10002150919329995,
    0.10003391834328071,
    0.09997600897670389,
    0.10002150919329995,
    0.09998428174335772,
    0.09997187259337698,
    0.10003805472660762,
    0.10007941855987679,
    0.10002564557662688,
    0.10002150919329995,
    0.1000049636599923,
    0.1000049636599923,
    0.10002150919329995,
    0.10002150919329995,
    0.10000082727666539,
    0.10001737280997305,
    0.09998428174335772,
    0.09998841812668464,
    0.09995946344339622,
    0.09995532706006931,
    0.10003391834328071,
    0.1000049636599923,
    0.09999255451001154,
    0.09992223599345398,
    0.10006700940989603,
    0.09998841812668464,
    0.09991809961012708,
    0.09996773621005006,
    0.09997600897670389,
    0.0999801453600308,
    0.09994291791008857,
    0.09996359982672315,
    0.09992223599345398,
    0.09993050876010781,
    0.10004971180689257,
    0.10027157236715441,
    0.1001636503658067,
    0.09910172795533308,
    0.10496674347805159,
    0.107871988712938,
    0.10809460134289565,
    0.1172126943348094,
    0.11950274655852908,
    0.11705137538505969,
    0.11541562379668847,
    0.11894959929726608
  ],
  "test_accuracy": [
    0.1,
    0.1,
    0.1,
    0.1,
    0.1,
    0.1,
    0.1,
    0.1,
    0.1,
    0.1,
    0.1,
    0.1,
    0.1,
    0.1,
    0.1,
    0.1,
    0.1,
    0.1,
    0.1,
    0.1,
    0.1,
    0.1,
    0.1,
    0.1,
    0.1,
    0.1,
    0.1,
    0.1,
    0.1,
    0.1,
    0.1,
    0.1,
    0.1,
    0.1,
    0.1,
    0.1,
    0.1,
    0.1,
    0.1,
    0.10070000000000001,
    0.10070000000000001,
    0.0928,
    0.1048,
    0.1075,
    0.1137,
    0.12029999999999999,
    0.12109999999999999,
    0.10939999999999998,
    0.1204,
    0.11410000000000001
  ]
}