{
  "setting": "setting_26",
  "train_accuracy": [
    0.10689737851662404,
    0.11247202685421995,
    0.1164681905370844,
    0.11786684782608696,
    0.12827685421994886,
    0.1289562020460358,
    0.11702765345268543,
    0.12054427749360613,
    0.1344109654731458,
    0.12897618286445012,
    0.11113331202046035,
    0.10947490409207161,
    0.1168278452685422,
    0.11383072250639387,
    0.11317135549872123,
    0.11462995524296675,
    0.10947490409207161,
    0.11273177749360613,
    0.11169277493606138,
    0.1122522378516624,
    0.11273177749360613,
    0.11568893861892583,
    0.11490968670076726,
    0.11235214194373401,
    0.11191256393861893,
    0.11460997442455242,
    0.11279171994884911,
    0.11363091432225064,
    0.11337116368286446,
    0.11458999360613811,
    0.1138706841432225,
    0.11429028132992328,
    0.1108136189258312,
    0.11197250639386189,
    0.11558903452685422,
    0.11550911125319693,
    0.11826646419437341,
    0.1183463874680307,
    0.11954523657289003,
    0.11586876598465473,
    0.11612851662404092,
    0.11926550511508952,
    0.11774696291560102,
    0.11780690537084398,
    0.11506953324808185,
    0.1125119884910486,
    0.11830642583120204,
    0.11478980179028132,
    0.11670796035805626,
    0.11780690537084398
  ],
  "test_accuracy": [
    0.0953,
    0.11700000000000002,
    0.10740000000000001,
    0.1224,
    0.12400000000000003,
    0.13899999999999998,
    0.10930000000000002,
    0.11140000000000001,
    0.11939999999999999,
    0.07150000000000001,
    0.1257,
    0.10400000000000001,
    0.1052,
    0.10700000000000001,
    0.13079999999999997,
    0.1032,
    0.10110000000000001,
    0.10290000000000002,
    0.10410000000000001,
    0.1008,
    0.0999,
    0.0998,
    0.1,
    0.101,
    0.0914,
    0.11349999999999998,
    0.1006,
    0.1002,
    0.1,
    0.1,
    0.10210000000000001,
    0.1,
    0.0989,
    0.10800000000000001,
    0.0999,
    0.0964,
    0.10250000000000001,
    0.1167,
    0.1,
    0.1,
    0.1,
    0.12280000000000002,
    0.10149999999999999,
    0.09999999999999999,
    0.1,
    0.08829999999999999,
    0.08589999999999999,
    0.1,
    0.1,
    0.0995
  ]
}