{
  "setting": "setting_20",
  "train_accuracy": [
    0.10280830345109741,
    0.09998841812668464,
    0.09994291791008857,
    0.10004219110993454,
    0.10002150919329995,
    0.10003391834328071,
    0.09997600897670389,
    0.10002150919329995,
    0.09998428174335772,
    0.09997187259337698,
    0.10003805472660762,
    0.10007941855987679,
    0.10002564557662688,
    0.10002150919329995,
    0.1000049636599923,
    0.1000049636599923,
    0.10002150919329995,
    0.10002150919329995,
    0.10000082727666539,
    0.10001737280997305,
    0.09998428174335772,
    0.09998841812668464,
    0.09995946344339622,
    0.09995532706006931,
    0.10003391834328071,
    0.1000049636599923,
    0.09999255451001154,
    0.09992223599345398,
    0.10006700940989603,
    0.09998841812668464,
    0.09991809961012708,
    0.09996773621005006,
    0.09997600897670389,
    0.0999801453600308,
    0.09994291791008857,
    0.09996359982672315,
    0.09992223599345398,
    0.09993050876010781,
    0.10002978195995378,
    0.09999255451001154,
    0.10002414143723526,
    0.09848803908355795,
    0.10086044293896805,
    0.10348178186368888,
    0.10474149860415864,
    0.10953744705429341,
    0.11142702216499807,
    0.10899558083846746,
    0.10734140354254909,
    0.11028086794859454
  ],
  "test_accuracy": [
    0.1,
    0.1,
    0.1,
    0.1,
    0.1,
    0.1,
    0.1,
    0.1,
    0.1,
    0.1,
    0.1,
    0.1,
    0.1,
    0.1,
    0.1,
    0.1,
    0.1,
    0.1,
    0.1,
    0.1,
    0.1,
    0.1,
    0.1,
    0.1,
    0.1,
    0.1,
    0.1,
    0.1,
    0.1,
    0.1,
    0.1,
    0.1,
    0.1,
    0.1,
    0.1,
    0.1,
    0.1,
    0.1,
    0.1,
    0.1,
    0.0997,
    0.09609999999999999,
    0.1046,
    0.10410000000000001,
    0.10980000000000001,
    0.1092,
    0.11699999999999999,
    0.1018,
    0.11410000000000001,
    0.11409999999999998
  ]
}