{
  "setting": "setting_7",
  "train_accuracy": [
    0.10221387468030692,
    0.09994005754475703,
    0.10002397698209718,
    0.10002397698209718,
    0.10001198849104859,
    0.10001198849104859,
    0.10003596547314579,
    0.09996403452685422,
    0.1,
    0.10008391943734016,
    0.09996403452685422,
    0.10001198849104859,
    0.09992806905370843,
    0.0999880115089514,
    0.10002397698209718,
    0.09996403452685422,
    0.09997602301790282,
    0.1,
    0.09995204603580563,
    0.1,
    0.10003596547314579,
    0.10004795396419437,
    0.1,
    0.10003596547314579,
    0.10000799232736572,
    0.10019980818414323,
    0.10013986572890025,
    0.10028772378516623,
    0.10015185421994884,
    0.10025575447570333,
    0.10002797314578005,
    0.10014386189258312,
    0.10025575447570333,
    0.10035166240409206,
    0.10044357416879796,
    0.10053148976982096,
    0.10047554347826088,
    0.10066735933503836,
    0.10137468030690538,
    0.10099904092071611,
    0.10271339514066496,
    0.10296115728900256,
    0.10310501918158567,
    0.1040800831202046,
    0.1063618925831202,
    0.10756873401534528,
    0.10745684143222506,
    0.10922714194373402,
    0.11399056905370844,
    0.12263826726342711
  ],
  "test_accuracy": [
    0.1012,
    0.1,
    0.1,
    0.1,
    0.1,
    0.1,
    0.1,
    0.1,
    0.1,
    0.1,
    0.1,
    0.1,
    0.1,
    0.1,
    0.1,
    0.1,
    0.1,
    0.1,
    0.1,
    0.1,
    0.1,
    0.1,
    0.0999,
    0.1,
    0.1,
    0.10010000000000001,
    0.1006,
    0.1,
    0.10030000000000001,
    0.1004,
    0.10030000000000001,
    0.10030000000000001,
    0.1005,
    0.10010000000000001,
    0.1004,
    0.1008,
    0.1006,
    0.10110000000000001,
    0.10090000000000002,
    0.10190000000000002,
    0.1032,
    0.10390000000000002,
    0.10330000000000002,
    0.10329999999999999,
    0.1062,
    0.10870000000000002,
    0.10750000000000001,
    0.11140000000000001,
    0.1189,
    0.1233
  ]
}