{
  "setting": "setting_8",
  "train_accuracy": [
    0.09868064413265305,
    0.1,
    0.10004384566326531,
    0.09991230867346938,
    0.10008769132653061,
    0.10008769132653061,
    0.09995615433673469,
    0.09986846301020408,
    0.1,
    0.10026307397959185,
    0.09991230867346938,
    0.10004384566326531,
    0.09995615433673469,
    0.09986846301020408,
    0.10008769132653061,
    0.09991230867346938,
    0.09991230867346938,
    0.09995615433673469,
    0.10004384566326531,
    0.09978077168367348,
    0.09986846301020408,
    0.10013153698979592,
    0.10004384566326531,
    0.09986846301020408,
    0.10008769132653061,
    0.10004384566326531,
    0.09995615433673469,
    0.10017538265306122,
    0.09986846301020408,
    0.09995615433673469,
    0.09991230867346938,
    0.10004384566326531,
    0.09986846301020408,
    0.09982063137755103,
    0.10008769132653061,
    0.09996412627551021,
    0.10008370535714287,
    0.1005500637755102,
    0.1004623724489796,
    0.10045838647959185,
    0.10089285714285713,
    0.10103236607142857,
    0.10074537627551021,
    0.10164620535714286,
    0.10140306122448979,
    0.1025031887755102,
    0.10223214285714287,
    0.10317681760204081,
    0.10727439413265306,
    0.10680006377551021
  ],
  "test_accuracy": [
    0.10010000000000001,
    0.1,
    0.1,
    0.1,
    0.1,
    0.1,
    0.1,
    0.1,
    0.1,
    0.1,
    0.1,
    0.1,
    0.1,
    0.1,
    0.1,
    0.1,
    0.1,
    0.1,
    0.1,
    0.1,
    0.1,
    0.1,
    0.1,
    0.1,
    0.1,
    0.1,
    0.1,
    0.1,
    0.1,
    0.1,
    0.1,
    0.1,
    0.1,
    0.1,
    0.1,
    0.10010000000000001,
    0.1,
    0.1004,
    0.1002,
    0.1005,
    0.10110000000000001,
    0.1014,
    0.10090000000000002,
    0.1018,
    0.10250000000000001,
    0.10190000000000002,
    0.1015,
    0.1068,
    0.10740000000000001,
    0.10430000000000002
  ]
}