{
  "setting": "setting_17",
  "train_accuracy": [
    0.10095508312020461,
    0.1,
    0.10002397698209718,
    0.10002397698209718,
    0.10001198849104859,
    0.10001198849104859,
    0.10003596547314579,
    0.09996403452685422,
    0.1,
    0.10008391943734016,
    0.09996403452685422,
    0.10001198849104859,
    0.09992806905370843,
    0.0999880115089514,
    0.10002397698209718,
    0.09996403452685422,
    0.09997602301790282,
    0.1,
    0.09995204603580563,
    0.1,
    0.10003596547314579,
    0.10004795396419437,
    0.1,
    0.10003596547314579,
    0.0999880115089514,
    0.1,
    0.1,
    0.10004795396419437,
    0.10001198849104859,
    0.10007592710997443,
    0.0999880115089514,
    0.10006393861892583,
    0.10011588874680308,
    0.09997202685421994,
    0.10002397698209718,
    0.1001118925831202,
    0.10024376598465473,
    0.1004275895140665,
    0.10035565856777494,
    0.10023976982097187,
    0.10115489130434784,
    0.10152253836317135,
    0.10123481457800512,
    0.10163443094629157,
    0.10292119565217392,
    0.10302109974424553,
    0.1036325127877238,
    0.10467151534526854,
    0.10927509590792839,
    0.11494165601023018
  ],
  "test_accuracy": [
    0.1002,
    0.1,
    0.1,
    0.1,
    0.1,
    0.1,
    0.1,
    0.1,
    0.1,
    0.1,
    0.1,
    0.1,
    0.1,
    0.1,
    0.1,
    0.1,
    0.1,
    0.1,
    0.1,
    0.1,
    0.1,
    0.1,
    0.1,
    0.1,
    0.1,
    0.1,
    0.1,
    0.1,
    0.1,
    0.10030000000000001,
    0.1005,
    0.1002,
    0.10030000000000001,
    0.1002,
    0.1,
    0.10030000000000001,
    0.10010000000000001,
    0.101,
    0.10010000000000001,
    0.101,
    0.1016,
    0.10190000000000002,
    0.10170000000000001,
    0.10270000000000001,
    0.1022,
    0.10410000000000001,
    0.1038,
    0.1078,
    0.1129,
    0.1133
  ]
}