{
  "setting": "setting_24",
  "train_accuracy": [
    0.09952680849125364,
    0.09997285744655005,
    0.10000417577745384,
    0.10002505466472304,
    0.09997285744655005,
    0.09992066022837706,
    0.09998329689018465,
    0.09994153911564627,
    0.09996241800291544,
    0.09998329689018465,
    0.10007725188289603,
    0.09986846301020408,
    0.10005637299562682,
    0.10000417577745384,
    0.09988934189747328,
    0.10005637299562682,
    0.09989978134110787,
    0.10000417577745384,
    0.09996241800291544,
    0.09988934189747328,
    0.09998329689018465,
    0.10002505466472304,
    0.10000417577745384,
    0.10006681243926141,
    0.1001190096574344,
    0.10012944910106901,
    0.09996241800291544,
    0.10001461522108843,
    0.10001461522108843,
    0.10006681243926141,
    0.10003549410835763,
    0.09994153911564627,
    0.09999373633381925,
    0.09997285744655005,
    0.10000417577745384,
    0.10002505466472304,
    0.09998329689018465,
    0.10000417577745384,
    0.09995197855928085,
    0.09996146896258504,
    0.10000417577745384,
    0.10006681243926141,
    0.1000867422862002,
    0.10004498451166181,
    0.10005447491496598,
    0.10001081905976676,
    0.1000554239552964,
    0.10037525054664723,
    0.10016266551263363,
    0.1003154610058309
  ],
  "test_accuracy": [
    0.1,
    0.1,
    0.1,
    0.1,
    0.1,
    0.1,
    0.1,
    0.1,
    0.1,
    0.1,
    0.1,
    0.1,
    0.1,
    0.1,
    0.1,
    0.1,
    0.1,
    0.1,
    0.1,
    0.1,
    0.1,
    0.1,
    0.1,
    0.1,
    0.1,
    0.1,
    0.1,
    0.1,
    0.1,
    0.1,
    0.1,
    0.1,
    0.1,
    0.1,
    0.1,
    0.1,
    0.1,
    0.1,
    0.1,
    0.1,
    0.1,
    0.1,
    0.1,
    0.1002,
    0.1,
    0.10010000000000001,
    0.1,
    0.10010000000000001,
    0.1,
    0.10030000000000001
  ]
}