{
  "setting": "setting_22",
  "train_accuracy": [
    0.10099504475703326,
    0.10001998081841433,
    0.10002397698209718,
    0.10002397698209718,
    0.10001198849104859,
    0.10001198849104859,
    0.10003596547314579,
    0.09996403452685422,
    0.1,
    0.10008391943734016,
    0.09996403452685422,
    0.10001198849104859,
    0.09992806905370843,
    0.0999880115089514,
    0.10002397698209718,
    0.09996403452685422,
    0.09997602301790282,
    0.1,
    0.09995204603580563,
    0.1,
    0.10003596547314579,
    0.10004795396419437,
    0.1,
    0.10003596547314579,
    0.0999880115089514,
    0.1,
    0.1,
    0.10004795396419437,
    0.10001198849104859,
    0.10003596547314579,
    0.10000799232736572,
    0.09996403452685422,
    0.10003596547314579,
    0.09997202685421994,
    0.10006393861892583,
    0.10024376598465473,
    0.10015585038363171,
    0.10016783887468031,
    0.10025575447570333,
    0.10009990409207162,
    0.10069533248081843,
    0.1010230179028133,
    0.1012148337595908,
    0.10168238491048594,
    0.10292119565217392,
    0.10299312659846548,
    0.10316096547314578,
    0.1037643861892583,
    0.10516304347826086,
    0.10648976982097187
  ],
  "test_accuracy": [
    0.1002,
    0.1,
    0.1,
    0.1,
    0.1,
    0.1,
    0.1,
    0.1,
    0.1,
    0.1,
    0.1,
    0.1,
    0.1,
    0.1,
    0.1,
    0.1,
    0.1,
    0.1,
    0.1,
    0.1,
    0.1,
    0.1,
    0.1,
    0.1,
    0.1,
    0.1,
    0.1,
    0.1,
    0.1,
    0.10010000000000001,
    0.10010000000000001,
    0.1,
    0.1,
    0.1,
    0.10010000000000001,
    0.1002,
    0.10010000000000001,
    0.1005,
    0.1005,
    0.10030000000000001,
    0.10130000000000002,
    0.1016,
    0.10110000000000001,
    0.1018,
    0.10300000000000001,
    0.10290000000000002,
    0.1045,
    0.10510000000000001,
    0.10840000000000001,
    0.10630000000000002
  ]
}