{
  "setting": "setting_5",
  "train_accuracy": [
    0.10320690038987292,
    0.09998841812668464,
    0.09994291791008857,
    0.10004219110993454,
    0.10002150919329995,
    0.10003391834328071,
    0.09997600897670389,
    0.10002150919329995,
    0.09998428174335772,
    0.09997187259337698,
    0.10003805472660762,
    0.10007941855987679,
    0.10002564557662688,
    0.10002150919329995,
    0.1000049636599923,
    0.1000049636599923,
    0.10002150919329995,
    0.10002150919329995,
    0.10000082727666539,
    0.10001737280997305,
    0.09998428174335772,
    0.09998841812668464,
    0.09995946344339622,
    0.09995532706006931,
    0.10003391834328071,
    0.1000049636599923,
    0.09999255451001154,
    0.09992223599345398,
    0.10006700940989603,
    0.09998841812668464,
    0.09991809961012708,
    0.09996773621005006,
    0.09997600897670389,
    0.0999801453600308,
    0.09994291791008857,
    0.09996359982672315,
    0.09992223599345398,
    0.09993050876010781,
    0.10000985211301501,
    0.10015199328552175,
    0.1004268747593377,
    0.10438276135926068,
    0.11966218533403927,
    0.12534783223430881,
    0.12518764138910282,
    0.12731599862822487,
    0.12425018651328455,
    0.13110755799961493,
    0.13667964237581826,
    0.13564028205621873
  ],
  "test_accuracy": [
    0.1,
    0.1,
    0.1,
    0.1,
    0.1,
    0.1,
    0.1,
    0.1,
    0.1,
    0.1,
    0.1,
    0.1,
    0.1,
    0.1,
    0.1,
    0.1,
    0.1,
    0.1,
    0.1,
    0.1,
    0.1,
    0.1,
    0.1,
    0.1,
    0.1,
    0.1,
    0.1,
    0.1,
    0.1,
    0.1,
    0.1,
    0.1,
    0.1,
    0.1,
    0.1,
    0.1,
    0.1,
    0.1,
    0.1,
    0.1004,
    0.10070000000000001,
    0.10700000000000001,
    0.1243,
    0.1217,
    0.12149999999999998,
    0.11880000000000002,
    0.1262,
    0.13,
    0.1424,
    0.1354
  ]
}