{
  "setting": "setting_6",
  "train_accuracy": [
    0.10731697570332481,
    0.10419996803069054,
    0.1352501598465473,
    0.12641863810741688,
    0.14164402173913043,
    0.13780770460358055,
    0.14460118286445012,
    0.1445012787723785,
    0.14290281329923274,
    0.13924632352941177,
    0.15924712276214834,
    0.1585877557544757,
    0.16492167519181586,
    0.1597466432225064,
    0.17275415601023017,
    0.1636828644501279,
    0.16266384271099743,
    0.1653212915601023,
    0.1601262787723785,
    0.1527333759590793,
    0.1679387787723785,
    0.16412244245524296,
    0.15407209079283887,
    0.15219389386189258,
    0.1560701726342711,
    0.15153452685421995,
    0.1578684462915601,
    0.17209478900255754,
    0.1805866368286445,
    0.18272458439897699,
    0.18350383631713554,
    0.1778093030690537,
    0.1835437979539642,
    0.18124600383631714,
    0.18498241687979539,
    0.1860613810741688,
    0.18188539002557544,
    0.17635070332480818,
    0.17329363810741688,
    0.17705003196930946,
    0.1809462915601023,
    0.18416320332480818,
    0.17697010869565216,
    0.17321371483375958,
    0.1745724104859335,
    0.18000719309462915,
    0.1785286125319693,
    0.178508631713555,
    0.17758951406649617,
    0.1776294757033248
  ],
  "test_accuracy": [
    0.1022,
    0.1318,
    0.1456,
    0.1332,
    0.12250000000000001,
    0.14379999999999998,
    0.16409999999999997,
    0.1375,
    0.1645,
    0.15619999999999998,
    0.1508,
    0.1683,
    0.178,
    0.17629999999999998,
    0.1661,
    0.16709999999999997,
    0.17459999999999998,
    0.17609999999999998,
    0.16269999999999998,
    0.1602,
    0.1655,
    0.16899999999999998,
    0.14939999999999998,
    0.1613,
    0.15489999999999998,
    0.1561,
    0.17409999999999998,
    0.1759,
    0.17070000000000002,
    0.1753,
    0.1826,
    0.1818,
    0.17709999999999998,
    0.18230000000000002,
    0.19,
    0.1846,
    0.195,
    0.18130000000000002,
    0.1709,
    0.17439999999999997,
    0.1868,
    0.1837,
    0.17870000000000003,
    0.1745,
    0.18539999999999998,
    0.17809999999999998,
    0.17809999999999998,
    0.1788,
    0.1796,
    0.1795
  ]
}