{
  "setting": "setting_2",
  "train_accuracy": [
    0.1102861253196931,
    0.12853260869565217,
    0.10003596547314579,
    0.10002397698209718,
    0.0999880115089514,
    0.10002397698209718,
    0.0999880115089514,
    0.09995204603580563,
    0.09997602301790282,
    0.0999880115089514,
    0.0999880115089514,
    0.10001198849104859,
    0.10008391943734016,
    0.10005994245524297,
    0.10003596547314579,
    0.09992806905370843,
    0.1,
    0.1,
    0.09996403452685422,
    0.0999880115089514,
    0.09995204603580563,
    0.10005994245524297,
    0.10001198849104859,
    0.10005195012787724,
    0.10007992327365729,
    0.0999320652173913,
    0.10003196930946291,
    0.1001238810741688,
    0.10019980818414323,
    0.10005195012787724,
    0.09997202685421994,
    0.10009191176470587,
    0.10021978900255755,
    0.10073129795396418,
    0.10054347826086957,
    0.10114290281329923,
    0.10081921355498721,
    0.10140265345268543,
    0.10218190537084398,
    0.10284526854219948,
    0.10254555626598465,
    0.10461556905370845,
    0.10607816496163683,
    0.11104140025575447,
    0.11081761508951406,
    0.11762707800511508,
    0.12627877237851662,
    0.13485453964194374,
    0.1357576726342711,
    0.1410725703324808
  ],
  "test_accuracy": [
    0.1403,
    0.1,
    0.1,
    0.1,
    0.1,
    0.1,
    0.1,
    0.1,
    0.1,
    0.1,
    0.1,
    0.1,
    0.1,
    0.1,
    0.1,
    0.1,
    0.1,
    0.1,
    0.1,
    0.1,
    0.1,
    0.1,
    0.1,
    0.10010000000000001,
    0.1,
    0.1002,
    0.0999,
    0.1,
    0.1004,
    0.1,
    0.10010000000000001,
    0.10010000000000001,
    0.10030000000000001,
    0.1002,
    0.1008,
    0.1015,
    0.10210000000000001,
    0.10090000000000002,
    0.1032,
    0.1015,
    0.1046,
    0.1038,
    0.11109999999999998,
    0.1129,
    0.1081,
    0.11879999999999999,
    0.13210000000000002,
    0.13699999999999998,
    0.1431,
    0.1456
  ]
}