{
  "setting": "setting_3",
  "train_accuracy": [
    0.09842554209183674,
    0.10003985969387756,
    0.10004384566326531,
    0.09991230867346938,
    0.10008769132653061,
    0.10008769132653061,
    0.09995615433673469,
    0.09986846301020408,
    0.1,
    0.10026307397959185,
    0.09991230867346938,
    0.10004384566326531,
    0.09995615433673469,
    0.09986846301020408,
    0.10008769132653061,
    0.09991230867346938,
    0.09991230867346938,
    0.09995615433673469,
    0.10004384566326531,
    0.09978077168367348,
    0.09986846301020408,
    0.10013153698979592,
    0.10004384566326531,
    0.09986846301020408,
    0.10008769132653061,
    0.10004384566326531,
    0.09995615433673469,
    0.10017538265306122,
    0.09986846301020408,
    0.09995615433673469,
    0.09993223852040815,
    0.10004384566326531,
    0.0999282525510204,
    0.09988042091836735,
    0.10016741071428571,
    0.0998844068877551,
    0.10024314413265306,
    0.10076929209183673,
    0.10068160076530612,
    0.10055803571428572,
    0.10061383928571428,
    0.10089285714285713,
    0.1006656568877551,
    0.10130739795918367,
    0.1018375318877551,
    0.1018813775510204,
    0.10175382653061225,
    0.10145886479591837,
    0.10214445153061225,
    0.10193319515306123
  ],
  "test_accuracy": [
    0.0998,
    0.1,
    0.1,
    0.1,
    0.1,
    0.1,
    0.1,
    0.1,
    0.1,
    0.1,
    0.1,
    0.1,
    0.1,
    0.1,
    0.1,
    0.1,
    0.1,
    0.1,
    0.1,
    0.1,
    0.1,
    0.1,
    0.1,
    0.1,
    0.1,
    0.1,
    0.1,
    0.1,
    0.1,
    0.1,
    0.1,
    0.10030000000000001,
    0.1,
    0.10030000000000001,
    0.1002,
    0.10010000000000001,
    0.1006,
    0.10090000000000002,
    0.10030000000000001,
    0.10070000000000001,
    0.10090000000000002,
    0.10070000000000001,
    0.1014,
    0.1018,
    0.10230000000000002,
    0.1014,
    0.1016,
    0.10210000000000001,
    0.10350000000000001,
    0.1016
  ]
}