{
  "setting": "setting_29",
  "train_accuracy": [
    0.10245649599125364,
    0.09995197855928085,
    0.09993109967201165,
    0.09999373633381925,
    0.09999373633381925,
    0.09993109967201165,
    0.10005637299562682,
    0.10002505466472304,
    0.09999373633381925,
    0.09994153911564627,
    0.09999373633381925,
    0.09999373633381925,
    0.09995197855928085,
    0.10005637299562682,
    0.10008769132653061,
    0.09992066022837706,
    0.09994153911564627,
    0.10001461522108843,
    0.09996241800291544,
    0.10006681243926141,
    0.10003549410835763,
    0.10003549410835763,
    0.10006681243926141,
    0.09997285744655005,
    0.09989978134110787,
    0.10001461522108843,
    0.10006681243926141,
    0.09999373633381925,
    0.10005637299562682,
    0.09999373633381925,
    0.10003549410835763,
    0.09994153911564627,
    0.09997285744655005,
    0.10001461522108843,
    0.10003549410835763,
    0.10000417577745384,
    0.09995197855928085,
    0.09989978134110787,
    0.10008769132653061,
    0.09997285744655005,
    0.10004593355199222,
    0.10006681243926141,
    0.10003549410835763,
    0.09992066022837706,
    0.10000417577745384,
    0.09994153911564627,
    0.10002505466472304,
    0.10005637299562682,
    0.10000417577745384,
    0.09992066022837706
  ],
  "test_accuracy": [
    0.1,
    0.1,
    0.1,
    0.1,
    0.1,
    0.1,
    0.1,
    0.1,
    0.1,
    0.1,
    0.1,
    0.1,
    0.1,
    0.1,
    0.1,
    0.1,
    0.1,
    0.1,
    0.1,
    0.1,
    0.1,
    0.1,
    0.1,
    0.1,
    0.1,
    0.1,
    0.1,
    0.1,
    0.1,
    0.1,
    0.1,
    0.1,
    0.1,
    0.1,
    0.1,
    0.1,
    0.1,
    0.1,
    0.1,
    0.1,
    0.1,
    0.1,
    0.1,
    0.1,
    0.1,
    0.1,
    0.1,
    0.1,
    0.1,
    0.1
  ]
}