{
  "setting": "setting_21",
  "train_accuracy": [
    0.10755674552429667,
    0.1077565537084399,
    0.13369165601023017,
    0.11920556265984655,
    0.1374680306905371,
    0.1379475703324808,
    0.12865648976982097,
    0.13914641943734016,
    0.12977541560102301,
    0.13672874040920716,
    0.15047554347826086,
    0.13618925831202047,
    0.14446131713554988,
    0.1534726662404092,
    0.15379235933503838,
    0.15738890664961636,
    0.15243366368286446,
    0.1507752557544757,
    0.1479779411764706,
    0.1455602621483376,
    0.1637228260869565,
    0.15644980818414322,
    0.15165441176470587,
    0.14773817135549872,
    0.1487771739130435,
    0.15417199488491048,
    0.1563499040920716,
    0.16040601023017903,
    0.16272378516624042,
    0.16278372762148338,
    0.17139546035805628,
    0.17219469309462915,
    0.17549152813299232,
    0.16426230818414322,
    0.16707960358056265,
    0.16841831841432225,
    0.17059622762148338,
    0.16356297953964194,
    0.1639625959079284,
    0.16614050511508952,
    0.17247442455242967,
    0.1729539641943734,
    0.16751918158567775,
    0.16026614450127877,
    0.1640824808184143,
    0.1624440537084399,
    0.16214434143222506,
    0.16058583759590792,
    0.16342311381074168,
    0.16270380434782608
  ],
  "test_accuracy": [
    0.1036,
    0.13169999999999998,
    0.1397,
    0.1347,
    0.1302,
    0.1516,
    0.1446,
    0.12940000000000002,
    0.14350000000000002,
    0.1373,
    0.14839999999999998,
    0.1437,
    0.1593,
    0.15489999999999998,
    0.1503,
    0.151,
    0.15749999999999997,
    0.14270000000000002,
    0.1443,
    0.1541,
    0.16219999999999998,
    0.15589999999999998,
    0.1527,
    0.1509,
    0.15009999999999996,
    0.1636,
    0.1661,
    0.1663,
    0.15299999999999997,
    0.16629999999999998,
    0.16970000000000002,
    0.1774,
    0.17129999999999998,
    0.1547,
    0.1699,
    0.1755,
    0.1785,
    0.1683,
    0.15489999999999998,
    0.1687,
    0.17619999999999997,
    0.1816,
    0.1661,
    0.1674,
    0.17229999999999998,
    0.1656,
    0.16360000000000002,
    0.1599,
    0.1658,
    0.16649999999999998
  ]
}