{
  "setting": "setting_21",
  "train_accuracy": [
    0.09926470588235294,
    0.09954443734015345,
    0.09928468670076726,
    0.09962436061381075,
    0.10110294117647059,
    0.09820572250639387,
    0.09704683503836317,
    0.09978420716112532,
    0.09756633631713554,
    0.0995843989769821,
    0.10080322890025575,
    0.09854539641943734,
    0.09878516624040921,
    0.09866528132992328,
    0.1004036125319693,
    0.09846547314578005,
    0.09838554987212277,
    0.09980418797953965,
    0.09712675831202046,
    0.1019221547314578,
    0.10234175191815857,
    0.09950447570332481,
    0.10034367007672634,
    0.09968430306905371,
    0.10036365089514067,
    0.10136269181585678,
    0.09998401534526855,
    0.10134271099744245,
    0.10306106138107417,
    0.09888507033248081,
    0.09814578005115089,
    0.10088315217391304,
    0.10062340153452685,
    0.10288123401534527,
    0.0995843989769821,
    0.10050351662404092,
    0.10118286445012788,
    0.09998401534526855,
    0.10148257672634271,
    0.0995843989769821,
    0.10094309462915602,
    0.0995843989769821,
    0.09822570332480818,
    0.10018382352941177,
    0.09740648976982097,
    0.10046355498721228,
    0.10128276854219949,
    0.09996403452685422,
    0.1004036125319693,
    0.100383631713555
  ],
  "test_accuracy": [
    0.11629999999999999,
    0.0965,
    0.10600000000000001,
    0.1026,
    0.0975,
    0.1018,
    0.10090000000000002,
    0.0944,
    0.10190000000000002,
    0.1,
    0.0983,
    0.0987,
    0.10029999999999999,
    0.0994,
    0.0978,
    0.0985,
    0.0984,
    0.0988,
    0.10170000000000001,
    0.09759999999999999,
    0.0997,
    0.10130000000000002,
    0.1004,
    0.0994,
    0.10070000000000001,
    0.10090000000000002,
    0.1008,
    0.1012,
    0.1005,
    0.1004,
    0.1015,
    0.1011,
    0.1008,
    0.10029999999999999,
    0.10070000000000001,
    0.10090000000000002,
    0.10030000000000001,
    0.1004,
    0.1005,
    0.10049999999999999,
    0.10070000000000001,
    0.1005,
    0.0999,
    0.1005,
    0.10110000000000001,
    0.10010000000000001,
    0.10070000000000001,
    0.1005,
    0.1,
    0.1005
  ]
}