{
  "setting": "setting_7",
  "train_accuracy": [
    0.10206601662404091,
    0.09873321611253197,
    0.09919277493606138,
    0.09844948849104859,
    0.10131873401534527,
    0.10145460358056267,
    0.10323289641943735,
    0.10045156649616367,
    0.10014785805626598,
    0.09985613810741689,
    0.09892902813299233,
    0.09920875959079284,
    0.09855738491048593,
    0.09851342710997442,
    0.10182225063938619,
    0.09917679028132993,
    0.09902093989769821,
    0.10230978260869565,
    0.10081122122762147,
    0.09894900895140665,
    0.10188618925831201,
    0.09862132352941178,
    0.10097906010230179,
    0.09672314578005116,
    0.09683903452685423,
    0.1008431905370844,
    0.09994005754475703,
    0.09501278772378516,
    0.10039162404092071,
    0.10018781969309462,
    0.09621563299232735,
    0.09613970588235295,
    0.0993925831202046,
    0.10008791560102301,
    0.10089514066496165,
    0.10037963554987213,
    0.10045955882352942,
    0.09578804347826086,
    0.10131473785166241,
    0.0992247442455243,
    0.10069133631713555,
    0.10162643861892583,
    0.09727861253196932,
    0.09935661764705883,
    0.0980099104859335,
    0.10055546675191816,
    0.09891703964194375,
    0.10081122122762147,
    0.0975943094629156,
    0.10180626598465473
  ],
  "test_accuracy": [
    0.1032,
    0.10190000000000002,
    0.10290000000000002,
    0.1,
    0.0983,
    0.1058,
    0.10210000000000001,
    0.099,
    0.1014,
    0.10190000000000002,
    0.1006,
    0.0996,
    0.1004,
    0.1015,
    0.1002,
    0.1005,
    0.10090000000000002,
    0.1005,
    0.0999,
    0.1008,
    0.1,
    0.0996,
    0.09989999999999999,
    0.1001,
    0.10010000000000001,
    0.10090000000000002,
    0.09979999999999999,
    0.0999,
    0.10129999999999999,
    0.1002,
    0.099,
    0.10010000000000001,
    0.1008,
    0.09949999999999999,
    0.1004,
    0.1008,
    0.099,
    0.10010000000000001,
    0.0989,
    0.0988,
    0.098,
    0.0988,
    0.0992,
    0.1005,
    0.1,
    0.1004,
    0.10049999999999999,
    0.1005,
    0.1006,
    0.1004
  ]
}