{
  "setting": "setting_2",
  "train_accuracy": [
    0.10233375959079284,
    0.09830562659846548,
    0.09964833759590792,
    0.10206202046035806,
    0.10075127877237851,
    0.10128676470588235,
    0.10185022378516623,
    0.09940057544757033,
    0.09956841432225064,
    0.10025975063938619,
    0.10149856138107417,
    0.09701486572890025,
    0.0969429347826087,
    0.09826166879795396,
    0.10051150895140665,
    0.09985214194373401,
    0.0985174232736573,
    0.10236972506393861,
    0.10211796675191816,
    0.09973225703324808,
    0.10246563299232736,
    0.09864929667519182,
    0.10083919437340154,
    0.09919677109974426,
    0.0973825127877238,
    0.09969229539641943,
    0.09914881713554986,
    0.09462915601023018,
    0.0992247442455243,
    0.09914881713554986,
    0.09854140025575447,
    0.09778212915601023,
    0.09952445652173914,
    0.09840153452685423,
    0.1004955242966752,
    0.10128676470588235,
    0.10194213554987212,
    0.09864929667519182,
    0.10030770460358056,
    0.09809382992327365,
    0.10019181585677749,
    0.1019101662404092,
    0.09807384910485933,
    0.09952046035805627,
    0.09723065856777494,
    0.09943254475703324,
    0.10044357416879796,
    0.10132273017902814,
    0.09912883631713555,
    0.10167039641943733
  ],
  "test_accuracy": [
    0.11600000000000002,
    0.0957,
    0.0949,
    0.10840000000000001,
    0.1004,
    0.1022,
    0.0975,
    0.09809999999999999,
    0.0999,
    0.0985,
    0.10030000000000001,
    0.1006,
    0.0982,
    0.10030000000000001,
    0.0993,
    0.10170000000000001,
    0.10030000000000001,
    0.10170000000000001,
    0.10030000000000001,
    0.1,
    0.1,
    0.1005,
    0.1008,
    0.0996,
    0.1008,
    0.1008,
    0.10029999999999999,
    0.1006,
    0.101,
    0.1001,
    0.0982,
    0.10030000000000001,
    0.1,
    0.0999,
    0.1002,
    0.0988,
    0.0986,
    0.0988,
    0.0994,
    0.0989,
    0.0988,
    0.0989,
    0.0992,
    0.1004,
    0.0996,
    0.0996,
    0.1004,
    0.1005,
    0.1004,
    0.1005
  ]
}