{
  "setting": "setting_1",
  "train_accuracy": [
    0.09918478260869565,
    0.09790601023017903,
    0.09858535805626599,
    0.09942455242966752,
    0.10140265345268543,
    0.10080322890025575,
    0.09810581841432225,
    0.10008391943734016,
    0.10028372762148338,
    0.10028372762148338,
    0.10108296035805626,
    0.10088315217391304,
    0.09932464833759591,
    0.10006393861892583,
    0.10036365089514067,
    0.09836556905370844,
    0.09934462915601024,
    0.10122282608695653,
    0.09748641304347826,
    0.10148257672634271,
    0.10162244245524296,
    0.09898497442455242,
    0.09984414961636828,
    0.09948449488491048,
    0.10014386189258312,
    0.10378037084398976,
    0.09948449488491048,
    0.10002397698209718,
    0.10280131074168798,
    0.0999440537084399,
    0.09840553069053709,
    0.10052349744245524,
    0.10028372762148338,
    0.10176230818414322,
    0.09930466751918159,
    0.10144261508951406,
    0.10090313299232737,
    0.09990409207161126,
    0.10136269181585678,
    0.09896499360613811,
    0.10214194373401535,
    0.09990409207161126,
    0.09934462915601024,
    0.0990449168797954,
    0.09750639386189258,
    0.10140265345268543,
    0.09948449488491048,
    0.09992407289002557,
    0.10092311381074169,
    0.10042359335038363
  ],
  "test_accuracy": [
    0.09209999999999999,
    0.09609999999999999,
    0.1049,
    0.0985,
    0.0969,
    0.10030000000000001,
    0.1022,
    0.0996,
    0.0996,
    0.1036,
    0.0996,
    0.0977,
    0.10069999999999998,
    0.1005,
    0.0979,
    0.0984,
    0.0975,
    0.0988,
    0.10029999999999999,
    0.0977,
    0.0996,
    0.10030000000000001,
    0.10070000000000001,
    0.1001,
    0.1015,
    0.0996,
    0.1008,
    0.1016,
    0.1005,
    0.10070000000000001,
    0.10110000000000001,
    0.1008,
    0.10070000000000001,
    0.1006,
    0.10090000000000002,
    0.1005,
    0.1006,
    0.10049999999999999,
    0.1005,
    0.1006,
    0.1006,
    0.1004,
    0.1002,
    0.1008,
    0.1012,
    0.1004,
    0.101,
    0.1004,
    0.10010000000000001,
    0.1006
  ]
}