{
  "setting": "setting_11",
  "train_accuracy": [
    0.09946451406649616,
    0.09748641304347826,
    0.09912484015345269,
    0.10042359335038363,
    0.10178228900255755,
    0.10110294117647059,
    0.09942455242966752,
    0.10100303708439898,
    0.09918478260869565,
    0.1005834398976982,
    0.10134271099744245,
    0.09810581841432225,
    0.1006633631713555,
    0.10094309462915602,
    0.10134271099744245,
    0.0982456841432225,
    0.0999440537084399,
    0.10018382352941177,
    0.09604779411764706,
    0.10266144501278772,
    0.10222186700767263,
    0.1004036125319693,
    0.10108296035805626,
    0.09960437979539642,
    0.10224184782608696,
    0.10184223145780051,
    0.10036365089514067,
    0.10024376598465473,
    0.10294117647058823,
    0.09950447570332481,
    0.09774616368286446,
    0.09896499360613811,
    0.10086317135549872,
    0.10194213554987212,
    0.09986413043478261,
    0.09992407289002557,
    0.10070332480818414,
    0.10100303708439898,
    0.10180226982097186,
    0.10008391943734016,
    0.10162244245524296,
    0.09966432225063938,
    0.09952445652173914,
    0.09974424552429667,
    0.09722666240409207,
    0.10134271099744245,
    0.1006633631713555,
    0.10054347826086957,
    0.10132273017902814,
    0.09988411125319693
  ],
  "test_accuracy": [
    0.08199999999999999,
    0.0977,
    0.10569999999999999,
    0.10330000000000002,
    0.0972,
    0.1008,
    0.1008,
    0.0953,
    0.0987,
    0.0997,
    0.09519999999999999,
    0.0986,
    0.1002,
    0.0982,
    0.0985,
    0.10030000000000001,
    0.0978,
    0.0982,
    0.09759999999999999,
    0.0973,
    0.0996,
    0.0997,
    0.0988,
    0.0989,
    0.0988,
    0.1008,
    0.1004,
    0.10129999999999999,
    0.1005,
    0.10089999999999999,
    0.10169999999999998,
    0.1012,
    0.1008,
    0.10089999999999999,
    0.10090000000000002,
    0.1006,
    0.1005,
    0.1002,
    0.10030000000000001,
    0.1005,
    0.1006,
    0.1006,
    0.1004,
    0.10090000000000002,
    0.1014,
    0.10030000000000001,
    0.101,
    0.1006,
    0.1004,
    0.10030000000000001
  ]
}