{
  "setting": "setting_16",
  "train_accuracy": [
    0.09878516624040921,
    0.09848545396419438,
    0.09908487851662404,
    0.09942455242966752,
    0.10074328644501279,
    0.09926470588235294,
    0.10078324808184143,
    0.10112292199488492,
    0.09896499360613811,
    0.09980418797953965,
    0.10052349744245524,
    0.09876518542199489,
    0.09848545396419438,
    0.09864530051150895,
    0.09978420716112532,
    0.09880514705882353,
    0.09848545396419438,
    0.09864530051150895,
    0.09696691176470588,
    0.10152253836317135,
    0.10170236572890026,
    0.09934462915601024,
    0.09910485933503836,
    0.10036365089514067,
    0.10014386189258312,
    0.10218190537084398,
    0.0995843989769821,
    0.1002237851662404,
    0.10320092710997443,
    0.0990449168797954,
    0.09844549232736573,
    0.10024376598465473,
    0.10016384271099744,
    0.10114290281329923,
    0.09964434143222506,
    0.1004036125319693,
    0.10090313299232737,
    0.09932464833759591,
    0.10198209718670077,
    0.09974424552429667,
    0.10036365089514067,
    0.10092311381074169,
    0.09812579923273658,
    0.09956441815856777,
    0.09708679667519182,
    0.10062340153452685,
    0.10070332480818414,
    0.09996403452685422,
    0.100383631713555,
    0.10064338235294118
  ],
  "test_accuracy": [
    0.11379999999999998,
    0.0978,
    0.1068,
    0.0985,
    0.098,
    0.0974,
    0.10090000000000002,
    0.09609999999999999,
    0.10170000000000001,
    0.0993,
    0.0985,
    0.0992,
    0.10030000000000001,
    0.099,
    0.0985,
    0.1002,
    0.09809999999999999,
    0.0991,
    0.09609999999999999,
    0.0975,
    0.0999,
    0.1,
    0.0994,
    0.0996,
    0.0996,
    0.1011,
    0.10090000000000002,
    0.1022,
    0.1005,
    0.1012,
    0.10130000000000002,
    0.10110000000000001,
    0.1006,
    0.1004,
    0.1006,
    0.10089999999999999,
    0.1005,
    0.1004,
    0.1002,
    0.1002,
    0.1006,
    0.1005,
    0.10030000000000001,
    0.101,
    0.1015,
    0.1004,
    0.1005,
    0.1002,
    0.1002,
    0.1005
  ]
}