{
  "setting": "setting_30",
  "train_accuracy": [
    0.26227904192337315,
    0.3574403007075472,
    0.4030070754716981,
    0.43767824051790527,
    0.45742759072968814,
    0.49167308432807083,
    0.5127690153301887,
    0.5286745373267231,
    0.5359094478003466,
    0.5603393037639584,
    0.5827667741624951,
    0.5993378778398152,
    0.6043293644108587,
    0.6192684768482865,
    0.6237974405564113,
    0.6401410431507508,
    0.6523723286484405,
    0.6572009921303428,
    0.6631077475211783,
    0.6831575495764344,
    0.6814544877502888,
    0.6887326422314208,
    0.6953106198257605,
    0.7021243712697343,
    0.7121528446284174,
    0.7130229892664612,
    0.7180246287783981,
    0.7259044390161725,
    0.7296316964285714,
    0.7298114410858683,
    0.7290830615854833,
    0.7384109820225261,
    0.7433366624951868,
    0.7457993147140931,
    0.7466841247112053,
    0.7540638086012706,
    0.7517696199942241,
    0.7622380541249518,
    0.761986110776858,
    0.7674551616047363,
    0.7660337498796689,
    0.7689517802993839,
    0.7713012460290719,
    0.7747991221842511,
    0.7747784402676164,
    0.7780333979110512,
    0.7825510805737389,
    0.7833072866528686,
    0.7821912152242972,
    0.7848783602474009
  ],
  "test_accuracy": [
    0.3366,
    0.3512,
    0.42139999999999994,
    0.4591,
    0.4085000000000001,
    0.4309,
    0.49210000000000004,
    0.5051000000000001,
    0.5573,
    0.5406,
    0.49239999999999995,
    0.5919000000000001,
    0.6094999999999999,
    0.6105,
    0.6382000000000001,
    0.5909,
    0.6139,
    0.6565000000000001,
    0.651,
    0.6577000000000001,
    0.6754,
    0.6677,
    0.6900000000000001,
    0.5961,
    0.7099,
    0.7139999999999999,
    0.6937,
    0.6962999999999999,
    0.7045999999999999,
    0.7198,
    0.7243999999999999,
    0.7041,
    0.7237000000000001,
    0.7208,
    0.7350000000000001,
    0.7384,
    0.7337,
    0.7373999999999999,
    0.7365999999999999,
    0.7486,
    0.7424,
    0.7555,
    0.727,
    0.7562,
    0.7594000000000001,
    0.7515000000000001,
    0.7513,
    0.7651,
    0.7615,
    0.7539
  ]
}