{
  "setting": "setting_29",
  "train_accuracy": [
    0.3106265943877551,
    0.4120040315233236,
    0.4687433567176871,
    0.5089380618318756,
    0.5369916939990281,
    0.5694877839528668,
    0.5955398900631681,
    0.6182200558794947,
    0.6355457361516035,
    0.654122251579203,
    0.669304049744898,
    0.6916292744776481,
    0.7037599079810496,
    0.7172657009232264,
    0.7278475006073858,
    0.7326771668488825,
    0.7429476813046647,
    0.7535959138119533,
    0.7624741861030127,
    0.7664686968537415,
    0.7705286913872692,
    0.7767752748420796,
    0.7817491952137998,
    0.7854115418488825,
    0.7903626852526724,
    0.7943980047376092,
    0.7973922269800777,
    0.8006958363702623,
    0.8025654458211856,
    0.805375554239553,
    0.8105013210641399,
    0.8113127505466472,
    0.8109663508260447,
    0.8163958105563655,
    0.8171379600947521,
    0.8190284484329445,
    0.8217854105928086,
    0.8255417122206026,
    0.8262838617589893,
    0.8264347591715256,
    0.8287058126822157,
    0.8309673757896016,
    0.8321413386783285,
    0.8339103498542275,
    0.8359403471209912,
    0.8340992088799807,
    0.8392828671647231,
    0.8404331040451894,
    0.8408649173955296,
    0.843563988095238
  ],
  "test_accuracy": [
    0.36829999999999996,
    0.4365,
    0.4488,
    0.4856,
    0.49990000000000007,
    0.5561,
    0.5862999999999999,
    0.6054,
    0.6426999999999999,
    0.6441,
    0.627,
    0.6418000000000001,
    0.5757,
    0.6947000000000001,
    0.7031000000000001,
    0.7182999999999999,
    0.7064,
    0.6407,
    0.7344999999999999,
    0.748,
    0.6727000000000001,
    0.7333999999999999,
    0.7615000000000001,
    0.7533000000000001,
    0.7406,
    0.7461,
    0.7565,
    0.7573,
    0.7674000000000001,
    0.7665000000000001,
    0.7754000000000001,
    0.7843,
    0.7691,
    0.7913,
    0.7936000000000001,
    0.7934,
    0.7988999999999999,
    0.7804,
    0.7967000000000002,
    0.8004,
    0.798,
    0.8007,
    0.8022,
    0.7942000000000001,
    0.8076000000000001,
    0.8075000000000001,
    0.8064,
    0.8086,
    0.8054,
    0.8105
  ]
}