{
  "setting": "setting_18",
  "train_accuracy": [
    0.3495495854591837,
    0.4684669961734694,
    0.5301897321428571,
    0.5782007334183673,
    0.6162667410714285,
    0.6496372767857143,
    0.6742944834183674,
    0.6918566645408163,
    0.708123405612245,
    0.7266940369897958,
    0.7403659119897958,
    0.7508928571428573,
    0.7603993941326531,
    0.7646444515306123,
    0.7747688137755102,
    0.7793765943877551,
    0.7872209821428571,
    0.7944794323979593,
    0.7986407844387755,
    0.8055923150510205,
    0.8095583545918368,
    0.8119060905612244,
    0.8120336415816326,
    0.8211654974489796,
    0.8230189732142857,
    0.8262276785714286,
    0.8278260522959183,
    0.8304089604591837,
    0.8326610331632652,
    0.8359295280612244,
    0.8409717793367346,
    0.8427136479591837,
    0.8436702806122449,
    0.8476084183673469,
    0.8479950573979592,
    0.8534040178571429,
    0.8529655612244899,
    0.8566167091836734,
    0.854264987244898,
    0.8576012436224489,
    0.8591916454081633,
    0.8591159119897959,
    0.8606943558673469,
    0.8623844068877551,
    0.8651227678571429,
    0.8641780931122449,
    0.8653459821428571,
    0.8664580676020408,
    0.8684630102040817,
    0.8702686543367346
  ],
  "test_accuracy": [
    0.40330000000000005,
    0.3681,
    0.44460000000000005,
    0.5378999999999999,
    0.5086999999999999,
    0.5315000000000001,
    0.5443,
    0.6548999999999999,
    0.6351,
    0.5319,
    0.5664,
    0.6736,
    0.6818000000000001,
    0.722,
    0.7397,
    0.6088,
    0.7510000000000001,
    0.7567,
    0.733,
    0.7533,
    0.7627,
    0.7719000000000001,
    0.7663,
    0.7757000000000001,
    0.7354,
    0.7645,
    0.7816000000000001,
    0.7941,
    0.794,
    0.7919,
    0.8055,
    0.7968999999999999,
    0.784,
    0.7925000000000001,
    0.7867999999999999,
    0.8140000000000001,
    0.8084,
    0.8084000000000001,
    0.8026,
    0.8103,
    0.8148,
    0.7981999999999999,
    0.8186,
    0.8150999999999999,
    0.8187000000000001,
    0.8230999999999999,
    0.8103,
    0.8262,
    0.8221,
    0.8175000000000001
  ]
}