{
  "setting": "setting_21",
  "train_accuracy": [
    0.421934942455243,
    0.5712316176470589,
    0.6361692774936062,
    0.680986253196931,
    0.7135549872122762,
    0.7368526214833759,
    0.7557744565217391,
    0.772878037084399,
    0.7835877557544757,
    0.7923393542199488,
    0.8037883631713555,
    0.8091432225063938,
    0.820252557544757,
    0.8224704283887468,
    0.8318414322250639,
    0.8368566176470589,
    0.8404132033248082,
    0.8459878516624041,
    0.8482656649616368,
    0.8536005434782609,
    0.8546795076726342,
    0.8596547314578005,
    0.861233216112532,
    0.8641304347826086,
    0.8675271739130435,
    0.8682464833759591,
    0.8702046035805626,
    0.8711836636828645,
    0.876738331202046,
    0.8777173913043478,
    0.8776374680306905,
    0.8807544757033248,
    0.882932384910486,
    0.8836317135549873,
    0.8873681265984654,
    0.8852101982097187,
    0.8901454603580563,
    0.8893462276214834,
    0.8902453644501279,
    0.8912244245524297,
    0.892483216112532,
    0.8931425831202046,
    0.894781010230179,
    0.8946611253196931,
    0.8946811061381074,
    0.8977981138107417,
    0.898497442455243,
    0.9006154092071611,
    0.9014945652173914,
    0.902653452685422
  ],
  "test_accuracy": [
    0.385,
    0.46610000000000007,
    0.517,
    0.5724,
    0.7039,
    0.7091999999999999,
    0.685,
    0.7504,
    0.7687,
    0.7449999999999999,
    0.7623000000000001,
    0.7499,
    0.7798,
    0.7620000000000001,
    0.7268999999999999,
    0.8104000000000001,
    0.7990999999999999,
    0.8018000000000001,
    0.7892,
    0.8169000000000001,
    0.8076000000000001,
    0.8264999999999999,
    0.8227,
    0.8246,
    0.8272,
    0.7732,
    0.8369,
    0.8238999999999999,
    0.8347999999999999,
    0.8380999999999998,
    0.8377999999999999,
    0.8291000000000001,
    0.8383,
    0.8385999999999999,
    0.8427,
    0.837,
    0.8385999999999999,
    0.8436,
    0.835,
    0.8389999999999999,
    0.8343999999999999,
    0.8415999999999999,
    0.8437999999999999,
    0.8482999999999998,
    0.8493999999999999,
    0.8375,
    0.8469,
    0.8427,
    0.8436999999999999,
    0.8505
  ]
}