{
  "setting": "setting_11",
  "train_accuracy": [
    0.4221547314578005,
    0.5733895460358056,
    0.6392063618925832,
    0.6825447570332481,
    0.715593030690537,
    0.735553868286445,
    0.7567934782608695,
    0.7683024296675192,
    0.7838075447570333,
    0.7927989130434783,
    0.8040880754475703,
    0.8119605179028133,
    0.8171355498721228,
    0.8225703324808185,
    0.8302030051150895,
    0.8357976342710998,
    0.8406729539641944,
    0.8441296355498721,
    0.8456881393861893,
    0.8502237851662404,
    0.8532608695652174,
    0.8586357097186701,
    0.8622322570332481,
    0.8638906649616368,
    0.8660286125319693,
    0.8687460038363172,
    0.8710437979539642,
    0.8736812659846548,
    0.8758192135549873,
    0.876238810741688,
    0.881513746803069,
    0.8820931905370843,
    0.8855099104859335,
    0.8862891624040921,
    0.8896659207161125,
    0.8895660166240409,
    0.8927229859335039,
    0.8919637148337596,
    0.8966592071611253,
    0.8974984015345269,
    0.8970987851662404,
    0.8975383631713555,
    0.8993765984654731,
    0.9006553708439897,
    0.9018142583120204,
    0.9035725703324808,
    0.9027733375959079,
    0.9029731457800512,
    0.905071131713555,
    0.9073489450127877
  ],
  "test_accuracy": [
    0.3641,
    0.4439,
    0.5201,
    0.6079000000000001,
    0.6945,
    0.7177,
    0.7255,
    0.7091,
    0.7607999999999999,
    0.6719,
    0.7536,
    0.7623,
    0.7861,
    0.7685000000000001,
    0.6839,
    0.7833,
    0.8046000000000001,
    0.8082,
    0.7725,
    0.8173999999999999,
    0.7926000000000001,
    0.8176,
    0.8299999999999998,
    0.7797,
    0.8160000000000001,
    0.8053000000000001,
    0.8172,
    0.8248,
    0.8298,
    0.8286999999999999,
    0.8408,
    0.8356,
    0.8428999999999999,
    0.8381999999999998,
    0.845,
    0.8375,
    0.8455,
    0.8395999999999999,
    0.8381000000000001,
    0.8473,
    0.8481,
    0.8414999999999999,
    0.8442000000000001,
    0.8474999999999999,
    0.8478999999999999,
    0.8320000000000001,
    0.8504999999999999,
    0.8337999999999999,
    0.8508999999999999,
    0.8478
  ]
}