{
  "setting": "setting_17",
  "train_accuracy": [
    0.38811940537084394,
    0.5208439897698209,
    0.5937020460358056,
    0.6391304347826087,
    0.6796795076726342,
    0.703684462915601,
    0.7302309782608696,
    0.7430786445012787,
    0.7564977621483375,
    0.7722706202046036,
    0.7822410485933503,
    0.7903212915601023,
    0.794725063938619,
    0.802593510230179,
    0.8064977621483376,
    0.8124160805626599,
    0.8210278132992328,
    0.821139705882353,
    0.8269261508951407,
    0.8293438299232737,
    0.8362571930946292,
    0.8360653772378517,
    0.8414601982097187,
    0.8417998721227622,
    0.8475343670076727,
    0.8470867966751918,
    0.853772378516624,
    0.8530210997442456,
    0.8587835677749361,
    0.8588195332480818,
    0.8617407289002558,
    0.8634510869565217,
    0.8641104539641944,
    0.8669876918158568,
    0.8703204923273657,
    0.8686061381074168,
    0.8722226662404092,
    0.8734734654731457,
    0.8752477621483377,
    0.8764346227621483,
    0.8760150255754476,
    0.8765944693094629,
    0.8799512468030691,
    0.8794956841432225,
    0.881985294117647,
    0.8809343030690537,
    0.8832081202046036,
    0.8848945012787723,
    0.8850543478260869,
    0.8866568094629156
  ],
  "test_accuracy": [
    0.3049,
    0.4497,
    0.6102000000000001,
    0.5655,
    0.6688000000000001,
    0.6656,
    0.7150999999999998,
    0.7347,
    0.734,
    0.7101999999999999,
    0.7564,
    0.7784,
    0.7574,
    0.7855000000000001,
    0.7946,
    0.7925000000000001,
    0.7948999999999999,
    0.8,
    0.792,
    0.8081000000000002,
    0.8022000000000002,
    0.8048000000000002,
    0.8096,
    0.8055999999999999,
    0.8148,
    0.8144,
    0.8208,
    0.82,
    0.819,
    0.8299,
    0.8299999999999998,
    0.8223,
    0.8234,
    0.8230000000000001,
    0.8328,
    0.8324999999999999,
    0.829,
    0.8286,
    0.8328999999999999,
    0.8335000000000001,
    0.8337999999999999,
    0.8311,
    0.8360999999999998,
    0.8347999999999999,
    0.841,
    0.8375,
    0.8365,
    0.8390000000000001,
    0.8402,
    0.8404
  ]
}