{
  "setting": "setting_3",
  "train_accuracy": [
    0.3494140625,
    0.4678531568877551,
    0.5298828125,
    0.5810746173469388,
    0.6157445790816326,
    0.65,
    0.6789819834183674,
    0.6943239795918368,
    0.709992825255102,
    0.7276705994897958,
    0.7357382015306123,
    0.7457908163265307,
    0.758984375,
    0.765740593112245,
    0.7724131058673469,
    0.7787667410714286,
    0.7865035076530612,
    0.7935945471938776,
    0.7999481823979592,
    0.8026387117346938,
    0.8105668048469388,
    0.8119339923469387,
    0.8159956951530613,
    0.8177814094387755,
    0.823274075255102,
    0.8255381058673469,
    0.8285554846938775,
    0.8313974808673469,
    0.8344347895408163,
    0.8382134885204081,
    0.8375996492346939,
    0.8415298150510204,
    0.843538743622449,
    0.843897480867347,
    0.8466039540816326,
    0.8486168686224489,
    0.8491589604591837,
    0.8529456313775511,
    0.8524633290816326,
    0.853726881377551,
    0.8573341836734694,
    0.8603635204081632,
    0.8603475765306123,
    0.8612842793367348,
    0.8621731505102042,
    0.8643335459183674,
    0.8624960140306123,
    0.8668805803571429,
    0.8663145727040815,
    0.8675980548469387
  ],
  "test_accuracy": [
    0.2816,
    0.3921,
    0.46709999999999996,
    0.5198,
    0.5086999999999999,
    0.47319999999999995,
    0.5713000000000001,
    0.6609,
    0.5254000000000001,
    0.5687,
    0.6663000000000001,
    0.6802,
    0.6870999999999999,
    0.7089,
    0.7121,
    0.6277999999999999,
    0.7446,
    0.7435,
    0.7667,
    0.7142999999999999,
    0.7575000000000001,
    0.7689999999999999,
    0.7799,
    0.7695000000000001,
    0.7796000000000001,
    0.7164999999999999,
    0.7924,
    0.7904,
    0.7914999999999999,
    0.798,
    0.7861,
    0.7877000000000002,
    0.7613,
    0.8039000000000002,
    0.8084,
    0.8106,
    0.8024000000000001,
    0.8093,
    0.7952,
    0.8036000000000001,
    0.798,
    0.8165000000000001,
    0.8149000000000001,
    0.82,
    0.8210000000000001,
    0.8205,
    0.8159000000000001,
    0.8269,
    0.8172,
    0.8238
  ]
}