{
  "setting": "setting_9",
  "train_accuracy": [
    0.30878165998542273,
    0.41443167668853254,
    0.4690005466472303,
    0.5076815324344024,
    0.5448127353620019,
    0.5719429512876579,
    0.5993180196185618,
    0.6166531902939747,
    0.6321073630344994,
    0.6574609754616133,
    0.666889691144315,
    0.6841024356171039,
    0.6924568376457725,
    0.7023059781948494,
    0.7154482886904763,
    0.7260016171647231,
    0.7318742787293488,
    0.7389968264091351,
    0.7480411807580174,
    0.7538293777332361,
    0.7569754464285714,
    0.7648819014212828,
    0.7679283208819242,
    0.7729942981656949,
    0.7754067586856171,
    0.7813439549927113,
    0.7849341745626822,
    0.7895047527939747,
    0.7923869882774539,
    0.7961470860665695,
    0.7985225340136054,
    0.8008192116132168,
    0.8047852511540331,
    0.8047150221695821,
    0.8095674653790088,
    0.8102801946671525,
    0.8140725598275025,
    0.816580873420797,
    0.8161262831025268,
    0.8202147488459669,
    0.8199233934645287,
    0.8215415072278911,
    0.8236521729227405,
    0.8225389486151603,
    0.8267745156098153,
    0.8263256195335277,
    0.8274711112123421,
    0.8292477147108844,
    0.8295998086734694,
    0.8318907920310982
  ],
  "test_accuracy": [
    0.3835,
    0.3922,
    0.44960000000000006,
    0.4375,
    0.5488999999999999,
    0.4941,
    0.5208,
    0.5866,
    0.5858000000000001,
    0.6293,
    0.585,
    0.6129,
    0.6516000000000001,
    0.6923,
    0.68,
    0.7057,
    0.7163999999999999,
    0.6256999999999999,
    0.7097,
    0.7321,
    0.549,
    0.7263,
    0.7455999999999999,
    0.7484,
    0.6867000000000001,
    0.7471,
    0.739,
    0.7565,
    0.7626,
    0.7531000000000001,
    0.7729000000000001,
    0.7664,
    0.779,
    0.7768,
    0.7867000000000001,
    0.7843,
    0.7901,
    0.7767,
    0.7933000000000001,
    0.7948000000000001,
    0.7908000000000002,
    0.7958000000000001,
    0.7963,
    0.7938,
    0.7978000000000001,
    0.7998999999999999,
    0.8019999999999999,
    0.8027000000000001,
    0.7988999999999999,
    0.8039
  ]
}