{
  "setting": "setting_19",
  "train_accuracy": [
    0.30940802660349853,
    0.4122925397837707,
    0.4668177538872692,
    0.5087387633624879,
    0.5379464285714286,
    0.5667498025996113,
    0.6001095192541301,
    0.6184373861151604,
    0.6364947764820214,
    0.6584555697278911,
    0.6708006863459669,
    0.6883484420553936,
    0.7030158603620019,
    0.7104079354956269,
    0.7222937165937804,
    0.7303387314747327,
    0.7389322916666666,
    0.7469488353377065,
    0.7557644709669581,
    0.7607336461370262,
    0.7654665102648202,
    0.7707156523323615,
    0.7745127626943634,
    0.7770988975947521,
    0.7791791939990281,
    0.7838218992954324,
    0.7860132334183674,
    0.789639516520894,
    0.794158846574344,
    0.7992162824951409,
    0.803885560920797,
    0.8053840956025268,
    0.806154716350826,
    0.8073675898931001,
    0.8112358782798834,
    0.8124791211127308,
    0.8126575406948494,
    0.8140137193270165,
    0.8165846695821186,
    0.8185909408406219,
    0.8198133047862002,
    0.8215481505102041,
    0.8230305515063169,
    0.8238334396258503,
    0.8251383700801749,
    0.8265344084062196,
    0.8290977663386784,
    0.8319410911686103,
    0.8314153228255587,
    0.833441523931001
  ],
  "test_accuracy": [
    0.3643,
    0.43790000000000007,
    0.4779,
    0.5140999999999999,
    0.5526,
    0.5199,
    0.5630999999999999,
    0.606,
    0.603,
    0.6479,
    0.6201000000000001,
    0.5619,
    0.6565000000000001,
    0.6992999999999999,
    0.6964,
    0.7174999999999999,
    0.6842,
    0.589,
    0.7308,
    0.7435999999999999,
    0.7079,
    0.723,
    0.7505,
    0.7518,
    0.7017,
    0.7125999999999999,
    0.7705000000000001,
    0.7638999999999999,
    0.7625,
    0.7558,
    0.7752,
    0.7765,
    0.7786,
    0.7721000000000001,
    0.7868,
    0.7903,
    0.7908999999999999,
    0.7804,
    0.7914000000000001,
    0.795,
    0.7934000000000001,
    0.7938,
    0.7986000000000001,
    0.7853,
    0.8,
    0.7935000000000001,
    0.8049,
    0.7944000000000001,
    0.8035,
    0.7983
  ]
}