{
  "setting": "setting_25",
  "train_accuracy": [
    0.26349288241239893,
    0.35592976872352716,
    0.4029800009626492,
    0.4366791159270312,
    0.46620010769638043,
    0.489643248219099,
    0.5126028079274163,
    0.533019996029072,
    0.5405482136840586,
    0.5643929594243358,
    0.5800890300105892,
    0.5916855686850212,
    0.59999819503273,
    0.6153573383952637,
    0.6279244230121294,
    0.6410912832113977,
    0.6525490650269541,
    0.6569990614170196,
    0.6661829605073162,
    0.683376025823065,
    0.6840314545629572,
    0.6875360993453985,
    0.6957690063053523,
    0.7035890270023103,
    0.7132903500433192,
    0.714343999687139,
    0.720768179028687,
    0.7226690351848286,
    0.7286694232527917,
    0.7376735776857913,
    0.7377672103629188,
    0.7416505222371967,
    0.747886308119946,
    0.7488685111426646,
    0.7532252508904506,
    0.7550644373315364,
    0.7578805623074701,
    0.762851742996727,
    0.764919182590489,
    0.7692236534944167,
    0.7690089375962649,
    0.7674536574653446,
    0.771076377190027,
    0.7761317896852138,
    0.7774862672073547,
    0.7783413704514824,
    0.7818441350596842,
    0.7828255860127069,
    0.7830297729351174,
    0.7854713672025413
  ],
  "test_accuracy": [
    0.176,
    0.3419,
    0.4001,
    0.4532,
    0.4826,
    0.3881,
    0.5062,
    0.5357000000000001,
    0.5047,
    0.5481,
    0.5493,
    0.5706,
    0.5990999999999999,
    0.5932999999999999,
    0.6336,
    0.5952999999999999,
    0.6201,
    0.6624000000000001,
    0.6382,
    0.6559999999999999,
    0.6708999999999999,
    0.6597000000000001,
    0.6835,
    0.6795000000000001,
    0.6931,
    0.7085999999999999,
    0.7122999999999999,
    0.7035999999999999,
    0.7034999999999998,
    0.7080000000000001,
    0.7233,
    0.7146,
    0.7308,
    0.7255,
    0.7374,
    0.7395,
    0.7431,
    0.7384,
    0.7363999999999999,
    0.7517,
    0.7531,
    0.7576,
    0.7575,
    0.7622000000000001,
    0.7484,
    0.7633,
    0.7609000000000001,
    0.7615999999999999,
    0.7657,
    0.7316
  ]
}