{
  "setting": "setting_12",
  "train_accuracy": [
    0.3872882033248082,
    0.524644341432225,
    0.596167679028133,
    0.6408687659846547,
    0.6793478260869565,
    0.702297794117647,
    0.7275415601023018,
    0.7419996803069053,
    0.7561580882352941,
    0.7723625319693094,
    0.7820372442455243,
    0.7879635549872123,
    0.7955522698209719,
    0.8038243286445014,
    0.8101422634271099,
    0.8154651534526854,
    0.8213834718670077,
    0.8270340473145781,
    0.8285206202046036,
    0.8331721547314578,
    0.838091432225064,
    0.8405091112531969,
    0.844165601023018,
    0.8465872762148338,
    0.8527933184143223,
    0.8520620204603581,
    0.8578964194373402,
    0.8574408567774936,
    0.858959398976982,
    0.8617806905370844,
    0.8650175831202046,
    0.86639226342711,
    0.8677509590792838,
    0.8708000319693096,
    0.8709598785166242,
    0.8753436700767263,
    0.8761588874680307,
    0.8785406010230179,
    0.88119405370844,
    0.8822170716112532,
    0.882960358056266,
    0.8851062979539642,
    0.8865289322250639,
    0.8860334079283887,
    0.8863850703324809,
    0.8886269181585678,
    0.891332320971867,
    0.8909047314578005,
    0.8934742647058823,
    0.8935222186700768
  ],
  "test_accuracy": [
    0.30920000000000003,
    0.4027,
    0.595,
    0.5866,
    0.6691,
    0.6813,
    0.706,
    0.7337,
    0.7151,
    0.7287,
    0.7373000000000001,
    0.7712000000000001,
    0.7536,
    0.7835000000000001,
    0.788,
    0.7434999999999999,
    0.7837,
    0.8067,
    0.7726,
    0.8103,
    0.7984,
    0.8072999999999999,
    0.8132999999999999,
    0.8103,
    0.8244,
    0.8139,
    0.8224,
    0.8241999999999999,
    0.8218,
    0.8278000000000001,
    0.8325999999999999,
    0.8274999999999999,
    0.8239999999999998,
    0.8289,
    0.8288,
    0.8355,
    0.8361000000000001,
    0.8279,
    0.8210000000000001,
    0.8391,
    0.8364,
    0.8351,
    0.8426,
    0.8413999999999999,
    0.8411,
    0.8428999999999999,
    0.8421,
    0.8459,
    0.8385,
    0.8458
  ]
}