{
  "setting": "setting_27",
  "train_accuracy": [
    0.3873921035805627,
    0.522406489769821,
    0.5941735933503837,
    0.6384510869565218,
    0.6792798913043478,
    0.7028532608695652,
    0.7297274616368287,
    0.7442535166240409,
    0.7568534207161125,
    0.7712995524296675,
    0.7792878836317136,
    0.7849904092071611,
    0.7936660805626599,
    0.7991208439897699,
    0.8074648337595908,
    0.8132992327365729,
    0.8187380115089513,
    0.8215832800511509,
    0.8248761189258312,
    0.8309303069053708,
    0.8354779411764706,
    0.8354459718670078,
    0.8416640025575447,
    0.8425991048593351,
    0.8478380754475703,
    0.8494924872122762,
    0.8543598145780051,
    0.8571890984654731,
    0.8575887148337595,
    0.8595548273657289,
    0.8617127557544757,
    0.8647098785166241,
    0.8640425191815857,
    0.8685182225063939,
    0.869749040920716,
    0.8701926150895141,
    0.8715153452685421,
    0.8762507992327365,
    0.876031010230179,
    0.8766823849104859,
    0.8779971227621484,
    0.8802030051150895,
    0.8808543797953964,
    0.8814817774936061,
    0.8811141304347826,
    0.8856777493606138,
    0.8845388427109975,
    0.8851662404092072,
    0.886468989769821,
    0.8864570012787724
  ],
  "test_accuracy": [
    0.3135,
    0.5217,
    0.5843999999999999,
    0.5635999999999999,
    0.6695,
    0.6454,
    0.7057,
    0.7264999999999999,
    0.6771,
    0.7172,
    0.7378,
    0.775,
    0.772,
    0.7824,
    0.7935000000000001,
    0.7935000000000001,
    0.7943,
    0.8018000000000001,
    0.7861999999999999,
    0.8045,
    0.8049999999999999,
    0.7953999999999999,
    0.8105,
    0.8164,
    0.8164,
    0.8044,
    0.8225999999999999,
    0.8257999999999999,
    0.8183,
    0.8294,
    0.8276,
    0.8301999999999999,
    0.8244,
    0.8235999999999999,
    0.8310000000000001,
    0.8312000000000002,
    0.8276999999999999,
    0.8301999999999999,
    0.8354999999999999,
    0.8309000000000001,
    0.8385999999999999,
    0.8376999999999999,
    0.8398,
    0.8398999999999999,
    0.8354000000000001,
    0.8394999999999999,
    0.8405999999999999,
    0.8413,
    0.8433999999999999,
    0.8392
  ]
}