{
  "setting": "setting_5",
  "train_accuracy": [
    0.2628528711012707,
    0.35875567060550634,
    0.4028055207932229,
    0.439945354615903,
    0.46613204538891023,
    0.494888182277628,
    0.5139422440556412,
    0.5268488881401617,
    0.5502540491432422,
    0.5638146178282634,
    0.5832507310117443,
    0.5938853725452445,
    0.6014797723334616,
    0.6208278933625336,
    0.6248623712456681,
    0.6443056290912592,
    0.6513626750818251,
    0.6564842697102425,
    0.6631325658211397,
    0.6761008796207163,
    0.6743323877310359,
    0.678905723551213,
    0.6818497003754331,
    0.6869163939160571,
    0.6982436916393916,
    0.7009977708654216,
    0.706611595109742,
    0.7155856667549094,
    0.7163685713082403,
    0.7188767237437428,
    0.7218203245331152,
    0.7259800220206007,
    0.7346780840874085,
    0.7330032248748556,
    0.7384248953118984,
    0.741638489122064,
    0.7434524812283404,
    0.7474553721842511,
    0.7499669089333846,
    0.7555871257701193,
    0.7530097829226029,
    0.7578219008711975,
    0.7607959604832498,
    0.7646176026424721,
    0.7654911315941471,
    0.7688092630920293,
    0.7729505348719677,
    0.7718983893675395,
    0.7718525131160955,
    0.7736638729784366
  ],
  "test_accuracy": [
    0.3338,
    0.3556,
    0.41109999999999997,
    0.4199,
    0.41,
    0.4532,
    0.48839999999999995,
    0.47750000000000004,
    0.5548000000000002,
    0.5368,
    0.5713999999999999,
    0.5861,
    0.5655,
    0.6136,
    0.6104,
    0.6049,
    0.6178999999999999,
    0.658,
    0.6073999999999999,
    0.6508,
    0.6555000000000001,
    0.6639999999999999,
    0.6804,
    0.6283000000000001,
    0.6878,
    0.7059000000000001,
    0.6885999999999999,
    0.6929000000000001,
    0.6937,
    0.7051999999999998,
    0.7127,
    0.6998,
    0.7251,
    0.6975,
    0.7181,
    0.7184000000000001,
    0.7253000000000001,
    0.7274999999999999,
    0.7173,
    0.7365999999999999,
    0.7242,
    0.7493999999999998,
    0.735,
    0.7433,
    0.742,
    0.7438999999999999,
    0.7466999999999999,
    0.7567,
    0.7582,
    0.7415
  ]
}