{
  "setting": "setting_24",
  "train_accuracy": [
    0.30960637603255586,
    0.4132529685981536,
    0.46802018798590866,
    0.5023346392128281,
    0.5375013286564626,
    0.5678060844873664,
    0.6000421373906706,
    0.6157269269314869,
    0.6335736303449951,
    0.6534417896622935,
    0.6635614067055394,
    0.6864845268464529,
    0.7028943831997084,
    0.7118201075072887,
    0.7217945213799807,
    0.7254255496841594,
    0.7354531098153547,
    0.7422482385811467,
    0.7536129965379009,
    0.7583022048104956,
    0.7620281371477162,
    0.767825824526239,
    0.7766177341472303,
    0.7794904792274052,
    0.7853005041302235,
    0.791512922133139,
    0.7922218552599611,
    0.7964678616982507,
    0.8013478270772595,
    0.8058804436953353,
    0.8073334244412051,
    0.8118499073736638,
    0.8130997934888241,
    0.8148915816326531,
    0.8171749726676385,
    0.8184704127186588,
    0.8207585489552964,
    0.8226452411321672,
    0.8246382258260447,
    0.8250121477162294,
    0.8265002429543246,
    0.8279703064261418,
    0.8266388028425656,
    0.8284486227526724,
    0.8324507258260447,
    0.8329366344752187,
    0.8347853650388727,
    0.8357391505709426,
    0.835590151239067,
    0.837129494655005
  ],
  "test_accuracy": [
    0.3608,
    0.4335,
    0.4739,
    0.47519999999999996,
    0.5294000000000001,
    0.4795,
    0.5710999999999999,
    0.5978,
    0.62,
    0.6371,
    0.6338,
    0.6238,
    0.6748999999999999,
    0.6888000000000001,
    0.6937,
    0.7109,
    0.7162,
    0.703,
    0.7291000000000001,
    0.7468000000000001,
    0.6637000000000001,
    0.7108,
    0.7596999999999999,
    0.7516,
    0.7373000000000001,
    0.7434999999999999,
    0.7666000000000001,
    0.7646,
    0.7550000000000001,
    0.7740000000000001,
    0.7725000000000001,
    0.7762,
    0.7762,
    0.7872,
    0.7963,
    0.7947,
    0.8032999999999999,
    0.7859999999999999,
    0.7991,
    0.8007,
    0.8016,
    0.8019999999999999,
    0.8067,
    0.7987000000000001,
    0.8051,
    0.8071000000000002,
    0.7999,
    0.8026,
    0.8064,
    0.8036000000000001
  ]
}