{
  "setting": "setting_15",
  "train_accuracy": [
    0.26440175863977666,
    0.3597784853917982,
    0.4002477317577975,
    0.4348673800298421,
    0.4644489134097035,
    0.48644808011648055,
    0.5067054534077782,
    0.5292938667212168,
    0.5453430340296496,
    0.5652958190941471,
    0.5812344321572969,
    0.5926264078744705,
    0.6006412146226415,
    0.6201920184347324,
    0.6242565791056989,
    0.6411706265643049,
    0.6538102859068156,
    0.6613670822102425,
    0.6705829442626107,
    0.6845842257893723,
    0.6834004680881787,
    0.6997884427945706,
    0.7027068492491335,
    0.7065435328022719,
    0.719520871438198,
    0.7245928294666923,
    0.7278609483298036,
    0.7374276508952637,
    0.739944452132268,
    0.7479141346986907,
    0.748668836638429,
    0.7547350308047748,
    0.7607982166923373,
    0.7589289474634193,
    0.7662732840777821,
    0.7681997106035812,
    0.7694372412880246,
    0.778316176116673,
    0.7810946976078167,
    0.7812571446621102,
    0.7807600265931844,
    0.7846038548084328,
    0.7876692908885252,
    0.7910972245619946,
    0.7897288337504813,
    0.79293829117732,
    0.7972480265691183,
    0.7990356962360416,
    0.7977861324364652,
    0.7993797681218714
  ],
  "test_accuracy": [
    0.30499999999999994,
    0.36039999999999994,
    0.41450000000000004,
    0.45620000000000005,
    0.4638000000000001,
    0.47759999999999997,
    0.4986999999999999,
    0.5312,
    0.5087,
    0.5604,
    0.5730999999999999,
    0.5742,
    0.5801999999999999,
    0.5839000000000001,
    0.6332,
    0.5900000000000001,
    0.6423000000000001,
    0.6609,
    0.661,
    0.6759000000000001,
    0.6573999999999999,
    0.6824999999999999,
    0.6987,
    0.6664,
    0.6865,
    0.7188,
    0.6422,
    0.7106,
    0.6863999999999999,
    0.6935,
    0.7323,
    0.7218,
    0.7424999999999999,
    0.7323999999999999,
    0.7363000000000001,
    0.7517999999999999,
    0.7517999999999999,
    0.7323000000000001,
    0.7511,
    0.7620000000000001,
    0.7599,
    0.7628000000000001,
    0.7473000000000001,
    0.7665,
    0.7680999999999999,
    0.7666999999999999,
    0.7649999999999999,
    0.7762,
    0.7788000000000002,
    0.7694000000000001
  ]
}