{
  "setting": "setting_2",
  "train_accuracy": [
    0.11826646419437341,
    0.10431186061381074,
    0.1118366368286445,
    0.11102141943734015,
    0.1131633631713555,
    0.1176390664961637,
    0.11798273657289003,
    0.11835837595907929,
    0.11865409207161125,
    0.11949728260869566,
    0.11765904731457802,
    0.11928948209718669,
    0.12037643861892584,
    0.1190537084398977,
    0.12457241048593351,
    0.12725783248081843,
    0.1296115728900256,
    0.1323849104859335,
    0.1367247442455243,
    0.14331841432225065,
    0.14763427109974425,
    0.15127477621483376,
    0.1578125,
    0.16192455242966752,
    0.16701966112531969,
    0.1685342071611253,
    0.17070812020460358,
    0.17532768542199487,
    0.17603101023017903,
    0.1803828324808184,
    0.18077445652173912,
    0.18566975703324806,
    0.18634910485933504,
    0.19454124040920714,
    0.19583599744245525,
    0.1995604219948849,
    0.19936460997442454,
    0.2020220588235294,
    0.20814418158567777,
    0.20623801150895138,
    0.20886349104859336,
    0.21123321611253196,
    0.21143302429667518,
    0.21258791560102303,
    0.21571291560102301,
    0.21806665601023018,
    0.21758312020460358,
    0.21817455242966755,
    0.21883391943734018,
    0.21998081841432227
  ],
  "test_accuracy": [
    0.11500000000000002,
    0.1061,
    0.1069,
    0.10740000000000001,
    0.10969999999999999,
    0.1121,
    0.1173,
    0.11600000000000002,
    0.11779999999999999,
    0.1186,
    0.1217,
    0.1213,
    0.11979999999999999,
    0.1217,
    0.1254,
    0.13310000000000002,
    0.1381,
    0.135,
    0.13720000000000004,
    0.15159999999999998,
    0.1528,
    0.15940000000000001,
    0.1679,
    0.16509999999999997,
    0.17259999999999998,
    0.1714,
    0.17909999999999998,
    0.1755,
    0.1836,
    0.1876,
    0.1917,
    0.1944,
    0.1971,
    0.1974,
    0.2032,
    0.21080000000000002,
    0.2091,
    0.2076,
    0.215,
    0.2149,
    0.21880000000000002,
    0.2169,
    0.22200000000000003,
    0.21939999999999998,
    0.227,
    0.22159999999999996,
    0.22949999999999998,
    0.22880000000000003,
    0.2278,
    0.2254
  ]
}