{
  "setting": "setting_3",
  "train_accuracy": [
    0.09971301020408163,
    0.09988042091836735,
    0.08945711096938776,
    0.10522959183673469,
    0.10834263392857142,
    0.10876116071428571,
    0.10958625637755103,
    0.11046316964285716,
    0.11221699617346939,
    0.11355229591836735,
    0.1143813775510204,
    0.11554129464285713,
    0.11724728954081633,
    0.11701211734693877,
    0.11767777423469389,
    0.1179966517857143,
    0.11887356505102041,
    0.11896922831632652,
    0.11968271683673469,
    0.11988201530612244,
    0.11868622448979592,
    0.11855070153061224,
    0.11974250637755102,
    0.11907286352040818,
    0.12066326530612244,
    0.12103396045918367,
    0.1200454400510204,
    0.1211375956632653,
    0.12397161989795917,
    0.12341757015306123,
    0.12504783163265307,
    0.12733577806122448,
    0.12611208545918368,
    0.12661830357142856,
    0.12928093112244898,
    0.13126992984693878,
    0.12974330357142858,
    0.13135762117346939,
    0.13364158163265308,
    0.13458227040816326,
    0.13489716198979593,
    0.1384327168367347,
    0.14025430484693877,
    0.1426379145408163,
    0.14149792729591837,
    0.1432079081632653,
    0.14736527423469387,
    0.14646045918367348,
    0.14748883928571427,
    0.14884805484693878
  ],
  "test_accuracy": [
    0.10389999999999999,
    0.08629999999999999,
    0.091,
    0.10270000000000001,
    0.10429999999999999,
    0.10329999999999999,
    0.1041,
    0.10880000000000001,
    0.10850000000000001,
    0.1109,
    0.1096,
    0.11029999999999998,
    0.11300000000000002,
    0.1145,
    0.11460000000000001,
    0.1149,
    0.1169,
    0.11709999999999998,
    0.11839999999999999,
    0.12010000000000001,
    0.11700000000000002,
    0.1169,
    0.12159999999999997,
    0.12290000000000001,
    0.1213,
    0.12050000000000001,
    0.12269999999999999,
    0.1259,
    0.1276,
    0.12689999999999999,
    0.12489999999999998,
    0.12990000000000002,
    0.1302,
    0.1285,
    0.1318,
    0.1331,
    0.13130000000000003,
    0.13610000000000003,
    0.1353,
    0.1353,
    0.13899999999999998,
    0.1381,
    0.14300000000000002,
    0.1419,
    0.14160000000000003,
    0.1472,
    0.1478,
    0.147,
    0.15109999999999998,
    0.1537
  ]
}