{
  "setting": "setting_11",
  "train_accuracy": [
    0.10453964194373401,
    0.11219229539641944,
    0.11768702046035806,
    0.11822650255754476,
    0.12368126598465473,
    0.12655850383631714,
    0.13107416879795397,
    0.13854699488491048,
    0.1539122442455243,
    0.16915760869565216,
    0.18244485294117646,
    0.18264466112531969,
    0.1918158567774936,
    0.19896898976982097,
    0.1998881074168798,
    0.2101182864450128,
    0.21369485294117646,
    0.22032848465473145,
    0.23073849104859334,
    0.23575367647058823,
    0.23507432864450128,
    0.2402893222506394,
    0.24094868925831203,
    0.2476622442455243,
    0.24546435421994886,
    0.24726262787723785,
    0.2477621483375959,
    0.2562140345268542,
    0.25767263427109977,
    0.26188858695652173,
    0.26216831841432225,
    0.2635469948849105,
    0.2609694693094629,
    0.26198849104859334,
    0.2652653452685422,
    0.26520540281329924,
    0.26680386828644503,
    0.26898177749360613,
    0.27257832480818417,
    0.2703604539641944,
    0.27159926470588236,
    0.27016064578005117,
    0.26992087595907927,
    0.26914162404092073,
    0.26820252557544755,
    0.267423273657289,
    0.2689418158567775,
    0.2687819693094629,
    0.2688419117647059,
    0.2713594948849105
  ],
  "test_accuracy": [
    0.10540000000000001,
    0.11000000000000001,
    0.11480000000000001,
    0.12150000000000001,
    0.12400000000000003,
    0.1243,
    0.133,
    0.1504,
    0.1709,
    0.17739999999999997,
    0.178,
    0.1931,
    0.1944,
    0.201,
    0.2117,
    0.21880000000000002,
    0.21790000000000004,
    0.22970000000000002,
    0.2344,
    0.23080000000000003,
    0.2528,
    0.2405,
    0.2403,
    0.24300000000000002,
    0.25,
    0.2586,
    0.25329999999999997,
    0.26770000000000005,
    0.263,
    0.2646,
    0.25860000000000005,
    0.26260000000000006,
    0.2731,
    0.26549999999999996,
    0.26680000000000004,
    0.27559999999999996,
    0.26639999999999997,
    0.26820000000000005,
    0.26759999999999995,
    0.27549999999999997,
    0.2693,
    0.26789999999999997,
    0.2736,
    0.2787,
    0.2775,
    0.2672,
    0.2731,
    0.272,
    0.2704,
    0.27040000000000003
  ]
}