{
  "setting": "setting_16",
  "train_accuracy": [
    0.11762707800511508,
    0.11464993606138107,
    0.11980498721227621,
    0.12126358695652174,
    0.12268222506393862,
    0.12448049872122763,
    0.13043478260869565,
    0.14218350383631714,
    0.1495963874680307,
    0.15726902173913043,
    0.16062579923273657,
    0.1689977621483376,
    0.16987691815856779,
    0.17882832480818414,
    0.18630115089514065,
    0.20046755115089515,
    0.2038443094629156,
    0.21031809462915602,
    0.21789082480818414,
    0.21924952046035806,
    0.2211876598465473,
    0.22066815856777494,
    0.22360533887468031,
    0.22402493606138107,
    0.22490409207161124,
    0.22796115728900257,
    0.2251238810741688,
    0.22814098465473145,
    0.22604299872122763,
    0.22912004475703324,
    0.23143781969309463,
    0.2323968989769821,
    0.23463475063938619,
    0.23947010869565216,
    0.238590952685422,
    0.23791160485933505,
    0.2405690537084399,
    0.23613331202046037,
    0.24034926470588236,
    0.24232736572890026,
    0.24402573529411764,
    0.24426550511508952,
    0.2426270780051151,
    0.24240728900255754,
    0.2457640664961637,
    0.24900095907928388,
    0.24706281969309463,
    0.24700287723785166,
    0.2501198849104859,
    0.2500399616368286
  ],
  "test_accuracy": [
    0.11120000000000001,
    0.1133,
    0.1193,
    0.12210000000000001,
    0.12250000000000001,
    0.1275,
    0.1416,
    0.1498,
    0.1637,
    0.1659,
    0.1688,
    0.1689,
    0.18309999999999998,
    0.17850000000000002,
    0.1917,
    0.19990000000000002,
    0.21739999999999998,
    0.21460000000000004,
    0.2141,
    0.22410000000000002,
    0.22769999999999996,
    0.2299,
    0.22139999999999999,
    0.22969999999999996,
    0.2278,
    0.23479999999999998,
    0.236,
    0.24390000000000006,
    0.24100000000000002,
    0.23759999999999998,
    0.24240000000000003,
    0.24,
    0.23350000000000004,
    0.2459,
    0.23729999999999998,
    0.24370000000000003,
    0.248,
    0.24619999999999997,
    0.2479,
    0.246,
    0.24779999999999996,
    0.23240000000000002,
    0.24490000000000003,
    0.2406,
    0.2504,
    0.24220000000000003,
    0.25329999999999997,
    0.25139999999999996,
    0.24359999999999998,
    0.23979999999999996
  ]
}