{
  "setting": "setting_29",
  "train_accuracy": [
    0.09834145711856171,
    0.11878188775510204,
    0.09648513423226433,
    0.09289396562196307,
    0.10127114461856171,
    0.10124077532798835,
    0.11398923408649174,
    0.11406515731292516,
    0.0968761388483965,
    0.1078299623420797,
    0.10891661352040816,
    0.10927535076530612,
    0.11049202046890184,
    0.11025191326530612,
    0.11130819515306123,
    0.11244419642857142,
    0.111328125,
    0.11156633412293489,
    0.11250398596938775,
    0.1117362123420797,
    0.11285418185131195,
    0.11249354652575316,
    0.11235403759718174,
    0.11344068877551021,
    0.11425686345966958,
    0.11436885021865889,
    0.11386965500485909,
    0.1154042532191448,
    0.11455676020408163,
    0.1153140943877551,
    0.11534446367832847,
    0.11675853377065112,
    0.11570225188289603,
    0.1157440096574344,
    0.1154839726068999,
    0.11587307914237124,
    0.11626123663751214,
    0.1159831678206997,
    0.11658011418853255,
    0.11615019891885325,
    0.1165184265670554,
    0.11532263575072886,
    0.11623086734693877,
    0.11592053115889213,
    0.11649849672011663,
    0.11577437894800778,
    0.1166408527696793,
    0.11692936103012634,
    0.11583321944849369,
    0.11566239218901847
  ],
  "test_accuracy": [
    0.11980000000000002,
    0.1109,
    0.08639999999999999,
    0.0999,
    0.095,
    0.1036,
    0.11700000000000002,
    0.0954,
    0.1028,
    0.10900000000000001,
    0.1069,
    0.1075,
    0.1091,
    0.10840000000000001,
    0.10869999999999999,
    0.10979999999999998,
    0.1076,
    0.1072,
    0.1072,
    0.10770000000000002,
    0.10990000000000003,
    0.10869999999999999,
    0.1092,
    0.1106,
    0.1119,
    0.11150000000000002,
    0.11120000000000001,
    0.1125,
    0.11220000000000001,
    0.1137,
    0.11140000000000001,
    0.11069999999999999,
    0.11410000000000002,
    0.11280000000000001,
    0.11460000000000001,
    0.11510000000000001,
    0.11599999999999999,
    0.1149,
    0.11440000000000002,
    0.11410000000000001,
    0.11499999999999999,
    0.11410000000000001,
    0.11469999999999998,
    0.11530000000000003,
    0.11560000000000001,
    0.1143,
    0.1137,
    0.1149,
    0.11310000000000002,
    0.11509999999999998
  ]
}