{
  "setting": "setting_20",
  "train_accuracy": [
    0.07554051249037351,
    0.07934222480265692,
    0.08572052789276087,
    0.09028032645841357,
    0.08711148079514826,
    0.08870248423661918,
    0.08383471313053523,
    0.08218053583461686,
    0.07661108370234887,
    0.07025684684251059,
    0.06554926658163265,
    0.06130759349730459,
    0.0581462685309973,
    0.056128465537158265,
    0.054450974080670005,
    0.05356992443203697,
    0.05276445778783211,
    0.05164500204562957,
    0.05252605169426261,
    0.05285320201193684,
    0.05283665647862919,
    0.05534856926261071,
    0.05702267640546785,
    0.05826246329899885,
    0.06037916345783596,
    0.06363938558914133,
    0.06618363737004235,
    0.0668571157826338,
    0.06758361510877936,
    0.07125822764247208,
    0.07331927464381979,
    0.07512461794859454,
    0.07548824364651521,
    0.07882480085194454,
    0.08054704045533308,
    0.0822418295148248,
    0.0832981114025799,
    0.08483195754716981,
    0.08848212781574893,
    0.09028935129476318,
    0.0912459839478244,
    0.09393876949364652,
    0.09421853942048519,
    0.09665750144397382,
    0.09921754668848672,
    0.09909383122352715,
    0.10118984946572969,
    0.10167643855891413,
    0.1020667627310358,
    0.10419248772622255
  ],
  "test_accuracy": [
    0.08239999999999999,
    0.08209999999999999,
    0.08779999999999999,
    0.08879999999999999,
    0.08679999999999999,
    0.0875,
    0.08039999999999999,
    0.07759999999999999,
    0.0689,
    0.06380000000000001,
    0.058699999999999995,
    0.0563,
    0.054599999999999996,
    0.0526,
    0.052500000000000005,
    0.0512,
    0.0493,
    0.0492,
    0.0511,
    0.0502,
    0.051000000000000004,
    0.0531,
    0.0513,
    0.05489999999999999,
    0.05920000000000001,
    0.06380000000000001,
    0.0627,
    0.07070000000000001,
    0.074,
    0.07769999999999999,
    0.0759,
    0.07999999999999999,
    0.08149999999999999,
    0.08559999999999998,
    0.08249999999999999,
    0.08519999999999998,
    0.0899,
    0.09159999999999999,
    0.09159999999999999,
    0.0972,
    0.0925,
    0.094,
    0.0987,
    0.1,
    0.0992,
    0.1028,
    0.10010000000000001,
    0.1028,
    0.0996,
    0.1016
  ]
}