{
  "setting": "setting_15",
  "train_accuracy": [
    0.07387392604447439,
    0.08152773933865999,
    0.08786618273488642,
    0.09331041526280325,
    0.09545456596553716,
    0.09255308107912978,
    0.09059920400943397,
    0.08552122942337312,
    0.07860895684924914,
    0.07077088647959184,
    0.06446139776665383,
    0.05990498351463227,
    0.05660001323642664,
    0.05399672398440508,
    0.05232261684154794,
    0.05193567698305737,
    0.05170892796977281,
    0.050967387249711206,
    0.05084780816807855,
    0.052338410305159795,
    0.05222635192048518,
    0.05254673361089719,
    0.054156914829611096,
    0.05653683938197921,
    0.05716218533403928,
    0.058856974393531,
    0.06111393555063535,
    0.0637672374374278,
    0.06747494103773585,
    0.07264842847516365,
    0.07538107371486331,
    0.07572740180978052,
    0.07794111895937621,
    0.0814013916297651,
    0.08463416321717367,
    0.08697422807566423,
    0.09057250553523297,
    0.09272718521370812,
    0.09771378333172892,
    0.09981544209664998,
    0.10314222239603388,
    0.10248190520311898,
    0.1042789757412399,
    0.10514272778686948,
    0.10621367503369274,
    0.10549206416056989,
    0.10661640835579515,
    0.10568722624663072,
    0.10738539961975356,
    0.10635055171832884
  ],
  "test_accuracy": [
    0.08239999999999999,
    0.08429999999999999,
    0.09109999999999999,
    0.0925,
    0.09419999999999999,
    0.093,
    0.0849,
    0.08059999999999999,
    0.0703,
    0.06240000000000001,
    0.05789999999999999,
    0.054000000000000006,
    0.0512,
    0.048299999999999996,
    0.0497,
    0.0485,
    0.0486,
    0.0471,
    0.0493,
    0.0501,
    0.05,
    0.0518,
    0.05,
    0.0539,
    0.057600000000000005,
    0.059800000000000006,
    0.063,
    0.0718,
    0.0692,
    0.0774,
    0.07819999999999998,
    0.0788,
    0.08179999999999998,
    0.08409999999999998,
    0.08659999999999998,
    0.08879999999999999,
    0.09129999999999999,
    0.0987,
    0.0996,
    0.10270000000000001,
    0.1021,
    0.1055,
    0.1056,
    0.10750000000000001,
    0.10640000000000001,
    0.1076,
    0.10650000000000001,
    0.10740000000000001,
    0.10470000000000002,
    0.10529999999999999
  ]
}