{
  "setting": "setting_13",
  "train_accuracy": [
    0.11236447704081633,
    0.10737005739795917,
    0.0954559948979592,
    0.10591119260204081,
    0.11012037627551019,
    0.1095424107142857,
    0.11081792091836734,
    0.11063456632653061,
    0.11141183035714286,
    0.1130062181122449,
    0.11261559311224491,
    0.1143813775510204,
    0.1153579400510204,
    0.11540577168367348,
    0.11619897959183673,
    0.11675701530612244,
    0.11695631377551019,
    0.1180484693877551,
    0.11813616071428572,
    0.11910873724489796,
    0.12020487882653061,
    0.11990593112244897,
    0.12108179209183673,
    0.11825175382653061,
    0.12025271045918368,
    0.12047991071428571,
    0.12032445790816326,
    0.11994579081632652,
    0.1213687818877551,
    0.12270009566326531,
    0.1215999681122449,
    0.12204241071428572,
    0.12190688775510204,
    0.12161989795918367,
    0.12179129464285714,
    0.12200255102040818,
    0.12263632015306122,
    0.1229312818877551,
    0.12442602040816327,
    0.1252750318877551,
    0.12458944515306122,
    0.1260363520408163,
    0.12342952806122448,
    0.1252830038265306,
    0.12470902423469388,
    0.12634725765306123,
    0.12596460459183673,
    0.12720822704081633,
    0.12699298469387754,
    0.12800542091836736
  ],
  "test_accuracy": [
    0.1196,
    0.1042,
    0.10070000000000001,
    0.1058,
    0.1069,
    0.1046,
    0.10350000000000001,
    0.1065,
    0.1079,
    0.1078,
    0.10819999999999999,
    0.10900000000000001,
    0.1117,
    0.11189999999999997,
    0.11479999999999999,
    0.1125,
    0.11740000000000002,
    0.1162,
    0.1165,
    0.11910000000000003,
    0.12090000000000001,
    0.1196,
    0.1236,
    0.12080000000000002,
    0.11939999999999999,
    0.11860000000000001,
    0.12109999999999999,
    0.12229999999999999,
    0.12160000000000001,
    0.12290000000000001,
    0.12179999999999999,
    0.1236,
    0.12359999999999997,
    0.12309999999999999,
    0.12610000000000002,
    0.1236,
    0.1244,
    0.1264,
    0.12730000000000002,
    0.12450000000000001,
    0.1244,
    0.1265,
    0.12569999999999998,
    0.12309999999999999,
    0.1272,
    0.1269,
    0.127,
    0.12679999999999997,
    0.1262,
    0.1316
  ]
}