{
  "setting": "setting_1",
  "train_accuracy": [
    0.11325127877237852,
    0.11373081841432225,
    0.11632832480818414,
    0.1168278452685422,
    0.11518941815856777,
    0.11884590792838874,
    0.12232257033248081,
    0.1273377557544757,
    0.1277773337595908,
    0.13616927749360613,
    0.13654891304347827,
    0.1400855179028133,
    0.1375679347826087,
    0.14160406010230178,
    0.14356218030690537,
    0.1440417199488491,
    0.14917679028132994,
    0.15243366368286446,
    0.1562699808184143,
    0.16206441815856779,
    0.16608056265984655,
    0.1639825767263427,
    0.17167519181585678,
    0.1698169757033248,
    0.17423273657289,
    0.17489210358056265,
    0.1758112212276215,
    0.1749320652173913,
    0.17740968670076726,
    0.17872842071611253,
    0.18396339514066495,
    0.18746003836317135,
    0.18951806265984655,
    0.19117647058823528,
    0.1947730179028133,
    0.19681106138107418,
    0.20074728260869565,
    0.2046435421994885,
    0.20841991687979539,
    0.20812020460358055,
    0.21469389386189258,
    0.215153452685422,
    0.21693174552429667,
    0.22002877237851662,
    0.2200087915601023,
    0.2199088874680307,
    0.22244645140664962,
    0.22390505115089515,
    0.2226262787723785,
    0.2257632672634271
  ],
  "test_accuracy": [
    0.1155,
    0.11710000000000001,
    0.11069999999999999,
    0.11310000000000002,
    0.11989999999999998,
    0.1236,
    0.12190000000000001,
    0.13160000000000002,
    0.1322,
    0.14000000000000004,
    0.1367,
    0.1395,
    0.138,
    0.1451,
    0.1422,
    0.1443,
    0.15230000000000002,
    0.1596,
    0.16419999999999998,
    0.1659,
    0.17049999999999998,
    0.1735,
    0.1654,
    0.1795,
    0.17479999999999998,
    0.18,
    0.1674,
    0.18129999999999996,
    0.1838,
    0.18059999999999998,
    0.1845,
    0.189,
    0.1838,
    0.1859,
    0.19760000000000003,
    0.18619999999999998,
    0.19760000000000003,
    0.20379999999999998,
    0.2029,
    0.2152,
    0.21080000000000002,
    0.21059999999999998,
    0.21100000000000002,
    0.22269999999999998,
    0.211,
    0.2193,
    0.22480000000000003,
    0.22150000000000003,
    0.21739999999999998,
    0.2206
  ]
}