{
  "setting": "setting_18",
  "train_accuracy": [
    0.10710698341836734,
    0.10664461096938775,
    0.08187181122448979,
    0.10404575892857143,
    0.10768893494897959,
    0.10875318877551021,
    0.10930723852040818,
    0.11065449617346938,
    0.11201371173469388,
    0.11330516581632653,
    0.11405851403061225,
    0.1150390625,
    0.11605548469387755,
    0.11649792729591836,
    0.11839524872448981,
    0.11851482780612245,
    0.11924027423469388,
    0.11823182397959182,
    0.11930404974489796,
    0.11890943877551019,
    0.11952327806122448,
    0.11900510204081632,
    0.11939572704081633,
    0.12046396683673469,
    0.1202686543367347,
    0.11976243622448979,
    0.12075095663265306,
    0.11878587372448979,
    0.12045200892857143,
    0.12022480867346938,
    0.12014508928571428,
    0.12211814413265305,
    0.12024473852040815,
    0.12088249362244897,
    0.12150031887755101,
    0.12338169642857143,
    0.12118144132653061,
    0.1223453443877551,
    0.12274792729591837,
    0.12260443239795919,
    0.12386001275510204,
    0.12079878826530611,
    0.12311065051020408,
    0.12193080357142858,
    0.12263632015306122,
    0.12199457908163265,
    0.12242107780612245,
    0.1219029017857143,
    0.12132493622448981,
    0.122265625
  ],
  "test_accuracy": [
    0.12079999999999999,
    0.0975,
    0.09469999999999999,
    0.10289999999999999,
    0.10469999999999999,
    0.10369999999999999,
    0.1041,
    0.10800000000000001,
    0.10940000000000001,
    0.1083,
    0.10880000000000001,
    0.10900000000000001,
    0.11200000000000002,
    0.11440000000000002,
    0.11660000000000001,
    0.1145,
    0.11779999999999999,
    0.11779999999999999,
    0.11720000000000001,
    0.1186,
    0.11749999999999998,
    0.11920000000000001,
    0.12050000000000001,
    0.12069999999999999,
    0.1186,
    0.1186,
    0.11850000000000001,
    0.12290000000000001,
    0.12010000000000001,
    0.1217,
    0.11959999999999997,
    0.12269999999999999,
    0.12480000000000002,
    0.121,
    0.12610000000000002,
    0.12450000000000001,
    0.12279999999999998,
    0.12480000000000002,
    0.1266,
    0.12189999999999998,
    0.1233,
    0.12510000000000002,
    0.12269999999999999,
    0.1226,
    0.12669999999999998,
    0.12479999999999998,
    0.12510000000000002,
    0.12150000000000001,
    0.1253,
    0.1269
  ]
}