{
  "setting": "setting_22",
  "train_accuracy": [
    0.09363011508951406,
    0.09632752557544758,
    0.1070812020460358,
    0.10998641304347827,
    0.11260789641943734,
    0.11476582480818415,
    0.11352701406649617,
    0.11252797314578006,
    0.11169677109974424,
    0.1113650895140665,
    0.11290361253196932,
    0.10937100383631713,
    0.10914322250639386,
    0.10845987851662403,
    0.1085997442455243,
    0.11070572250639386,
    0.10894741048593351,
    0.10978260869565216,
    0.10880754475703326,
    0.11120124680306905,
    0.10811221227621484,
    0.10840393222506393,
    0.10987452046035806,
    0.11039002557544757,
    0.10947890025575448,
    0.10773257672634272,
    0.10905530690537084,
    0.10953085038363172,
    0.10905131074168799,
    0.10778053069053709,
    0.1108695652173913,
    0.1135110294117647,
    0.1136908567774936,
    0.11347906010230178,
    0.11399056905370844,
    0.11700367647058824,
    0.11529731457800511,
    0.11730738491048594,
    0.11561700767263426,
    0.11492567135549872,
    0.11798273657289003,
    0.11965313299232735,
    0.12218270460358056,
    0.12226262787723785,
    0.12349344629156012,
    0.12235453964194375,
    0.12248641304347825,
    0.1234375,
    0.12261429028132993,
    0.12749760230179027
  ],
  "test_accuracy": [
    0.09059999999999999,
    0.0962,
    0.10470000000000002,
    0.1089,
    0.10939999999999998,
    0.10669999999999999,
    0.1079,
    0.1101,
    0.10869999999999999,
    0.1103,
    0.10750000000000001,
    0.10569999999999999,
    0.10669999999999999,
    0.10740000000000001,
    0.10640000000000001,
    0.11270000000000002,
    0.1093,
    0.1106,
    0.1082,
    0.10880000000000001,
    0.11270000000000002,
    0.11140000000000001,
    0.11380000000000001,
    0.1119,
    0.1116,
    0.1062,
    0.1102,
    0.1123,
    0.1068,
    0.10979999999999998,
    0.11280000000000001,
    0.11660000000000001,
    0.11270000000000002,
    0.1182,
    0.11709999999999998,
    0.11860000000000001,
    0.11710000000000001,
    0.11739999999999999,
    0.1186,
    0.1182,
    0.12069999999999999,
    0.12190000000000001,
    0.12010000000000001,
    0.12410000000000002,
    0.12290000000000001,
    0.1246,
    0.12670000000000003,
    0.12269999999999999,
    0.1266,
    0.1233
  ]
}