{
  "setting": "setting_5",
  "train_accuracy": [
    0.07448949509048902,
    0.07938622087986137,
    0.08716450170870235,
    0.09301974032537542,
    0.09657477377743551,
    0.09586632412398922,
    0.09223345145841357,
    0.08649365554004622,
    0.08021913806796303,
    0.0730594345639199,
    0.06758624735271467,
    0.06194948498267232,
    0.05832150077011937,
    0.05665905070754717,
    0.05522899018097806,
    0.05325443119464767,
    0.052394815532345006,
    0.05245460507316133,
    0.05391286821332306,
    0.053008504404120145,
    0.054000860367731995,
    0.05542415226703889,
    0.0555053757941856,
    0.05805639620234887,
    0.057998486835772044,
    0.05961769289083558,
    0.06020129897477859,
    0.06302983310069311,
    0.067279778951675,
    0.06850226824220254,
    0.07198397489892183,
    0.07307598009722757,
    0.07569995126588372,
    0.07907147971216788,
    0.08072565700808625,
    0.08049477161147478,
    0.08274910052464382,
    0.08595705381209087,
    0.08761123110800924,
    0.09205558697535618,
    0.09492849321332307,
    0.09713656984020022,
    0.09965036279842124,
    0.1010352991432422,
    0.10181745162687716,
    0.10269361282248748,
    0.10410863195514056,
    0.10413194611571044,
    0.10399582150077011,
    0.10506112822487486
  ],
  "test_accuracy": [
    0.0809,
    0.0823,
    0.0924,
    0.0939,
    0.09679999999999998,
    0.0948,
    0.08819999999999999,
    0.08319999999999998,
    0.07350000000000001,
    0.06680000000000001,
    0.06220000000000001,
    0.05650000000000001,
    0.05419999999999999,
    0.0528,
    0.0521,
    0.0497,
    0.0492,
    0.048799999999999996,
    0.0516,
    0.05219999999999999,
    0.051000000000000004,
    0.053500000000000006,
    0.0523,
    0.055400000000000005,
    0.0576,
    0.06040000000000001,
    0.06219999999999999,
    0.06559999999999999,
    0.0683,
    0.0744,
    0.074,
    0.07769999999999999,
    0.07959999999999998,
    0.08299999999999999,
    0.08259999999999998,
    0.08409999999999998,
    0.08829999999999999,
    0.09179999999999999,
    0.0924,
    0.0959,
    0.09659999999999999,
    0.0984,
    0.0996,
    0.10570000000000002,
    0.1044,
    0.1052,
    0.1036,
    0.1072,
    0.10450000000000001,
    0.10629999999999999
  ]
}