{
  "setting": "setting_23",
  "train_accuracy": [
    0.1003388073979592,
    0.0831752232142857,
    0.08443877551020408,
    0.1047672193877551,
    0.10942283163265305,
    0.1098453443877551,
    0.10986527423469389,
    0.11077008928571429,
    0.11253587372448981,
    0.1130062181122449,
    0.11432557397959182,
    0.11455676020408163,
    0.11404257015306123,
    0.1160594706632653,
    0.11552535076530612,
    0.11526626275510204,
    0.11578443877551022,
    0.11571269132653061,
    0.11663743622448978,
    0.11689652423469388,
    0.1184390943877551,
    0.11741071428571428,
    0.11701211734693877,
    0.11793287627551019,
    0.11721141581632653,
    0.11961495535714287,
    0.11861447704081633,
    0.12032445790816326,
    0.11988600127551019,
    0.12012117346938775,
    0.1209263392857143,
    0.12222576530612245,
    0.12224569515306123,
    0.12242506377551021,
    0.12354910714285713,
    0.125,
    0.12458147321428571,
    0.1251514668367347,
    0.12676977040816326,
    0.12571747448979592,
    0.1275031887755102,
    0.12631935586734694,
    0.12690529336734693,
    0.12814891581632654,
    0.12722417091836735,
    0.1286670918367347,
    0.13005022321428572,
    0.13033322704081635,
    0.1292530293367347,
    0.13063616071428572
  ],
  "test_accuracy": [
    0.10070000000000001,
    0.0752,
    0.0993,
    0.10469999999999999,
    0.10530000000000002,
    0.1058,
    0.1038,
    0.10790000000000002,
    0.10800000000000001,
    0.10769999999999999,
    0.10830000000000002,
    0.10840000000000001,
    0.1105,
    0.11200000000000002,
    0.11340000000000001,
    0.11180000000000001,
    0.11220000000000001,
    0.1136,
    0.1136,
    0.11800000000000002,
    0.11480000000000001,
    0.11740000000000002,
    0.1182,
    0.11739999999999999,
    0.11640000000000002,
    0.11979999999999999,
    0.12090000000000001,
    0.1192,
    0.119,
    0.12189999999999998,
    0.12179999999999999,
    0.12290000000000001,
    0.1256,
    0.1237,
    0.12639999999999998,
    0.1284,
    0.1281,
    0.13010000000000002,
    0.1302,
    0.1262,
    0.13099999999999998,
    0.12720000000000004,
    0.1303,
    0.1284,
    0.13140000000000002,
    0.1313,
    0.13200000000000003,
    0.131,
    0.13290000000000002,
    0.1337
  ]
}