{
  "setting": "setting_25",
  "train_accuracy": [
    0.07856157645841355,
    0.08978358442433577,
    0.098526018603196,
    0.10184527820562186,
    0.09816239290527531,
    0.09638036376107047,
    0.0910308920148248,
    0.08751421411725067,
    0.08348838503561802,
    0.0787326723142087,
    0.07204790082306507,
    0.06665856938294186,
    0.06379882436465152,
    0.061603156887755105,
    0.058489212312283406,
    0.05933867503369272,
    0.05818274391124374,
    0.0570343334857528,
    0.05709487509626492,
    0.05756905503946862,
    0.05859863845302271,
    0.058402724297266076,
    0.059239777868694644,
    0.06014827806122449,
    0.061288415720061606,
    0.06133579611089719,
    0.06633292320465922,
    0.06692856240373508,
    0.06984396057951482,
    0.07287743369753562,
    0.07721537170292646,
    0.08002284787735849,
    0.08177855458221024,
    0.0869377526954178,
    0.09077406021370812,
    0.09363004488351945,
    0.09544178078070852,
    0.09702714369946092,
    0.10007453010685408,
    0.09884978460723913,
    0.09977971878609934,
    0.10104620415383134,
    0.10069649174528301,
    0.1018242202541394,
    0.10246949605313825,
    0.10286621281767423,
    0.10232321849730458,
    0.10432297181844437,
    0.10355548469387756,
    0.10317944984597613
  ],
  "test_accuracy": [
    0.0894,
    0.0948,
    0.1032,
    0.0996,
    0.0979,
    0.094,
    0.087,
    0.08429999999999999,
    0.07739999999999998,
    0.07120000000000001,
    0.0669,
    0.0619,
    0.05890000000000001,
    0.057699999999999994,
    0.056400000000000006,
    0.05519999999999999,
    0.0538,
    0.0531,
    0.054599999999999996,
    0.0568,
    0.055299999999999995,
    0.05940000000000001,
    0.05389999999999999,
    0.05740000000000001,
    0.059899999999999995,
    0.06170000000000001,
    0.0645,
    0.074,
    0.0719,
    0.0742,
    0.07839999999999998,
    0.086,
    0.08669999999999999,
    0.092,
    0.0954,
    0.09759999999999999,
    0.09659999999999999,
    0.1002,
    0.0993,
    0.10470000000000002,
    0.10069999999999998,
    0.10200000000000001,
    0.1035,
    0.1022,
    0.10110000000000001,
    0.101,
    0.10110000000000001,
    0.10500000000000001,
    0.10390000000000002,
    0.10529999999999999
  ]
}