{
  "setting": "setting_21",
  "train_accuracy": [
    0.10082320971867008,
    0.11007432864450128,
    0.11109335038363172,
    0.1117127557544757,
    0.11187260230179027,
    0.11143302429667519,
    0.10851582480818414,
    0.10771659207161126,
    0.10631793478260869,
    0.10661764705882353,
    0.10483935421994885,
    0.10543877877237852,
    0.10581841432225064,
    0.10563858695652174,
    0.10905530690537084,
    0.11103340792838874,
    0.11447010869565218,
    0.11730738491048594,
    0.12326166879795396,
    0.12346147698209718,
    0.12316176470588236,
    0.12675831202046037,
    0.1258192135549872,
    0.13045476342711,
    0.13055466751918157,
    0.13786764705882354,
    0.141803868286445,
    0.14392183503836317,
    0.14741847826086957,
    0.14462116368286446,
    0.14817774936061381,
    0.14899696291560102,
    0.1531929347826087,
    0.15802829283887468,
    0.161644820971867,
    0.16817854859335038,
    0.17045636189258312,
    0.17065617007672634,
    0.1717950767263427,
    0.1730338874680307,
    0.17643062659846548,
    0.17297394501278773,
    0.17437260230179027,
    0.17605099104859334,
    0.17641064578005114,
    0.18052669437340155,
    0.17998721227621484,
    0.18062659846547316,
    0.17818893861892582,
    0.18230498721227623
  ],
  "test_accuracy": [
    0.12,
    0.10690000000000002,
    0.10529999999999999,
    0.1081,
    0.1129,
    0.1066,
    0.10379999999999998,
    0.1046,
    0.10800000000000001,
    0.10110000000000001,
    0.1036,
    0.1075,
    0.1052,
    0.10610000000000001,
    0.1131,
    0.11220000000000001,
    0.12160000000000001,
    0.12269999999999999,
    0.12190000000000004,
    0.1254,
    0.1256,
    0.126,
    0.12840000000000001,
    0.1303,
    0.13570000000000002,
    0.1397,
    0.1392,
    0.14329999999999998,
    0.14300000000000002,
    0.14530000000000004,
    0.14509999999999998,
    0.15389999999999998,
    0.1506,
    0.1573,
    0.16499999999999998,
    0.17009999999999997,
    0.1665,
    0.16970000000000002,
    0.17659999999999998,
    0.1725,
    0.17309999999999998,
    0.1729,
    0.16999999999999998,
    0.1793,
    0.178,
    0.1917,
    0.17479999999999998,
    0.1789,
    0.1747,
    0.1793
  ]
}