{
  "setting": "setting_17",
  "train_accuracy": [
    0.10911125319693095,
    0.10591831841432225,
    0.10980258951406649,
    0.11270380434782609,
    0.1153212915601023,
    0.11819053708439897,
    0.11946930946291559,
    0.11998881074168798,
    0.12066416240409207,
    0.12225463554987213,
    0.1244725063938619,
    0.1254835358056266,
    0.1253956202046036,
    0.1280930306905371,
    0.13157768542199488,
    0.13773177749360613,
    0.14282688618925832,
    0.15241368286445012,
    0.1579563618925831,
    0.16624840153452686,
    0.17623481457800513,
    0.18134191176470588,
    0.1848785166240409,
    0.18907049232736572,
    0.191951726342711,
    0.19492087595907928,
    0.20003996163682866,
    0.204539641943734,
    0.20903132992327367,
    0.21063379156010228,
    0.2094749040920716,
    0.2107576726342711,
    0.21851023017902813,
    0.21815856777493606,
    0.22179108056265986,
    0.22454843350383633,
    0.22677829283887466,
    0.2303508631713555,
    0.2337795716112532,
    0.2352741368286445,
    0.2355338874680307,
    0.23765185421994886,
    0.23598945012787723,
    0.23647298593350383,
    0.24378996163682867,
    0.2401294757033248,
    0.2405810421994885,
    0.2412803708439898,
    0.23910645780051148,
    0.24421355498721226
  ],
  "test_accuracy": [
    0.1049,
    0.1038,
    0.10750000000000001,
    0.10730000000000002,
    0.1137,
    0.11620000000000001,
    0.119,
    0.1197,
    0.12110000000000001,
    0.125,
    0.1263,
    0.12530000000000002,
    0.13230000000000003,
    0.1319,
    0.13710000000000003,
    0.14210000000000003,
    0.14840000000000003,
    0.15469999999999998,
    0.1625,
    0.16749999999999998,
    0.17859999999999998,
    0.18009999999999998,
    0.1912,
    0.1924,
    0.202,
    0.1973,
    0.20340000000000003,
    0.20820000000000002,
    0.2165,
    0.20939999999999998,
    0.2157,
    0.2225,
    0.22519999999999998,
    0.22690000000000002,
    0.23080000000000003,
    0.23650000000000002,
    0.2343,
    0.2395,
    0.2398,
    0.2465,
    0.2432,
    0.2485,
    0.2411,
    0.2496,
    0.2488,
    0.2549,
    0.24780000000000002,
    0.2545,
    0.2468,
    0.2509
  ]
}