{
  "setting": "setting_28",
  "train_accuracy": [
    0.08296795280612244,
    0.0987045599489796,
    0.09474250637755102,
    0.10181361607142858,
    0.10830676020408163,
    0.1076251594387755,
    0.10831074617346939,
    0.10853396045918368,
    0.10939492984693877,
    0.11192203443877552,
    0.11260762117346938,
    0.11308992346938775,
    0.11464445153061224,
    0.11521843112244898,
    0.11635841836734694,
    0.11674107142857143,
    0.11647799744897959,
    0.11629464285714286,
    0.11784119897959185,
    0.1160594706632653,
    0.1176578443877551,
    0.1167171556122449,
    0.11731903698979593,
    0.11707589285714284,
    0.11705994897959185,
    0.11727917729591837,
    0.11721938775510204,
    0.11755420918367346,
    0.11872608418367346,
    0.11830357142857142,
    0.1172233737244898,
    0.1189373405612245,
    0.11895727040816327,
    0.11921635841836735,
    0.11967075892857143,
    0.12025669642857142,
    0.11793287627551019,
    0.11953523596938775,
    0.12006138392857142,
    0.12060746173469389,
    0.11950733418367346,
    0.12089445153061225,
    0.11955915178571429,
    0.1193439094387755,
    0.11970264668367346,
    0.11877391581632654,
    0.11838727678571428,
    0.1212611607142857,
    0.12009327168367347,
    0.11928411989795917
  ],
  "test_accuracy": [
    0.08519999999999998,
    0.08779999999999999,
    0.09129999999999999,
    0.10529999999999999,
    0.10500000000000001,
    0.1072,
    0.1034,
    0.1079,
    0.1076,
    0.1075,
    0.10800000000000001,
    0.10900000000000001,
    0.11300000000000002,
    0.11339999999999999,
    0.11540000000000002,
    0.11070000000000002,
    0.11490000000000003,
    0.11499999999999999,
    0.1147,
    0.1163,
    0.11720000000000001,
    0.118,
    0.11669999999999998,
    0.11720000000000001,
    0.1136,
    0.11640000000000002,
    0.1149,
    0.11669999999999998,
    0.1159,
    0.11699999999999999,
    0.11810000000000001,
    0.11829999999999999,
    0.1212,
    0.11950000000000001,
    0.12229999999999999,
    0.12240000000000002,
    0.1204,
    0.12469999999999999,
    0.12190000000000001,
    0.1193,
    0.1212,
    0.1193,
    0.119,
    0.11829999999999999,
    0.123,
    0.12229999999999999,
    0.1222,
    0.12150000000000001,
    0.121,
    0.12309999999999999
  ]
}