{
  "setting": "setting_7",
  "train_accuracy": [
    0.10683743606138107,
    0.10112292199488492,
    0.11117726982097187,
    0.11187659846547314,
    0.11441416240409207,
    0.11659606777493606,
    0.11802669437340153,
    0.11847026854219948,
    0.11915760869565219,
    0.11816256393861893,
    0.11769501278772378,
    0.12080802429667518,
    0.12090393222506395,
    0.12206681585677749,
    0.12272218670076726,
    0.12615089514066496,
    0.12524376598465473,
    0.12667838874680307,
    0.12963954603580563,
    0.13359574808184144,
    0.13347586317135549,
    0.13432304987212276,
    0.13666080562659846,
    0.14018142583120205,
    0.14079683503836318,
    0.1407688618925831,
    0.1426830242966752,
    0.14375,
    0.14540840792838874,
    0.14425351662404093,
    0.1446251598465473,
    0.14676310741687978,
    0.14435342071611254,
    0.1474024936061381,
    0.14569213554987212,
    0.14651934143222506,
    0.14946851023017904,
    0.14873721227621484,
    0.14943254475703324,
    0.1479779411764706,
    0.14906090153452686,
    0.1492447250639386,
    0.14861333120204603,
    0.15167039641943733,
    0.15091112531969308,
    0.14891304347826087,
    0.15097506393861893,
    0.1514386189258312,
    0.15229779411764705,
    0.15248960997442457
  ],
  "test_accuracy": [
    0.0969,
    0.1079,
    0.1056,
    0.10640000000000001,
    0.1103,
    0.1135,
    0.11660000000000001,
    0.11509999999999998,
    0.11950000000000002,
    0.1182,
    0.1234,
    0.12189999999999998,
    0.1251,
    0.1246,
    0.12430000000000001,
    0.12679999999999997,
    0.1297,
    0.13369999999999999,
    0.13130000000000003,
    0.14100000000000001,
    0.1392,
    0.1371,
    0.1443,
    0.1427,
    0.1447,
    0.1449,
    0.1498,
    0.1492,
    0.1476,
    0.1523,
    0.15189999999999998,
    0.15030000000000002,
    0.1486,
    0.1509,
    0.1517,
    0.1538,
    0.1527,
    0.1536,
    0.1506,
    0.1547,
    0.15250000000000002,
    0.1557,
    0.1549,
    0.15589999999999998,
    0.15839999999999999,
    0.16009999999999996,
    0.16019999999999998,
    0.15599999999999997,
    0.1588,
    0.1563
  ]
}