{
  "setting": "setting_8",
  "train_accuracy": [
    0.09730149872448979,
    0.09826610331632654,
    0.10086894132653061,
    0.10897241709183673,
    0.10944276147959182,
    0.10944276147959182,
    0.11033960459183673,
    0.11145966198979593,
    0.1133250956632653,
    0.11354432397959183,
    0.11452487244897959,
    0.11610331632653062,
    0.11566485969387756,
    0.11655771683673469,
    0.1162189094387755,
    0.11729910714285716,
    0.11789301658163265,
    0.11857063137755101,
    0.11952327806122448,
    0.11815210459183673,
    0.11966278698979592,
    0.12107382015306123,
    0.1220782844387755,
    0.12176339285714287,
    0.12088249362244897,
    0.1220703125,
    0.12345742984693878,
    0.12232142857142858,
    0.12439413265306123,
    0.12517139668367347,
    0.12644690688775512,
    0.12511160714285716,
    0.12741948341836734,
    0.12606823979591839,
    0.12470902423469388,
    0.1282326211734694,
    0.12954001913265306,
    0.1299705038265306,
    0.13086336096938775,
    0.132242506377551,
    0.13345424107142856,
    0.13519610969387755,
    0.13661112882653062,
    0.13803013392857144,
    0.1387077487244898,
    0.13996731505102042,
    0.1388233418367347,
    0.1390186543367347,
    0.14206792091836734,
    0.14463488520408163
  ],
  "test_accuracy": [
    0.10250000000000001,
    0.08639999999999999,
    0.10390000000000002,
    0.10610000000000001,
    0.1061,
    0.10699999999999998,
    0.10569999999999999,
    0.1092,
    0.10880000000000001,
    0.1096,
    0.11000000000000001,
    0.1096,
    0.11359999999999999,
    0.11320000000000001,
    0.11539999999999999,
    0.11350000000000002,
    0.11699999999999999,
    0.11800000000000002,
    0.11750000000000001,
    0.11879999999999999,
    0.1172,
    0.11789999999999998,
    0.12210000000000001,
    0.12190000000000001,
    0.11950000000000002,
    0.12279999999999999,
    0.123,
    0.124,
    0.1243,
    0.127,
    0.12430000000000001,
    0.129,
    0.1255,
    0.1269,
    0.1326,
    0.1316,
    0.13040000000000002,
    0.1326,
    0.1346,
    0.1331,
    0.13479999999999998,
    0.1392,
    0.1387,
    0.138,
    0.1381,
    0.1407,
    0.14150000000000001,
    0.1423,
    0.14479999999999998,
    0.1447
  ]
}