{
  "setting": "setting_30",
  "train_accuracy": [
    0.0787334243839045,
    0.08413441290431266,
    0.09185779264536002,
    0.09595694852233347,
    0.09249742792164035,
    0.08977455958798614,
    0.08481052356083943,
    0.08184172843665767,
    0.07799865229110513,
    0.07203962805641125,
    0.06725984910473623,
    0.06329230542452831,
    0.058632857624181745,
    0.057001994488833266,
    0.05505300587216018,
    0.05531623026569118,
    0.055782137442241045,
    0.05435884554293416,
    0.05503721240854832,
    0.05665153001058914,
    0.057537468112244895,
    0.05923564148536773,
    0.06340925226222564,
    0.06547029926357335,
    0.06651567614073932,
    0.06664202384963419,
    0.07131388079996148,
    0.07342042801790527,
    0.07693484970639199,
    0.0802108653013092,
    0.08418668174817097,
    0.08616124073450133,
    0.09306937692529842,
    0.09611789143723526,
    0.09817893843858297,
    0.10243715705621871,
    0.10535443540623797,
    0.10660738351944551,
    0.10596887634770889,
    0.10732410593954562,
    0.10743616432422025,
    0.10839279697728148,
    0.10961754247689642,
    0.10871806712071622,
    0.10953443877551021,
    0.10943328540142472,
    0.11034742611667307,
    0.11176658163265306,
    0.11081671760685408,
    0.10999620956873316
  ],
  "test_accuracy": [
    0.08629999999999999,
    0.0894,
    0.095,
    0.08789999999999999,
    0.0915,
    0.08739999999999999,
    0.0797,
    0.0784,
    0.0709,
    0.06580000000000001,
    0.0627,
    0.0558,
    0.053500000000000006,
    0.0528,
    0.0534,
    0.0534,
    0.0526,
    0.0512,
    0.053700000000000005,
    0.057600000000000005,
    0.05790000000000001,
    0.059599999999999986,
    0.060899999999999996,
    0.06300000000000001,
    0.0685,
    0.07039999999999999,
    0.073,
    0.08279999999999998,
    0.0827,
    0.08549999999999999,
    0.08739999999999999,
    0.09259999999999999,
    0.0983,
    0.10470000000000002,
    0.1006,
    0.1066,
    0.1086,
    0.10880000000000001,
    0.10810000000000002,
    0.11159999999999999,
    0.1085,
    0.10830000000000002,
    0.11099999999999999,
    0.1089,
    0.10940000000000001,
    0.1111,
    0.11070000000000002,
    0.1133,
    0.11000000000000001,
    0.1092
  ]
}