{
  "setting": "setting_9",
  "train_accuracy": [
    0.09053654944120505,
    0.11617772108843538,
    0.1145548621234208,
    0.08974125364431487,
    0.06261768100097181,
    0.050220367164723036,
    0.05589183217930029,
    0.06455182519436345,
    0.08721965348639457,
    0.1009048150510204,
    0.10623557458697766,
    0.1071029974489796,
    0.10730134687803693,
    0.10749969630709426,
    0.10917475249028183,
    0.10868599672011663,
    0.10943478954081633,
    0.10993208667395529,
    0.11079096817298348,
    0.1114287232750243,
    0.11185674046404276,
    0.11220693634596697,
    0.11311326986151603,
    0.11275263453595724,
    0.11340272716229349,
    0.11346061862244898,
    0.11473707786686103,
    0.11519546434645288,
    0.11549536109086493,
    0.11599170918367346,
    0.11587307914237124,
    0.11475510963313897,
    0.1160410592808552,
    0.11647951591350826,
    0.11644155430029154,
    0.11648046495383867,
    0.11699864097424684,
    0.11641023596938775,
    0.11666932397959184,
    0.11712676141885325,
    0.11653076409135082,
    0.11675189048833819,
    0.1169692207240039,
    0.11676043185131195,
    0.1167794126579203,
    0.11701667274052478,
    0.1172292577745384,
    0.11698725249028183,
    0.11701002945821186,
    0.11719983752429543
  ],
  "test_accuracy": [
    0.10940000000000001,
    0.1203,
    0.1038,
    0.074,
    0.0503,
    0.0486,
    0.06039999999999999,
    0.076,
    0.0982,
    0.1022,
    0.1049,
    0.10400000000000001,
    0.1052,
    0.1051,
    0.1055,
    0.1052,
    0.10569999999999999,
    0.1048,
    0.10590000000000002,
    0.10500000000000001,
    0.1078,
    0.10779999999999998,
    0.1072,
    0.1092,
    0.10969999999999999,
    0.1101,
    0.11139999999999999,
    0.11100000000000002,
    0.11040000000000001,
    0.11139999999999999,
    0.1095,
    0.1115,
    0.11100000000000002,
    0.11229999999999998,
    0.1119,
    0.11540000000000002,
    0.11240000000000001,
    0.11270000000000002,
    0.1126,
    0.11309999999999998,
    0.11379999999999998,
    0.11420000000000001,
    0.11480000000000001,
    0.1147,
    0.11620000000000001,
    0.11479999999999999,
    0.1123,
    0.11520000000000001,
    0.11599999999999999,
    0.1137
  ]
}