{
  "setting": "setting_14",
  "train_accuracy": [
    0.08965299289358601,
    0.11999855745869777,
    0.1156690354713314,
    0.0855920493197279,
    0.06619746112730807,
    0.06033903516763848,
    0.06437435465257532,
    0.07331146744412051,
    0.07953432489067055,
    0.0971143479713314,
    0.10574776785714286,
    0.1077293640670554,
    0.10815927933673469,
    0.10778156128522838,
    0.10848859633138969,
    0.10818775054664723,
    0.11068182853498543,
    0.10993398475461613,
    0.11151793306608357,
    0.11071029974489796,
    0.11147807337220601,
    0.11199624939261418,
    0.11274409317298348,
    0.11254384566326531,
    0.11334103954081633,
    0.11366940749514091,
    0.1141780931122449,
    0.11456719964771622,
    0.11461654974489796,
    0.11487658679543246,
    0.11569276147959184,
    0.11473612882653061,
    0.11585220025510204,
    0.11606098912779399,
    0.11551244381681243,
    0.11593097060252672,
    0.11555230351068999,
    0.11622042790330418,
    0.11607142857142858,
    0.11621188654033042,
    0.11643016581632654,
    0.11727765883138969,
    0.11623940870991253,
    0.11718844904033042,
    0.11789548408649174,
    0.11742570912293489,
    0.11775692419825072,
    0.1172672193877551,
    0.11758704597910594,
    0.11726816842808552
  ],
  "test_accuracy": [
    0.1086,
    0.12730000000000002,
    0.1022,
    0.0732,
    0.05900000000000001,
    0.05920000000000001,
    0.0703,
    0.0774,
    0.0915,
    0.10210000000000001,
    0.10600000000000001,
    0.1044,
    0.10540000000000001,
    0.1051,
    0.10600000000000001,
    0.10469999999999999,
    0.1052,
    0.1048,
    0.1058,
    0.10630000000000002,
    0.10800000000000001,
    0.1078,
    0.1078,
    0.1093,
    0.10969999999999999,
    0.1101,
    0.11120000000000001,
    0.11099999999999999,
    0.1106,
    0.11100000000000002,
    0.1101,
    0.1117,
    0.11200000000000002,
    0.1116,
    0.1123,
    0.11509999999999998,
    0.11240000000000001,
    0.11350000000000002,
    0.1133,
    0.11399999999999999,
    0.11580000000000001,
    0.1145,
    0.11460000000000001,
    0.11560000000000001,
    0.11789999999999998,
    0.11539999999999999,
    0.11400000000000002,
    0.1186,
    0.1172,
    0.11720000000000001
  ]
}