{
  "setting": "setting_12",
  "train_accuracy": [
    0.0896579283887468,
    0.09498481457800512,
    0.10888746803069055,
    0.11209638746803069,
    0.112735773657289,
    0.11582480818414323,
    0.11673992966751918,
    0.11990888746803069,
    0.11831841432225065,
    0.11760310102301791,
    0.11742726982097186,
    0.11721547314578004,
    0.11744725063938619,
    0.12067615089514067,
    0.12355338874680308,
    0.1256953324808184,
    0.12768142583120204,
    0.12656649616368285,
    0.13092631074168798,
    0.13427509590792838,
    0.13630514705882354,
    0.14134031329923274,
    0.14381393861892583,
    0.14638746803069053,
    0.14976023017902812,
    0.14861333120204603,
    0.14996003836317134,
    0.1517663043478261,
    0.15223385549872123,
    0.15164641943734017,
    0.153832320971867,
    0.15501518542199488,
    0.15505514705882353,
    0.15553468670076726,
    0.15681745524296675,
    0.15909926470588237,
    0.15950287723785167,
    0.1631753516624041,
    0.16282368925831203,
    0.16491368286445013,
    0.1629915281329923,
    0.16733935421994886,
    0.16662803708439897,
    0.16896978900255755,
    0.17011269181585675,
    0.1703364769820972,
    0.1718510230179028,
    0.17315377237851662,
    0.17456841432225062,
    0.1753956202046036
  ],
  "test_accuracy": [
    0.10170000000000001,
    0.1038,
    0.1049,
    0.1078,
    0.11120000000000001,
    0.11380000000000001,
    0.11610000000000001,
    0.11779999999999999,
    0.11520000000000001,
    0.11740000000000002,
    0.11710000000000001,
    0.1197,
    0.12169999999999999,
    0.1213,
    0.12760000000000002,
    0.1265,
    0.1332,
    0.13530000000000003,
    0.1298,
    0.14429999999999998,
    0.1434,
    0.1487,
    0.1518,
    0.15080000000000002,
    0.15599999999999997,
    0.15309999999999996,
    0.1584,
    0.15519999999999998,
    0.15549999999999997,
    0.15879999999999997,
    0.15919999999999998,
    0.1553,
    0.1581,
    0.16119999999999998,
    0.1619,
    0.1599,
    0.1625,
    0.17219999999999996,
    0.1687,
    0.1707,
    0.172,
    0.1696,
    0.1742,
    0.1739,
    0.17619999999999997,
    0.1789,
    0.17980000000000002,
    0.1817,
    0.1837,
    0.18009999999999998
  ]
}