{
  "setting": "setting_24",
  "train_accuracy": [
    0.10274405521137027,
    0.09999373633381925,
    0.10002505466472304,
    0.09999373633381925,
    0.10006681243926141,
    0.09997285744655005,
    0.09995197855928085,
    0.09995197855928085,
    0.09999373633381925,
    0.09995197855928085,
    0.09997285744655005,
    0.09999373633381925,
    0.10005637299562682,
    0.09992066022837706,
    0.09995197855928085,
    0.10003549410835763,
    0.10005637299562682,
    0.10001461522108843,
    0.09995197855928085,
    0.09991022078474247,
    0.10004593355199222,
    0.10002505466472304,
    0.10001461522108843,
    0.09993109967201165,
    0.09996241800291544,
    0.09993109967201165,
    0.09986846301020408,
    0.09998329689018465,
    0.10000417577745384,
    0.10015032798833819,
    0.10005637299562682,
    0.10006681243926141,
    0.10004593355199222,
    0.10005637299562682,
    0.10008769132653061,
    0.09999373633381925,
    0.09992066022837706,
    0.10003549410835763,
    0.09992066022837706,
    0.10002600370505343,
    0.10005257683430516,
    0.10007155764091351,
    0.1001512770286686,
    0.10040467079689018,
    0.10119711947278912,
    0.10172953109815354,
    0.10239006316812438,
    0.1031075376579203,
    0.10461651178328475,
    0.12096373147473276
  ],
  "test_accuracy": [
    0.1,
    0.1,
    0.1,
    0.1,
    0.1,
    0.1,
    0.1,
    0.1,
    0.1,
    0.1,
    0.1,
    0.1,
    0.1,
    0.1,
    0.1,
    0.1,
    0.1,
    0.1,
    0.1,
    0.1,
    0.1,
    0.1,
    0.1,
    0.1,
    0.1,
    0.1,
    0.1,
    0.1,
    0.1,
    0.1,
    0.1,
    0.1,
    0.1,
    0.1,
    0.1,
    0.1,
    0.1,
    0.1,
    0.1,
    0.1,
    0.1002,
    0.1,
    0.1002,
    0.1002,
    0.101,
    0.10110000000000001,
    0.10330000000000002,
    0.10130000000000002,
    0.10779999999999998,
    0.13840000000000002
  ]
}