{
  "setting": "setting_3",
  "train_accuracy": [
    0.0965122767857143,
    0.09998007015306123,
    0.10004384566326531,
    0.09991230867346938,
    0.10008769132653061,
    0.10008769132653061,
    0.09995615433673469,
    0.09986846301020408,
    0.1,
    0.10026307397959185,
    0.09991230867346938,
    0.10004384566326531,
    0.09995615433673469,
    0.09986846301020408,
    0.10014748086734694,
    0.10001195790816327,
    0.10007174744897959,
    0.10009566326530611,
    0.10026307397959185,
    0.10005580357142857,
    0.10002790178571429,
    0.10045041454081632,
    0.10084103954081633,
    0.10052614795918367,
    0.10122369260204081,
    0.10108019770408164,
    0.10257095025510204,
    0.10463966836734694,
    0.10742586096938775,
    0.11230070153061225,
    0.11217315051020407,
    0.11851084183673469,
    0.12042410714285713,
    0.12729591836734694,
    0.1399792729591837,
    0.15476721938775512,
    0.1593391262755102,
    0.16759406887755104,
    0.17936862244897958,
    0.17672991071428573,
    0.1922871492346939,
    0.19811463647959185,
    0.19728954081632655,
    0.19483418367346939,
    0.20399792729591834,
    0.21006457270408166,
    0.22250079719387755,
    0.2234813456632653,
    0.2271484375,
    0.2253547512755102
  ],
  "test_accuracy": [
    0.0967,
    0.1,
    0.1,
    0.1,
    0.1,
    0.1,
    0.1,
    0.1,
    0.1,
    0.1,
    0.1,
    0.1,
    0.1,
    0.1,
    0.1,
    0.1,
    0.1002,
    0.1,
    0.1006,
    0.1002,
    0.10010000000000001,
    0.1006,
    0.101,
    0.1004,
    0.10110000000000001,
    0.10110000000000001,
    0.10490000000000002,
    0.10430000000000002,
    0.1082,
    0.11499999999999999,
    0.1099,
    0.12179999999999999,
    0.1216,
    0.1368,
    0.1444,
    0.1511,
    0.16670000000000001,
    0.17439999999999997,
    0.18109999999999998,
    0.1903,
    0.1953,
    0.1993,
    0.2048,
    0.2085,
    0.20190000000000002,
    0.22280000000000003,
    0.221,
    0.2293,
    0.2312,
    0.23020000000000002
  ]
}