{
  "setting": "setting_21",
  "train_accuracy": [
    0.10889546035805626,
    0.10190217391304347,
    0.13894661125319693,
    0.13261269181585678,
    0.13726822250639387,
    0.14264306265984655,
    0.14132432864450128,
    0.15047554347826086,
    0.15317295396419436,
    0.14639945652173914,
    0.1648817135549872,
    0.16925751278772377,
    0.17315377237851662,
    0.16797874040920716,
    0.18266464194373402,
    0.1753716432225064,
    0.1709758631713555,
    0.1804867327365729,
    0.1757512787723785,
    0.17579124040920716,
    0.18208519820971866,
    0.1804867327365729,
    0.17167519181585678,
    0.1671994884910486,
    0.17531170076726343,
    0.18656090153452684,
    0.19047714194373402,
    0.19461317135549872,
    0.1940537084398977,
    0.19139625959079284,
    0.18863890664961636,
    0.19365409207161124,
    0.19507273017902813,
    0.19051710358056265,
    0.19581202046035806,
    0.19319453324808183,
    0.19175591432225064,
    0.18921835038363172,
    0.18815936700767263,
    0.18452285805626598,
    0.18486253196930946,
    0.18366368286445012,
    0.18376358695652173,
    0.18324408567774936,
    0.1879395780051151,
    0.19111652813299232,
    0.18720028772378516,
    0.18698049872122763,
    0.18492247442455242,
    0.19161604859335038
  ],
  "test_accuracy": [
    0.1006,
    0.1337,
    0.1496,
    0.13130000000000003,
    0.1383,
    0.13390000000000002,
    0.157,
    0.1404,
    0.1622,
    0.16219999999999998,
    0.1635,
    0.18660000000000002,
    0.17880000000000001,
    0.1874,
    0.1755,
    0.1793,
    0.1809,
    0.1717,
    0.1863,
    0.1851,
    0.17919999999999997,
    0.18180000000000002,
    0.16899999999999998,
    0.1678,
    0.182,
    0.19790000000000002,
    0.1895,
    0.1905,
    0.1978,
    0.1854,
    0.1951,
    0.1912,
    0.19519999999999998,
    0.1965,
    0.19940000000000002,
    0.1978,
    0.2036,
    0.1938,
    0.18880000000000002,
    0.1819,
    0.18569999999999998,
    0.18780000000000002,
    0.1891,
    0.18719999999999998,
    0.1963,
    0.1878,
    0.1884,
    0.18419999999999997,
    0.19,
    0.19729999999999998
  ]
}