{
  "setting": "setting_11",
  "train_accuracy": [
    0.10959478900255755,
    0.10244165601023018,
    0.14308264066496162,
    0.13904651534526855,
    0.13822730179028134,
    0.1463794757033248,
    0.14432145140664962,
    0.15636988491048592,
    0.15213395140664962,
    0.15359255115089515,
    0.18098625319693096,
    0.1867806905370844,
    0.19223545396419436,
    0.16961716751918157,
    0.16949728260869565,
    0.1638826726342711,
    0.15964673913043478,
    0.17395300511508952,
    0.17211476982097187,
    0.16697969948849106,
    0.1800471547314578,
    0.17459239130434784,
    0.177269820971867,
    0.16737931585677748,
    0.17459239130434784,
    0.18532209079283887,
    0.18738011508951408,
    0.18674072890025575,
    0.18877877237851662,
    0.18626118925831203,
    0.18584159207161124,
    0.18963794757033248,
    0.1917958759590793,
    0.18536205242966752,
    0.1945132672634271,
    0.1969109654731458,
    0.1937939578005115,
    0.19139625959079284,
    0.19231537723785166,
    0.19185581841432225,
    0.1934143222506394,
    0.1914362212276215,
    0.19239530051150894,
    0.19119645140664962,
    0.1909167199488491,
    0.19769021739130435,
    0.19275495524296676,
    0.19317455242966752,
    0.1934143222506394,
    0.19677109974424553
  ],
  "test_accuracy": [
    0.1038,
    0.1336,
    0.1591,
    0.13240000000000002,
    0.14989999999999998,
    0.13360000000000002,
    0.15609999999999996,
    0.1462,
    0.1544,
    0.1749,
    0.17759999999999998,
    0.2056,
    0.1864,
    0.1702,
    0.1652,
    0.16770000000000002,
    0.1705,
    0.17309999999999998,
    0.1799,
    0.17479999999999998,
    0.178,
    0.1817,
    0.17889999999999998,
    0.172,
    0.18170000000000003,
    0.20180000000000003,
    0.2011,
    0.1958,
    0.184,
    0.1804,
    0.1907,
    0.1971,
    0.1928,
    0.1962,
    0.20139999999999997,
    0.2011,
    0.20059999999999997,
    0.199,
    0.19980000000000003,
    0.20270000000000002,
    0.1994,
    0.20420000000000002,
    0.1983,
    0.19219999999999998,
    0.2004,
    0.19680000000000003,
    0.1962,
    0.19820000000000002,
    0.20539999999999997,
    0.20390000000000003
  ]
}