{
  "setting": "setting_23",
  "train_accuracy": [
    0.10359933035714286,
    0.09994021045918368,
    0.10004384566326531,
    0.09995615433673469,
    0.09986846301020408,
    0.1,
    0.1,
    0.10017538265306122,
    0.10017538265306122,
    0.1,
    0.10013153698979592,
    0.10004384566326531,
    0.09986846301020408,
    0.10008769132653061,
    0.10017538265306122,
    0.10008769132653061,
    0.09991230867346938,
    0.1,
    0.09991230867346938,
    0.09982461734693877,
    0.10008769132653061,
    0.09995615433673469,
    0.10017538265306122,
    0.09991230867346938,
    0.1,
    0.10004384566326531,
    0.09982461734693877,
    0.10008769132653061,
    0.09987244897959183,
    0.1001953125,
    0.10008769132653061,
    0.10013153698979592,
    0.09997608418367346,
    0.10020328443877552,
    0.10021125637755102,
    0.10010363520408164,
    0.10015943877551022,
    0.10027901785714287,
    0.10052614795918367,
    0.100390625,
    0.10068160076530612,
    0.10111607142857143,
    0.10183354591836735,
    0.10237962372448979,
    0.10290577168367346,
    0.10381855867346938,
    0.10413743622448979,
    0.10412946428571429,
    0.10677614795918368,
    0.10776068239795919
  ],
  "test_accuracy": [
    0.1,
    0.1,
    0.1,
    0.1,
    0.1,
    0.1,
    0.1,
    0.1,
    0.1,
    0.1,
    0.1,
    0.1,
    0.1,
    0.1,
    0.1,
    0.1,
    0.1,
    0.1,
    0.1,
    0.1,
    0.1,
    0.1,
    0.1,
    0.1,
    0.1,
    0.1,
    0.1,
    0.1,
    0.0999,
    0.1,
    0.1,
    0.1,
    0.10010000000000001,
    0.0999,
    0.1002,
    0.10010000000000001,
    0.1008,
    0.10010000000000001,
    0.1006,
    0.1005,
    0.1015,
    0.1005,
    0.10330000000000002,
    0.10190000000000002,
    0.1044,
    0.10600000000000001,
    0.1022,
    0.10770000000000002,
    0.10850000000000001,
    0.1086
  ]
}