{
  "setting": "setting_9",
  "train_accuracy": [
    0.10010477405247814,
    0.09994153911564627,
    0.09997285744655005,
    0.09991022078474247,
    0.09996241800291544,
    0.09994153911564627,
    0.09993109967201165,
    0.09999373633381925,
    0.10007725188289603,
    0.10002505466472304,
    0.10008769132653061,
    0.09996241800291544,
    0.09999373633381925,
    0.09987890245383867,
    0.10000417577745384,
    0.09997285744655005,
    0.10002505466472304,
    0.10002505466472304,
    0.09996241800291544,
    0.09999373633381925,
    0.1001085702137998,
    0.09998329689018465,
    0.1001133154154519,
    0.10029553115889213,
    0.10056221149173955,
    0.10117908770651117,
    0.10115631073858115,
    0.10196774022108843,
    0.10300029610058309,
    0.10534442571671525,
    0.10397780764091351,
    0.10678696701895043,
    0.10997099732750241,
    0.11651747752672498,
    0.11849432853498543,
    0.11064766308309039,
    0.11015985635325559,
    0.1151546556122449,
    0.13049589255344995,
    0.14565016854956267,
    0.15996359481292516,
    0.16739932580174927,
    0.1764560176749271,
    0.17858661321671526,
    0.18038884080417883,
    0.18338021592565595,
    0.18532479956268222,
    0.18476012056608357,
    0.1890232097303207,
    0.18890742681000972
  ],
  "test_accuracy": [
    0.1,
    0.1,
    0.1,
    0.1,
    0.1,
    0.1,
    0.1,
    0.1,
    0.1,
    0.1,
    0.1,
    0.1,
    0.1,
    0.1,
    0.1,
    0.1,
    0.1,
    0.1,
    0.1,
    0.1,
    0.1,
    0.1,
    0.1008,
    0.1004,
    0.10110000000000001,
    0.1011,
    0.1018,
    0.1016,
    0.1044,
    0.10770000000000002,
    0.1038,
    0.1095,
    0.11539999999999999,
    0.1236,
    0.11700000000000002,
    0.11300000000000002,
    0.11070000000000002,
    0.11810000000000001,
    0.13670000000000004,
    0.154,
    0.1597,
    0.16579999999999998,
    0.1833,
    0.17709999999999998,
    0.17839999999999998,
    0.1847,
    0.183,
    0.19180000000000003,
    0.1899,
    0.1888
  ]
}