{
  "setting": "setting_10",
  "train_accuracy": [
    0.10458205982864843,
    0.09998841812668464,
    0.09994291791008857,
    0.10004219110993454,
    0.10002150919329995,
    0.10003391834328071,
    0.09997600897670389,
    0.10002150919329995,
    0.09998428174335772,
    0.09997187259337698,
    0.10003805472660762,
    0.10007941855987679,
    0.10002564557662688,
    0.10002150919329995,
    0.1000049636599923,
    0.1000049636599923,
    0.10002150919329995,
    0.10002150919329995,
    0.10000082727666539,
    0.10001737280997305,
    0.09998428174335772,
    0.09998841812668464,
    0.09995946344339622,
    0.09995532706006931,
    0.10003391834328071,
    0.1000049636599923,
    0.09999255451001154,
    0.09992223599345398,
    0.10006700940989603,
    0.09998841812668464,
    0.09991809961012708,
    0.09996773621005006,
    0.09997600897670389,
    0.0999801453600308,
    0.09994291791008857,
    0.09996359982672315,
    0.09992223599345398,
    0.1000301579948017,
    0.10015349742491336,
    0.1013519204851752,
    0.10570151557085097,
    0.1333145065219484,
    0.18169026159992296,
    0.19019203347612632,
    0.19225157633808243,
    0.1928020913554101,
    0.19684860235367732,
    0.19551067036484407,
    0.19504175490951098,
    0.1962082150077012
  ],
  "test_accuracy": [
    0.1,
    0.1,
    0.1,
    0.1,
    0.1,
    0.1,
    0.1,
    0.1,
    0.1,
    0.1,
    0.1,
    0.1,
    0.1,
    0.1,
    0.1,
    0.1,
    0.1,
    0.1,
    0.1,
    0.1,
    0.1,
    0.1,
    0.1,
    0.1,
    0.1,
    0.1,
    0.1,
    0.1,
    0.1,
    0.1,
    0.1,
    0.1,
    0.1,
    0.1,
    0.1,
    0.1,
    0.1,
    0.10030000000000001,
    0.10030000000000001,
    0.10230000000000002,
    0.1117,
    0.15889999999999999,
    0.1896,
    0.184,
    0.187,
    0.19380000000000003,
    0.19829999999999998,
    0.18460000000000001,
    0.2003,
    0.19590000000000002
  ]
}