{
  "setting": "setting_16",
  "train_accuracy": [
    0.10909526854219949,
    0.10222186700767263,
    0.1405450767263427,
    0.13535006393861893,
    0.1374880115089514,
    0.144840952685422,
    0.14344229539641945,
    0.1539122442455243,
    0.1530930306905371,
    0.15119485294117646,
    0.17327365728900257,
    0.18180546675191817,
    0.18030690537084398,
    0.1699968030690537,
    0.17796914961636828,
    0.1688179347826087,
    0.16420236572890026,
    0.17998721227621484,
    0.17926790281329924,
    0.17343350383631714,
    0.18322410485933505,
    0.18098625319693096,
    0.17820891943734016,
    0.17207480818414322,
    0.17647058823529413,
    0.18746003836317135,
    0.1937739769820972,
    0.19573209718670076,
    0.19373401534526855,
    0.19419357416879796,
    0.19653132992327366,
    0.1988091432225064,
    0.2011468989769821,
    0.1905570652173913,
    0.19932864450127877,
    0.19735054347826086,
    0.1952925191815857,
    0.19499280690537085,
    0.1954124040920716,
    0.19349424552429667,
    0.19331441815856779,
    0.1894781010230179,
    0.1922554347826087,
    0.18889865728900257,
    0.1913562979539642,
    0.19876918158567775,
    0.19525255754475704,
    0.1925351662404092,
    0.1977501598465473,
    0.1987292199488491
  ],
  "test_accuracy": [
    0.10190000000000002,
    0.1359,
    0.1535,
    0.13290000000000002,
    0.142,
    0.1325,
    0.1512,
    0.1441,
    0.16010000000000002,
    0.1722,
    0.1699,
    0.1939,
    0.1868,
    0.1869,
    0.17289999999999997,
    0.1684,
    0.17739999999999997,
    0.177,
    0.18860000000000002,
    0.1827,
    0.1796,
    0.1854,
    0.18,
    0.17629999999999998,
    0.1809,
    0.20059999999999997,
    0.20070000000000002,
    0.19540000000000002,
    0.19970000000000002,
    0.1891,
    0.1965,
    0.19760000000000003,
    0.1944,
    0.19680000000000003,
    0.198,
    0.20620000000000002,
    0.20259999999999997,
    0.19780000000000003,
    0.195,
    0.19349999999999998,
    0.193,
    0.19569999999999999,
    0.1911,
    0.1908,
    0.2049,
    0.2012,
    0.1998,
    0.19449999999999998,
    0.1952,
    0.2011
  ]
}