{
  "setting": "setting_18",
  "train_accuracy": [
    0.10336017219387755,
    0.09994021045918368,
    0.10004384566326531,
    0.09995615433673469,
    0.09986846301020408,
    0.1,
    0.1,
    0.10017538265306122,
    0.10017538265306122,
    0.1,
    0.10013153698979592,
    0.10004384566326531,
    0.09986846301020408,
    0.10008769132653061,
    0.10017538265306122,
    0.10008769132653061,
    0.09991230867346938,
    0.1,
    0.09991230867346938,
    0.09982461734693877,
    0.10008769132653061,
    0.09995615433673469,
    0.10017538265306122,
    0.09991230867346938,
    0.1,
    0.10004384566326531,
    0.09982461734693877,
    0.10010762117346939,
    0.09995216836734694,
    0.1001953125,
    0.10036670918367346,
    0.10045041454081632,
    0.10073341836734694,
    0.1008609693877551,
    0.10112802933673469,
    0.10133928571428572,
    0.10125558035714287,
    0.10155054209183673,
    0.10182557397959183,
    0.10282206632653061,
    0.10528539540816327,
    0.10697544642857143,
    0.10885682397959184,
    0.11288663903061225,
    0.11623086734693877,
    0.11731505102040815,
    0.11916454081632653,
    0.11975845025510204,
    0.1272839604591837,
    0.1323860012755102
  ],
  "test_accuracy": [
    0.1,
    0.1,
    0.1,
    0.1,
    0.1,
    0.1,
    0.1,
    0.1,
    0.1,
    0.1,
    0.1,
    0.1,
    0.1,
    0.1,
    0.1,
    0.1,
    0.1,
    0.1,
    0.1,
    0.1,
    0.1,
    0.1,
    0.1,
    0.1,
    0.1,
    0.1,
    0.1,
    0.1,
    0.10010000000000001,
    0.1,
    0.1008,
    0.1006,
    0.10130000000000002,
    0.1004,
    0.101,
    0.1022,
    0.10190000000000002,
    0.1022,
    0.1018,
    0.10500000000000001,
    0.10750000000000001,
    0.10640000000000001,
    0.1127,
    0.1111,
    0.1186,
    0.1197,
    0.1167,
    0.12290000000000001,
    0.13600000000000004,
    0.1316
  ]
}