{
  "setting": "setting_26",
  "train_accuracy": [
    0.10755674552429667,
    0.10773657289002557,
    0.13367167519181586,
    0.11886588874680307,
    0.13750799232736574,
    0.13796755115089515,
    0.12909606777493607,
    0.13964593989769822,
    0.1285765664961637,
    0.13708839514066495,
    0.1530131074168798,
    0.1359694693094629,
    0.14274296675191817,
    0.1526734335038363,
    0.15403212915601022,
    0.15806825447570333,
    0.15389226342711,
    0.15021579283887468,
    0.1479779411764706,
    0.14532049232736574,
    0.1632632672634271,
    0.1562300191815857,
    0.15089514066496162,
    0.15135469948849106,
    0.15053548593350383,
    0.15181425831202047,
    0.1558104219948849,
    0.15836796675191817,
    0.15890744884910485,
    0.1581481777493606,
    0.1646019820971867,
    0.16548113810741688,
    0.16538123401534527,
    0.1617447250639386,
    0.15968670076726343,
    0.1680187020460358,
    0.1745524296675192,
    0.1649616368286445,
    0.16484175191815856,
    0.16548113810741688,
    0.16911764705882354,
    0.17111572890025575,
    0.16632033248081843,
    0.15978660485933505,
    0.16096547314578005,
    0.16220428388746802,
    0.16148497442455242,
    0.15609015345268543,
    0.1612651854219949,
    0.1591272378516624
  ],
  "test_accuracy": [
    0.1036,
    0.13169999999999998,
    0.13979999999999998,
    0.1343,
    0.12800000000000003,
    0.1469,
    0.145,
    0.1304,
    0.1441,
    0.1385,
    0.1467,
    0.14340000000000003,
    0.15889999999999999,
    0.15439999999999998,
    0.1522,
    0.1528,
    0.1576,
    0.1457,
    0.14679999999999999,
    0.15399999999999997,
    0.16160000000000002,
    0.1558,
    0.1488,
    0.1456,
    0.149,
    0.1593,
    0.1658,
    0.1639,
    0.14520000000000002,
    0.15510000000000002,
    0.156,
    0.16619999999999996,
    0.16419999999999998,
    0.15929999999999997,
    0.1638,
    0.1749,
    0.17429999999999998,
    0.1668,
    0.1555,
    0.16449999999999998,
    0.17319999999999997,
    0.16149999999999998,
    0.1686,
    0.16379999999999997,
    0.1722,
    0.1577,
    0.1609,
    0.15650000000000003,
    0.1678,
    0.1581
  ]
}