{
  "setting": "setting_27",
  "train_accuracy": [
    0.10099504475703326,
    0.10003996163682864,
    0.10002397698209718,
    0.10002397698209718,
    0.10001198849104859,
    0.10001198849104859,
    0.10003596547314579,
    0.09996403452685422,
    0.1,
    0.10008391943734016,
    0.09996403452685422,
    0.10001198849104859,
    0.09992806905370843,
    0.0999880115089514,
    0.10002397698209718,
    0.09996403452685422,
    0.09997602301790282,
    0.1,
    0.09995204603580563,
    0.1,
    0.10003596547314579,
    0.10004795396419437,
    0.1,
    0.10003596547314579,
    0.0999880115089514,
    0.1,
    0.1,
    0.10004795396419437,
    0.10001198849104859,
    0.10003596547314579,
    0.10000799232736572,
    0.09996403452685422,
    0.10003596547314579,
    0.09999200767263426,
    0.10000399616368287,
    0.1002237851662404,
    0.10017583120204604,
    0.10018781969309462,
    0.1003156969309463,
    0.1001798273657289,
    0.1006753516624041,
    0.1010230179028133,
    0.10115489130434784,
    0.10178228900255755,
    0.10280131074168798,
    0.10317295396419437,
    0.10238171355498721,
    0.10199408567774937,
    0.10338475063938618,
    0.10527093989769822
  ],
  "test_accuracy": [
    0.10010000000000001,
    0.1,
    0.1,
    0.1,
    0.1,
    0.1,
    0.1,
    0.1,
    0.1,
    0.1,
    0.1,
    0.1,
    0.1,
    0.1,
    0.1,
    0.1,
    0.1,
    0.1,
    0.1,
    0.1,
    0.1,
    0.1,
    0.1,
    0.1,
    0.1,
    0.1,
    0.1,
    0.1,
    0.1,
    0.10010000000000001,
    0.10010000000000001,
    0.1,
    0.1,
    0.1002,
    0.1,
    0.1002,
    0.10010000000000001,
    0.1005,
    0.1005,
    0.10030000000000001,
    0.1015,
    0.1018,
    0.1012,
    0.10200000000000001,
    0.1026,
    0.10290000000000002,
    0.1034,
    0.10300000000000001,
    0.1069,
    0.10550000000000001
  ]
}