{
  "setting": "setting_4",
  "train_accuracy": [
    0.10615205903790088,
    0.09999373633381925,
    0.10002505466472304,
    0.09999373633381925,
    0.10006681243926141,
    0.09997285744655005,
    0.09995197855928085,
    0.09995197855928085,
    0.09999373633381925,
    0.09995197855928085,
    0.09997285744655005,
    0.09999373633381925,
    0.10005637299562682,
    0.09992066022837706,
    0.09995197855928085,
    0.10003549410835763,
    0.10005637299562682,
    0.10001461522108843,
    0.09995197855928085,
    0.09991022078474247,
    0.10006586339893099,
    0.10004498451166181,
    0.10001461522108843,
    0.09993109967201165,
    0.09996241800291544,
    0.09995102951895043,
    0.09999848153547132,
    0.1001825953595724,
    0.10012375485908649,
    0.10032969661078717,
    0.10027560131195336,
    0.10066470784742468,
    0.10058403941933916,
    0.10059447886297376,
    0.10032684948979592,
    0.10065142128279884,
    0.10096745171282798,
    0.10189940931729834,
    0.10247262967687075,
    0.10276588313896987,
    0.10346152970116619,
    0.10532354682944606,
    0.10662278304178814,
    0.11053947248542274,
    0.11085645195578231,
    0.11267196610787172,
    0.11343214741253645,
    0.11689139941690961,
    0.12358498086734694,
    0.1575501852526725
  ],
  "test_accuracy": [
    0.1,
    0.1,
    0.1,
    0.1,
    0.1,
    0.1,
    0.1,
    0.1,
    0.1,
    0.1,
    0.1,
    0.1,
    0.1,
    0.1,
    0.1,
    0.1,
    0.1,
    0.1,
    0.1,
    0.1,
    0.1,
    0.10010000000000001,
    0.10010000000000001,
    0.1,
    0.1,
    0.1,
    0.1,
    0.1002,
    0.10010000000000001,
    0.1002,
    0.10010000000000001,
    0.10090000000000002,
    0.1016,
    0.10030000000000001,
    0.10010000000000001,
    0.10090000000000002,
    0.1016,
    0.10250000000000001,
    0.10300000000000001,
    0.10300000000000001,
    0.1055,
    0.1079,
    0.1095,
    0.11000000000000001,
    0.1101,
    0.11379999999999998,
    0.11280000000000001,
    0.1157,
    0.14890000000000003,
    0.1628
  ]
}