{
  "setting": "setting_5",
  "train_accuracy": [
    0.10468170906334232,
    0.09998841812668464,
    0.09994291791008857,
    0.10004219110993454,
    0.10002150919329995,
    0.10003391834328071,
    0.09997600897670389,
    0.10002150919329995,
    0.09998428174335772,
    0.09997187259337698,
    0.10003805472660762,
    0.10007941855987679,
    0.10002564557662688,
    0.10002150919329995,
    0.1000049636599923,
    0.1000049636599923,
    0.10002150919329995,
    0.10002150919329995,
    0.10000082727666539,
    0.10001737280997305,
    0.09998428174335772,
    0.09998841812668464,
    0.09995946344339622,
    0.09995532706006931,
    0.10003391834328071,
    0.1000049636599923,
    0.09999255451001154,
    0.09992223599345398,
    0.10006700940989603,
    0.09998841812668464,
    0.09991809961012708,
    0.09996773621005006,
    0.09997600897670389,
    0.0999801453600308,
    0.09996284775702734,
    0.10032647345494801,
    0.10174412483153639,
    0.11072797338274933,
    0.12701517074990373,
    0.14140038385637274,
    0.15069671736619175,
    0.18345160882749326,
    0.1946521828070851,
    0.19793872737774357,
    0.19725547205910665,
    0.20396506185021177,
    0.2027519734308818,
    0.20208263140161725,
    0.20329421568155562,
    0.20245866624951867
  ],
  "test_accuracy": [
    0.1,
    0.1,
    0.1,
    0.1,
    0.1,
    0.1,
    0.1,
    0.1,
    0.1,
    0.1,
    0.1,
    0.1,
    0.1,
    0.1,
    0.1,
    0.1,
    0.1,
    0.1,
    0.1,
    0.1,
    0.1,
    0.1,
    0.1,
    0.1,
    0.1,
    0.1,
    0.1,
    0.1,
    0.1,
    0.1,
    0.1,
    0.1,
    0.1,
    0.1,
    0.1,
    0.10010000000000001,
    0.10200000000000001,
    0.12569999999999998,
    0.1278,
    0.1417,
    0.1581,
    0.1951,
    0.19039999999999999,
    0.19920000000000002,
    0.2043,
    0.20299999999999999,
    0.2077,
    0.19690000000000002,
    0.20379999999999998,
    0.19440000000000002
  ]
}