{
  "setting": "setting_28",
  "train_accuracy": [
    0.10162627551020408,
    0.09998007015306123,
    0.10004384566326531,
    0.09995615433673469,
    0.09986846301020408,
    0.1,
    0.1,
    0.10017538265306122,
    0.10017538265306122,
    0.1,
    0.10013153698979592,
    0.10004384566326531,
    0.09986846301020408,
    0.10008769132653061,
    0.10017538265306122,
    0.10008769132653061,
    0.09991230867346938,
    0.1,
    0.09991230867346938,
    0.09982461734693877,
    0.10008769132653061,
    0.09995615433673469,
    0.10017538265306122,
    0.09991230867346938,
    0.1,
    0.10004384566326531,
    0.09982461734693877,
    0.10008769132653061,
    0.09991230867346938,
    0.10017538265306122,
    0.10008769132653061,
    0.10013153698979592,
    0.09995615433673469,
    0.10004384566326531,
    0.10013153698979592,
    0.10004384566326531,
    0.1,
    0.10017538265306122,
    0.10030691964285714,
    0.10008769132653061,
    0.09984454719387756,
    0.09998007015306123,
    0.10001992984693878,
    0.10008769132653061,
    0.10021524234693877,
    0.10007174744897959,
    0.10029097576530611,
    0.10000398596938775,
    0.09991629464285713,
    0.10012755102040816
  ],
  "test_accuracy": [
    0.1,
    0.1,
    0.1,
    0.1,
    0.1,
    0.1,
    0.1,
    0.1,
    0.1,
    0.1,
    0.1,
    0.1,
    0.1,
    0.1,
    0.1,
    0.1,
    0.1,
    0.1,
    0.1,
    0.1,
    0.1,
    0.1,
    0.1,
    0.1,
    0.1,
    0.1,
    0.1,
    0.1,
    0.1,
    0.1,
    0.1,
    0.1,
    0.1,
    0.1,
    0.1,
    0.1,
    0.1,
    0.1,
    0.1,
    0.1,
    0.1,
    0.1,
    0.1,
    0.10010000000000001,
    0.10010000000000001,
    0.1,
    0.0997,
    0.10030000000000001,
    0.0998,
    0.10010000000000001
  ]
}