{
  "setting": "setting_19",
  "train_accuracy": [
    0.10298321337463558,
    0.09999373633381925,
    0.10002505466472304,
    0.09999373633381925,
    0.10006681243926141,
    0.09997285744655005,
    0.09995197855928085,
    0.09995197855928085,
    0.09999373633381925,
    0.09995197855928085,
    0.09997285744655005,
    0.09999373633381925,
    0.10005637299562682,
    0.09992066022837706,
    0.09995197855928085,
    0.10003549410835763,
    0.10005637299562682,
    0.10001461522108843,
    0.09995197855928085,
    0.09991022078474247,
    0.10004593355199222,
    0.10002505466472304,
    0.10001461522108843,
    0.09993109967201165,
    0.09996241800291544,
    0.09993109967201165,
    0.09986846301020408,
    0.09998329689018465,
    0.10000417577745384,
    0.10015032798833819,
    0.10005637299562682,
    0.10006681243926141,
    0.10004593355199222,
    0.10005637299562682,
    0.10008769132653061,
    0.09999373633381925,
    0.09990073038143829,
    0.10007535380223517,
    0.09998044976919339,
    0.10017500303692906,
    0.10025187530369291,
    0.1001512770286686,
    0.10041036503887268,
    0.10131195335276968,
    0.10150650662050534,
    0.10195919885811466,
    0.10109367407677357,
    0.10189086795432459,
    0.10329449860301262,
    0.11407559675655977
  ],
  "test_accuracy": [
    0.1,
    0.1,
    0.1,
    0.1,
    0.1,
    0.1,
    0.1,
    0.1,
    0.1,
    0.1,
    0.1,
    0.1,
    0.1,
    0.1,
    0.1,
    0.1,
    0.1,
    0.1,
    0.1,
    0.1,
    0.1,
    0.1,
    0.1,
    0.1,
    0.1,
    0.1,
    0.1,
    0.1,
    0.1,
    0.1,
    0.1,
    0.1,
    0.1,
    0.1,
    0.1,
    0.1,
    0.1,
    0.10010000000000001,
    0.10010000000000001,
    0.1002,
    0.1005,
    0.1005,
    0.10110000000000001,
    0.1012,
    0.10170000000000001,
    0.10230000000000002,
    0.10110000000000001,
    0.10170000000000001,
    0.10690000000000002,
    0.1244
  ]
}