{
  "setting": "setting_17",
  "train_accuracy": [
    0.10423193734015346,
    0.10011988491048594,
    0.10002397698209718,
    0.10002397698209718,
    0.10001198849104859,
    0.10001198849104859,
    0.10003596547314579,
    0.09996403452685422,
    0.1,
    0.10008391943734016,
    0.09996403452685422,
    0.10001198849104859,
    0.09992806905370843,
    0.0999880115089514,
    0.10004395780051151,
    0.09996403452685422,
    0.09997602301790282,
    0.1,
    0.10005195012787724,
    0.10009990409207162,
    0.10007592710997443,
    0.10034766624040921,
    0.1007193094629156,
    0.10061540920716114,
    0.10152653452685421,
    0.1031369884910486,
    0.10419597186700767,
    0.10588235294117647,
    0.1065856777493606,
    0.10623001918158569,
    0.1085997442455243,
    0.11060581841432225,
    0.11387468030690537,
    0.11789082480818414,
    0.11855818414322251,
    0.11869005754475703,
    0.12448449488491048,
    0.13075847186700768,
    0.13981377877237852,
    0.14536045396419436,
    0.15318494245524297,
    0.16357496803069055,
    0.17004475703324806,
    0.18149376598465472,
    0.18968989769820974,
    0.2041120524296675,
    0.2098345588235294,
    0.21076166879795397,
    0.2099264705882353,
    0.2118606138107417
  ],
  "test_accuracy": [
    0.10390000000000002,
    0.1,
    0.1,
    0.1,
    0.1,
    0.1,
    0.1,
    0.1,
    0.1,
    0.1,
    0.1,
    0.1,
    0.1,
    0.1,
    0.1,
    0.1,
    0.1,
    0.1,
    0.10030000000000001,
    0.10010000000000001,
    0.1,
    0.10130000000000002,
    0.1004,
    0.1004,
    0.10370000000000001,
    0.10330000000000002,
    0.1083,
    0.10510000000000001,
    0.10669999999999999,
    0.1056,
    0.1132,
    0.10930000000000002,
    0.11879999999999999,
    0.11940000000000002,
    0.1179,
    0.1227,
    0.1226,
    0.1359,
    0.1393,
    0.1517,
    0.1577,
    0.1722,
    0.16619999999999996,
    0.18309999999999998,
    0.1958,
    0.1994,
    0.2064,
    0.203,
    0.20020000000000002,
    0.2142
  ]
}