{
  "setting": "setting_8",
  "train_accuracy": [
    0.09790736607142858,
    0.09994021045918368,
    0.10004384566326531,
    0.09991230867346938,
    0.10008769132653061,
    0.10008769132653061,
    0.09995615433673469,
    0.09986846301020408,
    0.1,
    0.10026307397959185,
    0.09991230867346938,
    0.10004384566326531,
    0.09995615433673469,
    0.09986846301020408,
    0.10008769132653061,
    0.09991230867346938,
    0.10001195790816327,
    0.10005580357142857,
    0.10028300382653062,
    0.10051817602040818,
    0.10000797193877552,
    0.10041055484693877,
    0.10153858418367347,
    0.10216438137755102,
    0.1026187818877551,
    0.10327248086734694,
    0.10456792091836735,
    0.10537707270408163,
    0.10686782525510204,
    0.1113639987244898,
    0.10927933673469388,
    0.11357222576530612,
    0.11497927295918367,
    0.12173947704081632,
    0.1309470663265306,
    0.14630102040816326,
    0.14798708545918365,
    0.15153061224489794,
    0.1616828762755102,
    0.15255102040816326,
    0.16488360969387755,
    0.17372050382653062,
    0.17284757653061222,
    0.1746173469387755,
    0.19285315688775512,
    0.2059749681122449,
    0.2162468112244898,
    0.21628667091836734,
    0.21658960459183674,
    0.21334502551020407
  ],
  "test_accuracy": [
    0.09809999999999999,
    0.1,
    0.1,
    0.1,
    0.1,
    0.1,
    0.1,
    0.1,
    0.1,
    0.1,
    0.1,
    0.1,
    0.1,
    0.1,
    0.1,
    0.1,
    0.1,
    0.1,
    0.1006,
    0.10030000000000001,
    0.10030000000000001,
    0.10030000000000001,
    0.1026,
    0.1014,
    0.1032,
    0.10390000000000002,
    0.10629999999999999,
    0.10430000000000002,
    0.1091,
    0.11140000000000001,
    0.1075,
    0.11640000000000002,
    0.11580000000000001,
    0.12889999999999996,
    0.13820000000000002,
    0.14329999999999998,
    0.15639999999999998,
    0.1583,
    0.16319999999999998,
    0.16209999999999997,
    0.16679999999999998,
    0.178,
    0.1769,
    0.1872,
    0.1982,
    0.2117,
    0.21459999999999999,
    0.2226,
    0.2234,
    0.2164
  ]
}