{
  "setting": "setting_12",
  "train_accuracy": [
    0.10513107416879797,
    0.10027973145780052,
    0.10004395780051151,
    0.10002397698209718,
    0.10001198849104859,
    0.10001198849104859,
    0.10003596547314579,
    0.09996403452685422,
    0.1,
    0.10008391943734016,
    0.09996403452685422,
    0.10001198849104859,
    0.09992806905370843,
    0.0999880115089514,
    0.10002397698209718,
    0.09996403452685422,
    0.09997602301790282,
    0.1,
    0.09997202685421994,
    0.10007992327365729,
    0.10011588874680308,
    0.10026774296675191,
    0.10051950127877238,
    0.1003156969309463,
    0.10156649616368287,
    0.10277733375959079,
    0.10341671994884911,
    0.10482336956521739,
    0.10512707800511509,
    0.10491128516624042,
    0.10774056905370843,
    0.11001438618925831,
    0.11217631074168798,
    0.11405850383631713,
    0.11413043478260869,
    0.11690776854219949,
    0.12026054987212277,
    0.12682225063938618,
    0.13419916879795396,
    0.1403532608695652,
    0.1505834398976982,
    0.15849184782608694,
    0.16599264705882355,
    0.1748641304347826,
    0.18191735933503836,
    0.1959279092071611,
    0.20057944373401534,
    0.20762867647058822,
    0.20867167519181587,
    0.20937100383631715
  ],
  "test_accuracy": [
    0.10600000000000001,
    0.1,
    0.1,
    0.1,
    0.1,
    0.1,
    0.1,
    0.1,
    0.1,
    0.1,
    0.1,
    0.1,
    0.1,
    0.1,
    0.1,
    0.1,
    0.1,
    0.1,
    0.1004,
    0.1,
    0.1002,
    0.1006,
    0.1002,
    0.1002,
    0.1032,
    0.1024,
    0.1049,
    0.10470000000000002,
    0.1056,
    0.10410000000000001,
    0.10999999999999999,
    0.10880000000000001,
    0.11300000000000002,
    0.11710000000000001,
    0.1165,
    0.11960000000000001,
    0.11560000000000001,
    0.1326,
    0.13520000000000001,
    0.14229999999999998,
    0.151,
    0.1627,
    0.1673,
    0.1755,
    0.1871,
    0.1918,
    0.19390000000000002,
    0.2043,
    0.20339999999999997,
    0.21760000000000002
  ]
}