{
  "setting": "setting_9",
  "train_accuracy": [
    0.10523148991739553,
    0.10610555606171039,
    0.09287783193634597,
    0.1074588875728863,
    0.1332376700680272,
    0.14742677204810498,
    0.1308166681851312,
    0.12987522017735667,
    0.15174490555150633,
    0.14964847546161322,
    0.1737151892006803,
    0.1781016536078717,
    0.17666006134596696,
    0.16827339194606414,
    0.18759775115403304,
    0.1935226099368319,
    0.19712421799076774,
    0.19154765700923226,
    0.20159894314868804,
    0.19221103620019436,
    0.18152674016034984,
    0.19380827107628765,
    0.1965329658649174,
    0.1929607780612245,
    0.19686418094023325,
    0.20899861060495628,
    0.20425151087220603,
    0.21210956480806606,
    0.21454385325558797,
    0.22046681395772594,
    0.21635841836734693,
    0.2189037445335277,
    0.21983760021865892,
    0.22685575346209913,
    0.23041939990281826,
    0.23405612244897958,
    0.24079810495626822,
    0.2397038614552964,
    0.23729994229834792,
    0.23948083697764821,
    0.2340826955782313,
    0.23191698554421766,
    0.23750968021137026,
    0.24084176081146746,
    0.23885731748056366,
    0.23980066356899904,
    0.23644675504130225,
    0.2359561011904762,
    0.2384463830174927,
    0.2367523460276968
  ],
  "test_accuracy": [
    0.1018,
    0.10130000000000002,
    0.1028,
    0.11080000000000001,
    0.1358,
    0.152,
    0.0968,
    0.14730000000000001,
    0.1381,
    0.16050000000000003,
    0.15710000000000002,
    0.1852,
    0.17729999999999996,
    0.1767,
    0.18309999999999998,
    0.2083,
    0.1985,
    0.20020000000000002,
    0.2109,
    0.1705,
    0.1975,
    0.17449999999999996,
    0.1915,
    0.177,
    0.21070000000000003,
    0.1925,
    0.2042,
    0.22610000000000002,
    0.22729999999999997,
    0.2217,
    0.2209,
    0.2133,
    0.23189999999999994,
    0.2383,
    0.23360000000000003,
    0.2372,
    0.2496,
    0.23759999999999998,
    0.24159999999999998,
    0.2363,
    0.24169999999999997,
    0.2487,
    0.24169999999999997,
    0.2518,
    0.24509999999999996,
    0.2435,
    0.24589999999999995,
    0.2454,
    0.23760000000000003,
    0.2434
  ]
}