{
  "setting": "setting_17",
  "train_accuracy": [
    0.09078484654731458,
    0.10541080562659848,
    0.12869245524296677,
    0.12406489769820972,
    0.1257752557544757,
    0.14228340792838876,
    0.14733855498721227,
    0.11383072250639387,
    0.12398097826086957,
    0.1423113810741688,
    0.13642503196930947,
    0.13964993606138107,
    0.13686460997442457,
    0.15244565217391304,
    0.16714753836317134,
    0.16906170076726343,
    0.16381873401534525,
    0.17237052429667518,
    0.1658168158567775,
    0.16003037084398977,
    0.15412004475703325,
    0.155394820971867,
    0.1610134271099744,
    0.14972826086956523,
    0.15185022378516624,
    0.16456601662404094,
    0.17058024296675192,
    0.16732736572890025,
    0.16506953324808182,
    0.1772818094629156,
    0.178684462915601,
    0.1683543797953964,
    0.16428628516624041,
    0.17190696930946292,
    0.1793957800511509,
    0.18498241687979539,
    0.1800671355498721,
    0.17573529411764707,
    0.17408487851662405,
    0.1707720588235294,
    0.1723025895140665,
    0.17776134910485933,
    0.1735174232736573,
    0.17927589514066494,
    0.1755274936061381,
    0.17953564578005116,
    0.18129795396419437,
    0.18692455242966755,
    0.18765984654731457,
    0.18961796675191817
  ],
  "test_accuracy": [
    0.07949999999999999,
    0.13320000000000004,
    0.10330000000000002,
    0.12999999999999998,
    0.1446,
    0.14210000000000003,
    0.13649999999999998,
    0.1099,
    0.14070000000000002,
    0.1411,
    0.1606,
    0.1438,
    0.1432,
    0.158,
    0.1713,
    0.1754,
    0.1713,
    0.17129999999999998,
    0.15810000000000002,
    0.1498,
    0.1556,
    0.1562,
    0.15789999999999998,
    0.1441,
    0.16419999999999996,
    0.16899999999999998,
    0.16909999999999997,
    0.1676,
    0.1725,
    0.1839,
    0.18519999999999998,
    0.1689,
    0.16609999999999997,
    0.17609999999999998,
    0.1803,
    0.18560000000000001,
    0.1806,
    0.17429999999999998,
    0.1718,
    0.1702,
    0.1782,
    0.1785,
    0.17129999999999998,
    0.1791,
    0.17619999999999997,
    0.1803,
    0.1911,
    0.1881,
    0.1915,
    0.182
  ]
}