{
  "setting": "setting_16",
  "train_accuracy": [
    0.10455962276214834,
    0.11776694373401535,
    0.12362132352941177,
    0.1179068094629156,
    0.1224824168797954,
    0.11025415601023018,
    0.09884510869565218,
    0.08853500639386189,
    0.0968869884910486,
    0.11021419437340153,
    0.1278772378516624,
    0.12953564578005114,
    0.12442055626598465,
    0.13798753196930946,
    0.15095508312020461,
    0.15728900255754474,
    0.16192455242966752,
    0.16632033248081843,
    0.15389226342711,
    0.13724824168797953,
    0.13143382352941177,
    0.14591991687979539,
    0.14262308184143221,
    0.15281329923273657,
    0.15531090153452684,
    0.15055546675191817,
    0.14548033887468031,
    0.15485134271099743,
    0.14871723145780052,
    0.15611013427109974,
    0.1574088874680307,
    0.16084558823529413,
    0.1611852621483376,
    0.1726742327365729,
    0.16102541560102301,
    0.15978660485933505,
    0.1624640345268542,
    0.1631633631713555,
    0.16713954603580564,
    0.17109574808184144,
    0.16713954603580564,
    0.165241368286445,
    0.16224424552429667,
    0.16474184782608695,
    0.16202445652173914,
    0.16380274936061381,
    0.15880754475703324,
    0.1581281969309463,
    0.16170476342711,
    0.16296355498721227
  ],
  "test_accuracy": [
    0.0939,
    0.1332,
    0.11810000000000001,
    0.13599999999999998,
    0.10850000000000001,
    0.1179,
    0.0762,
    0.09659999999999999,
    0.10469999999999999,
    0.11510000000000002,
    0.1479,
    0.1081,
    0.12910000000000002,
    0.1416,
    0.1463,
    0.1619,
    0.16849999999999998,
    0.1669,
    0.13830000000000003,
    0.12669999999999998,
    0.1383,
    0.1434,
    0.1479,
    0.1535,
    0.1515,
    0.15699999999999997,
    0.16019999999999998,
    0.1575,
    0.15739999999999998,
    0.1491,
    0.1629,
    0.1659,
    0.1749,
    0.181,
    0.1588,
    0.1669,
    0.1594,
    0.1688,
    0.17170000000000002,
    0.17379999999999998,
    0.16709999999999997,
    0.1631,
    0.1659,
    0.1692,
    0.17099999999999999,
    0.1711,
    0.1585,
    0.16299999999999998,
    0.16939999999999997,
    0.1731
  ]
}