{
  "setting": "setting_19",
  "train_accuracy": [
    0.10550101737123421,
    0.10233881499028183,
    0.0917124104105928,
    0.10399963556851313,
    0.12507592322643343,
    0.142780270590379,
    0.12324427538872691,
    0.11891000819970846,
    0.146155058005345,
    0.14252118258017493,
    0.16434531401846456,
    0.16110908649173955,
    0.166524310617104,
    0.15430067116132168,
    0.16941698554421766,
    0.17350924744897958,
    0.18975207270408162,
    0.18093548803449952,
    0.19219680059523808,
    0.17945593415937802,
    0.16554964619776483,
    0.17909909499514093,
    0.18099527757531583,
    0.179762474186103,
    0.18548423833819241,
    0.19616284013605442,
    0.19489966745626822,
    0.2006774249878523,
    0.20405221240281826,
    0.20794043063654033,
    0.20503731626579205,
    0.20437014091350827,
    0.20473077623906707,
    0.21115577927599613,
    0.21372483145043733,
    0.2172581086005831,
    0.22355499119290576,
    0.22082650024295433,
    0.22095367164723034,
    0.22014603832604468,
    0.21668109207968902,
    0.21695251761418852,
    0.22539897655490768,
    0.2276519982993197,
    0.2208094175170068,
    0.2247318012026239,
    0.2209707543731778,
    0.22081226463799805,
    0.22107609784985424,
    0.22021816539115646
  ],
  "test_accuracy": [
    0.1012,
    0.10010000000000001,
    0.1066,
    0.0991,
    0.12639999999999998,
    0.14629999999999999,
    0.0895,
    0.14010000000000003,
    0.1389,
    0.1451,
    0.1444,
    0.1712,
    0.16859999999999997,
    0.14850000000000002,
    0.16499999999999998,
    0.1877,
    0.1909,
    0.1885,
    0.1974,
    0.1553,
    0.17880000000000001,
    0.16060000000000002,
    0.1777,
    0.17009999999999997,
    0.1957,
    0.1873,
    0.1891,
    0.2171,
    0.21960000000000002,
    0.2042,
    0.2123,
    0.20140000000000002,
    0.2202,
    0.22060000000000005,
    0.21870000000000003,
    0.221,
    0.23069999999999996,
    0.22340000000000004,
    0.22010000000000002,
    0.21610000000000001,
    0.22849999999999998,
    0.231,
    0.22859999999999997,
    0.2323,
    0.2334,
    0.22479999999999997,
    0.22790000000000005,
    0.22610000000000002,
    0.22240000000000001,
    0.2243
  ]
}