{
  "setting": "setting_20",
  "train_accuracy": [
    0.10717293993068924,
    0.10482121799191374,
    0.09393463311031959,
    0.10963784835868311,
    0.10633739049865229,
    0.12779581909414708,
    0.13129294317963036,
    0.1159221427368117,
    0.12715054329514824,
    0.13965558216211013,
    0.14850330609838275,
    0.1515544528542549,
    0.14716838238833269,
    0.15894729796399693,
    0.160076154577397,
    0.15700018952156336,
    0.1557698034992299,
    0.13513489122063918,
    0.16785706765017328,
    0.14878834051309203,
    0.16350484032056217,
    0.18116418884770888,
    0.1790538812812861,
    0.17742978677319982,
    0.18598194731902196,
    0.1937549636599923,
    0.19456607082691568,
    0.20062549636599922,
    0.1832301243020793,
    0.1975029029890258,
    0.19957071861763573,
    0.195678757941856,
    0.20253612942818636,
    0.2065063053523296,
    0.21865486318348093,
    0.22021427969772817,
    0.22675954226030035,
    0.21787797518771662,
    0.21553038963226798,
    0.20456671760685408,
    0.21308691519060455,
    0.2176429534077782,
    0.21558905106854062,
    0.22068695550154022,
    0.2232917488929534,
    0.22837385986234116,
    0.23584003176742396,
    0.2311001125096265,
    0.2323970567000385,
    0.2344787856180208
  ],
  "test_accuracy": [
    0.0987,
    0.1318,
    0.0977,
    0.1016,
    0.10229999999999999,
    0.15539999999999995,
    0.10870000000000002,
    0.0938,
    0.1226,
    0.1255,
    0.1683,
    0.15059999999999998,
    0.1456,
    0.16499999999999998,
    0.1577,
    0.15650000000000003,
    0.1405,
    0.1447,
    0.1547,
    0.1467,
    0.174,
    0.1747,
    0.17989999999999998,
    0.17029999999999998,
    0.19649999999999998,
    0.1937,
    0.1951,
    0.1927,
    0.18480000000000002,
    0.18639999999999998,
    0.20379999999999998,
    0.19190000000000002,
    0.2052,
    0.20709999999999998,
    0.2189,
    0.22759999999999997,
    0.21810000000000002,
    0.21830000000000002,
    0.20280000000000004,
    0.19729999999999998,
    0.21069999999999997,
    0.20790000000000003,
    0.2258,
    0.21060000000000004,
    0.2263,
    0.22830000000000003,
    0.23359999999999997,
    0.22519999999999998,
    0.2373,
    0.23369999999999996
  ]
}