{
  "setting": "setting_13",
  "train_accuracy": [
    0.10442841198979592,
    0.12065927933673469,
    0.08968032525510204,
    0.09829799107142857,
    0.11171077806122448,
    0.11483179209183673,
    0.11275111607142857,
    0.1382732780612245,
    0.15695551658163265,
    0.1685985331632653,
    0.1552295918367347,
    0.13254544005102042,
    0.14294882015306123,
    0.1467952806122449,
    0.15704320790816326,
    0.15691167091836733,
    0.15577566964285713,
    0.16109295280612246,
    0.1643654336734694,
    0.1686065051020408,
    0.1775908801020408,
    0.1846420599489796,
    0.18362165178571427,
    0.18163663903061222,
    0.1863002232142857,
    0.18323501275510204,
    0.18923389668367346,
    0.184000318877551,
    0.191796875,
    0.18200733418367346,
    0.1860889668367347,
    0.19817442602040816,
    0.19259406887755104,
    0.20203284438775512,
    0.20327248086734692,
    0.19013472576530613,
    0.19259008290816326,
    0.19361049107142858,
    0.18919005102040815,
    0.19155373086734692,
    0.19414461096938776,
    0.19387356505102038,
    0.19687898596938777,
    0.2012316645408163,
    0.20195711096938776,
    0.2055604272959184,
    0.20421715561224488,
    0.20651705994897962,
    0.21023995535714285,
    0.21137595663265307
  ],
  "test_accuracy": [
    0.09389999999999998,
    0.08719999999999999,
    0.0975,
    0.11779999999999999,
    0.12530000000000002,
    0.1153,
    0.1123,
    0.12290000000000001,
    0.1768,
    0.1617,
    0.1406,
    0.1517,
    0.1402,
    0.1586,
    0.1648,
    0.1628,
    0.1547,
    0.1665,
    0.17339999999999997,
    0.1706,
    0.18389999999999998,
    0.1927,
    0.18629999999999997,
    0.19129999999999997,
    0.1817,
    0.19590000000000002,
    0.1911,
    0.19980000000000003,
    0.19119999999999998,
    0.186,
    0.18650000000000003,
    0.2011,
    0.19890000000000002,
    0.2088,
    0.1961,
    0.1887,
    0.19660000000000002,
    0.1964,
    0.19,
    0.1934,
    0.1938,
    0.1931,
    0.19550000000000003,
    0.20470000000000002,
    0.2028,
    0.20020000000000002,
    0.21150000000000002,
    0.20660000000000003,
    0.2105,
    0.21600000000000003
  ]
}