{
  "setting": "setting_24",
  "train_accuracy": [
    0.10382691022837706,
    0.100256620505345,
    0.09092470693634597,
    0.10279435434888241,
    0.12117916362973762,
    0.14058608934645286,
    0.12157965864917396,
    0.1129785061345967,
    0.14383465439747328,
    0.13212539480077745,
    0.15343514637998057,
    0.1514516520894072,
    0.15835022625121478,
    0.14125231565840624,
    0.14990376731049562,
    0.15410801597424684,
    0.1740834168488824,
    0.16984120657191448,
    0.17980613004130225,
    0.15940271197764821,
    0.15331272017735667,
    0.16451519223760935,
    0.15899652271622935,
    0.1638072081511176,
    0.17445164449708453,
    0.17797638028425655,
    0.1791949480685131,
    0.18544817480563652,
    0.18758066842808552,
    0.1890763559888241,
    0.18424479166666666,
    0.1870492058430515,
    0.19088427781827014,
    0.19835227617832846,
    0.1983646137026239,
    0.1927443968658892,
    0.19846141581632654,
    0.19975211066569484,
    0.19764619017249757,
    0.19674744897959184,
    0.19296552326287658,
    0.20540554391399415,
    0.21034055363216714,
    0.21177550261175898,
    0.2092225841229349,
    0.20525179938046648,
    0.20596357962827988,
    0.20464536260932945,
    0.20858008381924198,
    0.20846809706025268
  ],
  "test_accuracy": [
    0.1008,
    0.10010000000000001,
    0.1083,
    0.0954,
    0.12309999999999999,
    0.14179999999999998,
    0.08549999999999999,
    0.13599999999999998,
    0.137,
    0.1263,
    0.13999999999999999,
    0.1634,
    0.15760000000000002,
    0.13269999999999998,
    0.1463,
    0.15969999999999998,
    0.1756,
    0.1788,
    0.17880000000000001,
    0.1374,
    0.1644,
    0.1486,
    0.1554,
    0.1496,
    0.1804,
    0.17289999999999997,
    0.177,
    0.1878,
    0.1977,
    0.18209999999999998,
    0.1898,
    0.1924,
    0.20190000000000002,
    0.2082,
    0.20299999999999999,
    0.19480000000000003,
    0.20929999999999999,
    0.20990000000000003,
    0.1938,
    0.1904,
    0.20950000000000002,
    0.22080000000000002,
    0.2172,
    0.20820000000000002,
    0.21189999999999998,
    0.21070000000000003,
    0.2118,
    0.2152,
    0.20750000000000002,
    0.21500000000000002
  ]
}