{
  "setting": "setting_25",
  "train_accuracy": [
    0.1056541351800154,
    0.10239804943203698,
    0.09320061308721601,
    0.10739893687427801,
    0.10359797663169042,
    0.12047254043126684,
    0.128349342390258,
    0.1121753315123219,
    0.1239177717077397,
    0.13794499963900653,
    0.14795279108105505,
    0.14745153662880245,
    0.14106646491143626,
    0.1577067590007701,
    0.15530577649691954,
    0.1483607888910281,
    0.14672842161628802,
    0.1177895317914902,
    0.15935717594820947,
    0.14126576338082403,
    0.15787635071717365,
    0.17562406743357722,
    0.1721581542404698,
    0.17169751155179053,
    0.18219866071428573,
    0.1899250487341163,
    0.1902488147381594,
    0.19466496799191377,
    0.18121645769156716,
    0.19390725777339238,
    0.19516321416538315,
    0.19017247966403542,
    0.19401292356565267,
    0.20116849068636888,
    0.20886028350019253,
    0.2077434600019253,
    0.21582256870908742,
    0.2091426856709665,
    0.20493034330477472,
    0.20061308721601848,
    0.20454302741143626,
    0.2102298024162495,
    0.2085869061657682,
    0.21058440327782058,
    0.21366976920485176,
    0.2205448143290335,
    0.22565287170292644,
    0.22066852979399307,
    0.222492298806315,
    0.22634327168367346
  ],
  "test_accuracy": [
    0.10149999999999999,
    0.12790000000000004,
    0.0959,
    0.1016,
    0.0962,
    0.1548,
    0.10690000000000002,
    0.0977,
    0.11950000000000001,
    0.12689999999999999,
    0.1626,
    0.1402,
    0.14639999999999997,
    0.16349999999999998,
    0.1507,
    0.1536,
    0.12679999999999997,
    0.1263,
    0.147,
    0.134,
    0.1709,
    0.1564,
    0.17859999999999998,
    0.1635,
    0.19160000000000002,
    0.18960000000000002,
    0.19,
    0.188,
    0.18,
    0.1835,
    0.1925,
    0.1867,
    0.2,
    0.20240000000000005,
    0.2091,
    0.2121,
    0.2084,
    0.2064,
    0.2051,
    0.1938,
    0.19610000000000002,
    0.20129999999999998,
    0.2072,
    0.20059999999999997,
    0.219,
    0.22000000000000003,
    0.21839999999999998,
    0.21600000000000003,
    0.22600000000000003,
    0.21750000000000003
  ]
}