{
  "setting": "setting_12",
  "train_accuracy": [
    0.09354219948849106,
    0.10573849104859336,
    0.1336996483375959,
    0.12864450127877236,
    0.13115808823529412,
    0.1468390345268542,
    0.15036365089514067,
    0.11658807544757033,
    0.12509191176470588,
    0.1465832800511509,
    0.14442934782608696,
    0.14613570971867007,
    0.14417359335038363,
    0.15727701406649616,
    0.17175511508951408,
    0.17336157289002557,
    0.1708040281329923,
    0.17828085038363173,
    0.1727501598465473,
    0.16710757672634272,
    0.16052589514066495,
    0.16306745524296676,
    0.1704923273657289,
    0.1559462915601023,
    0.160082320971867,
    0.17400095907928387,
    0.1810022378516624,
    0.17732177109974426,
    0.17561141304347827,
    0.18720428388746804,
    0.18887867647058823,
    0.1809223145780051,
    0.17862851662404092,
    0.18290840792838875,
    0.19025335677749358,
    0.1940656969309463,
    0.19099264705882352,
    0.1856897378516624,
    0.18425111892583118,
    0.18290441176470587,
    0.1831281969309463,
    0.18891863810741688,
    0.18529411764705883,
    0.19070891943734017,
    0.18597746163682863,
    0.19074488491048594,
    0.1921875,
    0.1990329283887468,
    0.19777014066496162,
    0.19934462915601023
  ],
  "test_accuracy": [
    0.08489999999999999,
    0.13699999999999998,
    0.10739999999999998,
    0.1349,
    0.1489,
    0.1467,
    0.1363,
    0.1111,
    0.1467,
    0.14650000000000002,
    0.1672,
    0.14679999999999999,
    0.15389999999999998,
    0.1606,
    0.1765,
    0.18,
    0.1727,
    0.1815,
    0.1638,
    0.1624,
    0.16149999999999998,
    0.1648,
    0.16570000000000001,
    0.15940000000000001,
    0.1756,
    0.178,
    0.17909999999999998,
    0.1785,
    0.18309999999999998,
    0.1911,
    0.1931,
    0.18250000000000002,
    0.18089999999999998,
    0.1915,
    0.19210000000000002,
    0.1948,
    0.19060000000000002,
    0.18570000000000003,
    0.18309999999999998,
    0.17739999999999997,
    0.1883,
    0.19390000000000002,
    0.1869,
    0.19229999999999997,
    0.19280000000000003,
    0.19440000000000002,
    0.2037,
    0.20020000000000002,
    0.20249999999999999,
    0.19780000000000003
  ]
}