{
  "setting": "setting_4",
  "train_accuracy": [
    0.1056699465500486,
    0.10906656189261418,
    0.09487081663022352,
    0.11304114279640427,
    0.14064208272594753,
    0.15262846209912537,
    0.1388427022594752,
    0.1379866678814383,
    0.1582932838313897,
    0.16228779458211856,
    0.18394204780126336,
    0.18890457968901847,
    0.187425025813897,
    0.1826959578474247,
    0.19896156007045676,
    0.20666776755344995,
    0.20656811831875607,
    0.20281845997327502,
    0.2119833424441205,
    0.20249673530126336,
    0.19610779579689017,
    0.2068765564261419,
    0.21038041332604468,
    0.20575858691690962,
    0.21018870717930027,
    0.2232712281341108,
    0.21673044217687074,
    0.22399724398688045,
    0.22713192419825073,
    0.2313608479105928,
    0.23094042304421766,
    0.23508298408649173,
    0.235703656462585,
    0.2414548408649174,
    0.24547687378522837,
    0.24995539510447035,
    0.2554266126093294,
    0.252080296404276,
    0.2483277909378037,
    0.2498775737973761,
    0.2439773900631681,
    0.24376575406948495,
    0.2486836810617104,
    0.25085223821671526,
    0.24813608479105928,
    0.25285850947521865,
    0.25041093446307094,
    0.24742620262390672,
    0.24923697157434405,
    0.2456477010447036
  ],
  "test_accuracy": [
    0.10210000000000001,
    0.1014,
    0.1036,
    0.1182,
    0.14270000000000002,
    0.1513,
    0.10640000000000001,
    0.1537,
    0.1484,
    0.1789,
    0.16609999999999997,
    0.1956,
    0.1875,
    0.18670000000000003,
    0.19720000000000001,
    0.2165,
    0.2109,
    0.2111,
    0.2132,
    0.18780000000000002,
    0.21339999999999998,
    0.1943,
    0.2098,
    0.1904,
    0.2204,
    0.20210000000000003,
    0.21789999999999998,
    0.23810000000000003,
    0.24,
    0.2318,
    0.23870000000000005,
    0.23160000000000003,
    0.24410000000000004,
    0.2503,
    0.2505,
    0.2508,
    0.26420000000000005,
    0.24770000000000003,
    0.24939999999999998,
    0.2474,
    0.24969999999999998,
    0.253,
    0.2488,
    0.25520000000000004,
    0.25780000000000003,
    0.25040000000000007,
    0.25749999999999995,
    0.25339999999999996,
    0.2487,
    0.25789999999999996
  ]
}