{
  "setting": "setting_11",
  "train_accuracy": [
    0.10709718670076726,
    0.11944533248081841,
    0.12597906010230178,
    0.11932544757033248,
    0.12264226342710997,
    0.10845588235294118,
    0.10134271099744245,
    0.08973385549872123,
    0.09718670076726342,
    0.11550911125319693,
    0.13177349744245526,
    0.13566975703324807,
    0.12803708439897699,
    0.13920636189258312,
    0.15287324168797953,
    0.15944693094629156,
    0.16526134910485935,
    0.1703364769820972,
    0.16350303708439898,
    0.14522058823529413,
    0.1378476662404092,
    0.1503156969309463,
    0.14759830562659845,
    0.1569693094629156,
    0.159846547314578,
    0.15646978900255754,
    0.14979619565217392,
    0.1621043797953964,
    0.15906729539641945,
    0.16570092710997442,
    0.1655810421994885,
    0.16745923913043478,
    0.16540121483375958,
    0.17695012787723785,
    0.1676390664961637,
    0.1689977621483376,
    0.16879795396419436,
    0.17051630434782608,
    0.17345348465473145,
    0.17695012787723785,
    0.17297394501278773,
    0.171875,
    0.16841831841432225,
    0.1711556905370844,
    0.1695572250639386,
    0.1722346547314578,
    0.16823849104859334,
    0.16901774296675193,
    0.17015664961636828,
    0.1709758631713555
  ],
  "test_accuracy": [
    0.0928,
    0.1316,
    0.11710000000000001,
    0.1387,
    0.1046,
    0.1186,
    0.07949999999999999,
    0.0945,
    0.10700000000000001,
    0.12049999999999998,
    0.1511,
    0.11310000000000002,
    0.12880000000000003,
    0.1419,
    0.1486,
    0.1639,
    0.17119999999999996,
    0.16999999999999998,
    0.14850000000000002,
    0.1364,
    0.1436,
    0.1494,
    0.1531,
    0.15999999999999998,
    0.1558,
    0.16259999999999997,
    0.1699,
    0.1649,
    0.1633,
    0.159,
    0.17099999999999999,
    0.1723,
    0.1773,
    0.1843,
    0.1656,
    0.17429999999999998,
    0.1695,
    0.17450000000000002,
    0.1792,
    0.18030000000000002,
    0.17279999999999998,
    0.16999999999999998,
    0.17259999999999998,
    0.1711,
    0.17779999999999999,
    0.1767,
    0.16979999999999998,
    0.1719,
    0.17729999999999999,
    0.18389999999999998
  ]
}