{
  "setting": "setting_1",
  "train_accuracy": [
    0.11980498721227621,
    0.12478021099744245,
    0.1323729219948849,
    0.12973545396419436,
    0.13079443734015345,
    0.10483935421994885,
    0.1077565537084399,
    0.09932464833759591,
    0.10607816496163683,
    0.12925591432225064,
    0.14328244884910485,
    0.14526054987212275,
    0.14308264066496162,
    0.147258631713555,
    0.15593030690537085,
    0.16516144501278773,
    0.16877797314578005,
    0.1765505115089514,
    0.1765505115089514,
    0.15730898337595908,
    0.15327285805626598,
    0.16078564578005114,
    0.15758871483375958,
    0.16348305626598467,
    0.16939737851662404,
    0.1724144820971867,
    0.1644221547314578,
    0.18126598465473145,
    0.18138586956521738,
    0.18324408567774936,
    0.18388347186700768,
    0.18332400895140666,
    0.17902813299232737,
    0.19021739130434784,
    0.18486253196930946,
    0.18466272378516624,
    0.18622122762148338,
    0.1882992327365729,
    0.18871882992327366,
    0.19061700767263426,
    0.18797953964194372,
    0.18694053708439898,
    0.18380354859335038,
    0.1887587915601023,
    0.1893981777493606,
    0.1913562979539642,
    0.18853900255754474,
    0.1878596547314578,
    0.1895580242966752,
    0.18835917519181586
  ],
  "test_accuracy": [
    0.1049,
    0.129,
    0.1282,
    0.149,
    0.1079,
    0.11569999999999998,
    0.0963,
    0.1078,
    0.12090000000000001,
    0.14,
    0.1564,
    0.127,
    0.14850000000000002,
    0.1464,
    0.1575,
    0.1689,
    0.1739,
    0.17859999999999998,
    0.1669,
    0.1567,
    0.1605,
    0.1631,
    0.1612,
    0.1695,
    0.17509999999999998,
    0.1696,
    0.1841,
    0.1896,
    0.18119999999999997,
    0.1796,
    0.1853,
    0.1915,
    0.18670000000000003,
    0.19749999999999998,
    0.18580000000000002,
    0.19460000000000002,
    0.18619999999999998,
    0.19460000000000002,
    0.1964,
    0.19770000000000004,
    0.1911,
    0.1865,
    0.191,
    0.1961,
    0.19830000000000003,
    0.20059999999999997,
    0.19619999999999999,
    0.19449999999999998,
    0.1957,
    0.194
  ]
}