{
  "setting": "setting_14",
  "train_accuracy": [
    0.10520206966715258,
    0.10370448402575316,
    0.09185097029883381,
    0.10363994928328475,
    0.1291824207361516,
    0.14700824526239067,
    0.126762367893586,
    0.12486049107142858,
    0.15132732780612246,
    0.14977944302721088,
    0.17181900662050537,
    0.17194143282312926,
    0.1741991997691934,
    0.16418587524295433,
    0.1816463192419825,
    0.1849698584791059,
    0.19487024720602525,
    0.18715360027939748,
    0.19729884141156462,
    0.18823360817541301,
    0.17515867954324588,
    0.18909343871477163,
    0.1920696291909621,
    0.19142523080660837,
    0.19393259535957239,
    0.20515025206511175,
    0.20210857780612246,
    0.2086607522473275,
    0.2128422239431487,
    0.2168813395894072,
    0.21584024234693877,
    0.21342303662536444,
    0.21575387967687074,
    0.2211804922862002,
    0.22468624726676387,
    0.22674946094509232,
    0.2348115585519922,
    0.2322681304664723,
    0.2322567419825073,
    0.2327227207847425,
    0.22708447218172986,
    0.22497760264820216,
    0.233652780308552,
    0.23549486758989313,
    0.23080281219630708,
    0.23372395833333334,
    0.23108562621477163,
    0.23022769375607385,
    0.23013278972303206,
    0.22730464953838678
  ],
  "test_accuracy": [
    0.10110000000000001,
    0.10110000000000001,
    0.1036,
    0.1036,
    0.13190000000000002,
    0.14980000000000002,
    0.09469999999999999,
    0.1467,
    0.14209999999999998,
    0.1575,
    0.15319999999999998,
    0.17989999999999998,
    0.17609999999999998,
    0.1669,
    0.17809999999999998,
    0.1965,
    0.1972,
    0.1966,
    0.20500000000000002,
    0.1633,
    0.19119999999999998,
    0.1727,
    0.1861,
    0.17809999999999998,
    0.20370000000000005,
    0.1918,
    0.19949999999999998,
    0.22449999999999998,
    0.22479999999999997,
    0.21749999999999997,
    0.22289999999999996,
    0.213,
    0.2285,
    0.23459999999999998,
    0.2279,
    0.23200000000000004,
    0.2426,
    0.23120000000000002,
    0.23640000000000003,
    0.2314,
    0.23410000000000003,
    0.2415,
    0.23419999999999996,
    0.24219999999999997,
    0.2391,
    0.23650000000000002,
    0.23620000000000005,
    0.23370000000000002,
    0.2283,
    0.23199999999999998
  ]
}