{
  "setting": "setting_26",
  "train_accuracy": [
    0.09019341432225064,
    0.10725703324808185,
    0.11311141304347826,
    0.11425031969309463,
    0.10807624680306906,
    0.11063379156010231,
    0.08793558184143223,
    0.09003356777493605,
    0.10284127237851662,
    0.09654731457800511,
    0.1171875,
    0.10535885549872123,
    0.10196211636828645,
    0.11261189258312021,
    0.11734734654731457,
    0.11349104859335038,
    0.1331521739130435,
    0.12955562659846548,
    0.12416080562659847,
    0.11179267902813299,
    0.0977062020460358,
    0.10871563299232737,
    0.11161285166240409,
    0.12070412404092072,
    0.12917599104859334,
    0.13113411125319693,
    0.13431106138107418,
    0.13916640025575447,
    0.12973545396419436,
    0.1324728260869565,
    0.1293158567774936,
    0.13341192455242967,
    0.1425831202046036,
    0.1441216432225064,
    0.13159367007672634,
    0.1295756074168798,
    0.13139386189258312,
    0.1344309462915601,
    0.14040521099744246,
    0.1391064578005115,
    0.1355898337595908,
    0.13489050511508952,
    0.13431106138107418,
    0.13537004475703324,
    0.13529012148337596,
    0.13620923913043478,
    0.13189338235294118,
    0.1383072250639386,
    0.13700847186700768,
    0.13507033248081843
  ],
  "test_accuracy": [
    0.089,
    0.1127,
    0.1237,
    0.1105,
    0.1062,
    0.10729999999999999,
    0.0755,
    0.1016,
    0.0988,
    0.1061,
    0.1282,
    0.0899,
    0.1163,
    0.1172,
    0.10940000000000001,
    0.118,
    0.1402,
    0.1253,
    0.1222,
    0.0999,
    0.1034,
    0.1061,
    0.1173,
    0.1356,
    0.13130000000000003,
    0.1384,
    0.14220000000000002,
    0.1332,
    0.133,
    0.1314,
    0.1301,
    0.13449999999999998,
    0.1488,
    0.1492,
    0.1289,
    0.1373,
    0.1285,
    0.14409999999999998,
    0.14350000000000002,
    0.1429,
    0.1443,
    0.14200000000000002,
    0.13520000000000001,
    0.1361,
    0.1388,
    0.14400000000000002,
    0.1311,
    0.133,
    0.1383,
    0.1478
  ]
}