{
  "setting": "setting_30",
  "train_accuracy": [
    0.10486370992972661,
    0.0942253080477474,
    0.09739753802464382,
    0.09786269313149787,
    0.09996660810550637,
    0.10043439545629572,
    0.10189641894493646,
    0.10178360849056603,
    0.10167418234982672,
    0.10123722985656526,
    0.10410637574605315,
    0.11536636323161341,
    0.13031374843569504,
    0.13794086325567964,
    0.12981550226222566,
    0.12396440002887948,
    0.12023112605891413,
    0.11052378646033886,
    0.13878882183769733,
    0.13588207246341932,
    0.14686003381305351,
    0.1552226727955333,
    0.1413834622882172,
    0.13876738785136694,
    0.13629157441278397,
    0.1413127677368117,
    0.1538196867780131,
    0.15982308312475935,
    0.145191191158067,
    0.15087909426742394,
    0.14890227907200618,
    0.13992256690412014,
    0.14174784005583366,
    0.14787269565845204,
    0.14758916538313438,
    0.15270624759337698,
    0.15291043451578745,
    0.1580218762033115,
    0.1468021244464767,
    0.14274320429822873,
    0.14816149042164037,
    0.1519173264824798,
    0.14803551874759338,
    0.15171577180400464,
    0.15264119356469003,
    0.1592022495908741,
    0.1676013639536003,
    0.1720103725452445,
    0.18149284330477472,
    0.18431385673373124
  ],
  "test_accuracy": [
    0.11210000000000002,
    0.1278,
    0.1049,
    0.10010000000000001,
    0.09999999999999999,
    0.09809999999999999,
    0.10600000000000001,
    0.0999,
    0.0999,
    0.0995,
    0.1274,
    0.1343,
    0.11400000000000002,
    0.1366,
    0.11410000000000001,
    0.11939999999999999,
    0.10800000000000001,
    0.11810000000000001,
    0.1365,
    0.12310000000000001,
    0.1577,
    0.1253,
    0.1507,
    0.11689999999999998,
    0.1433,
    0.13730000000000003,
    0.1573,
    0.1497,
    0.1401,
    0.1484,
    0.146,
    0.126,
    0.1388,
    0.1397,
    0.1578,
    0.1433,
    0.16429999999999997,
    0.1597,
    0.1422,
    0.1453,
    0.14350000000000002,
    0.14140000000000003,
    0.14800000000000002,
    0.149,
    0.1599,
    0.1655,
    0.1735,
    0.1869,
    0.17129999999999998,
    0.17739999999999997
  ]
}