{
  "setting": "setting_10",
  "train_accuracy": [
    0.11073361390546785,
    0.10875980698883327,
    0.09823534366576821,
    0.11985772345494801,
    0.11750036099345398,
    0.14401420208413554,
    0.14950844724682327,
    0.14112399824316518,
    0.14429472408067,
    0.16417568648921835,
    0.17048141485367732,
    0.1713214767038891,
    0.16588702108201772,
    0.1785059985078937,
    0.18265629512418174,
    0.18683479435406236,
    0.18574918174817096,
    0.15170712300250289,
    0.17834919197631885,
    0.17463283957450906,
    0.18283829599056603,
    0.19303485692626104,
    0.19202708353388523,
    0.18586161616769348,
    0.18993369753561803,
    0.20295879259722757,
    0.20870498110800925,
    0.21440115698402,
    0.2040233472516365,
    0.21459932734886408,
    0.21956749975933768,
    0.2237629205573739,
    0.21912904312668463,
    0.22592512093280706,
    0.23758972191470928,
    0.23800148007316133,
    0.2469116257941856,
    0.24121432181363112,
    0.2398087035521756,
    0.22568220242106277,
    0.23235794907585675,
    0.23656953937235273,
    0.22917895047169812,
    0.23485858081440122,
    0.2407307409992299,
    0.24127899980747017,
    0.24630019313149787,
    0.24088717149595687,
    0.23887425695514053,
    0.24191487473527146
  ],
  "test_accuracy": [
    0.10200000000000001,
    0.13069999999999998,
    0.10640000000000001,
    0.0998,
    0.11470000000000002,
    0.15689999999999998,
    0.1284,
    0.1034,
    0.1399,
    0.1541,
    0.1971,
    0.16829999999999995,
    0.1742,
    0.18280000000000002,
    0.18560000000000001,
    0.1804,
    0.1625,
    0.1572,
    0.16809999999999997,
    0.1839,
    0.1843,
    0.19460000000000002,
    0.1814,
    0.1749,
    0.19970000000000002,
    0.2032,
    0.2145,
    0.2024,
    0.2063,
    0.20570000000000005,
    0.2314,
    0.21439999999999998,
    0.22749999999999998,
    0.2283,
    0.23690000000000003,
    0.2403,
    0.24430000000000002,
    0.244,
    0.23159999999999997,
    0.2157,
    0.2313,
    0.22039999999999998,
    0.2386,
    0.23159999999999997,
    0.23489999999999997,
    0.2444,
    0.24580000000000002,
    0.23170000000000002,
    0.23600000000000004,
    0.23920000000000002
  ]
}