{
  "setting": "setting_18",
  "train_accuracy": [
    0.10285395408163266,
    0.11813217474489796,
    0.08740832270408164,
    0.09717394770408164,
    0.1082828443877551,
    0.11184630102040816,
    0.10920360331632652,
    0.13560666454081632,
    0.15014748086734694,
    0.1626315369897959,
    0.1487922512755102,
    0.12828045280612246,
    0.1380500637755102,
    0.13822146045918365,
    0.15061383928571428,
    0.15252311862244897,
    0.15249920280612245,
    0.1571468431122449,
    0.15818718112244898,
    0.1649673150510204,
    0.1719108737244898,
    0.17989477040816326,
    0.1783801020408163,
    0.1770687181122449,
    0.17973533163265307,
    0.17549426020408165,
    0.1803292410714286,
    0.17533880739795918,
    0.18168447066326532,
    0.17289939413265307,
    0.1777423469387755,
    0.18973214285714285,
    0.1845782844387755,
    0.19372608418367346,
    0.1947345344387755,
    0.18056441326530612,
    0.1835299744897959,
    0.18419961734693877,
    0.18402423469387755,
    0.18266103316326532,
    0.18685028698979592,
    0.18702168367346939,
    0.18875956632653063,
    0.19221141581632653,
    0.19418048469387755,
    0.19699457908163265,
    0.19675940688775512,
    0.1957389987244898,
    0.19918686224489796,
    0.20137914540816326
  ],
  "test_accuracy": [
    0.09639999999999999,
    0.08499999999999999,
    0.0962,
    0.1121,
    0.11879999999999999,
    0.1119,
    0.1041,
    0.12479999999999998,
    0.1636,
    0.1561,
    0.1395,
    0.14930000000000002,
    0.13560000000000003,
    0.15289999999999998,
    0.15860000000000002,
    0.15839999999999999,
    0.15020000000000003,
    0.1649,
    0.16570000000000001,
    0.1639,
    0.1783,
    0.1872,
    0.1827,
    0.184,
    0.17419999999999997,
    0.186,
    0.18380000000000002,
    0.1878,
    0.1823,
    0.17450000000000002,
    0.1784,
    0.1898,
    0.1897,
    0.20260000000000003,
    0.18780000000000002,
    0.18059999999999998,
    0.1895,
    0.187,
    0.18080000000000002,
    0.1877,
    0.19,
    0.1859,
    0.1889,
    0.1953,
    0.19549999999999998,
    0.19490000000000002,
    0.2008,
    0.1982,
    0.2072,
    0.20870000000000002
  ]
}