{
  "setting": "setting_28",
  "train_accuracy": [
    0.0995735012755102,
    0.10465561224489796,
    0.08883529974489796,
    0.09085220025510204,
    0.09891581632653061,
    0.10193718112244898,
    0.10098852040816327,
    0.10630580357142858,
    0.1062779017857143,
    0.1478954081632653,
    0.14735331632653062,
    0.12608019770408163,
    0.11935985331632654,
    0.11786112882653062,
    0.11955117984693878,
    0.12299505739795917,
    0.12519132653061224,
    0.1278579400510204,
    0.11821986607142858,
    0.12478874362244897,
    0.12731983418367346,
    0.1285435267857143,
    0.13254145408163265,
    0.14329161352040817,
    0.13828523596938777,
    0.13584980867346938,
    0.13349808673469388,
    0.13341438137755102,
    0.13084343112244898,
    0.13976801658163265,
    0.13915417729591836,
    0.14221938775510204,
    0.14311623086734693,
    0.1469467474489796,
    0.14224330357142856,
    0.13685825892857142,
    0.14307238520408164,
    0.14333147321428572,
    0.13553890306122449,
    0.14619738520408165,
    0.14626116071428572,
    0.14955357142857142,
    0.15444435586734692,
    0.15422114158163264,
    0.15303332270408165,
    0.1539580676020408,
    0.15044642857142856,
    0.15642936862244897,
    0.1577128507653061,
    0.15401785714285715
  ],
  "test_accuracy": [
    0.09869999999999998,
    0.07239999999999999,
    0.0756,
    0.1004,
    0.1004,
    0.1004,
    0.10590000000000002,
    0.09159999999999999,
    0.1106,
    0.15630000000000002,
    0.13119999999999998,
    0.13240000000000002,
    0.1202,
    0.13560000000000003,
    0.11210000000000002,
    0.13140000000000002,
    0.128,
    0.1316,
    0.1283,
    0.1302,
    0.1393,
    0.1216,
    0.14459999999999998,
    0.13360000000000002,
    0.1299,
    0.13929999999999998,
    0.1317,
    0.1335,
    0.13269999999999998,
    0.14140000000000003,
    0.13609999999999997,
    0.1385,
    0.14420000000000002,
    0.13670000000000004,
    0.1395,
    0.14479999999999998,
    0.1513,
    0.14679999999999999,
    0.14329999999999998,
    0.1472,
    0.14809999999999998,
    0.15430000000000002,
    0.15779999999999997,
    0.1622,
    0.1511,
    0.1597,
    0.1534,
    0.15799999999999997,
    0.1634,
    0.1544
  ]
}