{
  "setting": "setting_20",
  "train_accuracy": [
    0.20080035257027337,
    0.27559029950423564,
    0.28619448221505583,
    0.2583867052127455,
    0.21622379789179824,
    0.1963857034559107,
    0.2002174985560262,
    0.19604087950038507,
    0.19687605289757412,
    0.19802107900943397,
    0.19861559010396612,
    0.20165658391894492,
    0.20755732275221409,
    0.21475613388043896,
    0.21839351896418946,
    0.2242167946187909,
    0.2205433101896419,
    0.22957077878321142,
    0.24111053619561032,
    0.24224052091355408,
    0.24567860752791684,
    0.2567005649547555,
    0.2682944713852522,
    0.27250342943781286,
    0.2683933685502503,
    0.27470360933288407,
    0.28389239687620327,
    0.2831843232576049,
    0.29615113291778977,
    0.3043246263717751,
    0.3091897652339238,
    0.31348333112726223,
    0.32005604423373124,
    0.32082503549768965,
    0.3321324033740855,
    0.3335869061657682,
    0.33547046471890646,
    0.34646910798517516,
    0.3481304299432037,
    0.3547542837889873,
    0.36086184178860226,
    0.36205612846553714,
    0.3642213371197535,
    0.3678835405034655,
    0.36152742346938777,
    0.35832699087889874,
    0.35822433336542164,
    0.35914524270793224,
    0.36029026881979204,
    0.35975141088274937
  ],
  "test_accuracy": [
    0.25370000000000004,
    0.28830000000000006,
    0.27809999999999996,
    0.2287,
    0.201,
    0.1967,
    0.19680000000000003,
    0.19310000000000002,
    0.1945,
    0.19560000000000002,
    0.20350000000000001,
    0.1982,
    0.21800000000000003,
    0.21069999999999997,
    0.22230000000000003,
    0.22549999999999998,
    0.21800000000000003,
    0.23240000000000002,
    0.2475,
    0.2455,
    0.2432,
    0.26349999999999996,
    0.2673,
    0.2693,
    0.2694,
    0.2685,
    0.2853,
    0.28060000000000007,
    0.3085,
    0.2992,
    0.3114,
    0.32070000000000004,
    0.3093,
    0.32330000000000003,
    0.3268,
    0.3314,
    0.32889999999999997,
    0.3477,
    0.3476,
    0.355,
    0.35880000000000006,
    0.35490000000000005,
    0.362,
    0.36219999999999997,
    0.3489,
    0.35350000000000004,
    0.3504,
    0.36140000000000005,
    0.36310000000000003,
    0.35259999999999997
  ]
}