{
  "setting": "setting_16",
  "train_accuracy": [
    0.11157289002557545,
    0.17053628516624042,
    0.18104619565217392,
    0.18682065217391305,
    0.19087675831202047,
    0.19555226982097187,
    0.19898897058823528,
    0.20380434782608695,
    0.2065417199488491,
    0.21087755754475704,
    0.21549312659846548,
    0.22456441815856779,
    0.23135789641943735,
    0.2372522378516624,
    0.24538443094629156,
    0.25201806265984655,
    0.2591512148337596,
    0.265684942455243,
    0.2708200127877238,
    0.2781729539641944,
    0.2796715153452685,
    0.28670476342711,
    0.28862292199488493,
    0.293897858056266,
    0.297554347826087,
    0.30193014705882354,
    0.30508711636828645,
    0.30900335677749363,
    0.3118006713554987,
    0.31523737212276215,
    0.3187140345268542,
    0.3211916560102302,
    0.3227701406649616,
    0.32404891304347827,
    0.32630674552429667,
    0.3289242327365729,
    0.33084239130434784,
    0.3326806265984655,
    0.33409926470588236,
    0.33607736572890023,
    0.33933423913043476,
    0.3406130115089514,
    0.3405730498721228,
    0.34003356777493604,
    0.34265105498721227,
    0.3437300191815857,
    0.34496882992327366,
    0.34722666240409206,
    0.34684702685422,
    0.3493446291560102
  ],
  "test_accuracy": [
    0.16110000000000002,
    0.18089999999999998,
    0.1891,
    0.19419999999999998,
    0.19729999999999998,
    0.20069999999999996,
    0.20729999999999998,
    0.20790000000000003,
    0.21550000000000002,
    0.21760000000000002,
    0.22469999999999998,
    0.236,
    0.2339,
    0.2476,
    0.25529999999999997,
    0.26250000000000007,
    0.26890000000000003,
    0.2717,
    0.2797,
    0.28300000000000003,
    0.2885,
    0.2908,
    0.29389999999999994,
    0.2996,
    0.3091,
    0.30900000000000005,
    0.3128,
    0.32039999999999996,
    0.31829999999999997,
    0.32599999999999996,
    0.32520000000000004,
    0.332,
    0.33520000000000005,
    0.33330000000000004,
    0.3364,
    0.3371,
    0.3384,
    0.3418,
    0.34929999999999994,
    0.3471,
    0.34409999999999996,
    0.3514,
    0.3513,
    0.35209999999999997,
    0.3518,
    0.3513,
    0.3518,
    0.3555,
    0.3557,
    0.3565
  ]
}