{
  "setting": "setting_5",
  "train_accuracy": [
    0.20569971060358105,
    0.2836735445947247,
    0.29419612774355025,
    0.29206062584231807,
    0.26619619693396224,
    0.2452476715922218,
    0.22439315496245665,
    0.20922390919811318,
    0.2075813889824798,
    0.2076629885444744,
    0.20864631967173664,
    0.20944088130535232,
    0.20765283560358105,
    0.20969395275799,
    0.2091701362148633,
    0.20994326386214865,
    0.207843861306315,
    0.21130601415094338,
    0.21233070911147478,
    0.21459255872160185,
    0.21981981914227958,
    0.22161124915768193,
    0.2287555352329611,
    0.23507367274740085,
    0.23372069936465154,
    0.24784532032152481,
    0.25220055592991913,
    0.2504756840825953,
    0.26128217354158645,
    0.2642588653975741,
    0.2659468858298036,
    0.26962676285136694,
    0.27701622364747785,
    0.2736604886648055,
    0.27956950026472854,
    0.284053715825953,
    0.2951004915527532,
    0.3039508477329611,
    0.31024943143531,
    0.313850341138814,
    0.3079037260541009,
    0.31515405395648827,
    0.3250069190412014,
    0.32890339213515596,
    0.32817125228629185,
    0.33736605638717754,
    0.3474956831199461,
    0.3614977167164035,
    0.3832923204659222,
    0.38836954298228726
  ],
  "test_accuracy": [
    0.2654,
    0.2901,
    0.3072,
    0.28200000000000003,
    0.2553,
    0.2398,
    0.21669999999999998,
    0.2144,
    0.2072,
    0.21230000000000002,
    0.21149999999999997,
    0.2091,
    0.21559999999999996,
    0.21149999999999997,
    0.2122,
    0.2149,
    0.22069999999999998,
    0.2124,
    0.22679999999999997,
    0.22469999999999998,
    0.231,
    0.22600000000000003,
    0.2394,
    0.24710000000000001,
    0.24670000000000006,
    0.26139999999999997,
    0.2618,
    0.2561,
    0.2657,
    0.2822,
    0.27680000000000005,
    0.28440000000000004,
    0.2852,
    0.2895,
    0.28859999999999997,
    0.2883,
    0.30849999999999994,
    0.3168000000000001,
    0.32230000000000003,
    0.32320000000000004,
    0.31520000000000004,
    0.327,
    0.3339,
    0.339,
    0.3345,
    0.358,
    0.3474,
    0.3734,
    0.39570000000000005,
    0.396
  ]
}