{
  "setting": "setting_30",
  "train_accuracy": [
    0.1774388116095495,
    0.15360121053138237,
    0.19574080369175972,
    0.16508230650750866,
    0.10226718930496725,
    0.0999801453600308,
    0.1000049636599923,
    0.1000049636599923,
    0.10001737280997305,
    0.09999255451001154,
    0.09997600897670389,
    0.10007302596746245,
    0.10022343990662302,
    0.10010987738255679,
    0.10054532573642665,
    0.10156926862726223,
    0.10182121197535618,
    0.1014831566470928,
    0.10289479146611474,
    0.1045688986089719,
    0.10638251468040046,
    0.11012218124278014,
    0.10975441916153254,
    0.11471055845687332,
    0.1206451404264536,
    0.12383241179726608,
    0.11950049034944167,
    0.11356101992683866,
    0.12004649294859454,
    0.12329167368598383,
    0.12625558035714285,
    0.12668237990951098,
    0.1303562403735079,
    0.12637854375240662,
    0.15223319575471697,
    0.21123531959953795,
    0.275569993622449,
    0.32694913903061223,
    0.38638031863688876,
    0.4128260974201001,
    0.4159614759819022,
    0.4110294029168271,
    0.41587047554871004,
    0.42015802488448206,
    0.4180074815893339,
    0.41996399090296493,
    0.421573796086831,
    0.42835483249903733,
    0.42686611053619555,
    0.4267529240469773
  ],
  "test_accuracy": [
    0.1949,
    0.1476,
    0.1907,
    0.12000000000000002,
    0.1,
    0.1,
    0.1,
    0.1,
    0.1,
    0.1,
    0.1,
    0.1,
    0.1005,
    0.1,
    0.1014,
    0.1015,
    0.10200000000000001,
    0.10190000000000002,
    0.10640000000000001,
    0.10410000000000001,
    0.10800000000000001,
    0.10900000000000001,
    0.11420000000000001,
    0.11699999999999999,
    0.121,
    0.1346,
    0.10779999999999998,
    0.1187,
    0.12350000000000001,
    0.1254,
    0.1261,
    0.12769999999999998,
    0.12810000000000002,
    0.1268,
    0.1846,
    0.2431,
    0.30129999999999996,
    0.35730000000000006,
    0.4142,
    0.4079,
    0.4096,
    0.4114,
    0.4141,
    0.41950000000000004,
    0.4269,
    0.4208,
    0.42519999999999997,
    0.4271,
    0.4303,
    0.42139999999999994
  ]
}