{
  "setting": "setting_9",
  "train_accuracy": [
    0.17333272594752186,
    0.22792816903547133,
    0.2615517189018465,
    0.2614568148688047,
    0.2505172269800778,
    0.2432589665330418,
    0.2414662293488824,
    0.23944477344509232,
    0.22672383685617103,
    0.2279946018586006,
    0.22455717778182702,
    0.22830019284499517,
    0.22674471574344024,
    0.22645905460398444,
    0.23017264941690962,
    0.23001890488338192,
    0.23464168033284744,
    0.23799179269922255,
    0.24135614067055391,
    0.2423507349368319,
    0.24583466198979592,
    0.2498405612244898,
    0.2571178024781341,
    0.2598643251943635,
    0.26547125546647227,
    0.26966601372691934,
    0.2721040983357629,
    0.2662295386904762,
    0.26925223214285715,
    0.27417680241739556,
    0.2758936163751215,
    0.282648885447036,
    0.28103646592565595,
    0.28864112609329445,
    0.29227025631681247,
    0.2963758047862002,
    0.29731820183430513,
    0.3023367271015549,
    0.3020880785349854,
    0.29969080266034986,
    0.31133268039358597,
    0.31837455964528666,
    0.3179446443756074,
    0.31615380527210885,
    0.31703166757774537,
    0.32367020468901847,
    0.32954950953595724,
    0.33337034590621967,
    0.3391120399052478,
    0.3442567875364432
  ],
  "test_accuracy": [
    0.2049,
    0.2453,
    0.2721,
    0.25810000000000005,
    0.246,
    0.24399999999999994,
    0.2334,
    0.24320000000000003,
    0.2232,
    0.227,
    0.22380000000000005,
    0.2259,
    0.23009999999999997,
    0.22210000000000002,
    0.23420000000000002,
    0.2285,
    0.23550000000000004,
    0.2385,
    0.2425,
    0.24710000000000001,
    0.2468,
    0.2571,
    0.2585,
    0.26030000000000003,
    0.2677999999999999,
    0.27090000000000003,
    0.27159999999999995,
    0.2654000000000001,
    0.27969999999999995,
    0.2731,
    0.2784,
    0.2819,
    0.2806,
    0.29179999999999995,
    0.29429999999999995,
    0.29860000000000003,
    0.2984,
    0.30460000000000004,
    0.306,
    0.30379999999999996,
    0.317,
    0.3195,
    0.32060000000000005,
    0.3136,
    0.3212,
    0.3198,
    0.3358,
    0.33399999999999996,
    0.3415,
    0.34609999999999996
  ]
}