{
  "setting": "setting_10",
  "train_accuracy": [
    0.2042888278542549,
    0.277507701193685,
    0.2909028145456296,
    0.293601992683866,
    0.2733551483683096,
    0.24879781659125916,
    0.23202703840970348,
    0.21736694382941857,
    0.20850568263862151,
    0.20482956596553714,
    0.2049194382941856,
    0.20383232154890257,
    0.19888219881112823,
    0.1964755757845591,
    0.1940411261792453,
    0.1970479008230651,
    0.19554488953600307,
    0.19681475921736621,
    0.20191416778975743,
    0.2023533764921063,
    0.20633671363592604,
    0.20962664252021562,
    0.21668368851078165,
    0.22160974501829034,
    0.21899592679052754,
    0.22303378898729304,
    0.22915714045051983,
    0.23005210338852522,
    0.23777172278109357,
    0.2425646629524451,
    0.24196338323065072,
    0.24637389596168655,
    0.25049410979014247,
    0.2587567235030805,
    0.2652963455429342,
    0.2724504085242588,
    0.27592647465825954,
    0.2767014824797844,
    0.2792603996197536,
    0.28218557470157873,
    0.2867668072535618,
    0.2964403037158259,
    0.3067222245619946,
    0.30850049335772045,
    0.31015655082787835,
    0.317626859116288,
    0.324951265883712,
    0.342140194816134,
    0.35880493117058143,
    0.363128579851752
  ],
  "test_accuracy": [
    0.2586,
    0.2886000000000001,
    0.30770000000000003,
    0.28979999999999995,
    0.263,
    0.2391,
    0.22809999999999997,
    0.2183,
    0.2071,
    0.2091,
    0.2061,
    0.201,
    0.20470000000000002,
    0.196,
    0.1981,
    0.1988,
    0.20530000000000004,
    0.197,
    0.2081,
    0.20659999999999998,
    0.21230000000000002,
    0.2121,
    0.2246,
    0.22999999999999998,
    0.23399999999999999,
    0.22960000000000003,
    0.2395,
    0.23310000000000003,
    0.24580000000000002,
    0.25600000000000006,
    0.2533,
    0.259,
    0.2577,
    0.27590000000000003,
    0.27280000000000004,
    0.2768,
    0.28209999999999996,
    0.28359999999999996,
    0.2899,
    0.2888,
    0.2869,
    0.30989999999999995,
    0.31379999999999997,
    0.321,
    0.3132,
    0.33340000000000003,
    0.3275,
    0.3488,
    0.36479999999999996,
    0.3691
  ]
}