{
  "setting": "setting_17",
  "train_accuracy": [
    0.1245164641943734,
    0.18358375959079284,
    0.19607576726342713,
    0.20065137468030692,
    0.20714514066496165,
    0.2150855179028133,
    0.22717391304347828,
    0.2435501918158568,
    0.2543797953964195,
    0.26031409846547315,
    0.2639506074168798,
    0.2646179667519182,
    0.26871003836317137,
    0.27199088874680305,
    0.27284207161125323,
    0.27520780051150895,
    0.2783927429667519,
    0.2780810421994885,
    0.28001118925831203,
    0.283431905370844,
    0.2842191496163683,
    0.2872842071611253,
    0.2887028452685422,
    0.28803948209718666,
    0.2873761189258312,
    0.28989769820971867,
    0.2944453324808184,
    0.29412963554987215,
    0.2977821291560102,
    0.2985334079283887,
    0.3006313938618926,
    0.300619405370844,
    0.30033567774936065,
    0.30242167519181584,
    0.304775415601023,
    0.3067695012787724,
    0.30857177109974426,
    0.3095588235294118,
    0.3142343350383632,
    0.3141424232736573,
    0.3152014066496164,
    0.31498960997442454,
    0.3188059462915601,
    0.31878996163682866,
    0.32082400895140667,
    0.3231337915601023,
    0.3258991368286445,
    0.3250639386189258,
    0.3287364130434782,
    0.3340113491048593
  ],
  "test_accuracy": [
    0.17379999999999998,
    0.1946,
    0.2023,
    0.20380000000000004,
    0.2113,
    0.22479999999999997,
    0.23809999999999998,
    0.2546,
    0.2589,
    0.2674,
    0.2727,
    0.2701,
    0.27540000000000003,
    0.2712,
    0.278,
    0.27859999999999996,
    0.27849999999999997,
    0.2853,
    0.28390000000000004,
    0.2878,
    0.28409999999999996,
    0.2912,
    0.29269999999999996,
    0.28789999999999993,
    0.29090000000000005,
    0.28959999999999997,
    0.3003,
    0.2982,
    0.30429999999999996,
    0.304,
    0.3043,
    0.3073,
    0.3049,
    0.3134,
    0.3126,
    0.3176,
    0.31209999999999993,
    0.31690000000000007,
    0.3207,
    0.31930000000000003,
    0.3205,
    0.321,
    0.3241,
    0.32120000000000004,
    0.3255,
    0.3272,
    0.3313,
    0.33049999999999996,
    0.3281,
    0.3418
  ]
}