{
  "setting": "setting_21",
  "train_accuracy": [
    0.11570891943734016,
    0.16867806905370844,
    0.1797074808184143,
    0.18422314578005114,
    0.18979779411764705,
    0.1954124040920716,
    0.19814977621483376,
    0.2006873401534527,
    0.20446371483375958,
    0.2103980179028133,
    0.2167918797953964,
    0.21339514066496162,
    0.22094789002557544,
    0.22716192455242967,
    0.22955962276214834,
    0.2381513746803069,
    0.23881074168797953,
    0.23927030051150894,
    0.24434542838874682,
    0.2514585997442455,
    0.2510789641943734,
    0.25343670076726343,
    0.25381633631713557,
    0.25957081202046034,
    0.2600703324808184,
    0.2627477621483376,
    0.2663443094629156,
    0.27008072250639387,
    0.27008072250639387,
    0.2717990728900256,
    0.2748561381074169,
    0.2748761189258312,
    0.27681425831202044,
    0.2774936061381074,
    0.2813299232736573,
    0.28013107416879796,
    0.280630594629156,
    0.28310821611253195,
    0.28722426470588236,
    0.2837675831202046,
    0.2877038043478261,
    0.28628516624040923,
    0.28940217391304346,
    0.29100063938618925,
    0.2929987212276215,
    0.2928988171355499,
    0.2942575127877238,
    0.29287883631713557,
    0.29563618925831203,
    0.297554347826087
  ],
  "test_accuracy": [
    0.16449999999999998,
    0.181,
    0.1867,
    0.1896,
    0.19160000000000002,
    0.1955,
    0.2028,
    0.20260000000000003,
    0.20950000000000002,
    0.21400000000000002,
    0.2254,
    0.22289999999999996,
    0.22960000000000003,
    0.23290000000000002,
    0.2428,
    0.24659999999999999,
    0.2525,
    0.25040000000000007,
    0.2586,
    0.2543000000000001,
    0.2593,
    0.26209999999999994,
    0.2685,
    0.2665,
    0.2738,
    0.268,
    0.27920000000000006,
    0.28,
    0.2792,
    0.2882,
    0.2849,
    0.29100000000000004,
    0.2871,
    0.28769999999999996,
    0.295,
    0.2922,
    0.2867,
    0.2909,
    0.2926,
    0.29219999999999996,
    0.2949,
    0.299,
    0.2998,
    0.3,
    0.30110000000000003,
    0.29869999999999997,
    0.30029999999999996,
    0.2987,
    0.3056,
    0.30599999999999994
  ]
}