{
  "setting": "setting_3",
  "train_accuracy": [
    0.150797193877551,
    0.19458705357142858,
    0.21325733418367346,
    0.2350964604591837,
    0.2549625318877551,
    0.26494339923469384,
    0.26357621173469387,
    0.26272321428571427,
    0.26993781887755103,
    0.2628547512755102,
    0.2591079400510204,
    0.2502670599489796,
    0.25155851403061225,
    0.2434988839285714,
    0.2410514987244898,
    0.23874760841836734,
    0.24119897959183673,
    0.24093989158163265,
    0.2420918367346939,
    0.23839684311224488,
    0.23987563775510204,
    0.2406608737244898,
    0.23922991071428573,
    0.24524872448979593,
    0.24900350765306123,
    0.249007493622449,
    0.24869658801020408,
    0.25156249999999997,
    0.2553053252551021,
    0.25821109693877553,
    0.25775669642857146,
    0.26279097576530613,
    0.26662547831632655,
    0.26671316964285713,
    0.27505181760204084,
    0.2785634566326531,
    0.28158880739795916,
    0.28165656887755103,
    0.28274473852040816,
    0.28897879464285714,
    0.29075255102040815,
    0.2991470025510204,
    0.299609375,
    0.3086575255102041,
    0.3152702487244898,
    0.3165377869897959,
    0.31850685586734695,
    0.32566964285714284,
    0.33431919642857144,
    0.33528778698979594
  ],
  "test_accuracy": [
    0.1854,
    0.20729999999999998,
    0.22610000000000002,
    0.2434,
    0.2649,
    0.27070000000000005,
    0.2591,
    0.2686,
    0.27070000000000005,
    0.2602,
    0.253,
    0.24929999999999994,
    0.25260000000000005,
    0.23819999999999997,
    0.23899999999999996,
    0.2379,
    0.2412,
    0.2419,
    0.2428,
    0.233,
    0.2411,
    0.23970000000000002,
    0.2467,
    0.24909999999999996,
    0.24980000000000002,
    0.25,
    0.24630000000000002,
    0.25420000000000004,
    0.2557,
    0.2606,
    0.2579,
    0.26610000000000006,
    0.2752,
    0.2697,
    0.27590000000000003,
    0.27940000000000004,
    0.2828,
    0.28629999999999994,
    0.2777,
    0.29419999999999996,
    0.2934,
    0.30369999999999997,
    0.29769999999999996,
    0.31310000000000004,
    0.3149,
    0.3209,
    0.3204,
    0.33440000000000003,
    0.3377,
    0.3402
  ]
}