{
  "setting": "setting_7",
  "train_accuracy": [
    0.12402893222506393,
    0.18365169437340154,
    0.19654331841432227,
    0.20262947570332482,
    0.20982257033248083,
    0.2186261189258312,
    0.23161764705882354,
    0.24595987851662401,
    0.25470348465473147,
    0.25878356777493605,
    0.2634750639386189,
    0.26342710997442453,
    0.26707960358056265,
    0.2704084079283887,
    0.2708519820971867,
    0.27253436700767264,
    0.2740968670076726,
    0.276090952685422,
    0.27831681585677753,
    0.28365968670076724,
    0.2841711956521739,
    0.2878796355498721,
    0.289210358056266,
    0.29049712276214834,
    0.2881753516624041,
    0.2937939578005115,
    0.29581601662404094,
    0.29466911764705883,
    0.2965992647058824,
    0.29908887468030687,
    0.30169037723785164,
    0.3021619245524297,
    0.30461556905370846,
    0.3049352621483376,
    0.3060382033248082,
    0.3057225063938619,
    0.3055746483375959,
    0.3061181265984655,
    0.3112372122762148,
    0.31040601023017905,
    0.3115888746803069,
    0.31185262148337595,
    0.3145500319693095,
    0.3150855179028133,
    0.3177669437340154,
    0.31960917519181586,
    0.32237851662404093,
    0.32231857416879794,
    0.3259950447570332,
    0.3279931265984655
  ],
  "test_accuracy": [
    0.1747,
    0.194,
    0.20249999999999999,
    0.207,
    0.2157,
    0.22749999999999998,
    0.24300000000000002,
    0.25579999999999997,
    0.2615,
    0.2661,
    0.2724,
    0.26630000000000004,
    0.2733,
    0.2686,
    0.2752,
    0.2753,
    0.2733,
    0.28569999999999995,
    0.2839,
    0.28659999999999997,
    0.2859999999999999,
    0.2913,
    0.28680000000000005,
    0.29359999999999997,
    0.2918,
    0.2943,
    0.29569999999999996,
    0.2956,
    0.3047,
    0.304,
    0.3074,
    0.30720000000000003,
    0.3079,
    0.31239999999999996,
    0.31370000000000003,
    0.31420000000000003,
    0.3056,
    0.3123,
    0.317,
    0.3161,
    0.3177,
    0.31800000000000006,
    0.3223,
    0.3174,
    0.3201,
    0.32389999999999997,
    0.3301,
    0.3274,
    0.3289,
    0.33260000000000006
  ]
}