{
  "setting": "setting_12",
  "train_accuracy": [
    0.12439657928388748,
    0.1835637787723785,
    0.19611572890025578,
    0.20077125959079287,
    0.2072650255754476,
    0.21534526854219949,
    0.22807304987212276,
    0.24384990409207163,
    0.25421994884910487,
    0.26047394501278776,
    0.26415041560102304,
    0.26448209718670074,
    0.2687300191815857,
    0.2715712915601023,
    0.2723225703324808,
    0.2748281649616368,
    0.27816496163682863,
    0.2781210038363171,
    0.2803708439897698,
    0.28336397058823526,
    0.28401934143222507,
    0.2866927749360614,
    0.28892263427109977,
    0.2878196930946291,
    0.2878956202046036,
    0.2901574488491048,
    0.29430546675191815,
    0.29412963554987215,
    0.29767023657289,
    0.2984335038363171,
    0.3001118925831202,
    0.3009311061381074,
    0.3005554667519182,
    0.30260150255754475,
    0.30515505115089514,
    0.3069932864450128,
    0.30907129156010227,
    0.3097186700767263,
    0.31452605498721226,
    0.31402253836317134,
    0.31532928388746806,
    0.3155290920716113,
    0.3187260230179028,
    0.3190417199488491,
    0.32116368286445013,
    0.32363331202046036,
    0.32617886828644505,
    0.3259630754475703,
    0.3288682864450128,
    0.3346507352941176
  ],
  "test_accuracy": [
    0.1737,
    0.19449999999999998,
    0.2023,
    0.20470000000000002,
    0.21190000000000003,
    0.2252,
    0.23900000000000002,
    0.2549,
    0.2598,
    0.267,
    0.2725000000000001,
    0.27,
    0.2759,
    0.2707,
    0.27710000000000007,
    0.2788,
    0.27749999999999997,
    0.2847,
    0.2844,
    0.2876,
    0.285,
    0.2917,
    0.29229999999999995,
    0.28809999999999997,
    0.2907,
    0.28959999999999997,
    0.2992,
    0.2978,
    0.30410000000000004,
    0.3039,
    0.3049,
    0.3068,
    0.30560000000000004,
    0.31329999999999997,
    0.313,
    0.3174,
    0.3111,
    0.3181,
    0.32080000000000003,
    0.31980000000000003,
    0.3206,
    0.32080000000000003,
    0.3237,
    0.3209,
    0.326,
    0.32720000000000005,
    0.33230000000000004,
    0.33039999999999997,
    0.32930000000000004,
    0.3414
  ]
}