{
  "setting": "setting_25",
  "train_accuracy": [
    0.20106658524258758,
    0.262332814906623,
    0.2907565369897959,
    0.29163533042934153,
    0.26510531984020025,
    0.28738914492683865,
    0.2832411045196381,
    0.2715140817529842,
    0.2502598400798999,
    0.25172712805641123,
    0.24620919269830574,
    0.23986661291875241,
    0.23656239471024257,
    0.2285103605121294,
    0.2138886214863304,
    0.2246853340392761,
    0.22892625505390837,
    0.2274582150077012,
    0.24426095615132845,
    0.25007219869079705,
    0.25668063510781675,
    0.2587153596698113,
    0.26046805809587986,
    0.26310631858875627,
    0.27213754753080477,
    0.2863986691374663,
    0.2863930286147478,
    0.28862028301886794,
    0.29020338972853293,
    0.29677610283500194,
    0.298454346361186,
    0.2957085399018098,
    0.3076461421832884,
    0.30862796917115903,
    0.31385259734790144,
    0.3236355199509049,
    0.33639814268867924,
    0.35101950567963036,
    0.36328425827878325,
    0.3606174191374663,
    0.365924774980747,
    0.3718206253609935,
    0.37424755426934925,
    0.3887640035377359,
    0.3925040461349634,
    0.3879754584616866,
    0.38823379440219485,
    0.3962042290383134,
    0.40592059347323833,
    0.40372943841451675
  ],
  "test_accuracy": [
    0.251,
    0.2677,
    0.302,
    0.2813,
    0.27590000000000003,
    0.2801,
    0.27090000000000003,
    0.25579999999999997,
    0.24450000000000002,
    0.25179999999999997,
    0.2467,
    0.2294,
    0.2395,
    0.22430000000000003,
    0.21860000000000004,
    0.2244,
    0.22679999999999997,
    0.22610000000000002,
    0.2536,
    0.24710000000000001,
    0.2501,
    0.26030000000000003,
    0.2633,
    0.2559,
    0.2759,
    0.2874,
    0.28290000000000004,
    0.28800000000000003,
    0.3001,
    0.30040000000000006,
    0.3007,
    0.2981,
    0.31120000000000003,
    0.3053,
    0.31989999999999996,
    0.32889999999999997,
    0.34299999999999997,
    0.3548,
    0.3639,
    0.35119999999999996,
    0.3664,
    0.3673,
    0.37950000000000006,
    0.39469999999999994,
    0.3823,
    0.38739999999999997,
    0.38280000000000003,
    0.3928,
    0.41930000000000006,
    0.3924
  ]
}