{
  "setting": "setting_29",
  "train_accuracy": [
    0.1658087342079689,
    0.1949044126579203,
    0.19994286777210885,
    0.19189785289115646,
    0.18912190992468417,
    0.18532764668367346,
    0.1612495444606414,
    0.1426891627186589,
    0.12373208211856171,
    0.1163969494047619,
    0.11790212736880468,
    0.11814508169339165,
    0.1216195183430515,
    0.12002987578960156,
    0.11730707908163265,
    0.11537957817055394,
    0.11965785198007774,
    0.12714672922740525,
    0.13607245353498543,
    0.13886168306608357,
    0.13896133230077745,
    0.14299665178571427,
    0.1580977815233236,
    0.17168993713556852,
    0.17742403881195334,
    0.1844573767006803,
    0.20972652453838678,
    0.25572935647473277,
    0.26621909924684156,
    0.2605523794339164,
    0.280579977526725,
    0.315163956207483,
    0.33223339559037907,
    0.3435905612244898,
    0.35103957877793973,
    0.35843450103255586,
    0.37179603984450926,
    0.3814553723275025,
    0.38550682549805637,
    0.3861806441326531,
    0.3907939291788144,
    0.39213302508503406,
    0.3944420402089407,
    0.3923161898688046,
    0.3934825604348883,
    0.3964720374757046,
    0.3970575953595724,
    0.39758526178328474,
    0.40125425170068024,
    0.3971562955539359
  ],
  "test_accuracy": [
    0.19770000000000001,
    0.1981,
    0.19330000000000003,
    0.18719999999999998,
    0.1965,
    0.17539999999999997,
    0.1497,
    0.1322,
    0.1163,
    0.11740000000000002,
    0.1152,
    0.11939999999999999,
    0.1206,
    0.1153,
    0.11560000000000001,
    0.11469999999999998,
    0.12010000000000003,
    0.1279,
    0.1426,
    0.1431,
    0.13729999999999998,
    0.146,
    0.1716,
    0.179,
    0.19290000000000002,
    0.19429999999999997,
    0.23560000000000003,
    0.27690000000000003,
    0.2768,
    0.269,
    0.3064,
    0.32809999999999995,
    0.35000000000000003,
    0.34659999999999996,
    0.3656,
    0.3651,
    0.3794,
    0.3869,
    0.3936,
    0.3879,
    0.39469999999999994,
    0.38910000000000006,
    0.4013,
    0.3983,
    0.4008999999999999,
    0.40230000000000005,
    0.40279999999999994,
    0.4058,
    0.406,
    0.41059999999999997
  ]
}