{
  "setting": "setting_27",
  "train_accuracy": [
    0.12294996803069053,
    0.16270780051150896,
    0.1742247442455243,
    0.1940656969309463,
    0.20583839514066496,
    0.2154891304347826,
    0.23272458439897697,
    0.2273817135549872,
    0.22580322890025575,
    0.22756953324808182,
    0.2475943094629156,
    0.25756074168797954,
    0.26236413043478257,
    0.2754036125319693,
    0.27458040281329926,
    0.2776694373401534,
    0.2770180626598466,
    0.2750159846547315,
    0.28730019181585675,
    0.28293238491048595,
    0.2826526534526854,
    0.2909406969309463,
    0.29454124040920715,
    0.2995484335038363,
    0.3068654092071611,
    0.3071371483375959,
    0.3120963874680307,
    0.30750479539641945,
    0.3061940537084399,
    0.30565057544757035,
    0.31074168797953966,
    0.30952685421994885,
    0.31443014705882355,
    0.31671994884910487,
    0.3185382033248082,
    0.3217830882352941,
    0.3250559462915601,
    0.324380594629156,
    0.32947969948849104,
    0.3258272058823529,
    0.328360773657289,
    0.33054667519181585,
    0.3304667519181586,
    0.3328804347826087,
    0.3337476023017903,
    0.33584558823529415,
    0.3363011508951407,
    0.3397738171355499,
    0.3381993286445013,
    0.34109255115089515
  ],
  "test_accuracy": [
    0.1581,
    0.16670000000000001,
    0.173,
    0.20900000000000002,
    0.20299999999999999,
    0.23679999999999998,
    0.2307,
    0.22980000000000006,
    0.23079999999999998,
    0.23750000000000004,
    0.2606,
    0.26030000000000003,
    0.2743,
    0.2732,
    0.2781,
    0.2828,
    0.27430000000000004,
    0.28629999999999994,
    0.28640000000000004,
    0.2897,
    0.2845,
    0.29540000000000005,
    0.2981,
    0.3047,
    0.31520000000000004,
    0.32139999999999996,
    0.3169,
    0.31049999999999994,
    0.30989999999999995,
    0.30989999999999995,
    0.3122,
    0.30700000000000005,
    0.32,
    0.3214,
    0.32499999999999996,
    0.328,
    0.32970000000000005,
    0.3291,
    0.3342,
    0.3294,
    0.3347,
    0.3316,
    0.3441,
    0.335,
    0.34199999999999997,
    0.3412,
    0.3398,
    0.34580000000000005,
    0.3467,
    0.34619999999999995
  ]
}