{
  "setting": "setting_13",
  "train_accuracy": [
    0.14979671556122448,
    0.1993781887755102,
    0.21764987244897957,
    0.2432517538265306,
    0.25931122448979593,
    0.26588807397959185,
    0.27003348214285716,
    0.2664939413265306,
    0.27104193239795915,
    0.2754544005102041,
    0.2777622767857143,
    0.27666214923469384,
    0.27256058673469385,
    0.2688815369897959,
    0.2619858099489796,
    0.263069993622449,
    0.2540138711734694,
    0.2515904017857143,
    0.2548230229591837,
    0.25436463647959184,
    0.2554567920918367,
    0.26052295918367346,
    0.2651865433673469,
    0.2674625318877551,
    0.27411910076530616,
    0.2725845025510204,
    0.2756935586734694,
    0.27792968749999997,
    0.28001036352040815,
    0.2870575573979592,
    0.293148118622449,
    0.29307238520408163,
    0.29320392219387753,
    0.3016780931122449,
    0.3034359056122449,
    0.3026466836734694,
    0.3085339604591837,
    0.308968431122449,
    0.3120854591836735,
    0.31216517857142856,
    0.3154336734693878,
    0.31790896045918365,
    0.3242825255102041,
    0.32679767219387756,
    0.3260363520408163,
    0.330452806122449,
    0.33511639030612245,
    0.33511639030612245,
    0.34116310586734694,
    0.3444515306122449
  ],
  "test_accuracy": [
    0.191,
    0.21340000000000003,
    0.2303,
    0.2512,
    0.26760000000000006,
    0.27480000000000004,
    0.2768,
    0.26949999999999996,
    0.2762,
    0.2812,
    0.2754,
    0.2794,
    0.2694,
    0.2739,
    0.2625,
    0.2642,
    0.2526,
    0.2484,
    0.25730000000000003,
    0.25620000000000004,
    0.265,
    0.2698,
    0.2666,
    0.27470000000000006,
    0.2818,
    0.27430000000000004,
    0.28040000000000004,
    0.2853,
    0.2804,
    0.2948,
    0.29480000000000006,
    0.297,
    0.2961,
    0.30660000000000004,
    0.3085,
    0.3068,
    0.3118,
    0.31290000000000007,
    0.31300000000000006,
    0.3126,
    0.32639999999999997,
    0.3231,
    0.32930000000000004,
    0.33120000000000005,
    0.329,
    0.3332,
    0.34009999999999996,
    0.3388,
    0.3495,
    0.34829999999999994
  ]
}