{
  "setting": "setting_19",
  "train_accuracy": [
    0.16929171222060252,
    0.23309189747327502,
    0.2660027180515063,
    0.26816463192419826,
    0.2673949602162293,
    0.2549179269922255,
    0.2496393646744412,
    0.237824761601069,
    0.23082653820456756,
    0.21951113034499517,
    0.22140826196550048,
    0.2193811118197279,
    0.21585447795189505,
    0.21575198159620992,
    0.21726664996355688,
    0.2227302751457726,
    0.22968674076773565,
    0.2325917532191448,
    0.23906990251457727,
    0.24027992893586006,
    0.24832209669582117,
    0.2502923044217687,
    0.2502401072035957,
    0.2579871234207969,
    0.26508594509232264,
    0.2738247084548105,
    0.2746940293974733,
    0.27432769982993194,
    0.27710838799805637,
    0.2784844964771623,
    0.2827675154883382,
    0.28722990312196306,
    0.28583291575558795,
    0.28556149022108845,
    0.2822863520408163,
    0.2871928905490768,
    0.293466047133139,
    0.2985680879494655,
    0.29994419642857145,
    0.3006161169825073,
    0.3056431836127308,
    0.30421297983479106,
    0.31385522959183676,
    0.3140991329567541,
    0.31111250303692906,
    0.3224288599368319,
    0.3247957665208941,
    0.32985415148202135,
    0.3377814853620019,
    0.3373335383260447
  ],
  "test_accuracy": [
    0.2113,
    0.2552,
    0.2732,
    0.2749,
    0.26280000000000003,
    0.2527,
    0.2395,
    0.22799999999999998,
    0.227,
    0.21739999999999998,
    0.2253,
    0.2156,
    0.2162,
    0.22000000000000003,
    0.2145,
    0.23049999999999998,
    0.23079999999999998,
    0.2271,
    0.2351,
    0.24000000000000005,
    0.2476,
    0.25260000000000005,
    0.2503,
    0.259,
    0.2695,
    0.27,
    0.2754,
    0.2874,
    0.273,
    0.28480000000000005,
    0.2878,
    0.2879,
    0.2882,
    0.2883,
    0.2854,
    0.2865,
    0.289,
    0.2987,
    0.2978,
    0.3035,
    0.3085,
    0.30579999999999996,
    0.31880000000000003,
    0.319,
    0.3165,
    0.33680000000000004,
    0.3288,
    0.3398,
    0.3423,
    0.3437
  ]
}