{
  "setting": "setting_0",
  "train_accuracy": [
    0.3146379475703325,
    0.46341512148337594,
    0.5371043797953964,
    0.5915920716112532,
    0.6314138427109974,
    0.6608855498721228,
    0.6822650255754475,
    0.6951126918158568,
    0.7139346227621484,
    0.7219269501278772,
    0.7374920076726342,
    0.7465233375959079,
    0.7533967391304348,
    0.756074168797954,
    0.765065537084399,
    0.771699168797954,
    0.7779331841432225,
    0.7836277173913043,
    0.789621962915601,
    0.7947370524296675,
    0.7995124680306905,
    0.8027693414322251,
    0.8053668478260869,
    0.8101422634271099,
    0.8153772378516624,
    0.8187939578005116,
    0.8242687020460358,
    0.8282249040920716,
    0.8297834079283888,
    0.8310222186700768,
    0.8379555626598465,
    0.8386149296675192,
    0.8419117647058824,
    0.8445692135549873,
    0.8440497122762148,
    0.8472066815856778,
    0.8517822890025576,
    0.8503636508951407,
    0.8516024616368286,
    0.8563778772378516,
    0.8584558823529411,
    0.8593949808184144,
    0.8607736572890026,
    0.8605738491048593,
    0.8654291879795396,
    0.8656889386189258,
    0.8675671355498721,
    0.8684662723785166,
    0.8687260230179028,
    0.8698849104859335
  ],
  "test_accuracy": [
    0.3622,
    0.39139999999999997,
    0.5431,
    0.6159,
    0.5859,
    0.6714,
    0.6759000000000001,
    0.6686,
    0.704,
    0.5640999999999999,
    0.7064999999999999,
    0.7158,
    0.7196,
    0.7464999999999999,
    0.6778000000000001,
    0.7631,
    0.7486999999999999,
    0.7613999999999999,
    0.7248,
    0.7821,
    0.7865,
    0.7867,
    0.7766000000000001,
    0.7706000000000001,
    0.7926000000000001,
    0.7866,
    0.7749,
    0.8061999999999999,
    0.8112,
    0.8051999999999999,
    0.8083,
    0.8143,
    0.8105,
    0.8135999999999999,
    0.8135,
    0.8098000000000001,
    0.8192999999999999,
    0.8183,
    0.8242999999999998,
    0.8234999999999999,
    0.8253,
    0.819,
    0.8318,
    0.8233999999999998,
    0.8295,
    0.8201,
    0.8291999999999998,
    0.8285,
    0.8294,
    0.8277000000000001
  ]
}