{
  "setting": "setting_2",
  "train_accuracy": [
    0.5869314143567874,
    0.6313854832977968,
    0.6016013681592041,
    0.5971093194740582,
    0.6164601101634685,
    0.5926839019189766,
    0.5949604655294953,
    0.5912402274342573,
    0.5893356876332623,
    0.5914123578535891,
    0.5945162579957356,
    0.5940165245202559,
    0.6002742981520967,
    0.6032227256574271,
    0.6077758528784648,
    0.615177460909737,
    0.6219571783937456,
    0.623073249822317,
    0.6174151563610518,
    0.6251610252309879,
    0.6269100923951669,
    0.6326514747690121,
    0.6369824982231699,
    0.6365049751243781,
    0.6459166222459133,
    0.6493425728500356,
    0.6497145966595593,
    0.6458888592750534,
    0.6494036513859275,
    0.652296552949538,
    0.6572050461975836,
    0.6620857764747691,
    0.660042421819474,
    0.6677161069651741,
    0.665994802771855,
    0.6674940031982942,
    0.6751288201847904,
    0.6769778340440654,
    0.679570895522388,
    0.6800484186211798,
    0.6840518390191898,
    0.6882384950248757,
    0.6904817430703625,
    0.6884883617626155,
    0.6860840884861408,
    0.6890935945273632,
    0.689443407960199,
    0.6922419154228855,
    0.6977667466240228,
    0.6922197050461977
  ],
  "test_accuracy": [
    0.6643000000000001,
    0.6197,
    0.5957000000000001,
    0.6189,
    0.6326,
    0.5846,
    0.6065,
    0.6058,
    0.5942999999999999,
    0.5966,
    0.6125,
    0.6132000000000001,
    0.6113000000000001,
    0.621,
    0.6243,
    0.6283,
    0.6292000000000001,
    0.6359,
    0.6352,
    0.6352999999999999,
    0.6312999999999999,
    0.6443,
    0.65,
    0.647,
    0.6588,
    0.6543,
    0.6540999999999999,
    0.6504999999999999,
    0.6522,
    0.6607999999999999,
    0.6705,
    0.6706,
    0.6719,
    0.6658999999999999,
    0.6761999999999999,
    0.6886,
    0.6805999999999999,
    0.6859999999999999,
    0.6832,
    0.6954,
    0.7006999999999999,
    0.701,
    0.6946,
    0.6958,
    0.7001000000000001,
    0.6943,
    0.7018,
    0.7047,
    0.7099,
    0.7063
  ]
}