{
  "setting": "setting_17",
  "train_accuracy": [
    0.5205945717839375,
    0.50786802594172,
    0.46596259772565746,
    0.4537080223880597,
    0.44209754797441364,
    0.44370780028429285,
    0.44070384683724234,
    0.4488439498933902,
    0.46999933368869934,
    0.4663568319118692,
    0.4717317430703625,
    0.4661180703624733,
    0.47150408670931054,
    0.4742526208244492,
    0.4783448827292111,
    0.4860019100923952,
    0.48036602700781805,
    0.48963330668088134,
    0.4847081556503198,
    0.4956245557924662,
    0.498034381663113,
    0.5067297441364605,
    0.51948960554371,
    0.5218328002842928,
    0.5172741204690832,
    0.5212275675195451,
    0.5230432658137882,
    0.5235485518834398,
    0.5204279939587776,
    0.527490893745558,
    0.5274131574271499,
    0.5355532604832979,
    0.5368192519545132,
    0.5335987473347548,
    0.5323660714285714,
    0.5333322228144989,
    0.5441708866382373,
    0.550700737384506,
    0.5539934257285004,
    0.5610785358919687,
    0.5668476812366737,
    0.5676694651741294,
    0.568413512793177,
    0.5760427771855011,
    0.5766313521677328,
    0.578075026652452,
    0.580068407960199,
    0.5813954779673064,
    0.5866537846481876,
    0.5859763681592041
  ],
  "test_accuracy": [
    0.5275000000000001,
    0.4838,
    0.4514,
    0.4654999999999999,
    0.4537,
    0.4384,
    0.4356,
    0.4673999999999999,
    0.48150000000000004,
    0.46240000000000003,
    0.47350000000000003,
    0.47650000000000003,
    0.48630000000000007,
    0.49799999999999994,
    0.48629999999999995,
    0.4934,
    0.49190000000000006,
    0.4991,
    0.5123,
    0.5113,
    0.5093,
    0.5142,
    0.5353999999999999,
    0.5353000000000001,
    0.5218,
    0.5273,
    0.5374000000000001,
    0.5381,
    0.5278,
    0.542,
    0.5446,
    0.5525,
    0.5351000000000001,
    0.5448,
    0.5412,
    0.5489,
    0.5671,
    0.5595000000000001,
    0.5669,
    0.5716,
    0.5796,
    0.5850000000000001,
    0.5847,
    0.587,
    0.5943,
    0.5870000000000001,
    0.5926,
    0.5892999999999999,
    0.5920000000000001,
    0.5871000000000001
  ]
}