{
  "setting": "setting_0",
  "train_accuracy": [
    0.21492563838090992,
    0.46091485002230154,
    0.5753068200825155,
    0.6223098795718109,
    0.6681333979148082,
    0.7019289069469223,
    0.729334508809099,
    0.7537921289585191,
    0.7734488249888491,
    0.7900486451828724,
    0.8036177241302409,
    0.8157642102475468,
    0.821824821587868,
    0.8366109012600357,
    0.8374681158006244,
    0.8486119048282783,
    0.8575325114295271,
    0.8602165337867975,
    0.8641349799286351,
    0.8680534260704729,
    0.8766081484165923,
    0.8772963592774308,
    0.8823960888715433,
    0.8879897622100803,
    0.8893034609165923,
    0.8882850830731489,
    0.8955626951382695,
    0.8961411407225692,
    0.896525319190455,
    0.8983451577832293,
    0.9012974952609278,
    0.9033307663358608,
    0.9049946685437109,
    0.9074713564897413,
    0.9075053314562891,
    0.9083329267952721,
    0.9098426349241748,
    0.9124186343108831,
    0.9122409191012489,
    0.9123489420718109,
    0.9126172571922391,
    0.9152385565343443,
    0.914669693632917,
    0.9161280037355041,
    0.9148064646520964,
    0.9175593080954505,
    0.9179800749888491,
    0.9164520726471901,
    0.9172648583853702,
    0.9183799342105263
  ],
  "test_accuracy": [
    0.38625239158163266,
    0.5544981664540816,
    0.614144212372449,
    0.662109375,
    0.6934470663265306,
    0.7310108418367347,
    0.7582948022959184,
    0.7780532525510204,
    0.7922712053571429,
    0.8102220184948979,
    0.8230867346938776,
    0.8405293367346939,
    0.8440748565051021,
    0.8499481823979591,
    0.8570850605867347,
    0.8618761957908163,
    0.8687699298469388,
    0.873307955994898,
    0.8825454400510203,
    0.881804049744898,
    0.8858816964285714,
    0.8906748246173469,
    0.8916952327806122,
    0.8951132015306122,
    0.8978854432397959,
    0.9001973054846939,
    0.9010463169642857,
    0.9049605389030612,
    0.9096699617346939,
    0.9054926658163265,
    0.9118104272959183,
    0.9109394929846939,
    0.9163843271683673,
    0.9142817283163265,
    0.9156329719387756,
    0.9179109534438776,
    0.9153260522959183,
    0.9181720344387756,
    0.9197046396683672,
    0.9203503667091837,
    0.9202905771683673,
    0.9230110012755102,
    0.9230927136479592,
    0.9229791135204082,
    0.9243622448979592,
    0.9215302136479592,
    0.9216278698979592,
    0.9272241709183673,
    0.922395169005102,
    0.9241509885204081
  ]
}