{
  "setting": "setting_5",
  "train_accuracy": [
    0.3563921721677074,
    0.5701844405107048,
    0.6125520949487065,
    0.6500526176404995,
    0.6838646785793935,
    0.7111979747435325,
    0.735725287132025,
    0.7624330954504906,
    0.7800277723572703,
    0.7986112079058876,
    0.8093481684879572,
    0.8192871529326494,
    0.8267494494313113,
    0.8348468164585191,
    0.8400632805530777,
    0.8448014816570026,
    0.8488209815454951,
    0.8550784734611954,
    0.8572990424286351,
    0.8612235866413915,
    0.8646872909232828,
    0.8681501240521855,
    0.8702626700490634,
    0.8753850496208743,
    0.8785725984054417,
    0.8806999540031223,
    0.8854224743532559,
    0.8855557607604817,
    0.889382735838537,
    0.8908349478702051,
    0.8933238319580732,
    0.895574891280107,
    0.8972492473238179,
    0.8980341561663693,
    0.9010352782114184,
    0.9025502132582516,
    0.9049354301404995,
    0.9045739016503122,
    0.9062290923282783,
    0.9097354831066012,
    0.9084453055307761,
    0.9107320821253345,
    0.9112835219669937,
    0.9132096412243532,
    0.9135650716436218,
    0.915380554471454,
    0.9149049049397859,
    0.9151592816123997,
    0.9164346495874219,
    0.91732496794157
  ],
  "test_accuracy": [
    0.5375,
    0.5979,
    0.6496999999999999,
    0.6775,
    0.7087,
    0.7311000000000001,
    0.7602000000000001,
    0.7851,
    0.8054,
    0.8130000000000001,
    0.8232000000000002,
    0.833,
    0.8413999999999999,
    0.852,
    0.8513000000000002,
    0.8582000000000001,
    0.8615,
    0.8674,
    0.8696999999999999,
    0.8727,
    0.8777999999999999,
    0.8783000000000001,
    0.8793000000000001,
    0.8843,
    0.8877,
    0.8896000000000001,
    0.8940999999999999,
    0.8915,
    0.8952,
    0.8972000000000001,
    0.9013000000000002,
    0.9007000000000002,
    0.9064,
    0.9058999999999999,
    0.9099999999999999,
    0.9097,
    0.9125000000000002,
    0.9136000000000001,
    0.9141999999999999,
    0.9161999999999999,
    0.9132,
    0.9144,
    0.9185000000000001,
    0.9189,
    0.9188000000000001,
    0.9225,
    0.9180000000000001,
    0.9198000000000001,
    0.9182,
    0.921
  ]
}