{
  "setting": "setting_24",
  "train_accuracy": [
    0.469434145480226,
    0.6682556497175142,
    0.759671830861582,
    0.806888903601695,
    0.833101606638418,
    0.8481638418079096,
    0.8586853372175142,
    0.8646329890536723,
    0.8707958156779662,
    0.872462040960452,
    0.8796731550141244,
    0.8805504060734464,
    0.8852180437853108,
    0.8839600988700566,
    0.8852345956920904,
    0.884815280720339,
    0.8893780896892655,
    0.8915132856638418,
    0.8932567531779662,
    0.8915188029661016,
    0.8913477665960452,
    0.8949781514830508,
    0.892627780720339,
    0.8956954007768362,
    0.8961643714689265,
    0.8954912605932204,
    0.9010416666666667,
    0.8998995850988701,
    0.9019685734463277,
    0.9014720162429379,
    0.9022334039548023,
    0.9039768714689265,
    0.9051630914548023,
    0.9069506973870057,
    0.9064706920903955,
    0.9065258651129943,
    0.9081755384887006,
    0.9098527983757062,
    0.9101010769774011,
    0.909323137358757,
    0.9107355667372882,
    0.9113700564971752,
    0.9115079890536723,
    0.9128266242937854,
    0.9130638682909604,
    0.9146638859463277,
    0.9137756002824858,
    0.9152487199858756,
    0.9157176906779662,
    0.9156570003531074
  ],
  "test_accuracy": [
    0.6239,
    0.7259,
    0.8017,
    0.8261,
    0.8493999999999999,
    0.8593999999999999,
    0.8667999999999999,
    0.8733000000000001,
    0.882,
    0.8846999999999999,
    0.8831,
    0.8846,
    0.8901999999999999,
    0.891,
    0.8918000000000001,
    0.8920999999999999,
    0.8919,
    0.8966,
    0.8981,
    0.9003,
    0.8948,
    0.9008,
    0.8965,
    0.9041,
    0.9038999999999999,
    0.9056,
    0.9086000000000002,
    0.8987999999999999,
    0.908,
    0.9058999999999999,
    0.9124000000000001,
    0.9073,
    0.9099999999999998,
    0.9128999999999999,
    0.9104000000000001,
    0.9138,
    0.9145000000000001,
    0.9152000000000001,
    0.9116,
    0.9137000000000001,
    0.9179999999999999,
    0.9109,
    0.9188000000000001,
    0.9188000000000001,
    0.9204000000000001,
    0.9204000000000001,
    0.9149999999999998,
    0.9209000000000002,
    0.9201,
    0.9198999999999999
  ]
}