{
  "setting": "setting_9",
  "train_accuracy": [
    0.4657320356638418,
    0.6423739848163842,
    0.7145237464689265,
    0.774463718220339,
    0.8088640978107345,
    0.827733271539548,
    0.8415596310028248,
    0.8514080155367231,
    0.8600922492937854,
    0.8665695621468926,
    0.8741944738700566,
    0.8762027718926553,
    0.8831766419491526,
    0.8862166754943502,
    0.8901449947033898,
    0.893510549081921,
    0.898586467161017,
    0.9011575300141244,
    0.9011961511299434,
    0.9023713365112994,
    0.9013671875,
    0.905174126059322,
    0.904445842161017,
    0.9072431144067796,
    0.9085065766242938,
    0.9089203742937854,
    0.9111659163135594,
    0.9116790254237288,
    0.9141838806497176,
    0.9151218220338984,
    0.915916313559322,
    0.9163466631355932,
    0.9177811617231638,
    0.9184763418079096,
    0.9182832362288136,
    0.9176542637711864,
    0.9204239495056498,
    0.9207715395480226,
    0.920015669138418,
    0.920655676200565,
    0.9238832980225989,
    0.9236957097457628,
    0.9238557115112994,
    0.9231329449152542,
    0.9256267655367231,
    0.9239936440677966,
    0.9255164194915254,
    0.9247715836864406,
    0.9250805526129943,
    0.9260405632062146
  ],
  "test_accuracy": [
    0.6126999999999999,
    0.6877000000000001,
    0.7644,
    0.7982000000000001,
    0.8305000000000001,
    0.8413,
    0.8523999999999999,
    0.8637,
    0.8723000000000001,
    0.8793,
    0.8780000000000001,
    0.8846,
    0.8938,
    0.8935000000000001,
    0.8969000000000001,
    0.9029999999999999,
    0.9031999999999998,
    0.9087999999999999,
    0.9068999999999999,
    0.9099999999999999,
    0.9061999999999999,
    0.9122,
    0.9115000000000002,
    0.9116000000000002,
    0.9175000000000001,
    0.9156000000000001,
    0.9202999999999999,
    0.9154,
    0.9196000000000002,
    0.9179,
    0.9219999999999999,
    0.9189,
    0.9233,
    0.9246000000000001,
    0.9238,
    0.9261999999999999,
    0.9293999999999999,
    0.9285,
    0.9262,
    0.9289,
    0.9282,
    0.9269000000000001,
    0.9289999999999999,
    0.9297999999999998,
    0.9304,
    0.9315000000000001,
    0.9319000000000001,
    0.9298000000000002,
    0.9303000000000001,
    0.9294
  ]
}