{
  "setting": "setting_14",
  "train_accuracy": [
    0.46215682379943507,
    0.6549920550847458,
    0.719627251059322,
    0.7721905896892655,
    0.8087703036723164,
    0.8278381002824858,
    0.8426851606638418,
    0.8540342514124294,
    0.8642909163135594,
    0.8675626765536723,
    0.8734551553672316,
    0.8783048640536723,
    0.8830773305084746,
    0.8846607962570621,
    0.8895436087570621,
    0.8914967337570621,
    0.8937808968926553,
    0.894338144420904,
    0.8970471398305084,
    0.8964678230932204,
    0.8972954184322034,
    0.8974223163841808,
    0.9015051200564972,
    0.9014444297316384,
    0.9023106461864406,
    0.9038720427259888,
    0.9052017125706214,
    0.9025258209745762,
    0.9047989495056498,
    0.9052127471751413,
    0.9073313912429379,
    0.9060789636299434,
    0.908495542019774,
    0.9071934586864406,
    0.9091631355932204,
    0.9100955596751413,
    0.9128100723870057,
    0.9121259269067796,
    0.9124624823446328,
    0.913670771539548,
    0.9137811175847458,
    0.9147080243644068,
    0.9130086952683616,
    0.915723207980226,
    0.9148845780367231,
    0.9172294314971752,
    0.9161314883474576,
    0.9173894332627118,
    0.9188294491525424,
    0.9184101341807909
  ],
  "test_accuracy": [
    0.6134,
    0.6992999999999998,
    0.7633,
    0.8008,
    0.8346,
    0.8459999999999999,
    0.8568,
    0.8731,
    0.8712000000000002,
    0.8791,
    0.8839,
    0.8885,
    0.8915000000000001,
    0.8993,
    0.9,
    0.9036,
    0.8979000000000001,
    0.901,
    0.9018,
    0.9027,
    0.9042,
    0.9017000000000002,
    0.9051,
    0.9061,
    0.9074,
    0.9099,
    0.9104999999999999,
    0.9077000000000002,
    0.9099,
    0.9141,
    0.9086000000000001,
    0.9116,
    0.9123999999999999,
    0.9142000000000001,
    0.9192,
    0.9171000000000001,
    0.9145,
    0.9188000000000001,
    0.9177000000000002,
    0.9193,
    0.9182,
    0.9197000000000001,
    0.9176,
    0.9164999999999999,
    0.9186,
    0.9228,
    0.9207000000000001,
    0.9244,
    0.9219000000000002,
    0.924
  ]
}