{
  "setting": "setting_20",
  "train_accuracy": [
    0.356611702720785,
    0.575212735559768,
    0.6321312583630687,
    0.6780305670160571,
    0.7231937513938448,
    0.7631666062667262,
    0.7889030790031223,
    0.8089692169380017,
    0.8194561566123997,
    0.8337901078835861,
    0.8433910849687779,
    0.8500702149308653,
    0.8566038623438894,
    0.8633561691570026,
    0.8672066653657449,
    0.872003233719893,
    0.8759469432983943,
    0.8805056868867083,
    0.8840181757359501,
    0.8883120888157895,
    0.8917261373773416,
    0.8961097792149867,
    0.8986927478256022,
    0.9027340265388046,
    0.9061925039027654,
    0.9077675485057983,
    0.9125554053300624,
    0.9121206999888491,
    0.9146662090209634,
    0.9162037940454951,
    0.9184478841436218,
    0.9200769402319358,
    0.9204924802074042,
    0.9224525744313113,
    0.9248482451494201,
    0.9252585582069581,
    0.9273937541815344,
    0.9264633627899197,
    0.9277883864852811,
    0.9296657211752899,
    0.9288930084745762,
    0.9298504056088315,
    0.9302894667149867,
    0.9320805572591436,
    0.9315613500780553,
    0.9341234110169492,
    0.932833233441124,
    0.9333236925735949,
    0.9339160766057092,
    0.9353813559322034
  ],
  "test_accuracy": [
    0.5371,
    0.6098,
    0.6710999999999999,
    0.7114999999999999,
    0.7561,
    0.7891999999999999,
    0.8094999999999999,
    0.8267999999999999,
    0.8438000000000001,
    0.8506,
    0.8541000000000001,
    0.8611000000000001,
    0.8680999999999999,
    0.8765000000000001,
    0.8814,
    0.8846,
    0.8846999999999999,
    0.8937000000000002,
    0.8947,
    0.898,
    0.9004,
    0.9042000000000001,
    0.9078000000000002,
    0.9092,
    0.9149,
    0.9159,
    0.9206,
    0.9148,
    0.9186,
    0.9221,
    0.9273,
    0.9268000000000001,
    0.9281,
    0.9306000000000001,
    0.9293000000000001,
    0.9311,
    0.9324999999999999,
    0.9332,
    0.9328,
    0.9365,
    0.9333,
    0.9347,
    0.9384,
    0.9343999999999999,
    0.9388,
    0.9389,
    0.9353999999999999,
    0.9376,
    0.9359999999999999,
    0.9388
  ]
}