{
  "setting": "setting_18",
  "train_accuracy": [
    0.5727615248226949,
    0.7436558067375886,
    0.7711934840425532,
    0.7820090868794327,
    0.7763851950354609,
    0.7730551861702127,
    0.7831615691489362,
    0.7831061613475178,
    0.7889849290780141,
    0.7904310726950354,
    0.7839317375886524,
    0.7858488475177305,
    0.7850066489361702,
    0.7897828014184396,
    0.7911735372340426,
    0.7950797872340426,
    0.7963818705673759,
    0.7987477836879433,
    0.7995068705673758,
    0.8001163563829787,
    0.8012632978723404,
    0.8055795656028369,
    0.8031970301418438,
    0.8043273492907801,
    0.808200354609929,
    0.8075687056737588,
    0.8108710106382979,
    0.8119847074468085,
    0.816012854609929,
    0.8198249113475178,
    0.8198304521276596,
    0.8221243351063829,
    0.8216533687943263,
    0.8258311170212767,
    0.8274324024822695,
    0.8272107712765957,
    0.8283964982269503,
    0.8294880319148936,
    0.8327570921985816,
    0.8354000443262413,
    0.834513519503546,
    0.8369514627659574,
    0.8390015514184397,
    0.8387355939716311,
    0.8391899379432625,
    0.8395390070921986,
    0.8407746010638298,
    0.8420046542553191,
    0.8443096187943263,
    0.8416278812056737
  ],
  "test_accuracy": [
    0.7146,
    0.7763000000000001,
    0.7872,
    0.7876,
    0.781,
    0.7742,
    0.7942,
    0.7966,
    0.8010999999999999,
    0.7994,
    0.7842999999999999,
    0.7961,
    0.796,
    0.7975,
    0.8074999999999999,
    0.8047999999999998,
    0.8013,
    0.8100999999999999,
    0.8112,
    0.8048,
    0.8191,
    0.8215999999999999,
    0.8150000000000001,
    0.8189,
    0.8143,
    0.8171999999999999,
    0.8194000000000001,
    0.8176,
    0.8217000000000001,
    0.8170999999999999,
    0.8343,
    0.8316000000000001,
    0.8309999999999998,
    0.8322,
    0.8391,
    0.8343999999999999,
    0.8375,
    0.8404,
    0.8355,
    0.8423,
    0.8442999999999999,
    0.8439,
    0.8459,
    0.8394999999999999,
    0.8521999999999998,
    0.8477,
    0.8521000000000001,
    0.8485999999999999,
    0.8489000000000001,
    0.8501
  ]
}