{
  "setting": "setting_7",
  "train_accuracy": [
    0.5698682924662403,
    0.5852378731343284,
    0.548790644989339,
    0.5354311034115139,
    0.5610174573560768,
    0.5437488894811656,
    0.5336598258706468,
    0.5383628731343284,
    0.5297396943852168,
    0.5259250621890548,
    0.5321717306325515,
    0.525336487206823,
    0.5303671375266524,
    0.5211054104477612,
    0.5329213308457712,
    0.5423163201847904,
    0.5501232675906184,
    0.5509506041222458,
    0.5434323916133618,
    0.5457311656005687,
    0.5539767679459844,
    0.5510561034115139,
    0.5597625710732054,
    0.5631385483297797,
    0.5707511549395878,
    0.5711287313432836,
    0.5668199182658138,
    0.5676528073916134,
    0.5732442697228145,
    0.5793299129353234,
    0.580262748756219,
    0.5902851812366737,
    0.5902241027007818,
    0.595610119047619,
    0.5926950071073205,
    0.5920786691542288,
    0.6045553482587064,
    0.6066653340440654,
    0.6110907515991472,
    0.6106354388770433,
    0.6134339463397299,
    0.615282960199005,
    0.6213019722814499,
    0.6188754886282872,
    0.623123223169865,
    0.6234563788201848,
    0.6245780028429282,
    0.6270822228144989,
    0.6265103056147832,
    0.6292421819474058
  ],
  "test_accuracy": [
    0.6232,
    0.5681,
    0.5353999999999999,
    0.543,
    0.5761000000000001,
    0.5327,
    0.5511000000000001,
    0.5519000000000001,
    0.5243,
    0.5344,
    0.5348,
    0.5465000000000001,
    0.5336,
    0.5406,
    0.5410999999999999,
    0.5589999999999999,
    0.5630000000000001,
    0.5584000000000001,
    0.5603,
    0.5682,
    0.5537,
    0.5635000000000001,
    0.5742999999999999,
    0.5758,
    0.5826,
    0.581,
    0.5698000000000001,
    0.5713999999999999,
    0.5887,
    0.5800000000000001,
    0.6018,
    0.595,
    0.5995,
    0.6014999999999999,
    0.5983,
    0.6061,
    0.6194,
    0.6196999999999999,
    0.6177000000000001,
    0.6213,
    0.6232999999999999,
    0.623,
    0.6359,
    0.6315000000000001,
    0.6378,
    0.6295000000000001,
    0.6277,
    0.6363000000000001,
    0.6354,
    0.6418
  ]
}