{
  "setting": "setting_12",
  "train_accuracy": [
    0.5459865849324804,
    0.5443041488983653,
    0.5028096126510306,
    0.48720682302771856,
    0.4933368869936034,
    0.4874566897654584,
    0.4809212864250178,
    0.4783393301350391,
    0.4781061211798152,
    0.4820318052594172,
    0.48300350923951674,
    0.48562988628287135,
    0.49170442430703626,
    0.4928038379530917,
    0.4854744136460554,
    0.4890225213219616,
    0.4950970593461265,
    0.50403118336887,
    0.5081123400852878,
    0.5165967039800995,
    0.5286236229566453,
    0.5247645700071073,
    0.5275075515280739,
    0.5245202558635395,
    0.5282682569296375,
    0.5359919154228855,
    0.5422552416488984,
    0.546919420753376,
    0.5447150408670931,
    0.5472747867803838,
    0.5543876599147122,
    0.560367803837953,
    0.5596126510305615,
    0.5628164978678039,
    0.5623556325515281,
    0.5639880952380952,
    0.5737328980099503,
    0.5749044953802416,
    0.5779028962331201,
    0.5794298596304194,
    0.5824948916133618,
    0.5841384594882729,
    0.585887526652452,
    0.5899631307746979,
    0.5930392679459844,
    0.5917677238805971,
    0.5943496801705757,
    0.5963041933191188,
    0.5933168976545842,
    0.597459132906894
  ],
  "test_accuracy": [
    0.5673,
    0.5287,
    0.48729999999999996,
    0.4911,
    0.5055,
    0.47540000000000004,
    0.47970000000000007,
    0.4828,
    0.4739999999999999,
    0.4915,
    0.4969,
    0.4908,
    0.49879999999999997,
    0.48930000000000007,
    0.48629999999999995,
    0.5055,
    0.5001,
    0.5117999999999999,
    0.5253000000000001,
    0.5263,
    0.5301,
    0.5409,
    0.5302,
    0.5362,
    0.5288999999999999,
    0.5485000000000001,
    0.5539,
    0.5467000000000001,
    0.5423,
    0.5602,
    0.5721,
    0.5676,
    0.5730000000000001,
    0.5655,
    0.5743,
    0.5694999999999999,
    0.5818999999999999,
    0.5883,
    0.5913999999999999,
    0.5975,
    0.5906,
    0.5946,
    0.5889,
    0.6001000000000001,
    0.6003000000000001,
    0.6043999999999998,
    0.6018999999999999,
    0.6073999999999999,
    0.5992,
    0.6032
  ]
}