{
  "setting": "setting_11",
  "train_accuracy": [
    0.24653518123667378,
    0.2244469616204691,
    0.23552438699360342,
    0.20464085820895522,
    0.1906649786780384,
    0.18033715351812366,
    0.2013592750533049,
    0.20767257462686567,
    0.19442963752665246,
    0.19329690831556504,
    0.21003797974413646,
    0.21202025586353945,
    0.20913845948827292,
    0.22904450959488273,
    0.23330890191897655,
    0.23995535714285715,
    0.2427705223880597,
    0.23550772921108742,
    0.23539112473347548,
    0.23908915245202558,
    0.24203757995735609,
    0.24350346481876334,
    0.23031050106609807,
    0.23507462686567165,
    0.24855077292110875,
    0.2630263859275053,
    0.25672974413646055,
    0.2515658315565032,
    0.25399786780383793,
    0.26910647654584224,
    0.2707389392324094,
    0.26942297441364604,
    0.2670075959488273,
    0.2730876865671642,
    0.2779351012793177,
    0.27836820362473347,
    0.28804637526652455,
    0.287080223880597,
    0.2898953891257996,
    0.2864305703624733,
    0.2889458955223881,
    0.2951592484008529,
    0.2962253464818763,
    0.2965085287846482,
    0.30203891257995735,
    0.29914045842217485,
    0.3020222547974414,
    0.30626998933901917,
    0.3111174040511727,
    0.3098014392324094
  ],
  "test_accuracy": [
    0.2359,
    0.2425,
    0.22739999999999996,
    0.19119999999999998,
    0.1982,
    0.19549999999999998,
    0.1971,
    0.21789999999999998,
    0.1963,
    0.2113,
    0.2351,
    0.21710000000000002,
    0.21830000000000002,
    0.23970000000000002,
    0.23320000000000002,
    0.2427,
    0.24499999999999997,
    0.24710000000000001,
    0.2364,
    0.23479999999999998,
    0.2455,
    0.2351,
    0.23970000000000002,
    0.23399999999999999,
    0.26180000000000003,
    0.266,
    0.2619,
    0.2508,
    0.2708,
    0.2816,
    0.2758,
    0.2732,
    0.26689999999999997,
    0.2774,
    0.2895,
    0.2891,
    0.29760000000000003,
    0.2879,
    0.2903,
    0.28650000000000003,
    0.2928,
    0.29290000000000005,
    0.3,
    0.30639999999999995,
    0.2992,
    0.3051,
    0.3095,
    0.31300000000000006,
    0.3168,
    0.3099
  ]
}