{
  "setting": "setting_19",
  "train_accuracy": [
    0.4682699947033898,
    0.6603107344632769,
    0.747362729519774,
    0.7996888241525424,
    0.8271208509887006,
    0.8440589689265536,
    0.8557556497175142,
    0.8626798640536723,
    0.8697033898305084,
    0.873245497881356,
    0.8804510946327684,
    0.880958686440678,
    0.8871711687853108,
    0.8871380649717514,
    0.8889698093220338,
    0.8918774276129943,
    0.8945533192090396,
    0.8982719809322034,
    0.8987243997175142,
    0.8980512888418078,
    0.8971298993644068,
    0.9012844279661016,
    0.8993092337570621,
    0.9024099576271186,
    0.9035741084039548,
    0.9028568591101694,
    0.9072044932909604,
    0.9065810381355932,
    0.9108128089689265,
    0.9096431408898306,
    0.910790739759887,
    0.9114859198446328,
    0.9133397334039548,
    0.9138804290254238,
    0.9144156073446328,
    0.913130075918079,
    0.916109419138418,
    0.9156845868644068,
    0.9162418343926553,
    0.9166225282485875,
    0.9180515095338984,
    0.919188073799435,
    0.9167825300141244,
    0.9178584039548023,
    0.9191329007768362,
    0.9197177348163842,
    0.9195963541666667,
    0.9198942884887006,
    0.920799126059322,
    0.9213839600988701
  ],
  "test_accuracy": [
    0.6205,
    0.7156,
    0.7941,
    0.8196999999999999,
    0.8456999999999999,
    0.8567,
    0.8656,
    0.8694,
    0.8801,
    0.8859000000000001,
    0.8844,
    0.8873000000000001,
    0.8934000000000001,
    0.8928,
    0.8966,
    0.8984,
    0.9003,
    0.9029,
    0.9019,
    0.9057999999999999,
    0.9001000000000001,
    0.9093,
    0.9061000000000001,
    0.9118,
    0.9102,
    0.9134,
    0.9126000000000001,
    0.9075999999999999,
    0.9155,
    0.9141999999999999,
    0.9189,
    0.9136,
    0.9161999999999999,
    0.9208999999999999,
    0.9183,
    0.9202,
    0.9227000000000001,
    0.9237,
    0.9208000000000001,
    0.9234,
    0.9248000000000001,
    0.9178999999999998,
    0.9218000000000002,
    0.9262999999999998,
    0.9257,
    0.9265000000000001,
    0.9244,
    0.9267,
    0.9263999999999999,
    0.9236999999999999
  ]
}