{
  "setting": "setting_21",
  "train_accuracy": [
    0.2052738539445629,
    0.19672841151385928,
    0.17573960554371001,
    0.16667777185501065,
    0.15511727078891258,
    0.17260794243070363,
    0.17314099147121534,
    0.1701592484008529,
    0.15441764392324095,
    0.1455057302771855,
    0.15668310234541577,
    0.16764392324093816,
    0.1603478144989339,
    0.17800506396588486,
    0.1871335287846482,
    0.19323027718550106,
    0.20544043176972282,
    0.2146688432835821,
    0.22036580490405117,
    0.2166344616204691,
    0.20415778251599148,
    0.19944363006396587,
    0.1990271855010661,
    0.19652851812366737,
    0.19209754797441364,
    0.1583655383795309,
    0.16664445628997868,
    0.18468483475479744,
    0.2007762526652452,
    0.21082089552238806,
    0.22544642857142858,
    0.2286946961620469,
    0.22967750533049042,
    0.2386227345415778,
    0.2470682302771855,
    0.24916711087420043,
    0.25279850746268656,
    0.2604444296375267,
    0.26963952558635396,
    0.2632762526652452,
    0.2687233475479744,
    0.26087753198294245,
    0.26137726545842216,
    0.26280983475479747,
    0.27528651385927505,
    0.27513659381663114,
    0.27860141257995735,
    0.2817830490405117,
    0.28409848081023453,
    0.27895122601279315
  ],
  "test_accuracy": [
    0.19060000000000002,
    0.1708,
    0.15699999999999997,
    0.17009999999999997,
    0.16499999999999998,
    0.17729999999999999,
    0.1705,
    0.1725,
    0.1387,
    0.1675,
    0.15509999999999996,
    0.183,
    0.17159999999999997,
    0.17980000000000002,
    0.1922,
    0.1941,
    0.21790000000000004,
    0.2272,
    0.2166,
    0.24500000000000002,
    0.1925,
    0.2001,
    0.21070000000000003,
    0.2032,
    0.1486,
    0.16069999999999998,
    0.1783,
    0.19080000000000003,
    0.2065,
    0.2136,
    0.23600000000000004,
    0.2133,
    0.2435,
    0.25240000000000007,
    0.2487,
    0.2521,
    0.26599999999999996,
    0.27349999999999997,
    0.2671,
    0.2753,
    0.2673,
    0.2663,
    0.2653,
    0.2693,
    0.2774,
    0.2875,
    0.28719999999999996,
    0.2929,
    0.27949999999999997,
    0.28909999999999997
  ]
}