{
  "setting": "setting_10",
  "train_accuracy": [
    0.3562423338537021,
    0.5734251296275646,
    0.6212122268064229,
    0.6609916857158787,
    0.6976933611173061,
    0.7308921303523639,
    0.7592002467105263,
    0.7839375069692239,
    0.7972452400200714,
    0.8141525772190009,
    0.823043564618644,
    0.8329442183318465,
    0.8394412773193577,
    0.8467842258586085,
    0.8509892813336307,
    0.856246689618644,
    0.8605214373327387,
    0.8668207445918823,
    0.8691301711641392,
    0.8736122532894737,
    0.8771735267060661,
    0.8802669909678857,
    0.8830363863180196,
    0.8877832989518287,
    0.8911442071810883,
    0.8930337380129348,
    0.8982728520851918,
    0.8980489657671722,
    0.902019681088314,
    0.9037811524308653,
    0.9066054304192686,
    0.9087353994759143,
    0.9093626296275646,
    0.9107860936106155,
    0.9133795160570918,
    0.9153483218108831,
    0.9172570180084746,
    0.9159459327609278,
    0.9184731475802854,
    0.9211083853702051,
    0.9200359960414809,
    0.9213836697145407,
    0.922248724632025,
    0.9243560437109724,
    0.9240729189897413,
    0.9266105876449598,
    0.9254284330396967,
    0.9262115995762712,
    0.9265156319692239,
    0.9281072284790366
  ],
  "test_accuracy": [
    0.536,
    0.6037,
    0.6591,
    0.6885999999999999,
    0.7245999999999999,
    0.7564,
    0.7843,
    0.8031,
    0.8225,
    0.8301999999999999,
    0.8362999999999999,
    0.8455,
    0.8514000000000002,
    0.8624,
    0.8626999999999999,
    0.8694000000000001,
    0.8735000000000002,
    0.8793000000000001,
    0.8817,
    0.8824,
    0.8893000000000001,
    0.8914,
    0.8919,
    0.8946999999999999,
    0.8994,
    0.9026,
    0.9072000000000001,
    0.9047000000000001,
    0.9067999999999998,
    0.9089999999999998,
    0.9149999999999998,
    0.9122999999999999,
    0.9179,
    0.9184000000000001,
    0.9194000000000001,
    0.9213000000000001,
    0.9244999999999999,
    0.9244,
    0.9239,
    0.9283000000000001,
    0.9241999999999999,
    0.9273999999999999,
    0.9293000000000001,
    0.9276,
    0.9292,
    0.9311999999999999,
    0.9282999999999999,
    0.9305,
    0.9292,
    0.9295
  ]
}