{
  "setting": "setting_4",
  "train_accuracy": [
    0.4600768008474576,
    0.6346111405367231,
    0.6931055790960452,
    0.7397929908192091,
    0.776124426200565,
    0.8058902718926553,
    0.8238656426553672,
    0.8364009533898306,
    0.848726606638418,
    0.8523349223163842,
    0.8601860434322034,
    0.8673199152542372,
    0.872119968220339,
    0.8776758915960452,
    0.883060778601695,
    0.88672426730226,
    0.8904098252118644,
    0.8905587923728814,
    0.894674699858757,
    0.8956898834745762,
    0.8968595515536723,
    0.8980016331214689,
    0.902249955861582,
    0.9023271980932204,
    0.9070886299435028,
    0.9073093220338984,
    0.9091079625706214,
    0.9066969014830508,
    0.9103438382768362,
    0.9100403866525424,
    0.9115852312853108,
    0.9127383474576272,
    0.9123907574152542,
    0.9124790342514125,
    0.9131907662429379,
    0.9148183704096045,
    0.9169314971751413,
    0.9174004678672316,
    0.9169094279661016,
    0.9177535752118644,
    0.9182832362288136,
    0.9189618644067796,
    0.918310822740113,
    0.9200929113700566,
    0.9196129060734464,
    0.9211963718220338,
    0.9207329184322034,
    0.922023967161017,
    0.923872263418079,
    0.9219356903248587
  ],
  "test_accuracy": [
    0.6044000000000002,
    0.6748999999999999,
    0.733,
    0.7665,
    0.8112,
    0.8283999999999999,
    0.8413,
    0.857,
    0.8598000000000001,
    0.8666,
    0.8749,
    0.8795,
    0.8828999999999999,
    0.8907,
    0.893,
    0.8995,
    0.8996000000000001,
    0.9004000000000001,
    0.8997999999999999,
    0.9018,
    0.9060999999999998,
    0.9019999999999999,
    0.9113000000000001,
    0.9106,
    0.9134,
    0.9138999999999999,
    0.9151999999999999,
    0.9158999999999999,
    0.9173,
    0.9187000000000001,
    0.9136000000000001,
    0.9168999999999998,
    0.9183999999999999,
    0.9198999999999999,
    0.9215,
    0.9225999999999999,
    0.9204000000000001,
    0.9216,
    0.9231,
    0.9249,
    0.9221999999999999,
    0.9211,
    0.9208999999999999,
    0.9248,
    0.9228,
    0.9278000000000001,
    0.9236000000000001,
    0.9259999999999998,
    0.9286000000000001,
    0.9289
  ]
}