{
  "setting": "setting_29",
  "train_accuracy": [
    0.4869074417372881,
    0.7049677789548023,
    0.7818017302259888,
    0.8063868290960452,
    0.8107675670903955,
    0.812693105579096,
    0.818260063559322,
    0.823534604519774,
    0.822072519420904,
    0.822657353460452,
    0.8244559939971752,
    0.8263815324858756,
    0.8325884975282486,
    0.8326105667372882,
    0.8315291754943502,
    0.8349609375,
    0.8398658192090396,
    0.8435403425141244,
    0.845846574858757,
    0.8460065766242938,
    0.8433417196327684,
    0.845802436440678,
    0.8492286811440678,
    0.8506245586158192,
    0.8540066649011299,
    0.8535763153248587,
    0.8557666843220338,
    0.8578687764830508,
    0.8588287870762712,
    0.8609143273305084,
    0.8624150335451977,
    0.862597104519774,
    0.8633915960451977,
    0.8650136829096045,
    0.8658798993644068,
    0.864986096398305,
    0.8678164724576272,
    0.8703709834039548,
    0.8707075388418078,
    0.8695213188559322,
    0.8715075476694916,
    0.8725337658898306,
    0.8740399894067796,
    0.8765669138418078,
    0.8765117408192091,
    0.8749117231638418,
    0.8772841631355932,
    0.878955905720339,
    0.878613832980226,
    0.8804731638418078
  ],
  "test_accuracy": [
    0.6587,
    0.7690999999999999,
    0.8051999999999999,
    0.8177,
    0.8115,
    0.8282,
    0.8244999999999999,
    0.8268000000000001,
    0.8303,
    0.8312000000000002,
    0.8283000000000001,
    0.8279,
    0.8382999999999999,
    0.8396000000000001,
    0.8372999999999999,
    0.8473,
    0.8429,
    0.8507,
    0.8559000000000001,
    0.8523,
    0.8539,
    0.8576,
    0.8573000000000001,
    0.8574999999999999,
    0.8571,
    0.8603999999999999,
    0.8597000000000001,
    0.8609,
    0.8654999999999999,
    0.8632,
    0.8718,
    0.8719999999999999,
    0.8766999999999999,
    0.8711,
    0.8715999999999999,
    0.8747999999999999,
    0.8788,
    0.8764000000000001,
    0.8736,
    0.8772,
    0.8799000000000001,
    0.8778,
    0.8764,
    0.8792,
    0.8800999999999999,
    0.8838000000000001,
    0.8832000000000001,
    0.8866999999999999,
    0.8822000000000001,
    0.8831
  ]
}