{
  "setting": "setting_27",
  "train_accuracy": [
    0.30573694029850745,
    0.2813666044776119,
    0.25735718727789625,
    0.2627265458422175,
    0.28540334044065385,
    0.2624267057569296,
    0.27474791222459133,
    0.2839763237384506,
    0.28270477967306323,
    0.2947705668088131,
    0.29381552061122956,
    0.30286069651741293,
    0.30337153518123666,
    0.292849369225302,
    0.3038546108742004,
    0.3044431858564321,
    0.3060256751954513,
    0.3132940209665956,
    0.31737517768301354,
    0.31082311656005684,
    0.32274453624733473,
    0.3216118070362473,
    0.3238439498933902,
    0.33074027185501065,
    0.3314676616915423,
    0.32954646410803123,
    0.33131218905472637,
    0.33364427860696516,
    0.32932436034115137,
    0.33869158670931054,
    0.34311145167022034,
    0.3449215973702914,
    0.34673729566453443,
    0.36024120469083154,
    0.35498845060412226,
    0.3620791133617626,
    0.3733064587775409,
    0.37668243603411516,
    0.37681569829424305,
    0.3767046464108031,
    0.37545531272210375,
    0.37673240938166314,
    0.3787924218194741,
    0.38782649253731344,
    0.3917133084577114,
    0.3883428837953092,
    0.3901030561478323,
    0.39008084577114427,
    0.39211864783226724,
    0.39445073738450603
  ],
  "test_accuracy": [
    0.32299999999999995,
    0.27830000000000005,
    0.24459999999999998,
    0.29979999999999996,
    0.28209999999999996,
    0.2622,
    0.2635,
    0.28670000000000007,
    0.27230000000000004,
    0.29419999999999996,
    0.2894,
    0.3068,
    0.3153,
    0.3006,
    0.3013,
    0.30389999999999995,
    0.3063,
    0.32019999999999993,
    0.3297,
    0.3248,
    0.3397,
    0.3191,
    0.32909999999999995,
    0.3365,
    0.3337,
    0.33290000000000003,
    0.3398,
    0.3397,
    0.33540000000000003,
    0.3452,
    0.3518,
    0.35009999999999997,
    0.3469,
    0.36239999999999994,
    0.35159999999999997,
    0.37100000000000005,
    0.38199999999999995,
    0.3828,
    0.3813,
    0.3856,
    0.379,
    0.3841,
    0.38849999999999996,
    0.38849999999999996,
    0.3914,
    0.39970000000000006,
    0.39510000000000006,
    0.39039999999999997,
    0.3981,
    0.4025
  ]
}