{
  "setting": "setting_16",
  "train_accuracy": [
    0.2379064498933902,
    0.20735607675906184,
    0.2035247867803838,
    0.18426839019189764,
    0.17437366737739873,
    0.18098680703624734,
    0.17822161513859275,
    0.1970282515991471,
    0.19722814498933902,
    0.19228078358208955,
    0.20340818230277186,
    0.19967683901918976,
    0.2152352078891258,
    0.21461886993603413,
    0.22569629530916843,
    0.22196495202558636,
    0.21750066631130063,
    0.2142357409381663,
    0.21671775053304904,
    0.22551305970149255,
    0.2316098081023454,
    0.23312566631130063,
    0.22063232942430705,
    0.22446361940298507,
    0.22604610874200426,
    0.2171675106609808,
    0.2283282249466951,
    0.22742870469083157,
    0.22957755863539445,
    0.22857809168443496,
    0.20620668976545842,
    0.2068396855010661,
    0.21177038912579957,
    0.21575159914712153,
    0.22091551172707888,
    0.2241970948827292,
    0.23424173773987206,
    0.23427505330490406,
    0.23870602345415778,
    0.2404717484008529,
    0.23615738272921108,
    0.24238739339019189,
    0.2472181503198294,
    0.25519722814498935,
    0.2552638592750533,
    0.2581956289978678,
    0.2612440031982942,
    0.2632262793176972,
    0.2691731076759062,
    0.2672241471215352
  ],
  "test_accuracy": [
    0.22809999999999997,
    0.20990000000000003,
    0.1882,
    0.1664,
    0.17309999999999998,
    0.1827,
    0.18350000000000002,
    0.2061,
    0.19130000000000003,
    0.20220000000000002,
    0.16720000000000002,
    0.213,
    0.21910000000000002,
    0.23079999999999998,
    0.23409999999999997,
    0.22200000000000003,
    0.2173,
    0.20870000000000002,
    0.2173,
    0.23249999999999998,
    0.2331,
    0.2258,
    0.1861,
    0.22929999999999998,
    0.18539999999999998,
    0.2238,
    0.21270000000000003,
    0.2287,
    0.23810000000000003,
    0.2056,
    0.19720000000000001,
    0.2141,
    0.2109,
    0.2185,
    0.22269999999999998,
    0.22759999999999997,
    0.2359,
    0.236,
    0.2391,
    0.23389999999999994,
    0.23610000000000003,
    0.23899999999999996,
    0.25399999999999995,
    0.2524,
    0.2606,
    0.26350000000000007,
    0.2604,
    0.2684,
    0.2591,
    0.2796
  ]
}