{
  "setting": "setting_23",
  "train_accuracy": [
    0.5760859929078014,
    0.7398548315602838,
    0.7594304078014184,
    0.7692098847517731,
    0.7699412677304965,
    0.7652593085106383,
    0.7766289893617021,
    0.7752548758865248,
    0.7857546542553191,
    0.7852836879432625,
    0.7784242021276596,
    0.7797539893617021,
    0.7834386081560285,
    0.7869459219858157,
    0.7866744237588652,
    0.7897828014184396,
    0.792154255319149,
    0.7920101950354609,
    0.7951130319148936,
    0.7933067375886524,
    0.7956006205673758,
    0.7997728280141844,
    0.7987422429078014,
    0.7975675975177305,
    0.8030474290780141,
    0.8008643617021277,
    0.8037012411347518,
    0.806394060283688,
    0.8098348847517731,
    0.8103612588652481,
    0.8126883865248226,
    0.817109929078014,
    0.8158410904255319,
    0.8196586879432625,
    0.8216312056737588,
    0.8196143617021276,
    0.8230551861702128,
    0.8240359042553191,
    0.8243184840425531,
    0.8260195035460992,
    0.8294547872340425,
    0.8299756205673758,
    0.8315104166666667,
    0.8296597960992907,
    0.8327737145390072,
    0.8345079787234042,
    0.8352005762411349,
    0.8359929078014183,
    0.8383643617021277,
    0.8373393173758864
  ],
  "test_accuracy": [
    0.7177,
    0.7716,
    0.7714000000000001,
    0.7817,
    0.776,
    0.7705,
    0.7845,
    0.7836999999999998,
    0.7937000000000001,
    0.7943,
    0.7787999999999999,
    0.7884,
    0.7896000000000001,
    0.7941,
    0.7929999999999999,
    0.792,
    0.7964,
    0.8023,
    0.8089000000000001,
    0.8008000000000001,
    0.8101,
    0.8133000000000001,
    0.8057000000000001,
    0.8099000000000001,
    0.8127999999999999,
    0.8113999999999999,
    0.8160000000000001,
    0.8164,
    0.8102,
    0.8138,
    0.8282999999999999,
    0.8271999999999998,
    0.8239000000000001,
    0.8241999999999999,
    0.8347,
    0.8273999999999999,
    0.8315999999999999,
    0.8315000000000001,
    0.8317,
    0.8358000000000001,
    0.8366,
    0.8384,
    0.8398999999999999,
    0.8382,
    0.8402,
    0.8445,
    0.8498000000000001,
    0.8442000000000001,
    0.8392999999999999,
    0.8457000000000001
  ]
}