{
  "setting": "setting_13",
  "train_accuracy": [
    0.5651429521276595,
    0.7606549202127659,
    0.799750664893617,
    0.803656914893617,
    0.8082557624113476,
    0.8056515957446808,
    0.801135859929078,
    0.8105939716312056,
    0.8111148049645391,
    0.8117298315602838,
    0.8154255319148936,
    0.8161679964539008,
    0.8193262411347518,
    0.8195755762411349,
    0.8230330230496454,
    0.8252936613475178,
    0.8242630762411348,
    0.8232768173758864,
    0.8230828900709221,
    0.8233710106382979,
    0.8246232269503545,
    0.8307236258865247,
    0.8353834219858157,
    0.8327404698581561,
    0.8352393617021276,
    0.8349734042553192,
    0.8355108599290779,
    0.836613475177305,
    0.8360871010638298,
    0.8394725177304966,
    0.8405418882978724,
    0.8421708776595744,
    0.8434009308510638,
    0.8446088209219859,
    0.8468805407801417,
    0.8496675531914893,
    0.8502548758865247,
    0.8516012854609928,
    0.8509751773049646,
    0.8537012411347519,
    0.8526928191489361,
    0.8549091312056737,
    0.8552637411347519,
    0.8564771719858156,
    0.8581172429078013,
    0.8602836879432625,
    0.8583610372340426,
    0.858626994680851,
    0.8619570035460992,
    0.8624058067375886
  ],
  "test_accuracy": [
    0.7192999999999999,
    0.7867000000000001,
    0.8199,
    0.8088,
    0.8194000000000001,
    0.8206,
    0.8108000000000001,
    0.8216000000000001,
    0.8134,
    0.8255000000000001,
    0.8303,
    0.8210000000000001,
    0.8241999999999999,
    0.8276,
    0.8201,
    0.8332,
    0.833,
    0.8316000000000001,
    0.8289,
    0.8267999999999999,
    0.8335000000000001,
    0.8383,
    0.8442000000000001,
    0.8388,
    0.8429,
    0.836,
    0.8388,
    0.8357999999999999,
    0.8439,
    0.8496,
    0.8480000000000001,
    0.8477,
    0.8533999999999999,
    0.8548,
    0.8548,
    0.8557999999999998,
    0.8618,
    0.8621000000000001,
    0.8642999999999998,
    0.8629,
    0.8558,
    0.8562999999999998,
    0.8592000000000001,
    0.8618,
    0.8651,
    0.8678000000000001,
    0.8639000000000001,
    0.8674,
    0.8684000000000001,
    0.8678000000000001
  ]
}