{
  "setting": "setting_30",
  "train_accuracy": [
    0.35963460359054417,
    0.5843302227363961,
    0.6509786532671722,
    0.7210420035124888,
    0.7764534316458519,
    0.8106191806980375,
    0.8296782657783229,
    0.8489777890834077,
    0.8574079365521855,
    0.8674305516837645,
    0.8783460986284567,
    0.8826365270963425,
    0.8882345561998216,
    0.8922557983942908,
    0.8953832376226584,
    0.8978869313113291,
    0.8988748188001784,
    0.9014238124442462,
    0.9018759408452274,
    0.9042838077051739,
    0.9060278559879572,
    0.9098983887154327,
    0.9096779870093666,
    0.9093121027542372,
    0.912010063559322,
    0.9136060158340767,
    0.9170235490075825,
    0.9157865117640499,
    0.9155155831846566,
    0.9182623285570918,
    0.9195150465544157,
    0.9184914417930419,
    0.9203583226471901,
    0.9216598252118644,
    0.92395357103033,
    0.9221790323929527,
    0.9240659497658341,
    0.9247498048617305,
    0.9249283912243532,
    0.926824891280107,
    0.927010446866637,
    0.9274364406779662,
    0.9271637697925958,
    0.9278711460191794,
    0.9291195082515611,
    0.9288032797167707,
    0.9282474841101694,
    0.9298007498884925,
    0.9286795759924175,
    0.9311484235615523
  ],
  "test_accuracy": [
    0.5475999999999999,
    0.6224000000000001,
    0.7030000000000001,
    0.7651,
    0.8119000000000002,
    0.8346,
    0.8509,
    0.8613000000000002,
    0.8794000000000001,
    0.8814,
    0.8875,
    0.8965,
    0.8963999999999999,
    0.9024000000000001,
    0.9033,
    0.9041,
    0.9061999999999999,
    0.9122,
    0.9110000000000001,
    0.9135,
    0.9164000000000001,
    0.9158,
    0.9141,
    0.9145000000000001,
    0.9180000000000001,
    0.9216000000000001,
    0.9232000000000001,
    0.9157,
    0.9214,
    0.9194000000000001,
    0.9269000000000001,
    0.9270999999999999,
    0.9238,
    0.9277999999999998,
    0.9253,
    0.9303999999999999,
    0.932,
    0.9313,
    0.9307000000000001,
    0.9349999999999999,
    0.9358000000000001,
    0.9282999999999999,
    0.9331999999999999,
    0.9324,
    0.9367000000000001,
    0.9355000000000002,
    0.9316000000000001,
    0.9347999999999999,
    0.9315999999999999,
    0.9343999999999999
  ]
}