{
  "setting": "setting_22",
  "train_accuracy": [
    0.4957689232409382,
    0.4601545842217484,
    0.43059812544420756,
    0.4204479832977967,
    0.43630063965884863,
    0.4329579779673063,
    0.41089196872778966,
    0.4192930437100213,
    0.44055947938877044,
    0.43486251776830137,
    0.4304204424307036,
    0.429654184434968,
    0.44487939765458423,
    0.44897165955934615,
    0.44897165955934615,
    0.4524808990760483,
    0.44913823738450603,
    0.4527585287846482,
    0.45705068407960203,
    0.4734808102345416,
    0.4762348969438521,
    0.48371979388770436,
    0.49127687455579244,
    0.49164334577114427,
    0.4925928393745558,
    0.501948960554371,
    0.49881174484719265,
    0.5027041133617626,
    0.5035869758351101,
    0.511749289267946,
    0.5160247867803838,
    0.513626066098081,
    0.5185623223169865,
    0.5166022565742715,
    0.5187511105188344,
    0.5198283137882019,
    0.529334355010661,
    0.5298896144278608,
    0.5269245291400143,
    0.5356754175550817,
    0.5387348969438522,
    0.538990316275764,
    0.5430659203980099,
    0.5468638948116561,
    0.5473580756929638,
    0.5515780472636816,
    0.552549751243781,
    0.5551650230987917,
    0.5534381663113006,
    0.5554926261549397
  ],
  "test_accuracy": [
    0.4829,
    0.434,
    0.4306,
    0.41530000000000006,
    0.43010000000000004,
    0.40730000000000005,
    0.4151000000000001,
    0.43,
    0.437,
    0.429,
    0.4462999999999999,
    0.41769999999999996,
    0.4596,
    0.4646,
    0.44589999999999996,
    0.4596,
    0.45759999999999995,
    0.4668,
    0.47230000000000005,
    0.47000000000000003,
    0.4776000000000001,
    0.49650000000000005,
    0.4891,
    0.502,
    0.5062,
    0.5099,
    0.5037,
    0.5077,
    0.5112,
    0.523,
    0.5229,
    0.5131,
    0.5247,
    0.5282,
    0.5246000000000001,
    0.5263,
    0.5373,
    0.5330999999999999,
    0.5435000000000001,
    0.5441999999999999,
    0.5423,
    0.5374000000000001,
    0.5531,
    0.5453,
    0.5556,
    0.5582,
    0.5641,
    0.5575,
    0.561,
    0.5592999999999999
  ]
}