{
  "setting": "setting_25",
  "train_accuracy": [
    0.36141872491079396,
    0.5780047808876003,
    0.6377528085972346,
    0.6935074710080286,
    0.739041766558876,
    0.7751588983050848,
    0.8027997114741302,
    0.8215312430307761,
    0.8316252927074042,
    0.8413438754460303,
    0.8505258279438002,
    0.8596537689562891,
    0.8675899726806423,
    0.8717174955396967,
    0.8774078668599464,
    0.879742556868867,
    0.8835782434768065,
    0.8888234556199821,
    0.8923568521409455,
    0.8954555433206959,
    0.8980472234611954,
    0.8997407448706511,
    0.903486702720785,
    0.9067448148974131,
    0.9083329267952721,
    0.9104925150535237,
    0.9126651706066012,
    0.9155852754237288,
    0.916851931868867,
    0.9173815928858162,
    0.9185890109277431,
    0.9200438364183765,
    0.9207111396074933,
    0.9232906236061552,
    0.9231921833184656,
    0.9243586571699376,
    0.9256183443911685,
    0.9268963258251561,
    0.9267064144736842,
    0.9281237803858162,
    0.9269120065789475,
    0.9288381258363069,
    0.9300647092439787,
    0.9315447981712756,
    0.9313496599018734,
    0.9314019290811775,
    0.9306623201940232,
    0.9319211362622658,
    0.9338132805530777,
    0.9323244800958965
  ],
  "test_accuracy": [
    0.5396,
    0.623,
    0.6712,
    0.7314999999999999,
    0.7684,
    0.8013999999999999,
    0.8221999999999999,
    0.8358000000000001,
    0.8472,
    0.8576,
    0.8613000000000002,
    0.8717,
    0.873,
    0.8837999999999999,
    0.8865000000000001,
    0.8915999999999998,
    0.892,
    0.8958,
    0.9024000000000001,
    0.9027000000000001,
    0.9052,
    0.9071,
    0.9097,
    0.9131,
    0.9192000000000002,
    0.9196,
    0.9166000000000001,
    0.9222999999999999,
    0.9195,
    0.9216999999999999,
    0.9239,
    0.9254,
    0.9259999999999999,
    0.9309,
    0.9277,
    0.929,
    0.9314,
    0.9328999999999998,
    0.9334000000000001,
    0.9342,
    0.9306999999999999,
    0.9362999999999999,
    0.9314999999999998,
    0.9364000000000001,
    0.9349999999999999,
    0.9389,
    0.9355,
    0.9381999999999999,
    0.9380000000000001,
    0.9397
  ]
}