{
  "setting": "setting_28",
  "train_accuracy": [
    0.5355441046099291,
    0.6042664007092199,
    0.5907413563829788,
    0.5810726950354609,
    0.5612256205673758,
    0.56526484929078,
    0.5684286347517731,
    0.5668661347517732,
    0.5848847517730498,
    0.5888574911347518,
    0.600249335106383,
    0.607313829787234,
    0.6153091755319149,
    0.6239638741134752,
    0.6286513741134753,
    0.6379598847517731,
    0.6326462765957447,
    0.6329842641843971,
    0.6372063386524822,
    0.6372894503546098,
    0.6370511968085106,
    0.6524046985815604,
    0.6503047429078014,
    0.6476008421985816,
    0.6497839095744681,
    0.6574523492907801,
    0.6602227393617022,
    0.6614361702127659,
    0.6643339982269503,
    0.6702127659574468,
    0.6734430407801417,
    0.6709718528368795,
    0.6747118794326242,
    0.678125,
    0.6775986258865248,
    0.6787067819148936,
    0.6821365248226949,
    0.6852504432624115,
    0.689345079787234,
    0.6937666223404255,
    0.6953402039007093,
    0.6943262411347518,
    0.7011912677304966,
    0.6985704787234043,
    0.699855939716312,
    0.7056183510638298,
    0.7091035017730497,
    0.7063220301418439,
    0.710233820921986,
    0.7088597074468085
  ],
  "test_accuracy": [
    0.6103999999999999,
    0.595,
    0.5976,
    0.5720000000000001,
    0.5659,
    0.5694000000000001,
    0.5646000000000001,
    0.5905,
    0.5889,
    0.6114999999999999,
    0.6079,
    0.6106,
    0.6184000000000001,
    0.6311000000000001,
    0.6401000000000001,
    0.6335,
    0.6362,
    0.6321999999999999,
    0.6500999999999999,
    0.6421999999999999,
    0.6478,
    0.6615,
    0.6544000000000001,
    0.657,
    0.654,
    0.6662,
    0.6641,
    0.671,
    0.6675,
    0.6718999999999999,
    0.6805000000000001,
    0.6805999999999999,
    0.6820999999999999,
    0.6851,
    0.6910000000000001,
    0.6872,
    0.6967000000000001,
    0.6959,
    0.6999,
    0.7097,
    0.6933999999999999,
    0.7035000000000001,
    0.7146,
    0.6971,
    0.7098,
    0.7106,
    0.7176,
    0.7176000000000001,
    0.7125999999999999,
    0.7177
  ]
}