{
  "setting": "setting_1",
  "train_accuracy": [
    0.3273420842217484,
    0.28439832089552236,
    0.2605610341151386,
    0.2420042643923241,
    0.22369736140724947,
    0.23510794243070363,
    0.2530983475479744,
    0.2463019722814499,
    0.2470515724946695,
    0.2552472014925373,
    0.2630430437100213,
    0.24037180170575692,
    0.2629264392324094,
    0.24895055970149255,
    0.2569796108742004,
    0.2740871535181237,
    0.2732542643923241,
    0.2763359541577825,
    0.2834988006396588,
    0.2802838486140725,
    0.2842150852878465,
    0.2872301439232409,
    0.2857476012793177,
    0.28085021321961623,
    0.2724880063965885,
    0.2827325426439232,
    0.28644722814498935,
    0.2971082089552239,
    0.3068363539445629,
    0.3056536513859275,
    0.3005896855010661,
    0.3015891524520256,
    0.3015891524520256,
    0.3078025053304904,
    0.3111007462686567,
    0.31334954690831557,
    0.31709754797441364,
    0.3160481076759062,
    0.31869669509594883,
    0.32037913113006394,
    0.32177838486140725,
    0.3228278251599147,
    0.3184801439232409,
    0.32097881130063965,
    0.32451026119402987,
    0.32899120469083154,
    0.3314898720682303,
    0.33637060234541577,
    0.33740338486140725,
    0.34051839019189767
  ],
  "test_accuracy": [
    0.29860000000000003,
    0.2811,
    0.27090000000000003,
    0.2293,
    0.21280000000000002,
    0.24819999999999998,
    0.24970000000000003,
    0.2549,
    0.261,
    0.27380000000000004,
    0.25549999999999995,
    0.27,
    0.24899999999999997,
    0.25379999999999997,
    0.279,
    0.2818,
    0.2833,
    0.2739,
    0.27940000000000004,
    0.2814,
    0.2932,
    0.3013,
    0.285,
    0.2706,
    0.28729999999999994,
    0.28040000000000004,
    0.2948,
    0.3076,
    0.3077,
    0.2985,
    0.3085,
    0.30490000000000006,
    0.3066999999999999,
    0.3156,
    0.31930000000000003,
    0.3204,
    0.31629999999999997,
    0.31889999999999996,
    0.31899999999999995,
    0.3295,
    0.32660000000000006,
    0.31870000000000004,
    0.3156,
    0.32489999999999997,
    0.3217,
    0.3296,
    0.34509999999999996,
    0.3418,
    0.3321,
    0.34249999999999997
  ]
}