{
  "setting": "setting_29",
  "train_accuracy": [
    0.11230753462099125,
    0.1294101904154519,
    0.14204286625364432,
    0.10585216229348883,
    0.10003549410835763,
    0.09994153911564627,
    0.10000417577745384,
    0.09999373633381925,
    0.10007725188289603,
    0.09997285744655005,
    0.1001085702137998,
    0.10002505466472304,
    0.1000981307701652,
    0.09998329689018465,
    0.09994153911564627,
    0.09995197855928085,
    0.10001461522108843,
    0.09993109967201165,
    0.10003549410835763,
    0.10003549410835763,
    0.10000417577745384,
    0.10002505466472304,
    0.09997285744655005,
    0.09992066022837706,
    0.09989978134110787,
    0.10004593355199222,
    0.09996241800291544,
    0.09994153911564627,
    0.10003549410835763,
    0.09999373633381925,
    0.10318346088435373,
    0.19291807124635568,
    0.2611502748420797,
    0.28080205296404276,
    0.2799355791423712,
    0.28276561740767736,
    0.2852302751457726,
    0.2861470481049563,
    0.2887274887633625,
    0.29073091290087466,
    0.2913591775996113,
    0.29033895924441205,
    0.29377353620019436,
    0.2930332847424684,
    0.29156891551263364,
    0.2931130041302235,
    0.2927836871355685,
    0.2920728559280855,
    0.29706765518707484,
    0.29554349641642375
  ],
  "test_accuracy": [
    0.11139999999999999,
    0.1418,
    0.1491,
    0.1,
    0.1,
    0.1,
    0.1,
    0.1,
    0.1,
    0.1,
    0.1,
    0.1,
    0.1,
    0.1,
    0.1,
    0.1,
    0.1,
    0.1,
    0.1,
    0.1,
    0.1,
    0.1,
    0.1,
    0.1,
    0.1,
    0.1,
    0.1,
    0.1,
    0.1,
    0.1,
    0.12090000000000001,
    0.23979999999999996,
    0.28090000000000004,
    0.28500000000000003,
    0.2876,
    0.2874,
    0.2915,
    0.29819999999999997,
    0.2956,
    0.2883,
    0.3012,
    0.2971,
    0.2961,
    0.2975,
    0.2959,
    0.29619999999999996,
    0.3051,
    0.29489999999999994,
    0.29799999999999993,
    0.2976
  ]
}