{
  "setting": "setting_16",
  "train_accuracy": [
    0.10016384271099744,
    0.09996403452685422,
    0.10010390025575447,
    0.09990409207161126,
    0.10000399616368287,
    0.10000399616368287,
    0.09996403452685422,
    0.1001238810741688,
    0.09990409207161126,
    0.10014386189258312,
    0.10006393861892583,
    0.10018382352941177,
    0.10006393861892583,
    0.10002397698209718,
    0.10008391943734016,
    0.10004395780051151,
    0.10020380434782608,
    0.10026374680306906,
    0.1002237851662404,
    0.10000399616368287,
    0.10008391943734016,
    0.1002237851662404,
    0.1004036125319693,
    0.10008391943734016,
    0.10020380434782608,
    0.1002237851662404,
    0.10026374680306906,
    0.10042359335038363,
    0.10042359335038363,
    0.10034367007672634,
    0.1002237851662404,
    0.10028372762148338,
    0.10016384271099744,
    0.1002237851662404,
    0.10032368925831202,
    0.10046355498721228,
    0.1004036125319693,
    0.10044357416879796,
    0.10028372762148338,
    0.10044357416879796,
    0.10042359335038363,
    0.10034367007672634,
    0.1001238810741688,
    0.10032368925831202,
    0.10044357416879796,
    0.1005834398976982,
    0.10048353580562659,
    0.10020380434782608,
    0.100383631713555,
    0.10026374680306906
  ],
  "test_accuracy": [
    0.0995,
    0.10010000000000001,
    0.1,
    0.1004,
    0.10010000000000001,
    0.0996,
    0.0995,
    0.0999,
    0.1,
    0.0998,
    0.1001,
    0.09969999999999998,
    0.0995,
    0.0998,
    0.0998,
    0.0999,
    0.10010000000000001,
    0.0997,
    0.1001,
    0.0996,
    0.0997,
    0.0998,
    0.0998,
    0.1001,
    0.1,
    0.0996,
    0.09949999999999999,
    0.1001,
    0.10010000000000001,
    0.10010000000000001,
    0.0997,
    0.1002,
    0.10069999999999998,
    0.1,
    0.10029999999999999,
    0.0998,
    0.1,
    0.10029999999999999,
    0.10029999999999999,
    0.09999999999999999,
    0.1001,
    0.10049999999999999,
    0.10010000000000001,
    0.1004,
    0.1,
    0.10030000000000001,
    0.09999999999999999,
    0.10010000000000001,
    0.1004,
    0.0998
  ]
}