{
  "setting": "setting_22",
  "train_accuracy": [
    0.10009191176470587,
    0.10026374680306906,
    0.1002237851662404,
    0.10004795396419437,
    0.11946131713554987,
    0.1180986253196931,
    0.10235773657289003,
    0.12204683503836317,
    0.12765744884910485,
    0.12548753196930945,
    0.1341152493606138,
    0.12720588235294117,
    0.13445891943734015,
    0.13309622762148338,
    0.13688459079283888,
    0.11963714833759591,
    0.11542519181585678,
    0.12468030690537084,
    0.13369165601023017,
    0.13286445012787723,
    0.13302429667519183,
    0.13496643222506394,
    0.13524216751918158,
    0.12978340792838874,
    0.130542679028133,
    0.13015105498721227,
    0.130071131713555,
    0.12954763427109975,
    0.12780131074168796,
    0.12804108056265984,
    0.1282249040920716,
    0.12551950127877237,
    0.12523976982097187,
    0.12503996163682865,
    0.12316176470588236,
    0.12262228260869565,
    0.12418078644501279,
    0.12169517263427111,
    0.12260629795396419,
    0.12376918158567775,
    0.12376918158567775,
    0.12388107416879796,
    0.12308583759590792,
    0.12280610613810741,
    0.12388107416879796,
    0.12230658567774935,
    0.12185901534526855,
    0.1227741368286445,
    0.12271419437340154,
    0.12365329283887469
  ],
  "test_accuracy": [
    0.1,
    0.10010000000000001,
    0.1,
    0.0999,
    0.1377,
    0.10369999999999999,
    0.10869999999999999,
    0.13040000000000002,
    0.1172,
    0.1356,
    0.1351,
    0.1325,
    0.1396,
    0.1285,
    0.1302,
    0.11809999999999998,
    0.11349999999999998,
    0.1347,
    0.13670000000000002,
    0.1357,
    0.13679999999999998,
    0.13820000000000002,
    0.1338,
    0.13060000000000002,
    0.13330000000000003,
    0.13130000000000003,
    0.1274,
    0.13149999999999998,
    0.1291,
    0.1308,
    0.12799999999999997,
    0.12669999999999998,
    0.12719999999999998,
    0.12450000000000001,
    0.12400000000000003,
    0.1244,
    0.1255,
    0.1212,
    0.12739999999999999,
    0.12390000000000001,
    0.127,
    0.1247,
    0.125,
    0.12499999999999997,
    0.12589999999999998,
    0.1238,
    0.1252,
    0.1238,
    0.12520000000000003,
    0.1262
  ]
}