{
  "setting": "setting_14",
  "train_accuracy": [
    0.10065331936345967,
    0.10093803146258504,
    0.10099687196307094,
    0.10095891034985421,
    0.10595560768950438,
    0.10866132167152576,
    0.12176377247327502,
    0.1330943649781341,
    0.1384384110787172,
    0.14705379919825073,
    0.15640659165451895,
    0.1658827593537415,
    0.17602325528425655,
    0.18289146015549076,
    0.19144136449222546,
    0.19771926627793973,
    0.20619040026724975,
    0.20392029579689017,
    0.17125622570456756,
    0.15793644466715256,
    0.15411276117589892,
    0.15089646349611274,
    0.14591210368075802,
    0.14265025206511175,
    0.1419631468658892,
    0.14410228377065112,
    0.1437558840500486,
    0.14327092444120504,
    0.14481975826044705,
    0.14469258685617103,
    0.14464893100097181,
    0.15288090682701652,
    0.1507892219387755,
    0.1510075012147716,
    0.15841760811467442,
    0.15946345055879496,
    0.16340196793002915,
    0.17085478164480075,
    0.174527567723518,
    0.18050177660349856,
    0.18463864340379008,
    0.19207911959426627,
    0.18871097546161322,
    0.19447070122691934,
    0.2021588769436346,
    0.20593510841836735,
    0.210660380223518,
    0.2172894269314869,
    0.22091665907434405,
    0.2328460960276968
  ],
  "test_accuracy": [
    0.0998,
    0.10070000000000001,
    0.1006,
    0.10330000000000002,
    0.10700000000000001,
    0.11539999999999999,
    0.1274,
    0.1323,
    0.14179999999999998,
    0.15309999999999999,
    0.1611,
    0.1735,
    0.18209999999999998,
    0.19090000000000001,
    0.19890000000000002,
    0.2102,
    0.21150000000000002,
    0.19460000000000002,
    0.16290000000000002,
    0.159,
    0.15130000000000002,
    0.1526,
    0.14259999999999998,
    0.145,
    0.14350000000000002,
    0.1477,
    0.1445,
    0.1472,
    0.1487,
    0.14659999999999998,
    0.151,
    0.1576,
    0.1496,
    0.15839999999999999,
    0.16429999999999997,
    0.1662,
    0.1651,
    0.1756,
    0.17609999999999998,
    0.19090000000000001,
    0.1922,
    0.19390000000000002,
    0.1887,
    0.20069999999999996,
    0.2037,
    0.21480000000000002,
    0.21270000000000003,
    0.22490000000000002,
    0.2291,
    0.2445
  ]
}