{
  "setting": "setting_21",
  "train_accuracy": [
    0.10014386189258312,
    0.10036365089514067,
    0.09828564578005115,
    0.099764226342711,
    0.10024376598465473,
    0.12010469948849105,
    0.11349104859335038,
    0.10521898976982097,
    0.10322090792838874,
    0.11143302429667519,
    0.12797714194373402,
    0.13341192455242967,
    0.12390105498721228,
    0.11872602301790282,
    0.11043398337595908,
    0.11093350383631713,
    0.11612851662404092,
    0.11429028132992328,
    0.10433983375959079,
    0.10306106138107417,
    0.11632832480818414,
    0.12322170716112532,
    0.12919597186700768,
    0.13249280690537085,
    0.1269781010230179,
    0.11870604219948849,
    0.11608855498721228,
    0.11622842071611253,
    0.11818654092071611,
    0.12627877237851662,
    0.12811700767263426,
    0.1301350703324808,
    0.12941576086956522,
    0.1305746483375959,
    0.13009510869565216,
    0.13145380434782608,
    0.12452046035805626,
    0.11712755754475704,
    0.11558903452685422,
    0.1103540601023018,
    0.1143102621483376,
    0.11371083759590793,
    0.11680786445012788,
    0.1148497442455243,
    0.11488970588235294,
    0.11956521739130435,
    0.11748721227621484,
    0.12060421994884911,
    0.12340153452685422,
    0.12492007672634271
  ],
  "test_accuracy": [
    0.10070000000000001,
    0.10029999999999999,
    0.0997,
    0.0999,
    0.11280000000000001,
    0.1145,
    0.10590000000000002,
    0.1004,
    0.10900000000000001,
    0.1159,
    0.1331,
    0.1176,
    0.1379,
    0.1111,
    0.11270000000000002,
    0.11679999999999999,
    0.1193,
    0.1115,
    0.1,
    0.11739999999999999,
    0.12029999999999999,
    0.12329999999999999,
    0.12990000000000002,
    0.13119999999999998,
    0.1204,
    0.11749999999999998,
    0.11989999999999998,
    0.11600000000000002,
    0.12900000000000003,
    0.1302,
    0.1321,
    0.1315,
    0.1326,
    0.13399999999999998,
    0.135,
    0.133,
    0.121,
    0.12439999999999998,
    0.11379999999999998,
    0.1142,
    0.1149,
    0.12050000000000001,
    0.1165,
    0.1169,
    0.11749999999999998,
    0.1202,
    0.11909999999999998,
    0.1263,
    0.1271,
    0.1263
  ]
}