{
  "setting": "setting_17",
  "train_accuracy": [
    0.10024376598465473,
    0.10000799232736572,
    0.10009590792838875,
    0.09998001918158568,
    0.100383631713555,
    0.10100703324808184,
    0.10092710997442454,
    0.10055946291560103,
    0.10067135549872122,
    0.10058743606138107,
    0.100471547314578,
    0.1004036125319693,
    0.1010230179028133,
    0.1016983695652174,
    0.10185821611253197,
    0.10182225063938619,
    0.10196211636828645,
    0.10257752557544757,
    0.10299712276214834,
    0.10491528132992328,
    0.10581441815856778,
    0.10554267902813298,
    0.10602221867007672,
    0.10690936700767265,
    0.1094669117647059,
    0.11076966112531969,
    0.1120164641943734,
    0.11151294757033248,
    0.11334718670076727,
    0.11403852301790281,
    0.11556106138107418,
    0.1155810421994885,
    0.11564498081841433,
    0.11649616368286445,
    0.11848625319693094,
    0.11739530051150894,
    0.11927349744245523,
    0.12039641943734015,
    0.12045236572890025,
    0.12165521099744246,
    0.12197090792838874,
    0.12361333120204604,
    0.12440057544757033,
    0.12426070971867008,
    0.12546755115089514,
    0.12655450767263426,
    0.12742966751918158,
    0.12871643222506393,
    0.1291919757033248,
    0.1290441176470588
  ],
  "test_accuracy": [
    0.0999,
    0.0992,
    0.10010000000000001,
    0.10049999999999999,
    0.0997,
    0.10010000000000001,
    0.101,
    0.1005,
    0.1004,
    0.1004,
    0.0998,
    0.1002,
    0.10070000000000001,
    0.1008,
    0.1018,
    0.10190000000000002,
    0.10070000000000001,
    0.1024,
    0.1044,
    0.1041,
    0.10590000000000002,
    0.10469999999999999,
    0.1056,
    0.1069,
    0.1089,
    0.10969999999999999,
    0.1111,
    0.11189999999999997,
    0.11240000000000001,
    0.1131,
    0.11589999999999998,
    0.11539999999999999,
    0.11709999999999998,
    0.11720000000000001,
    0.119,
    0.1193,
    0.12110000000000001,
    0.12050000000000001,
    0.1212,
    0.12309999999999999,
    0.12210000000000001,
    0.1247,
    0.1255,
    0.12520000000000003,
    0.1265,
    0.127,
    0.12870000000000004,
    0.1299,
    0.1278,
    0.1299
  ]
}