{
  "setting": "setting_15",
  "train_accuracy": [
    0.10053893314401233,
    0.1021697962793608,
    0.11775456055063535,
    0.14365621690893338,
    0.1662807295677705,
    0.1828273909799769,
    0.20017613472275703,
    0.21444064064304968,
    0.20727868092991916,
    0.19386363773103582,
    0.18990963130535232,
    0.18304925154023874,
    0.16494806206680784,
    0.15212339357912977,
    0.14177980301790527,
    0.1326530612244898,
    0.12117008507412398,
    0.11035682698787062,
    0.10395257749326146,
    0.10112780371582596,
    0.10045921375625723,
    0.10025728304293414,
    0.1000828028735079,
    0.0999256203070851,
    0.10006550527050444,
    0.09998428174335772,
    0.10007453010685408,
    0.10002150919329995,
    0.10004068697054294,
    0.10007979459472469,
    0.1000591126780901,
    0.10018846866576821,
    0.10014522465825954,
    0.100452445128995,
    0.10053742900462072,
    0.10067618586349633,
    0.10119925033692723,
    0.10131206079129765,
    0.10180842679052754,
    0.10265826554678475,
    0.10396085025991529,
    0.10466741973912205,
    0.10563758964670775,
    0.1064945730650751,
    0.1087729682085098,
    0.11132361258182519,
    0.11447779288602233,
    0.11735709171640353,
    0.1200908650606469,
    0.12208949027724297
  ],
  "test_accuracy": [
    0.10010000000000001,
    0.1075,
    0.13319999999999999,
    0.1546,
    0.175,
    0.19780000000000003,
    0.21869999999999998,
    0.22369999999999995,
    0.2044,
    0.1935,
    0.1906,
    0.17550000000000002,
    0.1638,
    0.1492,
    0.14320000000000002,
    0.13010000000000002,
    0.11669999999999998,
    0.1081,
    0.1022,
    0.1005,
    0.1002,
    0.10010000000000001,
    0.10010000000000001,
    0.1,
    0.1,
    0.10010000000000001,
    0.1,
    0.10010000000000001,
    0.1,
    0.10010000000000001,
    0.1002,
    0.1004,
    0.10010000000000001,
    0.1008,
    0.101,
    0.10130000000000002,
    0.1014,
    0.10170000000000001,
    0.1012,
    0.10400000000000001,
    0.10510000000000001,
    0.1065,
    0.1076,
    0.10670000000000002,
    0.1116,
    0.1143,
    0.11800000000000002,
    0.12089999999999998,
    0.12349999999999998,
    0.1265
  ]
}