{
  "setting": "setting_6",
  "train_accuracy": [
    0.09992407289002557,
    0.10000399616368287,
    0.10016384271099744,
    0.09992407289002557,
    0.09990409207161126,
    0.09992407289002557,
    0.10020380434782608,
    0.10030370843989769,
    0.10014386189258312,
    0.10054347826086957,
    0.1002237851662404,
    0.10042359335038363,
    0.10072330562659847,
    0.10054347826086957,
    0.10100303708439898,
    0.10142263427109974,
    0.10064338235294118,
    0.10068334398976982,
    0.10090313299232737,
    0.10052349744245524,
    0.10034367007672634,
    0.10042359335038363,
    0.10006393861892583,
    0.10034367007672634,
    0.10032368925831202,
    0.10018382352941177,
    0.10030370843989769,
    0.10024376598465473,
    0.10016384271099744,
    0.1005834398976982,
    0.10030370843989769,
    0.10072330562659847,
    0.10078324808184143,
    0.10080322890025575,
    0.10050351662404092,
    0.10072330562659847,
    0.10112292199488492,
    0.10114290281329923,
    0.10116288363171355,
    0.10074328644501279,
    0.10130274936061381,
    0.10130274936061381,
    0.10112292199488492,
    0.1012028452685422,
    0.1010230179028133,
    0.1010230179028133,
    0.10094309462915602,
    0.10124280690537084,
    0.1013826726342711,
    0.10124280690537084
  ],
  "test_accuracy": [
    0.1,
    0.0999,
    0.1,
    0.0999,
    0.10030000000000001,
    0.0998,
    0.0998,
    0.0999,
    0.101,
    0.1005,
    0.1002,
    0.1002,
    0.0999,
    0.10010000000000001,
    0.0999,
    0.1006,
    0.1002,
    0.10029999999999999,
    0.1006,
    0.1005,
    0.1005,
    0.1002,
    0.0999,
    0.1006,
    0.0999,
    0.1001,
    0.0994,
    0.09999999999999999,
    0.10030000000000001,
    0.0998,
    0.0996,
    0.1004,
    0.1002,
    0.1011,
    0.1006,
    0.1,
    0.1006,
    0.1002,
    0.1004,
    0.10030000000000001,
    0.1008,
    0.1012,
    0.10010000000000001,
    0.1002,
    0.1008,
    0.1008,
    0.1005,
    0.10049999999999999,
    0.1,
    0.1005
  ]
}