{
  "setting": "setting_10",
  "train_accuracy": [
    0.10087021984501347,
    0.11540697499518675,
    0.1328346860560262,
    0.15008678884289564,
    0.17447753718232575,
    0.1881260980217559,
    0.20588923216692337,
    0.21844240349441663,
    0.2074264626251444,
    0.19160329226030035,
    0.18819566446861763,
    0.17628476066134,
    0.1569588256882942,
    0.14259542260300348,
    0.12688581476222566,
    0.11146537771948402,
    0.10303994091740469,
    0.10098904685695032,
    0.1004806477425876,
    0.10017117106276474,
    0.10006061681748171,
    0.10007791442048516,
    0.10006287302656912,
    0.09990569046014633,
    0.10002564557662688,
    0.09998428174335772,
    0.10005460025991529,
    0.10002150919329995,
    0.10006061681748171,
    0.10011965428860224,
    0.10035806038217174,
    0.10075064076338082,
    0.10106199761744321,
    0.10248190520311898,
    0.10282184070562188,
    0.10381344459953792,
    0.10489454478725453,
    0.10529464586542164,
    0.1061538854928764,
    0.10667582186176357,
    0.10850485536195612,
    0.11096675551116673,
    0.11456277676164806,
    0.11678739892183289,
    0.12004724501829034,
    0.12420393422699269,
    0.13186978063631113,
    0.14232806182614555,
    0.15512791201386214,
    0.17054158042934153
  ],
  "test_accuracy": [
    0.10740000000000001,
    0.1322,
    0.14250000000000002,
    0.16359999999999997,
    0.1824,
    0.20740000000000003,
    0.2234,
    0.22469999999999998,
    0.20429999999999998,
    0.19340000000000002,
    0.1849,
    0.1688,
    0.1525,
    0.13920000000000002,
    0.1217,
    0.10650000000000001,
    0.1016,
    0.1008,
    0.10010000000000001,
    0.1,
    0.10010000000000001,
    0.1,
    0.1,
    0.1,
    0.1,
    0.1,
    0.1,
    0.1,
    0.1,
    0.1002,
    0.1008,
    0.1008,
    0.10110000000000001,
    0.1036,
    0.1042,
    0.10550000000000001,
    0.1059,
    0.1062,
    0.1076,
    0.10940000000000001,
    0.1092,
    0.1152,
    0.119,
    0.1203,
    0.1254,
    0.1292,
    0.13909999999999997,
    0.1484,
    0.1652,
    0.17930000000000001
  ]
}