{
  "setting": "setting_4",
  "train_accuracy": [
    0.10194875941448008,
    0.10751488095238096,
    0.10965686497813411,
    0.10144956420068027,
    0.11012094569970846,
    0.11424452593537414,
    0.11663705660835763,
    0.12423222637269193,
    0.12471244077988337,
    0.1400622190840622,
    0.15919677022594753,
    0.16632026694606414,
    0.17630322218172986,
    0.1840084806243926,
    0.19381301627793973,
    0.19791097242468417,
    0.2073548727526725,
    0.20997517310495628,
    0.19546244837220603,
    0.18127809159378036,
    0.17332038842322642,
    0.1658087342079689,
    0.16754832513362486,
    0.16504380770165208,
    0.17232294703595724,
    0.17785964832361514,
    0.18227268586005832,
    0.18355294126579205,
    0.18959643008989313,
    0.1951843795553936,
    0.2030832422254616,
    0.2155327532798834,
    0.214144307276482,
    0.21365365342565595,
    0.220235248117104,
    0.22107799593051505,
    0.2314443634596696,
    0.2393887800655977,
    0.23683491253644312,
    0.24148615919582117,
    0.24817404640427598,
    0.24943627004373178,
    0.2517794506195335,
    0.25057132227891155,
    0.25245896349611274,
    0.25351809250485907,
    0.25642595207725943,
    0.26064823250728864,
    0.2623175944484937,
    0.2622075057701652
  ],
  "test_accuracy": [
    0.10430000000000002,
    0.10089999999999999,
    0.1021,
    0.1093,
    0.10840000000000001,
    0.11580000000000001,
    0.1234,
    0.1233,
    0.1274,
    0.1541,
    0.1635,
    0.17239999999999997,
    0.1824,
    0.19590000000000002,
    0.1998,
    0.2056,
    0.2125,
    0.2092,
    0.1908,
    0.17629999999999998,
    0.1698,
    0.16539999999999996,
    0.1694,
    0.16860000000000003,
    0.17880000000000001,
    0.1832,
    0.1832,
    0.1923,
    0.19219999999999998,
    0.20330000000000004,
    0.21150000000000002,
    0.22469999999999998,
    0.21470000000000003,
    0.21800000000000003,
    0.22999999999999998,
    0.22799999999999998,
    0.2367,
    0.24459999999999998,
    0.23579999999999995,
    0.2519,
    0.2588,
    0.263,
    0.25980000000000003,
    0.25529999999999997,
    0.263,
    0.2636,
    0.2684,
    0.268,
    0.2717,
    0.2691
  ]
}