{
  "setting": "setting_5",
  "train_accuracy": [
    0.10023998543993069,
    0.12163411207643435,
    0.14585865301309203,
    0.1535598466981132,
    0.1781359802175587,
    0.19384333184924915,
    0.1968925984308818,
    0.20867715452926452,
    0.2148384855121294,
    0.22613344423854448,
    0.24048142989507124,
    0.246967278951675,
    0.23061277134674624,
    0.22156574894108588,
    0.18081071609068156,
    0.14599176934924912,
    0.11851490301309203,
    0.10535029902291106,
    0.10161777712264151,
    0.10037874229880632,
    0.10012228653253755,
    0.10002827782056219,
    0.10005234405082787,
    0.0999801453600308,
    0.10000082727666539,
    0.10000910004331923,
    0.1000049636599923,
    0.10004219110993454,
    0.10004219110993454,
    0.10000910004331923,
    0.10000834797362342,
    0.1000034595206007,
    0.10026141942626107,
    0.10036445297458607,
    0.10070401244224106,
    0.10111351439160571,
    0.10176292657393146,
    0.10303016401135927,
    0.10450910906815557,
    0.1062587992154409,
    0.10772270287832113,
    0.1099555978051598,
    0.11238215067866769,
    0.11818248820754718,
    0.12595475247882174,
    0.14084234814208704,
    0.1659385378561802,
    0.19073089141316907,
    0.22130139644301114,
    0.23715803390931844
  ],
  "test_accuracy": [
    0.10030000000000001,
    0.1303,
    0.1508,
    0.1719,
    0.1847,
    0.1995,
    0.2092,
    0.21339999999999998,
    0.2278,
    0.24530000000000002,
    0.2572,
    0.24689999999999998,
    0.2285,
    0.211,
    0.1618,
    0.1346,
    0.1115,
    0.1036,
    0.1004,
    0.10010000000000001,
    0.1,
    0.1,
    0.1,
    0.1,
    0.1,
    0.1,
    0.1,
    0.10010000000000001,
    0.10010000000000001,
    0.1,
    0.1,
    0.1002,
    0.10030000000000001,
    0.1008,
    0.10130000000000002,
    0.10210000000000001,
    0.10230000000000002,
    0.1034,
    0.10530000000000002,
    0.1072,
    0.1099,
    0.11240000000000001,
    0.1167,
    0.1265,
    0.13610000000000003,
    0.1562,
    0.18,
    0.20800000000000002,
    0.23870000000000005,
    0.2528
  ]
}