{
  "setting": "setting_13",
  "train_accuracy": [
    0.10008370535714287,
    0.10014748086734694,
    0.10020328443877552,
    0.10024713010204081,
    0.10024713010204081,
    0.09999601403061224,
    0.10029097576530611,
    0.10080915178571428,
    0.10123166454081632,
    0.10192123724489796,
    0.10270248724489796,
    0.10698740433673469,
    0.10902024872448979,
    0.11158322704081633,
    0.11705994897959185,
    0.12235730229591836,
    0.12610411352040815,
    0.127523118622449,
    0.12999441964285716,
    0.13278459821428573,
    0.13529575892857143,
    0.1376155931122449,
    0.1395607461734694,
    0.1400390625,
    0.14170121173469388,
    0.1448700573979592,
    0.1470065369897959,
    0.14807876275510204,
    0.14970902423469387,
    0.15233179209183673,
    0.15402582908163265,
    0.15768494897959184,
    0.15943877551020408,
    0.16387117346938776,
    0.16802056760204082,
    0.17071906887755103,
    0.17386798469387754,
    0.17457748724489797,
    0.17734773596938777,
    0.1813934948979592,
    0.184375,
    0.18629623724489797,
    0.1878308354591837,
    0.19071269132653063,
    0.192398756377551,
    0.1942482461734694,
    0.19639269770408166,
    0.19911910076530612,
    0.20003985969387755,
    0.2039580676020408
  ],
  "test_accuracy": [
    0.1,
    0.1,
    0.0995,
    0.10010000000000001,
    0.10010000000000001,
    0.0997,
    0.101,
    0.1005,
    0.10210000000000001,
    0.1028,
    0.10500000000000001,
    0.1079,
    0.1101,
    0.1162,
    0.1204,
    0.12310000000000001,
    0.12600000000000003,
    0.1299,
    0.1312,
    0.13470000000000001,
    0.1346,
    0.1376,
    0.1395,
    0.14289999999999997,
    0.14509999999999998,
    0.1469,
    0.14679999999999999,
    0.15009999999999998,
    0.15150000000000002,
    0.152,
    0.15550000000000003,
    0.1593,
    0.16409999999999997,
    0.1677,
    0.16970000000000002,
    0.1724,
    0.1789,
    0.1765,
    0.18109999999999998,
    0.1833,
    0.18630000000000002,
    0.1875,
    0.19180000000000003,
    0.1975,
    0.1958,
    0.1996,
    0.2032,
    0.2056,
    0.20790000000000003,
    0.2121
  ]
}