{
  "setting": "setting_27",
  "train_accuracy": [
    0.09768222506393862,
    0.10133471867007673,
    0.09209159207161126,
    0.09973225703324808,
    0.10135469948849106,
    0.11373881074168797,
    0.10870364450127877,
    0.12119964833759592,
    0.13075047953964195,
    0.13849904092071613,
    0.13986572890025575,
    0.1550911125319693,
    0.14567615089514066,
    0.15565856777493606,
    0.17446451406649618,
    0.18041080562659847,
    0.17596307544757034,
    0.18466272378516624,
    0.18078644501278773,
    0.1665041560102302,
    0.1486173273657289,
    0.12227461636828645,
    0.10664162404092072,
    0.10097506393861894,
    0.10097506393861894,
    0.10100303708439898,
    0.1003596547314578,
    0.10035166240409206,
    0.10047554347826088,
    0.10034367007672634,
    0.10056345907928389,
    0.10044757033248082,
    0.10052749360613811,
    0.10093510230179029,
    0.10202205882352941,
    0.10303708439897699,
    0.10496323529411765,
    0.10445572250639387,
    0.10498721227621483,
    0.11088954603580563,
    0.11393062659846548,
    0.11815856777493607,
    0.13073049872122763,
    0.14996403452685422,
    0.15941895780051152,
    0.17176310741687978,
    0.19124040920716115,
    0.2049112851662404,
    0.2142663043478261,
    0.23035485933503835
  ],
  "test_accuracy": [
    0.1071,
    0.0984,
    0.1,
    0.1016,
    0.1018,
    0.1454,
    0.10230000000000002,
    0.13319999999999999,
    0.13379999999999997,
    0.13479999999999998,
    0.1489,
    0.1573,
    0.15,
    0.16899999999999998,
    0.17300000000000001,
    0.17409999999999998,
    0.18180000000000002,
    0.19240000000000002,
    0.1728,
    0.1553,
    0.1309,
    0.1095,
    0.1024,
    0.1016,
    0.1016,
    0.1005,
    0.1004,
    0.1008,
    0.10030000000000001,
    0.10010000000000001,
    0.1005,
    0.10030000000000001,
    0.1006,
    0.1015,
    0.1028,
    0.10500000000000001,
    0.10510000000000001,
    0.10390000000000002,
    0.1078,
    0.1147,
    0.1133,
    0.1258,
    0.1396,
    0.15980000000000003,
    0.1644,
    0.1809,
    0.19580000000000003,
    0.2064,
    0.22210000000000002,
    0.23459999999999998
  ]
}