{
  "setting": "setting_20",
  "train_accuracy": [
    0.09995269481613399,
    0.10196636142664613,
    0.11677799805063535,
    0.1409419973767809,
    0.1655937139006546,
    0.18368099008471314,
    0.19343232576049288,
    0.2122626468040046,
    0.22451010180015402,
    0.2288123164949942,
    0.23238088720157876,
    0.22108141605698886,
    0.18867435682999614,
    0.16856476523392377,
    0.13008474321332306,
    0.10980555990084713,
    0.10255034354543704,
    0.10085781069503275,
    0.10024261768386601,
    0.10009972444166346,
    0.10000270745090489,
    0.10002827782056219,
    0.09999255451001154,
    0.0999801453600308,
    0.10000082727666539,
    0.10000910004331923,
    0.1000049636599923,
    0.10004219110993454,
    0.10004219110993454,
    0.10004895973719677,
    0.10002827782056219,
    0.10002338936753948,
    0.1003452751973431,
    0.10036445297458607,
    0.10056450351366963,
    0.10088187692529842,
    0.10152790479399307,
    0.1023525492154409,
    0.10450910906815557,
    0.10679276869946092,
    0.1081337089670774,
    0.10968823702830188,
    0.11173612280997305,
    0.11438679245283019,
    0.11762595663265306,
    0.12081661231709664,
    0.12727689100404313,
    0.13655404673661917,
    0.14792985295533306,
    0.16147425214189448
  ],
  "test_accuracy": [
    0.0998,
    0.1038,
    0.1269,
    0.1571,
    0.1793,
    0.19290000000000002,
    0.2089,
    0.22830000000000003,
    0.2333,
    0.2375,
    0.23840000000000003,
    0.2109,
    0.1773,
    0.15229999999999996,
    0.12079999999999999,
    0.10490000000000002,
    0.10170000000000001,
    0.1006,
    0.1,
    0.1,
    0.1,
    0.1,
    0.1,
    0.1,
    0.1,
    0.1,
    0.1,
    0.1,
    0.10010000000000001,
    0.1,
    0.1,
    0.1002,
    0.1006,
    0.101,
    0.1004,
    0.1015,
    0.10210000000000001,
    0.10200000000000001,
    0.10640000000000001,
    0.1078,
    0.11140000000000001,
    0.1122,
    0.11590000000000003,
    0.12010000000000001,
    0.12169999999999999,
    0.12599999999999997,
    0.13219999999999998,
    0.1436,
    0.1581,
    0.1719
  ]
}