{
  "setting": "setting_12",
  "train_accuracy": [
    0.10013986572890025,
    0.10030370843989769,
    0.10000399616368287,
    0.10002797314578005,
    0.10030770460358056,
    0.10008391943734016,
    0.09991208439897697,
    0.10029571611253198,
    0.1002237851662404,
    0.10048753196930946,
    0.10033967391304348,
    0.10033168158567775,
    0.10052749360613811,
    0.10090712915601023,
    0.10125079923273657,
    0.10112292199488492,
    0.1014266304347826,
    0.10129875319693095,
    0.10153053069053708,
    0.10116288363171355,
    0.10125479539641945,
    0.10134271099744245,
    0.10122682225063938,
    0.10105099104859334,
    0.10134271099744245,
    0.10136668797953964,
    0.10185022378516623,
    0.10205402813299233,
    0.10289721867007673,
    0.1028332800511509,
    0.10331281969309464,
    0.10396019820971868,
    0.1042599104859335,
    0.10427589514066496,
    0.10527893222506395,
    0.10533487851662404,
    0.10610613810741687,
    0.10557464833759592,
    0.10596627237851662,
    0.1070372442455243,
    0.10727301790281331,
    0.10752477621483375,
    0.10745284526854221,
    0.10840393222506393,
    0.10913922634271099,
    0.10891144501278772,
    0.10965473145780051,
    0.1105099104859335,
    0.11058184143222506,
    0.11170476342710998
  ],
  "test_accuracy": [
    0.0998,
    0.1002,
    0.0996,
    0.0998,
    0.1,
    0.0996,
    0.0998,
    0.0998,
    0.0998,
    0.09989999999999999,
    0.10030000000000001,
    0.10010000000000001,
    0.1002,
    0.1011,
    0.10089999999999999,
    0.10089999999999999,
    0.1016,
    0.1006,
    0.1014,
    0.1011,
    0.10110000000000001,
    0.1015,
    0.1008,
    0.10130000000000002,
    0.1005,
    0.1015,
    0.10110000000000001,
    0.10130000000000002,
    0.10250000000000001,
    0.1044,
    0.10270000000000001,
    0.1045,
    0.10369999999999999,
    0.1041,
    0.1055,
    0.10529999999999999,
    0.10569999999999999,
    0.10529999999999999,
    0.10729999999999999,
    0.10700000000000001,
    0.10700000000000001,
    0.1091,
    0.10869999999999999,
    0.10900000000000001,
    0.10940000000000001,
    0.11069999999999999,
    0.1113,
    0.11199999999999999,
    0.11179999999999998,
    0.1111
  ]
}