{
  "setting": "setting_23",
  "train_accuracy": [
    0.09789939413265306,
    0.0946906887755102,
    0.08952885841836734,
    0.10384247448979592,
    0.10556042729591837,
    0.1182796556122449,
    0.12517139668367347,
    0.13481345663265307,
    0.12124123086734694,
    0.11376355229591836,
    0.13081154336734693,
    0.14567522321428572,
    0.14187260841836735,
    0.1415935905612245,
    0.14059709821428573,
    0.14669563137755104,
    0.16996173469387754,
    0.18116230867346939,
    0.179117506377551,
    0.18173230229591839,
    0.19214764030612247,
    0.19706234056122449,
    0.19991230867346937,
    0.2030373086734694,
    0.20438855229591835,
    0.21483179209183673,
    0.2149075255102041,
    0.21618303571428574,
    0.21413026147959185,
    0.22612005739795918,
    0.2227519132653061,
    0.22515545280612245,
    0.2314453125,
    0.23350605867346938,
    0.23595344387755104,
    0.23772720025510205,
    0.23893096301020408,
    0.23587372448979593,
    0.23815768494897957,
    0.23684231505102038,
    0.23780691964285716,
    0.24763233418367347,
    0.2453563456632653,
    0.25106823979591836,
    0.25400191326530613,
    0.2544642857142857,
    0.25880899234693877,
    0.26157924107142855,
    0.2583665497448979,
    0.2566764987244898
  ],
  "test_accuracy": [
    0.0959,
    0.06599999999999999,
    0.10390000000000002,
    0.1028,
    0.10070000000000001,
    0.11910000000000001,
    0.1147,
    0.1302,
    0.1149,
    0.13679999999999998,
    0.14350000000000002,
    0.1477,
    0.1444,
    0.1389,
    0.14450000000000002,
    0.1505,
    0.18519999999999998,
    0.1891,
    0.1905,
    0.1871,
    0.198,
    0.20070000000000002,
    0.20220000000000002,
    0.2153,
    0.21380000000000005,
    0.22230000000000003,
    0.2263,
    0.21550000000000002,
    0.2182,
    0.2405,
    0.23249999999999998,
    0.23480000000000004,
    0.24979999999999997,
    0.24159999999999998,
    0.2433,
    0.24559999999999998,
    0.2404,
    0.24210000000000004,
    0.24220000000000003,
    0.23819999999999997,
    0.25,
    0.2516,
    0.25880000000000003,
    0.2537,
    0.25759999999999994,
    0.26080000000000003,
    0.2634,
    0.2625,
    0.25470000000000004,
    0.2643
  ]
}