{
  "setting": "setting_18",
  "train_accuracy": [
    0.10006377551020408,
    0.10016741071428571,
    0.10005978954081633,
    0.10022720025510204,
    0.10022720025510204,
    0.09995615433673469,
    0.10063376913265305,
    0.10118781887755102,
    0.10182955994897959,
    0.10287786989795919,
    0.10367904974489796,
    0.1071468431122449,
    0.10965800382653061,
    0.11256377551020408,
    0.11709980867346939,
    0.12241709183673469,
    0.12568558673469388,
    0.12672592474489797,
    0.1300701530612245,
    0.13194754464285716,
    0.1347576530612245,
    0.13683832908163265,
    0.13892299107142858,
    0.13929767219387754,
    0.14142219387755103,
    0.14463089923469388,
    0.14658801020408163,
    0.14813855229591838,
    0.14994818239795918,
    0.15304926658163265,
    0.1554607780612245,
    0.1592235331632653,
    0.16249202806122448,
    0.16721938775510203,
    0.1720264668367347,
    0.17449776785714285,
    0.17715242346938775,
    0.17858338647959185,
    0.1809749681122449,
    0.18455038265306123,
    0.18674266581632654,
    0.19038185586734693,
    0.19268176020408162,
    0.19690290178571426,
    0.19740513392857142,
    0.2006855867346939,
    0.2030532525510204,
    0.2055683992346939,
    0.20852598852040816,
    0.21033960459183673
  ],
  "test_accuracy": [
    0.0999,
    0.09989999999999999,
    0.0995,
    0.10010000000000001,
    0.1,
    0.0996,
    0.1012,
    0.1012,
    0.10270000000000001,
    0.1034,
    0.10529999999999999,
    0.1082,
    0.11080000000000001,
    0.11539999999999999,
    0.1199,
    0.1237,
    0.12669999999999998,
    0.12879999999999997,
    0.1315,
    0.134,
    0.13349999999999998,
    0.1365,
    0.1395,
    0.14250000000000002,
    0.1447,
    0.1463,
    0.14640000000000003,
    0.1507,
    0.1526,
    0.1536,
    0.1575,
    0.16240000000000002,
    0.16670000000000001,
    0.17159999999999997,
    0.17409999999999998,
    0.1748,
    0.1829,
    0.1818,
    0.1841,
    0.1859,
    0.191,
    0.19360000000000002,
    0.1996,
    0.2061,
    0.2029,
    0.2071,
    0.21380000000000005,
    0.21480000000000002,
    0.2138,
    0.2165
  ]
}