{
  "setting": "setting_26",
  "train_accuracy": [
    0.10627797314578005,
    0.10212196291560102,
    0.10208200127877237,
    0.10613810741687979,
    0.10136269181585678,
    0.10887547953964194,
    0.10981457800511508,
    0.11089354219948849,
    0.08891464194373401,
    0.08815537084398976,
    0.08074248721227621,
    0.08050271739130435,
    0.08355978260869565,
    0.08533807544757033,
    0.08373960997442455,
    0.09918478260869565,
    0.09245124680306906,
    0.09221147698209718,
    0.09766624040920716,
    0.09265105498721228,
    0.09055306905370844,
    0.09161205242966752,
    0.12274216751918159,
    0.11227221867007672,
    0.10204203964194374,
    0.10643781969309463,
    0.1083959398976982,
    0.10539881713554987,
    0.10565856777493605,
    0.12745764066496162,
    0.12799712276214834,
    0.1327125959079284,
    0.1332520780051151,
    0.13017503196930946,
    0.12883631713554988,
    0.12755754475703324,
    0.13117407289002558,
    0.12783727621483376,
    0.123821131713555,
    0.12318174552429667,
    0.12492007672634271,
    0.13063459079283887,
    0.1338914641943734,
    0.13556985294117646,
    0.13662883631713554,
    0.13726822250639387,
    0.13694852941176472,
    0.13976582480818414,
    0.1420636189258312,
    0.1420636189258312
  ],
  "test_accuracy": [
    0.1217,
    0.1,
    0.1004,
    0.0993,
    0.1133,
    0.128,
    0.1062,
    0.10030000000000001,
    0.08589999999999999,
    0.0854,
    0.0767,
    0.08419999999999998,
    0.08909999999999998,
    0.0784,
    0.0984,
    0.10190000000000002,
    0.0985,
    0.09359999999999999,
    0.0974,
    0.09079999999999999,
    0.09359999999999999,
    0.0996,
    0.1251,
    0.10769999999999999,
    0.10850000000000001,
    0.1052,
    0.1093,
    0.10170000000000001,
    0.123,
    0.13610000000000003,
    0.1271,
    0.1359,
    0.1316,
    0.12750000000000003,
    0.1262,
    0.13329999999999997,
    0.12940000000000002,
    0.1255,
    0.12469999999999999,
    0.1282,
    0.1293,
    0.1345,
    0.1338,
    0.13779999999999998,
    0.136,
    0.1375,
    0.13899999999999998,
    0.144,
    0.14220000000000002,
    0.1443
  ]
}