{
  "setting": "setting_30",
  "train_accuracy": [
    0.11668173312957258,
    0.1318137514439738,
    0.10170652134674624,
    0.0999801453600308,
    0.09995532706006931,
    0.09996773621005006,
    0.1000049636599923,
    0.09996773621005006,
    0.10002978195995378,
    0.10006700940989603,
    0.10001737280997305,
    0.10002978195995378,
    0.09997187259337698,
    0.10002978195995378,
    0.0999801453600308,
    0.10000910004331923,
    0.09999255451001154,
    0.09997187259337698,
    0.10000082727666539,
    0.10001323642664613,
    0.09999669089333847,
    0.09998841812668464,
    0.10002564557662688,
    0.10000082727666539,
    0.09997600897670389,
    0.10003391834328071,
    0.10001737280997305,
    0.10000082727666539,
    0.10036294883519445,
    0.11525580898633037,
    0.18197228773584906,
    0.2559154041923373,
    0.2957141804245283,
    0.304134352738737,
    0.31060816868020796,
    0.31277112112533695,
    0.3187978316326531,
    0.317958897886985,
    0.31969467474489793,
    0.3206930472660762,
    0.3239762075231036,
    0.3287800527050443,
    0.32967501564304963,
    0.33582920196380445,
    0.33510420677705044,
    0.3365447962793608,
    0.3385547025413939,
    0.3384625740036581,
    0.33879950122737773,
    0.339000679871005
  ],
  "test_accuracy": [
    0.13989999999999997,
    0.101,
    0.1,
    0.1,
    0.1,
    0.1,
    0.1,
    0.1,
    0.1,
    0.1,
    0.1,
    0.1,
    0.1,
    0.1,
    0.1,
    0.1,
    0.1,
    0.1,
    0.1,
    0.1,
    0.1,
    0.1,
    0.1,
    0.1,
    0.1,
    0.1,
    0.1,
    0.1,
    0.1018,
    0.13490000000000002,
    0.22800000000000004,
    0.2841,
    0.3063,
    0.3119,
    0.3167,
    0.3187,
    0.31710000000000005,
    0.324,
    0.32070000000000004,
    0.3215,
    0.3306,
    0.3381,
    0.3344,
    0.3345,
    0.3492,
    0.3419,
    0.343,
    0.34130000000000005,
    0.3457,
    0.3437
  ]
}