{
  "setting": "setting_24",
  "train_accuracy": [
    0.1066730821793003,
    0.10989222698007774,
    0.11425116921768708,
    0.11999855745869777,
    0.15168416697035955,
    0.17474205083819241,
    0.18951481262147718,
    0.1874307200558795,
    0.1839600795675413,
    0.20009756134596696,
    0.19492813866618078,
    0.17151151755344995,
    0.10695399811710397,
    0.09998329689018465,
    0.09994153911564627,
    0.09995197855928085,
    0.10001461522108843,
    0.09993109967201165,
    0.10003549410835763,
    0.10003549410835763,
    0.10000417577745384,
    0.10002505466472304,
    0.09997285744655005,
    0.09992066022837706,
    0.09989978134110787,
    0.10004593355199222,
    0.09998234784985421,
    0.10003169794703595,
    0.1006333895165209,
    0.10140875546647231,
    0.10547634232264334,
    0.11591578595724004,
    0.13614363155976675,
    0.1735272792152575,
    0.21121746689747325,
    0.24492358327259475,
    0.2571472227283771,
    0.26342132835276966,
    0.2705552645165209,
    0.27008074435131196,
    0.2715963617589893,
    0.27360358205782315,
    0.2735134232264334,
    0.27149955964528666,
    0.27327141794217685,
    0.27215060131195334,
    0.27667277848639454,
    0.2756895727040816,
    0.279898566569485,
    0.28059516217201164
  ],
  "test_accuracy": [
    0.11069999999999999,
    0.1206,
    0.1056,
    0.1546,
    0.1646,
    0.1874,
    0.20180000000000003,
    0.188,
    0.2022,
    0.2116,
    0.20390000000000003,
    0.1297,
    0.1,
    0.1,
    0.1,
    0.1,
    0.1,
    0.1,
    0.1,
    0.1,
    0.1,
    0.1,
    0.1,
    0.1,
    0.1,
    0.1,
    0.1002,
    0.1002,
    0.1016,
    0.1016,
    0.10800000000000001,
    0.12160000000000001,
    0.1499,
    0.1931,
    0.2338,
    0.25830000000000003,
    0.2658,
    0.2778,
    0.27180000000000004,
    0.273,
    0.2737,
    0.27430000000000004,
    0.2765,
    0.2772,
    0.2798,
    0.2794,
    0.27840000000000004,
    0.2814,
    0.28709999999999997,
    0.2869
  ]
}