{
  "setting": "setting_3",
  "train_accuracy": [
    0.1004623724489796,
    0.10012755102040816,
    0.10162228954081633,
    0.10277822066326531,
    0.10044642857142858,
    0.1001155931122449,
    0.10033083545918367,
    0.09999202806122448,
    0.1001155931122449,
    0.10128348214285714,
    0.10297353316326531,
    0.11177853954081633,
    0.1134486607142857,
    0.11959103954081633,
    0.12714445153061224,
    0.13118622448979592,
    0.1311981823979592,
    0.13135762117346939,
    0.1344347895408163,
    0.1386360012755102,
    0.13988360969387756,
    0.14216358418367347,
    0.1433235012755102,
    0.14353475765306123,
    0.14260204081632652,
    0.14522879464285715,
    0.14659199617346938,
    0.1483777104591837,
    0.14914700255102042,
    0.14864477040816326,
    0.14908721301020408,
    0.14871651785714285,
    0.14873644770408162,
    0.15080915178571427,
    0.15161830357142858,
    0.1513233418367347,
    0.1527981505102041,
    0.15139508928571427,
    0.15290577168367347,
    0.15359933035714285,
    0.15407366071428572,
    0.1552136479591837,
    0.15568797831632653,
    0.15656887755102042,
    0.15841438137755104,
    0.1578483737244898,
    0.16023995535714286,
    0.1615951849489796,
    0.1625438456632653,
    0.16294244260204083
  ],
  "test_accuracy": [
    0.10010000000000001,
    0.1,
    0.10329999999999999,
    0.1006,
    0.1004,
    0.0999,
    0.1014,
    0.1006,
    0.10130000000000002,
    0.1028,
    0.1068,
    0.11910000000000001,
    0.12250000000000001,
    0.1296,
    0.1365,
    0.1334,
    0.13240000000000002,
    0.1336,
    0.13790000000000002,
    0.13990000000000002,
    0.14310000000000003,
    0.1461,
    0.14559999999999998,
    0.14520000000000002,
    0.1456,
    0.14559999999999998,
    0.1498,
    0.149,
    0.1498,
    0.15019999999999997,
    0.1494,
    0.14989999999999998,
    0.14959999999999998,
    0.152,
    0.1503,
    0.15189999999999998,
    0.1511,
    0.154,
    0.15599999999999997,
    0.15419999999999998,
    0.156,
    0.1561,
    0.1567,
    0.1587,
    0.159,
    0.16129999999999997,
    0.16369999999999998,
    0.165,
    0.16570000000000001,
    0.1645
  ]
}