{
  "setting": "setting_9",
  "train_accuracy": [
    0.10018164631924198,
    0.10091430545432459,
    0.12397883260447036,
    0.1333316250607386,
    0.13587979834791059,
    0.1368668002915452,
    0.13977276178328474,
    0.14636005071671526,
    0.14979367863216717,
    0.15496215227162294,
    0.16451993743926144,
    0.1757660653547133,
    0.18322457331146746,
    0.18898999331875607,
    0.19714984207968902,
    0.2023126214771623,
    0.2039800853377065,
    0.19250239158163265,
    0.17645222151360543,
    0.17170417274052477,
    0.1673063198493683,
    0.1627831936345967,
    0.15626803176627793,
    0.15850966502672498,
    0.16129035319484936,
    0.16982981808794947,
    0.17425519314868804,
    0.17784446367832846,
    0.1837152271622935,
    0.17474110179786198,
    0.17435199526239065,
    0.18054827957968902,
    0.18804285106899904,
    0.1932587767249757,
    0.20119180484693877,
    0.2076946291909621,
    0.20525559554178813,
    0.22022670675413022,
    0.22654162111273082,
    0.23359488884839652,
    0.2292046282798834,
    0.23449078292031098,
    0.23927774234693877,
    0.24440066205053448,
    0.24571413386783286,
    0.24352185070456756,
    0.24464551445578234,
    0.2502761707361516,
    0.25279871993440234,
    0.2507070350461613
  ],
  "test_accuracy": [
    0.0999,
    0.1034,
    0.1299,
    0.1366,
    0.1429,
    0.13340000000000002,
    0.14079999999999998,
    0.1494,
    0.15499999999999997,
    0.161,
    0.1721,
    0.1833,
    0.1889,
    0.19820000000000002,
    0.2063,
    0.2045,
    0.20280000000000004,
    0.1847,
    0.176,
    0.1765,
    0.1664,
    0.1676,
    0.1574,
    0.1676,
    0.16570000000000001,
    0.1783,
    0.1789,
    0.186,
    0.1865,
    0.18030000000000002,
    0.18209999999999998,
    0.1921,
    0.1875,
    0.2011,
    0.20270000000000002,
    0.21389999999999998,
    0.21080000000000002,
    0.23010000000000003,
    0.2326,
    0.23889999999999997,
    0.23279999999999998,
    0.2492,
    0.24960000000000004,
    0.2548,
    0.255,
    0.2499,
    0.2583,
    0.26049999999999995,
    0.2625,
    0.2609
  ]
}