{
  "setting": "setting_9",
  "train_accuracy": [
    0.1284393221574344,
    0.19933738004130225,
    0.23915911230563652,
    0.2735210155490768,
    0.29632740372934885,
    0.31734295280612246,
    0.3298655399659864,
    0.34077380952380953,
    0.3572700285471332,
    0.369002065111759,
    0.3796246735301263,
    0.3926625895894072,
    0.3979430499878523,
    0.4088256954567541,
    0.41826105442176875,
    0.4288058415330418,
    0.43047520347424684,
    0.4353570669339164,
    0.44089376822157433,
    0.44820042972546165,
    0.45742699981778423,
    0.4569961355077745,
    0.4636033542881438,
    0.46750865524781343,
    0.4727786762026239,
    0.4736204749757046,
    0.4796402377915452,
    0.4784615297011662,
    0.48472424684159376,
    0.48608991587706507,
    0.4884957331146744,
    0.4912147336613217,
    0.4940352815233236,
    0.49360631529397475,
    0.49706082209669583,
    0.4983742939139942,
    0.5036424167881438,
    0.50222549957483,
    0.5057511844023324,
    0.5096688228862974,
    0.5074262405855199,
    0.5106833469995141,
    0.5162931243926142,
    0.5161915770772595,
    0.5166841290087464,
    0.5201576166180758,
    0.5203436285228377,
    0.5232258640063169,
    0.5259496097546161,
    0.5252995171282799
  ],
  "test_accuracy": [
    0.1651,
    0.23779999999999996,
    0.24800000000000005,
    0.30629999999999996,
    0.2907,
    0.3197,
    0.3457,
    0.3415,
    0.3696,
    0.3902,
    0.3534,
    0.3959,
    0.40869999999999995,
    0.4242,
    0.42160000000000003,
    0.4343,
    0.4445,
    0.45010000000000006,
    0.4457,
    0.4311,
    0.4617,
    0.45380000000000004,
    0.47220000000000006,
    0.4709,
    0.4739000000000001,
    0.4718,
    0.4821,
    0.4787,
    0.4862,
    0.49329999999999996,
    0.47800000000000004,
    0.4969,
    0.49029999999999996,
    0.4963,
    0.4904,
    0.5008999999999999,
    0.5045,
    0.5059000000000001,
    0.49219999999999997,
    0.5143,
    0.5116,
    0.5146,
    0.5145000000000002,
    0.5183,
    0.5116,
    0.5221,
    0.48840000000000006,
    0.5206000000000002,
    0.5245,
    0.53
  ]
}