{
  "setting": "setting_16",
  "train_accuracy": [
    0.23749200767263426,
    0.3523617327365729,
    0.4139426150895141,
    0.4584798593350384,
    0.4901294757033248,
    0.5282928388746803,
    0.560761668797954,
    0.5855578644501279,
    0.6072570332480819,
    0.6299552429667519,
    0.6492367327365729,
    0.6619045716112532,
    0.6712755754475703,
    0.6866408248081841,
    0.6932145140664961,
    0.7045036764705882,
    0.7123561381074168,
    0.72036844629156,
    0.7247242647058824,
    0.7325967071611253,
    0.7378516624040921,
    0.7429068094629157,
    0.7520180626598465,
    0.7555546675191815,
    0.7578524616368286,
    0.7636468989769821,
    0.7676230818414322,
    0.769221547314578,
    0.7740768861892583,
    0.7783727621483376,
    0.7831881393861893,
    0.7848665281329923,
    0.785905530690537,
    0.7870843989769821,
    0.7926990089514067,
    0.7947370524296675,
    0.7967750959079284,
    0.799292679028133,
    0.8024296675191815,
    0.8012308184143222,
    0.8056865409207161,
    0.8044277493606138,
    0.8084638746803069,
    0.8097826086956522,
    0.8124000959079284,
    0.8132792519181585,
    0.8127397698209718,
    0.8158367966751918,
    0.8173553388746803,
    0.8182344948849105
  ],
  "test_accuracy": [
    0.2819,
    0.3076,
    0.4159,
    0.4373,
    0.4922000000000001,
    0.4566,
    0.5083,
    0.5848,
    0.572,
    0.5336000000000001,
    0.5606000000000001,
    0.6111,
    0.5953999999999999,
    0.6491,
    0.6110999999999999,
    0.6696000000000001,
    0.6437000000000002,
    0.6904999999999999,
    0.7016,
    0.6791,
    0.7144,
    0.6784000000000001,
    0.6576000000000001,
    0.7212999999999999,
    0.7275,
    0.727,
    0.7341,
    0.7325000000000002,
    0.757,
    0.7508999999999999,
    0.7412,
    0.7543,
    0.7614000000000001,
    0.7684,
    0.7646999999999999,
    0.7632000000000001,
    0.7655000000000001,
    0.7508999999999999,
    0.7725,
    0.7716000000000001,
    0.7735000000000001,
    0.7485999999999999,
    0.7771000000000001,
    0.7741,
    0.7703,
    0.7811000000000001,
    0.7810000000000001,
    0.7754,
    0.7773000000000001,
    0.7853
  ]
}