{
  "setting": "setting_27",
  "train_accuracy": [
    0.19992806905370844,
    0.30147858056265986,
    0.35296115728900257,
    0.39063299232736576,
    0.42512787723785167,
    0.44371003836317136,
    0.46665601023017905,
    0.4857456841432225,
    0.5076126918158568,
    0.5264785805626598,
    0.5417279411764706,
    0.5623441496163682,
    0.577593510230179,
    0.5958879475703325,
    0.6063898657289002,
    0.6262947570332481,
    0.6354579603580562,
    0.6535805626598465,
    0.6591871803069054,
    0.6701726342710999,
    0.6769221547314578,
    0.6860374040920717,
    0.6887587915601023,
    0.6929667519181585,
    0.7036524936061381,
    0.7034886508951406,
    0.708020300511509,
    0.7113810741687979,
    0.7182464833759591,
    0.7182664641943735,
    0.7231577685421995,
    0.7289881713554988,
    0.7308104219948849,
    0.7346627237851663,
    0.7415121483375958,
    0.7440057544757033,
    0.746491368286445,
    0.7521339514066496,
    0.7540800831202046,
    0.7562659846547314,
    0.7585637787723785,
    0.7606977301790282,
    0.7625239769820973,
    0.7649336636828645,
    0.7688019501278772,
    0.7705962276214834,
    0.7720588235294118,
    0.773377557544757,
    0.774056905370844,
    0.7743566176470589
  ],
  "test_accuracy": [
    0.2929,
    0.2958,
    0.36889999999999995,
    0.42729999999999996,
    0.4298,
    0.43710000000000004,
    0.4749,
    0.49879999999999997,
    0.5143,
    0.5267000000000001,
    0.5412000000000001,
    0.5468,
    0.5718,
    0.6018999999999999,
    0.5864,
    0.6365000000000001,
    0.6239999999999999,
    0.6509,
    0.6344000000000001,
    0.6393000000000001,
    0.6315999999999999,
    0.6677,
    0.6796,
    0.651,
    0.6891,
    0.6930999999999999,
    0.6933999999999999,
    0.6993,
    0.7038,
    0.7133999999999999,
    0.7007,
    0.7139,
    0.6940999999999999,
    0.7294,
    0.7242,
    0.7261,
    0.7257999999999999,
    0.719,
    0.7339,
    0.7298,
    0.7339,
    0.727,
    0.7353,
    0.7418000000000001,
    0.7363000000000001,
    0.7402,
    0.7464000000000001,
    0.7325,
    0.7444,
    0.7508000000000001
  ]
}