{
  "setting": "setting_14",
  "train_accuracy": [
    0.12845925200437316,
    0.19933738004130225,
    0.23915911230563652,
    0.27372031401846453,
    0.29630842292274057,
    0.31724330357142855,
    0.32990539965986393,
    0.34101296768707484,
    0.3573402575315841,
    0.36910171434645284,
    0.3798951500242954,
    0.3926521501457726,
    0.3980426992225462,
    0.4086861865281827,
    0.4181813350340136,
    0.4287460519922255,
    0.43083394071914477,
    0.4353077168367347,
    0.4407941189868805,
    0.44788155217444126,
    0.45781610635325565,
    0.4571365934766764,
    0.4633641961248785,
    0.46762823432944606,
    0.47281853589650147,
    0.47389000242954327,
    0.4795500789601555,
    0.4783419506195335,
    0.48492354531098153,
    0.48630060283041787,
    0.48833629433916426,
    0.49124510295189505,
    0.4938957725947522,
    0.4933870869776482,
    0.4968415937803693,
    0.4986134520772595,
    0.5034336279154519,
    0.502663956207483,
    0.5053421480199223,
    0.5093300154883382,
    0.507326591350826,
    0.5108228559280855,
    0.5160644056729835,
    0.5146085778061225,
    0.5151495307944607,
    0.5190225643828961,
    0.5189466411564626,
    0.5224979500728862,
    0.5265664859693877,
    0.5255491147351798
  ],
  "test_accuracy": [
    0.16519999999999999,
    0.2378,
    0.248,
    0.30579999999999996,
    0.291,
    0.3204,
    0.346,
    0.3416,
    0.3699,
    0.39039999999999997,
    0.356,
    0.3961,
    0.40730000000000005,
    0.42489999999999994,
    0.42169999999999996,
    0.43340000000000006,
    0.44420000000000004,
    0.45039999999999997,
    0.44510000000000005,
    0.4314,
    0.46230000000000004,
    0.4542,
    0.4725999999999999,
    0.4713,
    0.47450000000000003,
    0.47119999999999995,
    0.48200000000000004,
    0.4788,
    0.48630000000000007,
    0.4936,
    0.47809999999999997,
    0.4974,
    0.49050000000000005,
    0.496,
    0.4904,
    0.5011,
    0.5048,
    0.5059,
    0.49239999999999995,
    0.5146000000000002,
    0.5116000000000002,
    0.514,
    0.5147999999999999,
    0.518,
    0.5108,
    0.5231,
    0.48119999999999996,
    0.5196999999999999,
    0.5243,
    0.5305
  ]
}