{
  "setting": "setting_28",
  "train_accuracy": [
    0.16597576530612246,
    0.2477080676020408,
    0.29585857780612246,
    0.3284956951530612,
    0.353547512755102,
    0.378531568877551,
    0.3975765306122449,
    0.4210339604591837,
    0.43037308673469393,
    0.44530452806122445,
    0.4514548788265306,
    0.461945950255102,
    0.471843112244898,
    0.4779775191326531,
    0.48982382015306125,
    0.49840561224489793,
    0.5039580676020408,
    0.5095065369897959,
    0.519156568877551,
    0.5277822066326531,
    0.5365951849489796,
    0.5409000318877552,
    0.552961575255102,
    0.5530452806122449,
    0.5642059948979592,
    0.567398756377551,
    0.5766940369897959,
    0.5820790816326531,
    0.5896524234693877,
    0.5930325255102041,
    0.5971978635204082,
    0.6029854910714286,
    0.609765625,
    0.6124999999999999,
    0.6179408482142857,
    0.6206831951530613,
    0.6284080038265306,
    0.6314811862244898,
    0.6346101721938776,
    0.6405373086734694,
    0.6444076849489796,
    0.6474210778061225,
    0.6479113520408163,
    0.6524473852040816,
    0.6529057716836735,
    0.6558713329081632,
    0.6578643176020408,
    0.6622767857142857,
    0.6617386798469388,
    0.6614835778061224
  ],
  "test_accuracy": [
    0.20370000000000005,
    0.2245,
    0.2576,
    0.3519,
    0.3215,
    0.3993,
    0.3889,
    0.40570000000000006,
    0.42089999999999994,
    0.43360000000000004,
    0.4467,
    0.4295999999999999,
    0.45470000000000005,
    0.45089999999999997,
    0.45380000000000004,
    0.4888,
    0.4941,
    0.5093,
    0.45100000000000007,
    0.5001,
    0.5283,
    0.5098,
    0.5417,
    0.5465,
    0.5643,
    0.5450999999999999,
    0.5766,
    0.4995000000000001,
    0.5466,
    0.5679000000000001,
    0.5897,
    0.5569,
    0.6104999999999999,
    0.6127,
    0.6135999999999999,
    0.6042,
    0.6013999999999999,
    0.5983,
    0.6262000000000001,
    0.6009,
    0.6218000000000001,
    0.6344000000000001,
    0.6083,
    0.6224000000000001,
    0.6251,
    0.6405000000000001,
    0.6224000000000001,
    0.6404000000000001,
    0.651,
    0.6441000000000001
  ]
}