{
  "setting": "setting_25",
  "train_accuracy": [
    0.10525215392760878,
    0.1420787507219869,
    0.19231287001829034,
    0.21658704755487102,
    0.23471869585098193,
    0.2538028404168271,
    0.2712933492972661,
    0.2832207986378514,
    0.2907651857912977,
    0.3029363057133231,
    0.3185206939497497,
    0.3221073143290335,
    0.3278177795292645,
    0.3364793662158259,
    0.3421969760781671,
    0.35266127382556794,
    0.3622986709424336,
    0.37112571296207164,
    0.37337477738737,
    0.3801798800298421,
    0.3839560219724682,
    0.39184899342991913,
    0.3956935737148633,
    0.40742510889969197,
    0.4058841180929919,
    0.41259182770985753,
    0.41816541622545245,
    0.4253871654793993,
    0.4273989519156719,
    0.42811417019638043,
    0.4308261335194455,
    0.4341299756931074,
    0.4383840579274163,
    0.43687427801309203,
    0.44249299071043513,
    0.4391000282778206,
    0.4476386515691182,
    0.4503908506209088,
    0.4535604483538698,
    0.45350028277820564,
    0.4568808360608394,
    0.45803902339237584,
    0.46224083678282635,
    0.461887364025799,
    0.46213479495571813,
    0.4682479934780516,
    0.46892372809973043,
    0.4694749951867539,
    0.4686157555592992,
    0.470386503658067
  ],
  "test_accuracy": [
    0.12210000000000001,
    0.16770000000000002,
    0.21359999999999996,
    0.24600000000000005,
    0.25129999999999997,
    0.2818,
    0.2913,
    0.29369999999999996,
    0.3094,
    0.3236,
    0.33140000000000003,
    0.3356,
    0.3537,
    0.3646999999999999,
    0.3424,
    0.37679999999999997,
    0.33480000000000004,
    0.39560000000000006,
    0.39149999999999996,
    0.3915,
    0.39909999999999995,
    0.4061,
    0.3975,
    0.41859999999999997,
    0.40890000000000004,
    0.4199,
    0.41580000000000006,
    0.4274,
    0.4282,
    0.4311,
    0.43260000000000004,
    0.43289999999999995,
    0.4403,
    0.4445,
    0.449,
    0.44109999999999994,
    0.4556,
    0.4303,
    0.4532,
    0.44930000000000003,
    0.46019999999999994,
    0.4654,
    0.46880000000000005,
    0.4697,
    0.46900000000000003,
    0.4633000000000001,
    0.46630000000000005,
    0.4680000000000001,
    0.4716,
    0.4628
  ]
}