{
  "setting": "setting_13",
  "train_accuracy": [
    0.16583625637755103,
    0.24792729591836735,
    0.2958984375,
    0.32845583545918366,
    0.3530931122448979,
    0.37867107780612247,
    0.397835618622449,
    0.4210140306122449,
    0.430632174744898,
    0.44522480867346936,
    0.4517338966836735,
    0.4613679846938775,
    0.47128507653061225,
    0.4782166772959184,
    0.48990353954081634,
    0.49838169642857144,
    0.5037348533163266,
    0.5099250637755102,
    0.5191525829081632,
    0.5279815051020408,
    0.5371173469387756,
    0.5407605229591836,
    0.5535594706632654,
    0.5531489158163265,
    0.5640266262755101,
    0.5668008609693878,
    0.5764787946428571,
    0.5825374681122449,
    0.5900111607142857,
    0.5933514030612245,
    0.5975765306122449,
    0.6031449298469388,
    0.6094467474489795,
    0.6127351721938775,
    0.6182995854591836,
    0.6200055803571429,
    0.6277702487244898,
    0.6316764987244898,
    0.6339724170918367,
    0.6400789221938775,
    0.6438895089285714,
    0.6466438137755102,
    0.6471141581632652,
    0.6524274553571429,
    0.6529257015306122,
    0.6559111926020408,
    0.6577447385204082,
    0.6624242665816327,
    0.6621611926020408,
    0.6618463010204082
  ],
  "test_accuracy": [
    0.2036,
    0.2245,
    0.258,
    0.35239999999999994,
    0.32280000000000003,
    0.39940000000000003,
    0.3897,
    0.4064,
    0.4213,
    0.4324,
    0.4473,
    0.42960000000000004,
    0.45389999999999997,
    0.45120000000000005,
    0.4527,
    0.4897,
    0.4941999999999999,
    0.5081,
    0.4502,
    0.5006999999999999,
    0.5284000000000001,
    0.5103,
    0.5421,
    0.5467000000000001,
    0.5646,
    0.5471,
    0.5767,
    0.5002,
    0.5492000000000001,
    0.5684,
    0.5902,
    0.5554,
    0.6107,
    0.6122000000000001,
    0.6135,
    0.6032,
    0.6002,
    0.5997999999999999,
    0.6268,
    0.5993999999999999,
    0.6212,
    0.6345,
    0.6062,
    0.6208000000000001,
    0.6241000000000001,
    0.6409,
    0.6218999999999999,
    0.6389,
    0.6510999999999999,
    0.6464
  ]
}