{
  "setting": "setting_15",
  "train_accuracy": [
    0.10525215392760878,
    0.1420787507219869,
    0.19228880378802465,
    0.2165629813246053,
    0.23469876600404313,
    0.2538028404168271,
    0.2711098442914902,
    0.28312114940315747,
    0.29066140017327685,
    0.3029163758663843,
    0.31829732925009624,
    0.3220076650943396,
    0.3280287350789372,
    0.33643537013862146,
    0.3424203407778206,
    0.35252176489699655,
    0.3597957829948017,
    0.3726862575808625,
    0.3797639854880631,
    0.3792149746101271,
    0.38325847732961105,
    0.3909686958509819,
    0.3950866534703504,
    0.4052918632075472,
    0.40598715164131693,
    0.4117348442914902,
    0.4180018410666153,
    0.4245102522140932,
    0.4269164992058144,
    0.4276557837167886,
    0.4306824882075472,
    0.4336200724393531,
    0.43820130499133614,
    0.43619252683384674,
    0.4427163554100886,
    0.43826297470639203,
    0.4469012472323835,
    0.4500362497593377,
    0.45356458473719674,
    0.45348862569792064,
    0.45682518290335,
    0.4574527850644975,
    0.46211712131786675,
    0.46140491131594147,
    0.46179598755775897,
    0.4680885547025414,
    0.4687044997834039,
    0.46932382917789756,
    0.4682968780082788,
    0.4700593533403928
  ],
  "test_accuracy": [
    0.12210000000000001,
    0.16770000000000002,
    0.21359999999999996,
    0.24610000000000004,
    0.25120000000000003,
    0.2819,
    0.2913,
    0.29369999999999996,
    0.3094,
    0.3237,
    0.33120000000000005,
    0.3352,
    0.3529,
    0.36419999999999997,
    0.34149999999999997,
    0.3769,
    0.368,
    0.3539,
    0.3863,
    0.38889999999999997,
    0.39970000000000006,
    0.4079,
    0.39940000000000003,
    0.4149999999999999,
    0.4037,
    0.42119999999999996,
    0.41369999999999996,
    0.4262,
    0.42829999999999996,
    0.43069999999999997,
    0.43200000000000005,
    0.4325,
    0.4386,
    0.44509999999999994,
    0.4487,
    0.4431,
    0.4554,
    0.43019999999999997,
    0.4528,
    0.4486,
    0.4593999999999999,
    0.4645,
    0.46840000000000004,
    0.46979999999999994,
    0.46929999999999994,
    0.4628,
    0.4668,
    0.4688,
    0.47160000000000013,
    0.46259999999999996
  ]
}