{
  "setting": "setting_26",
  "train_accuracy": [
    0.23747202685421995,
    0.35190217391304346,
    0.4140824808184143,
    0.45881953324808183,
    0.4904691496163683,
    0.5288523017902813,
    0.5601822250639387,
    0.5853380754475703,
    0.6082760549872123,
    0.6295756074168798,
    0.6487172314578005,
    0.6619445332480819,
    0.6732936381074168,
    0.6869605179028133,
    0.6920955882352942,
    0.7054028132992327,
    0.7120764066496164,
    0.7194493286445013,
    0.7239250319693095,
    0.7320971867007673,
    0.7380714514066496,
    0.7421475383631714,
    0.7503796355498721,
    0.7550951086956522,
    0.757872442455243,
    0.7634870524296675,
    0.7652853260869565,
    0.7688419117647058,
    0.7719389386189258,
    0.7761149296675192,
    0.7814897698209718,
    0.7828484654731458,
    0.7855059143222506,
    0.7850063938618926,
    0.7906210038363172,
    0.7948169757033248,
    0.7969749040920716,
    0.8009510869565217,
    0.8037883631713555,
    0.8029891304347826,
    0.8073649296675192,
    0.8068454283887468,
    0.809343030690537,
    0.8129195971867008,
    0.813119405370844,
    0.8149776214833759,
    0.8152773337595908,
    0.8161365089514067,
    0.8170955882352942,
    0.8193933823529411
  ],
  "test_accuracy": [
    0.2822,
    0.30889999999999995,
    0.4144,
    0.4394,
    0.4906,
    0.46129999999999993,
    0.5108,
    0.5854,
    0.5712999999999999,
    0.5404,
    0.5665999999999999,
    0.611,
    0.5898,
    0.6416999999999999,
    0.6073,
    0.6742999999999999,
    0.633,
    0.6901,
    0.7017,
    0.6854,
    0.7113,
    0.6829,
    0.6551,
    0.7194999999999999,
    0.72,
    0.7270999999999999,
    0.7229,
    0.7316,
    0.7535000000000001,
    0.7506,
    0.7354,
    0.7529000000000001,
    0.7548000000000001,
    0.7672000000000001,
    0.765,
    0.7634000000000001,
    0.7623,
    0.7532,
    0.7738000000000002,
    0.7677000000000002,
    0.7755000000000001,
    0.7445999999999999,
    0.7766000000000001,
    0.7736000000000001,
    0.7717,
    0.7775,
    0.7811999999999999,
    0.7696999999999999,
    0.7759,
    0.7882
  ]
}