{
  "setting": "setting_18",
  "train_accuracy": [
    0.1659558354591837,
    0.2478077168367347,
    0.29575892857142855,
    0.3283163265306122,
    0.35318877551020406,
    0.37869100765306124,
    0.39761639030612245,
    0.4210738201530612,
    0.43055245535714287,
    0.4453842474489796,
    0.4519571109693878,
    0.4618662308673469,
    0.47146444515306124,
    0.47829639668367346,
    0.48974410076530617,
    0.498258131377551,
    0.5040138711734694,
    0.5095663265306123,
    0.5188376913265307,
    0.5280373086734693,
    0.5370974170918368,
    0.540640943877551,
    0.5534398915816326,
    0.5531449298469387,
    0.5643614477040817,
    0.5672991071428571,
    0.5767777423469388,
    0.5818598533163266,
    0.5901905293367348,
    0.593391262755102,
    0.5975007971938776,
    0.6032246492346939,
    0.6096261160714286,
    0.6125199298469388,
    0.6180604272959184,
    0.6199617346938776,
    0.6280293367346939,
    0.6315409757653061,
    0.6305843431122449,
    0.6381257971938775,
    0.6427535076530612,
    0.6454440369897959,
    0.6457908163265307,
    0.6527463329081633,
    0.652586894132653,
    0.6555923150510204,
    0.6579838966836735,
    0.6623246173469388,
    0.661459661989796,
    0.6619021045918367
  ],
  "test_accuracy": [
    0.20340000000000003,
    0.2246,
    0.25759999999999994,
    0.3524999999999999,
    0.3217,
    0.39940000000000003,
    0.38960000000000006,
    0.40569999999999995,
    0.4217999999999999,
    0.4332,
    0.44620000000000004,
    0.42939999999999995,
    0.45450000000000007,
    0.4507,
    0.45330000000000004,
    0.4897,
    0.4937,
    0.5086999999999999,
    0.44770000000000004,
    0.5010000000000001,
    0.5288999999999999,
    0.5095,
    0.5422,
    0.5477000000000001,
    0.5648,
    0.5462,
    0.5781999999999999,
    0.4997,
    0.5484,
    0.5667,
    0.5901,
    0.5562,
    0.6106999999999999,
    0.6123999999999999,
    0.6134999999999999,
    0.6046999999999999,
    0.5989,
    0.5998,
    0.6247,
    0.5942,
    0.6168,
    0.6338,
    0.6048,
    0.6186999999999999,
    0.622,
    0.6414000000000001,
    0.6204,
    0.6401000000000001,
    0.65,
    0.6468
  ]
}