{
  "setting": "setting_23",
  "train_accuracy": [
    0.16589604591836735,
    0.24794722576530612,
    0.29587850765306123,
    0.32845583545918366,
    0.35294961734693875,
    0.37837213010204085,
    0.397835618622449,
    0.42113360969387753,
    0.43075175382653064,
    0.4451052295918367,
    0.4514588647959184,
    0.46166693239795914,
    0.4711654974489796,
    0.4780373086734694,
    0.48994339923469393,
    0.49844148596938775,
    0.5038942920918368,
    0.5096261160714286,
    0.5195910395408163,
    0.5279137436224489,
    0.5371731505102041,
    0.5407206632653061,
    0.5535395408163266,
    0.5531289859693878,
    0.5640664859693877,
    0.5672393176020408,
    0.5764389349489796,
    0.5824418048469387,
    0.5899115114795919,
    0.5935507015306123,
    0.5975007971938776,
    0.602865911989796,
    0.6100645727040817,
    0.6125996492346939,
    0.6184191645408164,
    0.6201450892857143,
    0.6275271045918367,
    0.6315768494897959,
    0.6309231505102041,
    0.6384048150510204,
    0.6430524553571428,
    0.6457868303571429,
    0.6457589285714286,
    0.651969068877551,
    0.6526466836734695,
    0.6556720344387755,
    0.6575454400510204,
    0.6625398596938775,
    0.6623007015306123,
    0.6622448979591837
  ],
  "test_accuracy": [
    0.20340000000000003,
    0.2246,
    0.25789999999999996,
    0.3516,
    0.3218,
    0.39980000000000004,
    0.3889,
    0.4058,
    0.4218,
    0.43229999999999996,
    0.4468000000000001,
    0.42910000000000004,
    0.4549,
    0.4507,
    0.4539999999999999,
    0.4899,
    0.49420000000000003,
    0.5098,
    0.44989999999999997,
    0.4997999999999999,
    0.5287000000000001,
    0.5121,
    0.542,
    0.5461,
    0.5636,
    0.5463000000000001,
    0.5768,
    0.5032,
    0.5487,
    0.5662,
    0.5885,
    0.5555000000000001,
    0.6106,
    0.6127,
    0.6138,
    0.6046999999999999,
    0.5995,
    0.6002999999999998,
    0.6273,
    0.5935999999999999,
    0.618,
    0.6334,
    0.6044999999999999,
    0.6173,
    0.6221,
    0.6403,
    0.6213,
    0.6394,
    0.6493,
    0.6465
  ]
}