{
  "setting": "setting_17",
  "train_accuracy": [
    0.19993606138107417,
    0.3015185421994885,
    0.3534287084398977,
    0.3902533567774936,
    0.42501598465473145,
    0.44343030690537083,
    0.4669956841432225,
    0.48592551150895136,
    0.5076726342710998,
    0.5266384271099744,
    0.5420476342710998,
    0.5618885869565218,
    0.5778732416879796,
    0.5960597826086956,
    0.6071970907928389,
    0.6265425191815857,
    0.6357177109974425,
    0.6533407928388747,
    0.6593070652173914,
    0.6699848145780052,
    0.6773617327365729,
    0.6867846867007672,
    0.6888986572890026,
    0.6938539002557544,
    0.7035206202046036,
    0.7037563938618926,
    0.7073809143222506,
    0.7120804028132992,
    0.7179667519181586,
    0.7183264066496164,
    0.7243166560102301,
    0.7279092071611254,
    0.7311620843989769,
    0.7347706202046036,
    0.7420995843989769,
    0.7447770140664961,
    0.7472466432225063,
    0.7486053388746803,
    0.7520140664961638,
    0.7536844629156011,
    0.757516783887468,
    0.7589514066496164,
    0.7622522378516623,
    0.7642143542199489,
    0.7679347826086956,
    0.7710078324808184,
    0.7723185741687979,
    0.7724584398976982,
    0.7740968670076727,
    0.7753356777493606
  ],
  "test_accuracy": [
    0.29179999999999995,
    0.29500000000000004,
    0.3695,
    0.426,
    0.4306,
    0.43879999999999997,
    0.4755,
    0.49799999999999994,
    0.5151,
    0.5271,
    0.5418000000000001,
    0.5471,
    0.5728999999999999,
    0.6005999999999999,
    0.5851,
    0.6323000000000001,
    0.6221,
    0.6523999999999999,
    0.6339,
    0.6401,
    0.6344000000000001,
    0.6686000000000001,
    0.6834,
    0.6540999999999999,
    0.6887,
    0.6948000000000001,
    0.6951,
    0.6994,
    0.7029,
    0.7131,
    0.6996,
    0.7130000000000001,
    0.6952999999999999,
    0.7314,
    0.7238,
    0.7264,
    0.7279,
    0.7132999999999999,
    0.7324999999999999,
    0.7293,
    0.7317000000000001,
    0.7235,
    0.7352,
    0.7405999999999999,
    0.7343999999999999,
    0.7384999999999999,
    0.7444999999999999,
    0.7310000000000001,
    0.7464,
    0.7535000000000001
  ]
}