{
  "setting": "setting_30",
  "train_accuracy": [
    0.10525215392760878,
    0.1420986805689257,
    0.19229294017135154,
    0.21654718786099347,
    0.23469876600404313,
    0.253723121029072,
    0.2714527880727763,
    0.2829218509337697,
    0.2915541069021948,
    0.3033465597323835,
    0.3185090368694648,
    0.32199187163072773,
    0.32820058300442817,
    0.3359969135059684,
    0.34268356517135157,
    0.3525018350500578,
    0.36091899908548325,
    0.36889695441855985,
    0.3763127376540239,
    0.37753334677031186,
    0.38686991600885634,
    0.39311209448402,
    0.3972864573305737,
    0.40845318817385445,
    0.40770187054774737,
    0.41369624205814404,
    0.41944092642953407,
    0.4270853388525221,
    0.42865453227281475,
    0.42901928607527917,
    0.43149961193203695,
    0.4349628928812091,
    0.43907408187331537,
    0.4370976427127455,
    0.4435135492876396,
    0.4395742082210243,
    0.4481094471986908,
    0.45107598611378513,
    0.45396318167597227,
    0.45403086794859454,
    0.4576306495475549,
    0.45845341379476323,
    0.46291431519541776,
    0.46232168427512516,
    0.4627086241336157,
    0.4687703058817867,
    0.46898351764054674,
    0.4700255102040816,
    0.46931743658548325,
    0.4710599820706584
  ],
  "test_accuracy": [
    0.12210000000000001,
    0.16770000000000002,
    0.21349999999999997,
    0.24600000000000005,
    0.251,
    0.28169999999999995,
    0.2899,
    0.2944,
    0.31290000000000007,
    0.3238,
    0.33270000000000005,
    0.3352,
    0.35469999999999996,
    0.3639,
    0.34249999999999997,
    0.37679999999999997,
    0.3862,
    0.36960000000000004,
    0.3902,
    0.38480000000000003,
    0.39740000000000003,
    0.40580000000000005,
    0.39640000000000003,
    0.4159,
    0.4096,
    0.42190000000000005,
    0.41390000000000005,
    0.42729999999999996,
    0.4290999999999999,
    0.4325,
    0.4338,
    0.4345,
    0.4422,
    0.4452999999999999,
    0.44889999999999997,
    0.44190000000000007,
    0.4559,
    0.4306,
    0.45430000000000004,
    0.44909999999999994,
    0.46040000000000003,
    0.466,
    0.46950000000000003,
    0.47030000000000005,
    0.46929999999999994,
    0.46430000000000005,
    0.4673999999999999,
    0.4686,
    0.4715,
    0.46290000000000003
  ]
}