{
  "setting": "setting_6",
  "train_accuracy": [
    0.2374320652173913,
    0.3525615409207161,
    0.4137028452685422,
    0.4586197250639386,
    0.490389226342711,
    0.5287324168797954,
    0.5603620524296675,
    0.5845388427109974,
    0.6069972826086957,
    0.6304148017902813,
    0.6487372122762148,
    0.6613850703324808,
    0.671934942455243,
    0.6859215153452686,
    0.6933144181585678,
    0.7053828324808185,
    0.7125159846547314,
    0.7195692135549873,
    0.7242647058823529,
    0.7311181265984654,
    0.7382512787723785,
    0.7430666560102301,
    0.7503596547314578,
    0.7564737851662404,
    0.7588315217391305,
    0.7622082800511509,
    0.7646259590792839,
    0.7689418158567775,
    0.7720188618925832,
    0.7766144501278772,
    0.7786524936061381,
    0.7803708439897699,
    0.7837276214833759,
    0.7838475063938619,
    0.7896419437340153,
    0.7933184143222506,
    0.7933583759590793,
    0.797434462915601,
    0.8008711636828645,
    0.8000119884910486,
    0.8055266943734015,
    0.8055266943734015,
    0.8077445652173914,
    0.8122602301790282,
    0.8122602301790282,
    0.8157768542199488,
    0.8157568734015346,
    0.8180746483375959,
    0.8202725383631714,
    0.8212715792838875
  ],
  "test_accuracy": [
    0.2817,
    0.30700000000000005,
    0.4180999999999999,
    0.43949999999999995,
    0.49060000000000004,
    0.4614,
    0.5121000000000001,
    0.5885,
    0.5772,
    0.5391000000000001,
    0.5562,
    0.6134999999999999,
    0.5913999999999999,
    0.6435,
    0.6054999999999999,
    0.6684,
    0.6177,
    0.6849999999999999,
    0.7025999999999999,
    0.6812,
    0.7108,
    0.6725000000000001,
    0.6578999999999999,
    0.7205,
    0.7243,
    0.7306999999999999,
    0.7261,
    0.7342,
    0.7512000000000001,
    0.7522,
    0.7288,
    0.749,
    0.753,
    0.7642,
    0.76,
    0.7602,
    0.7628000000000001,
    0.7401,
    0.7713,
    0.7612,
    0.7668999999999999,
    0.7209999999999999,
    0.7765000000000001,
    0.7714,
    0.7684,
    0.7812000000000001,
    0.781,
    0.7712,
    0.7754,
    0.7869000000000002
  ]
}