{
  "setting": "setting_20",
  "train_accuracy": [
    0.10525215392760878,
    0.1420787507219869,
    0.19230873363496342,
    0.21654718786099347,
    0.23465476992683867,
    0.253723121029072,
    0.2710741209809396,
    0.2835238827252599,
    0.290645606709665,
    0.3030558847949557,
    0.31842104471505583,
    0.3221870337167886,
    0.32806859477281475,
    0.3364154402916827,
    0.34270349501829034,
    0.3524420455092414,
    0.362537453070851,
    0.3666948943492492,
    0.3782925611282249,
    0.37717460952541393,
    0.38240149391124373,
    0.39046142484116286,
    0.3937344321572969,
    0.4016247713708125,
    0.40194477702637654,
    0.4115347937524066,
    0.4156899788217174,
    0.42447377683384674,
    0.42748205561705815,
    0.4330334580766269,
    0.43511593906430496,
    0.4434936194407008,
    0.44525797494705427,
    0.4444483719195225,
    0.4520758627743551,
    0.45298022658355797,
    0.45313665708028494,
    0.45827291706777046,
    0.4621001997497112,
    0.45960370439449366,
    0.46287971998941085,
    0.46327794089333846,
    0.46586393254235653,
    0.46560672470639203,
    0.4683213202733924,
    0.47174474152868695,
    0.4714672278109357,
    0.47340944780034655,
    0.4728217053330766,
    0.4755581109212553
  ],
  "test_accuracy": [
    0.12210000000000001,
    0.16770000000000002,
    0.21359999999999996,
    0.24620000000000003,
    0.2512,
    0.2819,
    0.29229999999999995,
    0.2933,
    0.31,
    0.3235,
    0.3314,
    0.3352,
    0.35309999999999997,
    0.36429999999999996,
    0.3419,
    0.37679999999999997,
    0.3806,
    0.3513,
    0.38470000000000004,
    0.38660000000000005,
    0.39580000000000004,
    0.4021,
    0.4112,
    0.4145,
    0.4069,
    0.42140000000000005,
    0.4107,
    0.42879999999999996,
    0.4257000000000001,
    0.4351999999999999,
    0.43500000000000005,
    0.4426,
    0.4507,
    0.44989999999999997,
    0.4476000000000001,
    0.46180000000000004,
    0.46069999999999994,
    0.453,
    0.4603,
    0.4586,
    0.4645,
    0.46930000000000005,
    0.4721,
    0.47189999999999993,
    0.4713,
    0.4699,
    0.4685,
    0.47409999999999997,
    0.4715,
    0.47619999999999996
  ]
}