{
  "setting": "setting_24",
  "train_accuracy": [
    0.1284393221574344,
    0.1993772397351798,
    0.23915911230563652,
    0.27358080508989313,
    0.29659693118318753,
    0.31760204081632654,
    0.32988546981292516,
    0.340733949829932,
    0.35738011722546165,
    0.36908178449951407,
    0.37990558946793007,
    0.3927717292274053,
    0.3980227693756074,
    0.40866625668124396,
    0.4182809842687075,
    0.42872612214528666,
    0.4309240995505345,
    0.43518813775510207,
    0.44095355776239065,
    0.44778190293974734,
    0.4573567708333333,
    0.4572656629616132,
    0.46344391551263364,
    0.467548514941691,
    0.4727786762026239,
    0.4738596331389699,
    0.47951021926627796,
    0.47822237153790087,
    0.48484382592322645,
    0.4862398642492711,
    0.4886153121963071,
    0.49117487396744414,
    0.49417479045189505,
    0.4935759460034014,
    0.49680173408649175,
    0.49849387299562686,
    0.5037221361758989,
    0.5023251488095238,
    0.5056610255709426,
    0.5092502961005831,
    0.5072468719630709,
    0.5104432397959183,
    0.5161033163265306,
    0.5143096301020408,
    0.5151988808916423,
    0.5189333545918368,
    0.5192057291666667,
    0.5223185814504373,
    0.5264469068877551,
    0.5255386752915452
  ],
  "test_accuracy": [
    0.16529999999999997,
    0.2375,
    0.248,
    0.3063,
    0.2914,
    0.3197,
    0.34629999999999994,
    0.34209999999999996,
    0.3699,
    0.3902,
    0.3557,
    0.3957,
    0.40840000000000004,
    0.4242,
    0.42160000000000003,
    0.4358000000000001,
    0.4444,
    0.4503000000000001,
    0.4457000000000001,
    0.4316,
    0.4622,
    0.4542,
    0.47219999999999995,
    0.471,
    0.4748,
    0.4710000000000001,
    0.4827,
    0.47850000000000004,
    0.4866,
    0.4937,
    0.47800000000000004,
    0.49670000000000003,
    0.4901999999999999,
    0.496,
    0.49009999999999987,
    0.5013,
    0.5042000000000001,
    0.5062,
    0.49219999999999997,
    0.5137,
    0.5117,
    0.5139,
    0.5148,
    0.5175000000000001,
    0.5113,
    0.5227,
    0.4815999999999999,
    0.5197,
    0.5244000000000001,
    0.5304
  ]
}