{
  "setting": "setting_1",
  "train_accuracy": [
    0.2375119884910486,
    0.3524416560102302,
    0.4137827685421995,
    0.45857976342711,
    0.48982976342711,
    0.5285326086956522,
    0.5600023976982097,
    0.5851782289002557,
    0.607636668797954,
    0.631014226342711,
    0.6488171355498721,
    0.6618446291560103,
    0.6728340792838875,
    0.687380115089514,
    0.6938539002557544,
    0.7047634271099744,
    0.7130954283887468,
    0.7200687340153452,
    0.7258232097186701,
    0.7321171675191815,
    0.7387108375959079,
    0.7423673273657289,
    0.7516584079283888,
    0.7560342071611253,
    0.7574928069053708,
    0.7629675511508951,
    0.7658248081841432,
    0.7661045396419437,
    0.772878037084399,
    0.776974104859335,
    0.7817495204603581,
    0.7833280051150895,
    0.7855858375959079,
    0.7858655690537084,
    0.7908208120204604,
    0.7951566496163683,
    0.795016783887468,
    0.8001918158567775,
    0.8027893222506394,
    0.8023097826086957,
    0.8069653132992327,
    0.8055466751918159,
    0.8090233375959079,
    0.8117207480818415,
    0.813119405370844,
    0.8151774296675192,
    0.8161764705882353,
    0.8180546675191815,
    0.8184742647058824,
    0.8201126918158568
  ],
  "test_accuracy": [
    0.282,
    0.3073,
    0.4162,
    0.4396999999999999,
    0.49049999999999994,
    0.462,
    0.5061,
    0.587,
    0.5711999999999999,
    0.5381000000000001,
    0.5648000000000001,
    0.6124,
    0.5964999999999999,
    0.6474,
    0.6098,
    0.6682,
    0.619,
    0.6883,
    0.7005,
    0.6876,
    0.7114,
    0.6724,
    0.6547000000000001,
    0.7177,
    0.7247999999999999,
    0.7268,
    0.7298,
    0.7226999999999999,
    0.7542000000000001,
    0.7508999999999999,
    0.7418999999999999,
    0.7524000000000001,
    0.7537,
    0.7675,
    0.7615000000000001,
    0.7644,
    0.7637,
    0.7497,
    0.776,
    0.7684000000000001,
    0.7706000000000001,
    0.7417,
    0.7746000000000001,
    0.7732,
    0.7665000000000001,
    0.7797,
    0.7792,
    0.7724,
    0.7750999999999999,
    0.789
  ]
}