{
  "setting": "setting_21",
  "train_accuracy": [
    0.2376118925831202,
    0.3523217710997442,
    0.4138626918158568,
    0.4586397058823529,
    0.48951007033248084,
    0.5280131074168798,
    0.5602821291560103,
    0.586556905370844,
    0.6083959398976982,
    0.6303548593350383,
    0.6489769820971867,
    0.661644820971867,
    0.6721147698209718,
    0.6864609974424553,
    0.6926350703324808,
    0.7047234654731458,
    0.71255594629156,
    0.7201286764705882,
    0.7255234974424553,
    0.7313578964194374,
    0.7376318734015346,
    0.7431665601023018,
    0.7508791560102301,
    0.7551350703324808,
    0.7583519820971867,
    0.7636868606138107,
    0.7649456521739131,
    0.7693414322250639,
    0.7725983056265985,
    0.7773337595907929,
    0.7814897698209718,
    0.7834079283887468,
    0.7861053388746803,
    0.7855059143222506,
    0.7912803708439897,
    0.795136668797954,
    0.7959359015345269,
    0.799852141943734,
    0.803009111253197,
    0.8017503196930946,
    0.8063259271099744,
    0.8058064258312021,
    0.8084239130434783,
    0.8121403452685422,
    0.8127797314578005,
    0.8133791560102301,
    0.814238331202046,
    0.816715952685422,
    0.8180946291560103,
    0.820192615089514
  ],
  "test_accuracy": [
    0.2814,
    0.30829999999999996,
    0.41500000000000004,
    0.4365,
    0.4927,
    0.4607,
    0.5115,
    0.5856999999999999,
    0.569,
    0.5396,
    0.5584,
    0.6150999999999999,
    0.5885999999999999,
    0.6422000000000001,
    0.6014,
    0.6705,
    0.6363,
    0.6910999999999999,
    0.7021,
    0.6851,
    0.7106000000000001,
    0.6767000000000001,
    0.6632,
    0.7135,
    0.7224,
    0.7296,
    0.7257,
    0.731,
    0.7556,
    0.7533,
    0.7336999999999999,
    0.7516,
    0.76,
    0.7673000000000001,
    0.7627,
    0.7663,
    0.7648,
    0.748,
    0.7750000000000001,
    0.769,
    0.7715,
    0.7424999999999999,
    0.7764,
    0.7774000000000001,
    0.7708,
    0.7802,
    0.7786000000000001,
    0.7737,
    0.7756000000000001,
    0.7884
  ]
}