{
  "setting": "setting_29",
  "train_accuracy": [
    0.12708333333333333,
    0.16485,
    0.16695,
    0.20133333333333334,
    0.23703333333333335,
    0.28575,
    0.2745,
    0.2914833333333333,
    0.32316666666666666,
    0.3560333333333333,
    0.3854166666666667,
    0.3849,
    0.40545,
    0.41556666666666664,
    0.42656666666666665,
    0.44311666666666666,
    0.44506666666666667,
    0.4501833333333333,
    0.44621666666666665,
    0.4443166666666667,
    0.46585,
    0.47468333333333335,
    0.47991666666666666,
    0.4883,
    0.49305,
    0.4949,
    0.49925,
    0.5027166666666667,
    0.5203666666666666,
    0.51695,
    0.522,
    0.5259,
    0.53455,
    0.54135,
    0.5435166666666666,
    0.5507666666666666,
    0.5693,
    0.5716666666666667,
    0.5754666666666667,
    0.5904,
    0.6012833333333333,
    0.6090833333333333,
    0.6104166666666667,
    0.6131166666666666,
    0.6191166666666666,
    0.6275166666666666,
    0.6345166666666666,
    0.6433333333333333,
    0.6454666666666666,
    0.6517833333333334
  ],
  "test_accuracy": [
    0.18739999999999998,
    0.13130000000000003,
    0.1914,
    0.2141,
    0.2737,
    0.27559999999999996,
    0.27759999999999996,
    0.30410000000000004,
    0.33330000000000004,
    0.3598,
    0.38239999999999996,
    0.3991,
    0.4114,
    0.4223,
    0.4417,
    0.4413,
    0.4502,
    0.45729999999999993,
    0.4508,
    0.46230000000000004,
    0.4787,
    0.49079999999999996,
    0.4981,
    0.5004,
    0.49300000000000005,
    0.5096999999999999,
    0.5112,
    0.5198,
    0.5376,
    0.5308999999999999,
    0.5372000000000001,
    0.5366000000000001,
    0.5528000000000001,
    0.5621,
    0.5592,
    0.5725,
    0.5887999999999999,
    0.5872999999999999,
    0.5981000000000001,
    0.616,
    0.6206000000000002,
    0.6273,
    0.6193,
    0.6412,
    0.6327,
    0.6396000000000001,
    0.6497,
    0.6563000000000001,
    0.6618999999999999,
    0.6677
  ]
}