{
  "setting": "setting_0_test",
  "train_accuracy": [
    0.15409041174174842,
    0.28937611507582517,
    0.40217213286128456,
    0.4614035668487957,
    0.4795218067016057,
    0.4854360643398751,
    0.48827515192908116,
    0.49326163163470116,
    0.4974475217439786,
    0.4995530985169492,
    0.5038295885370205,
    0.5062592342216771,
    0.507870867250223,
    0.5097281654214987,
    0.5148618699821588,
    0.5166520893733274,
    0.5187724757471007,
    0.5189972332181089,
    0.5220114225579839,
    0.5262974952609277,
    0.5259725551962533,
    0.5290546944692239,
    0.5313676056534344,
    0.5338016071030329,
    0.5367757234054417,
    0.53719126338091,
    0.5409137001003569,
    0.543675255073595,
    0.5470143844781445,
    0.5524137907002677,
    0.552518329058876,
    0.5568810632247992,
    0.5638224102363961,
    0.5651317531779662,
    0.5667224785347903,
    0.5694038874330954,
    0.5759715098126673,
    0.5786111033675291,
    0.578660759087868,
    0.5820347346119535,
    0.5850811566123996,
    0.5877521116748439,
    0.5908133432760928,
    0.5914579964875112,
    0.5939242305976806,
    0.5978452901984835,
    0.5995309712310436,
    0.6028474506578947,
    0.6042456512042819,
    0.6061046916815344
  ],
  "test_accuracy": [
    0.23800023915816326,
    0.3509825414540816,
    0.447737962372449,
    0.4807537468112245,
    0.4883031728316326,
    0.4918726084183674,
    0.5013791454081632,
    0.5038663903061225,
    0.5010881696428571,
    0.5044064891581632,
    0.5089445153061225,
    0.5051797672193878,
    0.5075374681122449,
    0.521825175382653,
    0.5206154336734694,
    0.5184151785714286,
    0.5217414700255102,
    0.5217713647959183,
    0.5347437021683674,
    0.5314134247448979,
    0.5328962053571429,
    0.5323501275510204,
    0.5369599011479591,
    0.538315130739796,
    0.5422313456632654,
    0.5424166932397959,
    0.5454838966836735,
    0.548128587372449,
    0.5565708705357143,
    0.5570432079081632,
    0.5618881536989796,
    0.5621970663265305,
    0.5663345025510205,
    0.5703683035714285,
    0.5704759247448979,
    0.5797134088010204,
    0.5780512595663265,
    0.5806301817602041,
    0.5844288105867347,
    0.5885303730867346,
    0.5923848054846939,
    0.5930265465561224,
    0.6034239477040816,
    0.5971560108418368,
    0.6051538584183673,
    0.6124541613520409,
    0.6050641741071429,
    0.6120157047193878,
    0.6114855707908163,
    0.6162567761479592
  ]
}