{
  "setting": "setting_7",
  "train_accuracy": [
    0.34485,
    0.4657833333333333,
    0.5118,
    0.5374333333333333,
    0.5401666666666667,
    0.5425333333333333,
    0.5577666666666666,
    0.5611333333333334,
    0.5689666666666666,
    0.58125,
    0.5848,
    0.5876166666666667,
    0.5923666666666667,
    0.5969666666666666,
    0.60485,
    0.6101833333333333,
    0.621,
    0.6265833333333334,
    0.6270166666666667,
    0.6315833333333334,
    0.6434,
    0.6515,
    0.6527666666666667,
    0.655,
    0.6578166666666667,
    0.66385,
    0.6616333333333333,
    0.6656833333333333,
    0.6708,
    0.6679833333333334,
    0.6744666666666667,
    0.6770166666666667,
    0.6860833333333334,
    0.6895166666666667,
    0.6896666666666667,
    0.6862333333333334,
    0.6874,
    0.6913833333333333,
    0.6911833333333334,
    0.6981666666666667,
    0.7010166666666666,
    0.7054666666666667,
    0.7073166666666667,
    0.7102166666666667,
    0.7133333333333334,
    0.7154333333333334,
    0.7174,
    0.7163833333333334,
    0.7226833333333333,
    0.7278
  ],
  "test_accuracy": [
    0.38910000000000006,
    0.49479999999999996,
    0.5391,
    0.5422999999999999,
    0.5391999999999999,
    0.5595000000000001,
    0.5609999999999999,
    0.5738000000000001,
    0.5976999999999999,
    0.6024999999999999,
    0.6052,
    0.607,
    0.6102000000000001,
    0.6053999999999999,
    0.6265,
    0.6272000000000001,
    0.6362,
    0.6362,
    0.6462,
    0.6503,
    0.6605,
    0.6534,
    0.6612000000000001,
    0.6643000000000001,
    0.6719,
    0.6793,
    0.6840999999999999,
    0.6775,
    0.6828000000000001,
    0.6828000000000001,
    0.6870999999999998,
    0.6942,
    0.6943,
    0.6968,
    0.7015,
    0.7022,
    0.7024000000000001,
    0.6999,
    0.7129000000000001,
    0.7063,
    0.7148999999999999,
    0.7192000000000001,
    0.7276999999999999,
    0.716,
    0.7249,
    0.7301,
    0.7257999999999999,
    0.7282,
    0.7354,
    0.7381
  ]
}