{
  "setting": "setting_1",
  "train_accuracy": [
    0.2508,
    0.35555,
    0.41,
    0.3910666666666667,
    0.42928333333333335,
    0.44956666666666667,
    0.4568833333333333,
    0.45226666666666665,
    0.46585,
    0.46596666666666664,
    0.47458333333333336,
    0.4804333333333333,
    0.4939,
    0.4967666666666667,
    0.50185,
    0.5086,
    0.5200666666666667,
    0.5206833333333334,
    0.52525,
    0.5301,
    0.53415,
    0.52905,
    0.5418,
    0.5481666666666667,
    0.5488166666666666,
    0.5565333333333333,
    0.55715,
    0.5629333333333333,
    0.5737666666666666,
    0.5570833333333334,
    0.5487666666666666,
    0.5626333333333333,
    0.5728666666666666,
    0.5784,
    0.5801666666666667,
    0.5849666666666666,
    0.5851,
    0.59135,
    0.5934666666666667,
    0.5969166666666667,
    0.6003333333333334,
    0.5975333333333334,
    0.601,
    0.6067666666666667,
    0.6105333333333334,
    0.6141333333333333,
    0.6162,
    0.6182333333333333,
    0.6221833333333333,
    0.6254333333333333
  ],
  "test_accuracy": [
    0.3626,
    0.36299999999999993,
    0.4242,
    0.3894,
    0.43879999999999997,
    0.46480000000000005,
    0.4551,
    0.45109999999999995,
    0.4619000000000001,
    0.48439999999999994,
    0.49879999999999997,
    0.49720000000000003,
    0.5013,
    0.5045,
    0.5097000000000002,
    0.5275000000000001,
    0.5225000000000001,
    0.5169,
    0.5303,
    0.5415,
    0.5330999999999999,
    0.5278,
    0.5496000000000001,
    0.5559000000000001,
    0.5414,
    0.5605,
    0.5594,
    0.5669000000000001,
    0.5792999999999999,
    0.5492,
    0.5652999999999999,
    0.5692999999999999,
    0.5821000000000001,
    0.5776,
    0.5796,
    0.5917999999999999,
    0.5856999999999999,
    0.5949,
    0.5862999999999999,
    0.6001,
    0.6075,
    0.6045,
    0.6158,
    0.6106,
    0.6063,
    0.6183,
    0.6302,
    0.6288000000000001,
    0.6261000000000001,
    0.6317
  ]
}