{
  "setting": "setting_20",
  "train_accuracy": [
    0.15316666666666667,
    0.3186833333333333,
    0.37761666666666666,
    0.42013333333333336,
    0.45153333333333334,
    0.47196666666666665,
    0.4852,
    0.4971833333333333,
    0.5007833333333334,
    0.49711666666666665,
    0.49816666666666665,
    0.5030333333333333,
    0.5154166666666666,
    0.5198,
    0.5189666666666667,
    0.5242333333333333,
    0.5362666666666667,
    0.5367,
    0.5352,
    0.5479,
    0.55745,
    0.5735833333333333,
    0.5840833333333333,
    0.5955,
    0.60655,
    0.6185,
    0.6205166666666667,
    0.6242833333333333,
    0.62485,
    0.6290666666666667,
    0.6339833333333333,
    0.6378,
    0.6417,
    0.6495,
    0.65275,
    0.6595,
    0.6616,
    0.6705666666666666,
    0.6759333333333334,
    0.6808166666666666,
    0.6877333333333333,
    0.69395,
    0.6993666666666667,
    0.7032166666666667,
    0.7042833333333334,
    0.7081166666666666,
    0.7124666666666667,
    0.7163833333333334,
    0.7213,
    0.7231
  ],
  "test_accuracy": [
    0.2486,
    0.3639,
    0.39460000000000006,
    0.43929999999999997,
    0.46840000000000004,
    0.4875999999999999,
    0.4934,
    0.5096,
    0.5082000000000001,
    0.5026999999999999,
    0.5131,
    0.5198,
    0.5298,
    0.5397000000000001,
    0.5280000000000001,
    0.5478,
    0.5531,
    0.5477000000000001,
    0.5569,
    0.5678,
    0.5746999999999999,
    0.5946,
    0.6052,
    0.6139,
    0.6275999999999999,
    0.6363,
    0.6408999999999999,
    0.6444000000000001,
    0.6405999999999998,
    0.6444,
    0.6521,
    0.6569,
    0.6641999999999999,
    0.6689999999999999,
    0.6702,
    0.6753000000000001,
    0.6872,
    0.6919000000000001,
    0.6981,
    0.7078,
    0.7084999999999999,
    0.7192000000000001,
    0.722,
    0.7184000000000001,
    0.7238000000000001,
    0.7287,
    0.7307,
    0.7341,
    0.7343999999999999,
    0.7410000000000001
  ]
}