{
  "setting": "setting_15",
  "train_accuracy": [
    0.15016666666666667,
    0.30123333333333335,
    0.37985,
    0.4211,
    0.44133333333333336,
    0.45731666666666665,
    0.4651666666666667,
    0.46991666666666665,
    0.4743,
    0.48691666666666666,
    0.49643333333333334,
    0.49806666666666666,
    0.5085666666666666,
    0.5223333333333333,
    0.53735,
    0.5520333333333334,
    0.5641666666666667,
    0.563,
    0.5700166666666666,
    0.57795,
    0.5859666666666666,
    0.592,
    0.5964833333333334,
    0.60215,
    0.6102,
    0.6153333333333333,
    0.6261333333333333,
    0.6279166666666667,
    0.6352166666666667,
    0.6364,
    0.6414333333333333,
    0.6459833333333334,
    0.65315,
    0.66205,
    0.6665166666666666,
    0.67055,
    0.67495,
    0.6789833333333334,
    0.6832,
    0.6887666666666666,
    0.6959,
    0.6996166666666667,
    0.7025666666666667,
    0.7076833333333333,
    0.7133666666666667,
    0.7187666666666667,
    0.7240666666666666,
    0.7269,
    0.7281666666666666,
    0.7321
  ],
  "test_accuracy": [
    0.2211,
    0.35209999999999997,
    0.40380000000000005,
    0.4412999999999999,
    0.4588,
    0.4694,
    0.46909999999999996,
    0.48410000000000003,
    0.4875,
    0.5004,
    0.4998,
    0.5132000000000001,
    0.5178,
    0.5496,
    0.5502,
    0.5699,
    0.5819000000000001,
    0.5768000000000001,
    0.5861,
    0.5953999999999999,
    0.5943,
    0.6085999999999999,
    0.6164,
    0.6187,
    0.6277,
    0.6376000000000002,
    0.6452,
    0.648,
    0.6431,
    0.6521,
    0.6622,
    0.6672,
    0.673,
    0.6798,
    0.6806,
    0.6846,
    0.6940999999999999,
    0.6948,
    0.707,
    0.7123999999999999,
    0.7105,
    0.7203999999999999,
    0.7295,
    0.725,
    0.7299999999999999,
    0.7362000000000001,
    0.7415999999999998,
    0.7432000000000001,
    0.7417,
    0.7498
  ]
}