{
  "setting": "setting_27",
  "train_accuracy": [
    0.1123,
    0.14235,
    0.12825,
    0.13426666666666667,
    0.15063333333333334,
    0.17713333333333334,
    0.2083,
    0.23575,
    0.2383,
    0.26026666666666665,
    0.25065,
    0.25361666666666666,
    0.2673833333333333,
    0.2833833333333333,
    0.30161666666666664,
    0.3278333333333333,
    0.3418333333333333,
    0.33876666666666666,
    0.33395,
    0.36093333333333333,
    0.36086666666666667,
    0.3692,
    0.38838333333333336,
    0.3843666666666667,
    0.39168333333333333,
    0.39676666666666666,
    0.4115,
    0.40968333333333334,
    0.42205,
    0.4339166666666667,
    0.4392666666666667,
    0.44483333333333336,
    0.4465166666666667,
    0.4519166666666667,
    0.45705,
    0.45648333333333335,
    0.45143333333333335,
    0.45763333333333334,
    0.46586666666666665,
    0.47308333333333336,
    0.47191666666666665,
    0.48001666666666665,
    0.4776166666666667,
    0.47745,
    0.4819833333333333,
    0.48965,
    0.48756666666666665,
    0.48468333333333335,
    0.4916333333333333,
    0.49955
  ],
  "test_accuracy": [
    0.12079999999999999,
    0.15289999999999998,
    0.13779999999999998,
    0.1339,
    0.1542,
    0.17619999999999997,
    0.21690000000000004,
    0.22430000000000003,
    0.2546,
    0.2364,
    0.26430000000000003,
    0.2584,
    0.2782,
    0.2906,
    0.33460000000000006,
    0.3433,
    0.3399,
    0.34130000000000005,
    0.36050000000000004,
    0.3519,
    0.37279999999999996,
    0.3701,
    0.3826,
    0.4101,
    0.3951,
    0.4034,
    0.4264,
    0.4138,
    0.42300000000000004,
    0.45289999999999997,
    0.4332,
    0.44699999999999995,
    0.4721,
    0.45920000000000005,
    0.46049999999999996,
    0.4446,
    0.4636,
    0.4711,
    0.47319999999999995,
    0.48080000000000006,
    0.4763,
    0.4831,
    0.4753,
    0.4835,
    0.4931,
    0.4827000000000001,
    0.49140000000000006,
    0.49689999999999995,
    0.4997,
    0.4953
  ]
}