{
  "setting": "setting_11",
  "train_accuracy": [
    0.1562,
    0.24208333333333334,
    0.31001666666666666,
    0.3314666666666667,
    0.32143333333333335,
    0.35965,
    0.3950666666666667,
    0.3862,
    0.3889666666666667,
    0.3883,
    0.4027833333333333,
    0.4097166666666667,
    0.3989333333333333,
    0.40571666666666667,
    0.41315,
    0.41296666666666665,
    0.4320333333333333,
    0.45181666666666664,
    0.463,
    0.44648333333333334,
    0.44971666666666665,
    0.45721666666666666,
    0.4627,
    0.46125,
    0.47368333333333335,
    0.48993333333333333,
    0.48705,
    0.4927666666666667,
    0.49073333333333335,
    0.49478333333333335,
    0.4951333333333333,
    0.49466666666666664,
    0.50785,
    0.51165,
    0.5168333333333334,
    0.5263166666666667,
    0.5299666666666667,
    0.5229,
    0.53085,
    0.5305,
    0.5379833333333334,
    0.5374166666666667,
    0.54235,
    0.5418666666666667,
    0.5443833333333333,
    0.54635,
    0.5494,
    0.5501833333333334,
    0.5530166666666667,
    0.55465
  ],
  "test_accuracy": [
    0.1889,
    0.2615,
    0.3052,
    0.3707,
    0.34800000000000003,
    0.3787,
    0.3866,
    0.3925,
    0.37879999999999997,
    0.39330000000000004,
    0.4218,
    0.4064,
    0.39730000000000004,
    0.41180000000000005,
    0.4285,
    0.41419999999999996,
    0.4271,
    0.46609999999999996,
    0.4464,
    0.4587,
    0.4479,
    0.4685,
    0.4593,
    0.4668,
    0.48550000000000004,
    0.4885999999999999,
    0.47569999999999996,
    0.4791,
    0.49660000000000004,
    0.49879999999999997,
    0.5026999999999999,
    0.5099,
    0.5226,
    0.5215000000000001,
    0.5169,
    0.5332,
    0.524,
    0.5192,
    0.5445,
    0.5325,
    0.5394,
    0.5405,
    0.5529,
    0.5476,
    0.5576,
    0.5489,
    0.5545,
    0.5624,
    0.5579000000000001,
    0.5654
  ]
}