{
  "setting": "setting_24",
  "train_accuracy": [
    0.22531666666666667,
    0.35263333333333335,
    0.4293,
    0.4629,
    0.49851666666666666,
    0.5006666666666667,
    0.5017666666666667,
    0.5325666666666666,
    0.5638666666666666,
    0.5714166666666667,
    0.5774,
    0.5762666666666667,
    0.5683333333333334,
    0.57725,
    0.5891166666666666,
    0.6013166666666667,
    0.612,
    0.6255833333333334,
    0.6227666666666667,
    0.6249666666666667,
    0.63005,
    0.6370666666666667,
    0.64335,
    0.6541166666666667,
    0.6568166666666667,
    0.65695,
    0.6601,
    0.6608166666666667,
    0.6637333333333333,
    0.6773833333333333,
    0.6862666666666667,
    0.6889833333333333,
    0.6968833333333333,
    0.7034166666666667,
    0.7097333333333333,
    0.7190166666666666,
    0.7237666666666667,
    0.7291833333333333,
    0.73315,
    0.7360166666666667,
    0.7438833333333333,
    0.7473666666666666,
    0.7477333333333334,
    0.75315,
    0.75765,
    0.7629666666666667,
    0.7667666666666667,
    0.77095,
    0.7733666666666666,
    0.77655
  ],
  "test_accuracy": [
    0.3246,
    0.4114,
    0.45099999999999996,
    0.4862,
    0.5086999999999999,
    0.4973000000000001,
    0.5277999999999999,
    0.5587,
    0.5843999999999999,
    0.5982000000000001,
    0.5871999999999999,
    0.5883999999999999,
    0.5898,
    0.6027,
    0.6094999999999999,
    0.6192,
    0.6309,
    0.6365000000000001,
    0.6340999999999999,
    0.6380000000000001,
    0.6491,
    0.6583,
    0.6648,
    0.6748000000000001,
    0.6762,
    0.6786000000000001,
    0.6843999999999999,
    0.6727000000000001,
    0.6918000000000001,
    0.7035,
    0.7036,
    0.7144,
    0.7126000000000001,
    0.7246,
    0.7289,
    0.7351,
    0.7411999999999999,
    0.7438999999999999,
    0.7433,
    0.7554000000000001,
    0.7577999999999999,
    0.7636000000000001,
    0.7613999999999999,
    0.7686,
    0.7706999999999999,
    0.7750999999999999,
    0.7792999999999999,
    0.7824,
    0.7882,
    0.7876
  ]
}