{
  "setting": "setting_15",
  "train_accuracy": [
    0.2009157952685791,
    0.2743347191470928,
    0.2890519710242588,
    0.2623884680641124,
    0.21690893338467462,
    0.1964970097708895,
    0.19882992996726992,
    0.19496466776569119,
    0.19615444202445131,
    0.19696479712167886,
    0.19763489122063918,
    0.20050892556314978,
    0.2057993598382749,
    0.21309368381786675,
    0.21694616083461685,
    0.2243754813246053,
    0.22055496726992685,
    0.22952339839237582,
    0.24095937018675395,
    0.24165841896900267,
    0.2453830441374663,
    0.2567720115758568,
    0.2682903350019253,
    0.27264632268001543,
    0.2675239759819022,
    0.27357512875433193,
    0.2824691049768964,
    0.2831760504909511,
    0.2960556200664228,
    0.30402154228436656,
    0.30905777700231035,
    0.31204010938101656,
    0.3196251082980362,
    0.3198676507749326,
    0.33166649619753563,
    0.33339174407970734,
    0.3349481523151714,
    0.3459193450375433,
    0.34784802777242974,
    0.346298388164228,
    0.3584070863015017,
    0.36060538602233344,
    0.36706453660473626,
    0.3736853821717366,
    0.3711734693877551,
    0.3721067878802465,
    0.3728167416730843,
    0.3677515522718521,
    0.3711708371438198,
    0.3737353948065075
  ],
  "test_accuracy": [
    0.25410000000000005,
    0.2883,
    0.2846,
    0.22880000000000003,
    0.20020000000000002,
    0.19590000000000002,
    0.196,
    0.1923,
    0.1935,
    0.1937,
    0.2016,
    0.1963,
    0.21600000000000003,
    0.20770000000000005,
    0.22210000000000002,
    0.22640000000000002,
    0.21900000000000003,
    0.23180000000000006,
    0.2459,
    0.24489999999999998,
    0.2434,
    0.2639,
    0.2669,
    0.2682,
    0.2703,
    0.26799999999999996,
    0.28390000000000004,
    0.27969999999999995,
    0.30850000000000005,
    0.29900000000000004,
    0.3118,
    0.3212,
    0.3085,
    0.3234,
    0.3266,
    0.331,
    0.32830000000000004,
    0.34650000000000003,
    0.34659999999999996,
    0.34400000000000003,
    0.3597,
    0.35749999999999993,
    0.3657,
    0.374,
    0.3657,
    0.3611,
    0.36550000000000005,
    0.36550000000000005,
    0.37600000000000006,
    0.36340000000000006
  ]
}