{
  "setting": "setting_12",
  "train_accuracy": [
    0.12439657928388748,
    0.18360374040920716,
    0.19617567135549874,
    0.20083120204603583,
    0.20724504475703326,
    0.21534526854219949,
    0.2280131074168798,
    0.24378996163682867,
    0.2542399296675192,
    0.26057384910485937,
    0.26417039641943735,
    0.2644221547314578,
    0.2687699808184143,
    0.2715712915601023,
    0.2723025895140665,
    0.2749080882352941,
    0.27816496163682863,
    0.2782209079283887,
    0.2804307864450128,
    0.28340393222506394,
    0.2840393222506394,
    0.286792679028133,
    0.2889426150895141,
    0.2877397698209719,
    0.2878956202046036,
    0.2901374680306905,
    0.29438539002557546,
    0.29416959718670077,
    0.29763027493606137,
    0.2985533887468031,
    0.297050831202046,
    0.299852141943734,
    0.3003756393861893,
    0.3024616368286445,
    0.3049152813299233,
    0.30366448209718666,
    0.30387228260869564,
    0.3047434462915601,
    0.30960278132992325,
    0.3082760549872123,
    0.30974264705882354,
    0.3099544437340154,
    0.316008631713555,
    0.31820252557544754,
    0.32080402813299236,
    0.32338554987212276,
    0.32599904092071613,
    0.32636269181585675,
    0.32934782608695656,
    0.33467071611253196
  ],
  "test_accuracy": [
    0.17370000000000002,
    0.19449999999999998,
    0.2023,
    0.2049,
    0.21190000000000003,
    0.225,
    0.23900000000000002,
    0.2549,
    0.2598,
    0.2672,
    0.27249999999999996,
    0.2701,
    0.276,
    0.27090000000000003,
    0.2772,
    0.2788,
    0.27759999999999996,
    0.2845,
    0.2844,
    0.2875,
    0.28500000000000003,
    0.29169999999999996,
    0.2923,
    0.2881,
    0.29059999999999997,
    0.2892,
    0.2993,
    0.29760000000000003,
    0.3038,
    0.3041,
    0.3015,
    0.30670000000000003,
    0.3056,
    0.31299999999999994,
    0.313,
    0.3131,
    0.30569999999999997,
    0.3118,
    0.3166,
    0.314,
    0.31629999999999997,
    0.3151,
    0.3241,
    0.3201,
    0.32510000000000006,
    0.32659999999999995,
    0.33140000000000003,
    0.33059999999999995,
    0.3292,
    0.3423
  ]
}