{
  "setting": "setting_4",
  "train_accuracy": [
    0.17312963131681244,
    0.2401878720238095,
    0.26697738247084546,
    0.2735153213070943,
    0.2742014774659864,
    0.28016904306365403,
    0.2771881073858115,
    0.2807204354956268,
    0.2737336005830904,
    0.2480952760568513,
    0.2405570487123421,
    0.23055131650874636,
    0.2200976372691934,
    0.22197009384110788,
    0.2253942313532556,
    0.22922930332847424,
    0.2358441144314869,
    0.23424972667638486,
    0.23535630770165208,
    0.23311467444120504,
    0.24531174076773565,
    0.25071178024781343,
    0.25171586491739556,
    0.2526335869169096,
    0.2593622828595724,
    0.2617453231292517,
    0.26745949495869775,
    0.2767686315597668,
    0.2812376624757046,
    0.2824979880344995,
    0.2847424684159378,
    0.28772435313411077,
    0.2870809037900875,
    0.2943401132774538,
    0.29785440962099125,
    0.304283208819242,
    0.30697184007531586,
    0.31310738581146746,
    0.3131425003036929,
    0.31562993500971814,
    0.3194555165816326,
    0.3188168124392614,
    0.3279617650631681,
    0.3262506453474247,
    0.32362180363216714,
    0.3312027377915452,
    0.33590902879008744,
    0.3414239021501458,
    0.35038758807094267,
    0.3573402575315841
  ],
  "test_accuracy": [
    0.22240000000000001,
    0.259,
    0.2763000000000001,
    0.2794,
    0.27749999999999997,
    0.2812,
    0.2811,
    0.27430000000000004,
    0.25860000000000005,
    0.23819999999999997,
    0.24389999999999995,
    0.2209,
    0.21480000000000002,
    0.22480000000000003,
    0.2219,
    0.23020000000000002,
    0.23819999999999997,
    0.2245,
    0.23219999999999996,
    0.22820000000000001,
    0.24580000000000002,
    0.253,
    0.2532,
    0.2512,
    0.26780000000000004,
    0.25759999999999994,
    0.27430000000000004,
    0.28470000000000006,
    0.27599999999999997,
    0.28559999999999997,
    0.28659999999999997,
    0.28969999999999996,
    0.28829999999999995,
    0.30029999999999996,
    0.2978,
    0.30369999999999997,
    0.3047,
    0.3161,
    0.31060000000000004,
    0.31860000000000005,
    0.32189999999999996,
    0.3161,
    0.32920000000000005,
    0.3301,
    0.3297,
    0.3422,
    0.3412,
    0.35699999999999993,
    0.3517,
    0.3626999999999999
  ]
}