{
  "setting": "setting_8",
  "train_accuracy": [
    0.15082110969387755,
    0.1962252869897959,
    0.21560905612244896,
    0.23778300382653061,
    0.2565609056122449,
    0.26766183035714286,
    0.2662866709183674,
    0.26454480229591837,
    0.272086256377551,
    0.2707509566326531,
    0.2747767857142857,
    0.260758131377551,
    0.25108019770408163,
    0.24034996811224488,
    0.23683035714285716,
    0.234765625,
    0.23713727678571428,
    0.23683832908163266,
    0.2421954719387755,
    0.2422672193877551,
    0.24510522959183673,
    0.24851721938775512,
    0.2518176020408163,
    0.25472735969387755,
    0.25803970025510203,
    0.25875717474489796,
    0.2623963647959184,
    0.2639787946428571,
    0.2696189413265306,
    0.27188297193877553,
    0.2714126275510204,
    0.2793407206632653,
    0.28147720025510203,
    0.2849808673469388,
    0.28840880102040817,
    0.2941047512755102,
    0.2988879145408163,
    0.30349968112244896,
    0.30905213647959184,
    0.3160913584183674,
    0.3203563456632653,
    0.3251913265306122,
    0.32715640943877555,
    0.33358976403061225,
    0.3358617665816327,
    0.3411232461734694,
    0.3451171875,
    0.3451092155612245,
    0.34614556760204085,
    0.35001992984693875
  ],
  "test_accuracy": [
    0.18580000000000002,
    0.20850000000000005,
    0.22810000000000002,
    0.24430000000000002,
    0.2653,
    0.2712,
    0.2636,
    0.27070000000000005,
    0.27290000000000003,
    0.2757,
    0.2685,
    0.25440000000000007,
    0.24579999999999996,
    0.23570000000000002,
    0.23700000000000002,
    0.23499999999999996,
    0.23969999999999997,
    0.236,
    0.2452,
    0.2392,
    0.2501,
    0.24939999999999998,
    0.2561,
    0.2576,
    0.26280000000000003,
    0.2647,
    0.261,
    0.2699,
    0.2712,
    0.2743,
    0.2719,
    0.2818,
    0.28470000000000006,
    0.2882,
    0.28629999999999994,
    0.29100000000000004,
    0.2996,
    0.3057,
    0.3034,
    0.31870000000000004,
    0.3225,
    0.32789999999999997,
    0.3228,
    0.3385,
    0.3372,
    0.3415,
    0.3461,
    0.35209999999999997,
    0.3499,
    0.3556
  ]
}