{
  "setting": "setting_17",
  "train_accuracy": [
    0.12449648337595909,
    0.1836437020460358,
    0.19609574808184144,
    0.2006313938618926,
    0.20716512148337599,
    0.21504555626598465,
    0.2272138746803069,
    0.2435701726342711,
    0.2543598145780051,
    0.26033407928388747,
    0.2639106457800512,
    0.2647378516624041,
    0.26871003836317137,
    0.27197090792838874,
    0.27288203324808186,
    0.27522778132992326,
    0.27843270460358055,
    0.27798113810741687,
    0.28005115089514065,
    0.2834518861892583,
    0.284199168797954,
    0.287264226342711,
    0.28872282608695654,
    0.2879595588235294,
    0.2873361572890026,
    0.28989769820971867,
    0.2944253516624041,
    0.29412963554987215,
    0.2978700447570332,
    0.2983735613810742,
    0.30069133631713557,
    0.3006393861892583,
    0.30027573529411766,
    0.3023617327365729,
    0.304775415601023,
    0.3067894820971867,
    0.3086117327365729,
    0.3096587276214834,
    0.3142543158567775,
    0.31416240409207163,
    0.3152213874680307,
    0.31506953324808185,
    0.3188259271099744,
    0.31888986572890027,
    0.3209438938618926,
    0.323173753196931,
    0.3258791560102302,
    0.3251638427109974,
    0.3287683823529412,
    0.3339713874680307
  ],
  "test_accuracy": [
    0.17379999999999998,
    0.19460000000000002,
    0.2023,
    0.20380000000000004,
    0.2113,
    0.22479999999999997,
    0.238,
    0.2544,
    0.2589,
    0.2673,
    0.2725,
    0.2700000000000001,
    0.27540000000000003,
    0.27140000000000003,
    0.278,
    0.2788,
    0.27819999999999995,
    0.2854,
    0.28390000000000004,
    0.2878,
    0.28440000000000004,
    0.2913,
    0.29300000000000004,
    0.2883,
    0.29090000000000005,
    0.28959999999999997,
    0.30040000000000006,
    0.2983,
    0.30429999999999996,
    0.30379999999999996,
    0.3042,
    0.3073,
    0.305,
    0.31329999999999997,
    0.3128,
    0.3176,
    0.31199999999999994,
    0.31700000000000006,
    0.3207,
    0.31930000000000003,
    0.3205,
    0.321,
    0.3241,
    0.32110000000000005,
    0.3256,
    0.3272,
    0.3313,
    0.3306,
    0.3282,
    0.3417
  ]
}