{
  "setting": "setting_14",
  "train_accuracy": [
    0.16951188957725946,
    0.23309189747327502,
    0.2658432792759961,
    0.2677964042759961,
    0.26748606808794945,
    0.2564715060131195,
    0.2509756134596696,
    0.2395387284378037,
    0.23254050504130225,
    0.22030927326287658,
    0.2224265822400389,
    0.2197208682580175,
    0.21634323372206027,
    0.22127444727891155,
    0.2269345238095238,
    0.23378564595481047,
    0.2416579354956268,
    0.24485240524781343,
    0.25182880071671526,
    0.252507364552964,
    0.26160011995869775,
    0.26369560100826045,
    0.26329605502915454,
    0.27316417638483964,
    0.28070525085034015,
    0.28865725977891155,
    0.289882470845481,
    0.29108395590379005,
    0.2932240418488824,
    0.2941303753644315,
    0.2958130238702624,
    0.30022131620505343,
    0.3031832710762877,
    0.30431737427113703,
    0.3024468157798834,
    0.3073780293367347,
    0.3116259338556851,
    0.317555537840136,
    0.3177975431243926,
    0.32036944241982507,
    0.3244901755344995,
    0.32156618227648204,
    0.3299898642492711,
    0.3306143327866861,
    0.32756601524538387,
    0.33763818027210885,
    0.34038280490767736,
    0.34393601190476186,
    0.3523435601919339,
    0.35085831207483
  ],
  "test_accuracy": [
    0.21230000000000002,
    0.2554,
    0.2733,
    0.2752,
    0.2633,
    0.2555,
    0.24099999999999996,
    0.2294,
    0.2278,
    0.2185,
    0.2259,
    0.217,
    0.2165,
    0.22749999999999998,
    0.2252,
    0.23879999999999998,
    0.24400000000000005,
    0.23770000000000002,
    0.24909999999999996,
    0.2515,
    0.2595,
    0.26489999999999997,
    0.2633,
    0.2764,
    0.2811,
    0.28480000000000005,
    0.29179999999999995,
    0.3038,
    0.2904,
    0.2995,
    0.3031,
    0.3016,
    0.307,
    0.30700000000000005,
    0.30500000000000005,
    0.30870000000000003,
    0.31,
    0.3201,
    0.3165,
    0.3206,
    0.3257,
    0.3223,
    0.3327,
    0.333,
    0.3305,
    0.3463,
    0.3422,
    0.3548,
    0.3554,
    0.36079999999999995
  ]
}