{
  "setting": "setting_2",
  "train_accuracy": [
    0.12746962915601023,
    0.1842591112531969,
    0.19426550511508953,
    0.20506713554987213,
    0.21341112531969308,
    0.2236173273657289,
    0.2372562340153453,
    0.24536844629156013,
    0.252445652173913,
    0.26108935421994883,
    0.2694812979539642,
    0.2690976662404092,
    0.26966512148337596,
    0.27213874680306904,
    0.275235773657289,
    0.2778252877237852,
    0.28061460997442456,
    0.2775495524296675,
    0.2794557225063939,
    0.2823249680306905,
    0.28158967391304346,
    0.2793718030690537,
    0.2763147378516624,
    0.28637308184143223,
    0.2836476982097187,
    0.28780770460358057,
    0.2894661125319693,
    0.28899856138107416,
    0.2948209718670077,
    0.29705882352941176,
    0.30072730179028134,
    0.3028093030690537,
    0.3038802749360614,
    0.30798833120204605,
    0.3076886189258312,
    0.3082720588235294,
    0.31178468670076726,
    0.3125039961636829,
    0.3142862851662404,
    0.31594469309462914,
    0.3160725703324808,
    0.3186580882352941,
    0.32056425831202046,
    0.3234614769820972,
    0.3254275895140665,
    0.3320332480818414,
    0.33384351023017905,
    0.33600943094629154,
    0.34091671994884915,
    0.3422074808184143
  ],
  "test_accuracy": [
    0.1766,
    0.1935,
    0.20090000000000002,
    0.21350000000000002,
    0.21939999999999998,
    0.23490000000000003,
    0.24699999999999997,
    0.24430000000000002,
    0.26060000000000005,
    0.26780000000000004,
    0.26980000000000004,
    0.279,
    0.27559999999999996,
    0.2742,
    0.2818,
    0.2831,
    0.2818,
    0.2805,
    0.2826,
    0.27660000000000007,
    0.2854,
    0.2814,
    0.2795,
    0.2895,
    0.28869999999999996,
    0.2947,
    0.2963,
    0.29159999999999997,
    0.3008,
    0.3032,
    0.3013,
    0.3102,
    0.3083,
    0.3152,
    0.3176,
    0.31229999999999997,
    0.3198,
    0.3179,
    0.3191,
    0.3216,
    0.3211,
    0.3295,
    0.3255,
    0.3378,
    0.3367,
    0.3416,
    0.33759999999999996,
    0.3478,
    0.34940000000000004,
    0.35229999999999995
  ]
}