{
  "setting": "setting_24",
  "train_accuracy": [
    0.1823258321185617,
    0.23218936011904764,
    0.23464927265549076,
    0.21616861030126336,
    0.22624267340864918,
    0.22551475947521865,
    0.22795948736637514,
    0.2355594023323615,
    0.22552994412050537,
    0.22822616769922255,
    0.22768616375121478,
    0.22761118956511175,
    0.2245875470724004,
    0.231965386601069,
    0.22979208424441203,
    0.23094327016520894,
    0.23511525145772594,
    0.24697066326530612,
    0.271241420675413,
    0.27124236971574345,
    0.2725615357750243,
    0.28277415877065115,
    0.29320506104227406,
    0.29642135872206027,
    0.2971559159378037,
    0.30989108813168126,
    0.31343765184645284,
    0.3132563851433431,
    0.3230011312560738,
    0.32622786837949463,
    0.3267593309645287,
    0.33677740069241985,
    0.3355275145772595,
    0.34702039297862,
    0.3607074526239067,
    0.36173526330174927,
    0.368493379494655,
    0.37666936194120504,
    0.3825923226433431,
    0.39263032221817296,
    0.40732431365403304,
    0.4214090211977648,
    0.4259416378158406,
    0.4326209836613217,
    0.43240080630466476,
    0.4340673211248785,
    0.4374962038386783,
    0.43589612184159376,
    0.44033573250728864,
    0.4400861349003887
  ],
  "test_accuracy": [
    0.23079999999999998,
    0.24370000000000003,
    0.2243,
    0.2211,
    0.2307,
    0.2169,
    0.2375,
    0.22890000000000002,
    0.2218,
    0.2312,
    0.23359999999999997,
    0.23169999999999996,
    0.2294,
    0.24589999999999995,
    0.2331,
    0.24409999999999998,
    0.23929999999999998,
    0.26389999999999997,
    0.2813,
    0.28519999999999995,
    0.28409999999999996,
    0.29819999999999997,
    0.3025,
    0.3025,
    0.31500000000000006,
    0.32389999999999997,
    0.3245,
    0.3204,
    0.33520000000000005,
    0.3365,
    0.3362,
    0.35300000000000004,
    0.33749999999999997,
    0.36150000000000004,
    0.36669999999999997,
    0.378,
    0.37350000000000005,
    0.38630000000000003,
    0.3976,
    0.3971,
    0.4171,
    0.4265,
    0.4305,
    0.43759999999999993,
    0.43439999999999995,
    0.4366,
    0.4368,
    0.43810000000000004,
    0.44530000000000003,
    0.44489999999999996
  ]
}