{
  "setting": "setting_10",
  "train_accuracy": [
    0.20352322090392763,
    0.2780018109838275,
    0.2890643801742395,
    0.28609671315460145,
    0.26046655395648827,
    0.23651952673758184,
    0.212760892977474,
    0.20044575170870235,
    0.19970421098864072,
    0.19864642496149404,
    0.1992984693877551,
    0.19369066170100113,
    0.18790611763573356,
    0.18420894301116672,
    0.18262395612726223,
    0.189350091451675,
    0.19167022646322682,
    0.19382114579322296,
    0.19986966632171735,
    0.20100228328359646,
    0.2060494230121294,
    0.20944727389776666,
    0.21660396912302657,
    0.22128673108394303,
    0.21801936429052754,
    0.22296647874951867,
    0.2291729339141317,
    0.22912367334905662,
    0.23720466223045825,
    0.24277561850211785,
    0.2415805797554871,
    0.24632237918752406,
    0.25019177777242974,
    0.25907146467077397,
    0.26677942698305734,
    0.27433208690315747,
    0.27756899487389297,
    0.27794051730361957,
    0.2809585729928764,
    0.2833663241239892,
    0.2877757087504813,
    0.2979831746967655,
    0.30910966981132076,
    0.3116783638573354,
    0.31338180171832886,
    0.32077577493261455,
    0.3298870992972661,
    0.34716477245379285,
    0.3642472835242588,
    0.37014313390450515
  ],
  "test_accuracy": [
    0.2593,
    0.28850000000000003,
    0.30080000000000007,
    0.27520000000000006,
    0.25020000000000003,
    0.2285,
    0.20620000000000002,
    0.20360000000000006,
    0.1991,
    0.2012,
    0.20139999999999997,
    0.1896,
    0.19190000000000002,
    0.1824,
    0.1824,
    0.1943,
    0.20249999999999999,
    0.19419999999999998,
    0.2071,
    0.2049,
    0.21200000000000002,
    0.21139999999999998,
    0.2253,
    0.2291,
    0.23409999999999997,
    0.22969999999999996,
    0.23899999999999996,
    0.2324,
    0.2459,
    0.25549999999999995,
    0.2512,
    0.2578,
    0.25710000000000005,
    0.27549999999999997,
    0.2734,
    0.2778,
    0.28369999999999995,
    0.2862,
    0.29180000000000006,
    0.2914,
    0.28969999999999996,
    0.3088000000000001,
    0.3144,
    0.3236,
    0.3181,
    0.3372,
    0.33199999999999996,
    0.3559,
    0.3699,
    0.3733000000000001
  ]
}