{
  "setting": "setting_7",
  "train_accuracy": [
    0.12396898976982096,
    0.1836317135549872,
    0.19656329923273658,
    0.2026094948849105,
    0.20974264705882353,
    0.2186261189258312,
    0.2316975703324808,
    0.24578005115089513,
    0.2545636189258312,
    0.25888347186700766,
    0.2635350063938619,
    0.26350703324808183,
    0.267039641943734,
    0.27024856138107417,
    0.27079203964194376,
    0.27249440537084396,
    0.2742367327365729,
    0.276090952685422,
    0.27835677749360616,
    0.28357976342711,
    0.2841312340153453,
    0.2878196930946291,
    0.289210358056266,
    0.29045716112531966,
    0.2881753516624041,
    0.29373401534526855,
    0.29581601662404094,
    0.2946491368286445,
    0.2965193414322251,
    0.29910885549872124,
    0.3016104539641944,
    0.3021019820971867,
    0.30461556905370846,
    0.3049552429667519,
    0.3060382033248082,
    0.3056825447570332,
    0.30543478260869567,
    0.3059782608695652,
    0.3113371163682864,
    0.31040601023017905,
    0.31164881713554987,
    0.31185262148337595,
    0.31453005115089516,
    0.315065537084399,
    0.3178268861892583,
    0.3197490409207161,
    0.3224584398976982,
    0.32235853580562657,
    0.32611492966751915,
    0.3279931265984655
  ],
  "test_accuracy": [
    0.17479999999999998,
    0.19410000000000002,
    0.2023,
    0.2072,
    0.2158,
    0.22769999999999996,
    0.24290000000000003,
    0.25560000000000005,
    0.26160000000000005,
    0.266,
    0.2723,
    0.26630000000000004,
    0.273,
    0.2686,
    0.2754,
    0.27540000000000003,
    0.2732,
    0.28559999999999997,
    0.2838,
    0.2864,
    0.28609999999999997,
    0.2912,
    0.28700000000000003,
    0.2935,
    0.2915,
    0.2944,
    0.2957,
    0.2955,
    0.3047,
    0.3043,
    0.3074,
    0.30710000000000004,
    0.3078,
    0.3126,
    0.31360000000000005,
    0.3141,
    0.3056,
    0.3125,
    0.3169,
    0.31589999999999996,
    0.31779999999999997,
    0.3179,
    0.3222,
    0.3174,
    0.31999999999999995,
    0.3241,
    0.32989999999999997,
    0.3274,
    0.3288,
    0.3325
  ]
}