{
  "setting": "setting_11",
  "train_accuracy": [
    0.11187260230179027,
    0.17039641943734016,
    0.1809462915601023,
    0.18686061381074168,
    0.19089673913043478,
    0.19537244245524296,
    0.1988091432225064,
    0.20400415601023017,
    0.20650175831202047,
    0.21051790281329924,
    0.21431425831202047,
    0.222346547314578,
    0.2284606777493606,
    0.23327605498721227,
    0.23957001278772377,
    0.246403452685422,
    0.2538562979539642,
    0.2604299872122762,
    0.26608455882352944,
    0.27227861253196933,
    0.27383711636828645,
    0.28067055626598464,
    0.28228900255754474,
    0.2861253196930946,
    0.29108056265984655,
    0.29501678388746805,
    0.29657528772378516,
    0.3007712595907928,
    0.30418797953964194,
    0.3080242966751918,
    0.3103420716112532,
    0.31365888746803067,
    0.3145780051150895,
    0.3164362212276215,
    0.3185941496163683,
    0.3204323849104859,
    0.3219509271099744,
    0.3240688938618926,
    0.32536764705882354,
    0.327505594629156,
    0.3311820652173913,
    0.33240089514066495,
    0.33194133631713557,
    0.3321411445012788,
    0.3345987851662404,
    0.335258152173913,
    0.33709638746803067,
    0.3382752557544757,
    0.3392543158567775,
    0.3405930306905371
  ],
  "test_accuracy": [
    0.16169999999999998,
    0.181,
    0.1893,
    0.19480000000000003,
    0.19790000000000002,
    0.2016,
    0.20790000000000003,
    0.20780000000000004,
    0.21500000000000002,
    0.21669999999999998,
    0.2233,
    0.23299999999999996,
    0.23010000000000003,
    0.24459999999999998,
    0.24889999999999998,
    0.2548,
    0.26280000000000003,
    0.2667,
    0.2726,
    0.2782,
    0.2819,
    0.28459999999999996,
    0.2873,
    0.2927,
    0.3008,
    0.3,
    0.3039,
    0.3127,
    0.3103,
    0.317,
    0.3144,
    0.3234,
    0.3238,
    0.3238,
    0.3276,
    0.3295,
    0.33120000000000005,
    0.3316,
    0.3419,
    0.33730000000000004,
    0.3373,
    0.3473,
    0.34279999999999994,
    0.3454,
    0.34679999999999994,
    0.34550000000000003,
    0.3463,
    0.34500000000000003,
    0.34920000000000007,
    0.347
  ]
}