{
  "setting": "setting_30",
  "train_accuracy": [
    0.17713572752214093,
    0.15345831728917983,
    0.19743559275125144,
    0.16136294582691568,
    0.10133048649884481,
    0.0999801453600308,
    0.1000049636599923,
    0.1000049636599923,
    0.10001737280997305,
    0.09999255451001154,
    0.09997600897670389,
    0.10001323642664613,
    0.10004407128417404,
    0.10005008784174046,
    0.10057352835001925,
    0.10158506209087409,
    0.1029613496341933,
    0.10338890125625723,
    0.10451324545148248,
    0.10441359621678861,
    0.1053935430304197,
    0.11081220518867924,
    0.11106978905949172,
    0.11721006209087409,
    0.13384584376203312,
    0.15850620908740856,
    0.17346976378994994,
    0.1788966987148633,
    0.22312178114170195,
    0.277149339983635,
    0.3439421538072776,
    0.38185586734693877,
    0.400497418896804,
    0.4092556465392761,
    0.41209997412880245,
    0.41482547470639203,
    0.4168951705092414,
    0.41733325110704655,
    0.418079680280131,
    0.4174291399932614,
    0.42166442048517516,
    0.4183733634963419,
    0.4205318035232961,
    0.42209610849056606,
    0.4232159402676165,
    0.4224792880005776,
    0.42662093581536387,
    0.430511392351752,
    0.4288117148392376,
    0.4296769710242588
  ],
  "test_accuracy": [
    0.195,
    0.1461,
    0.19340000000000002,
    0.1166,
    0.1,
    0.1,
    0.1,
    0.1,
    0.1,
    0.1,
    0.1,
    0.1,
    0.10010000000000001,
    0.1,
    0.10190000000000002,
    0.10130000000000002,
    0.10330000000000002,
    0.10350000000000001,
    0.10700000000000001,
    0.10350000000000001,
    0.1076,
    0.1111,
    0.11810000000000001,
    0.1162,
    0.14579999999999999,
    0.1812,
    0.1655,
    0.19890000000000002,
    0.25379999999999997,
    0.33310000000000006,
    0.3612,
    0.39030000000000004,
    0.4065,
    0.4055000000000001,
    0.4143,
    0.41739999999999994,
    0.4138,
    0.41479999999999995,
    0.42119999999999996,
    0.4165,
    0.4196,
    0.4173,
    0.4173,
    0.4218,
    0.426,
    0.43079999999999996,
    0.42350000000000004,
    0.42729999999999996,
    0.4285,
    0.42350000000000004
  ]
}