{
  "setting": "setting_25",
  "train_accuracy": [
    0.2011387839333847,
    0.2619699412783982,
    0.2903297374374278,
    0.2887970193973816,
    0.2649135420677705,
    0.28155797254043125,
    0.2777081277676165,
    0.2722556224730458,
    0.2500248182999615,
    0.24900425972275703,
    0.24399359537447052,
    0.23558094375721989,
    0.23410763922314207,
    0.22426041466114746,
    0.21150456055063532,
    0.2239712438631113,
    0.22887887466307277,
    0.2274341487774355,
    0.24285684202926452,
    0.2489685364122064,
    0.25571497761840584,
    0.25926173830381205,
    0.260036370090489,
    0.2630100536676935,
    0.27245228869849825,
    0.28482496329899887,
    0.28476968617635734,
    0.2872650534270312,
    0.28908318191663457,
    0.29517757869657296,
    0.30633077228532923,
    0.3097579538891028,
    0.3231365217077397,
    0.32457748724489793,
    0.33302999855602616,
    0.34159532032152484,
    0.35601964105217554,
    0.3706161857431652,
    0.3848788114892183,
    0.38043407958702347,
    0.38659165022140934,
    0.39305305701289955,
    0.39801182855217554,
    0.41368420894301117,
    0.422565399980747,
    0.4193179630342703,
    0.4225631437716596,
    0.4342555713323065,
    0.4462273927849441,
    0.45376425924143243
  ],
  "test_accuracy": [
    0.2505,
    0.2683,
    0.2993,
    0.27280000000000004,
    0.2811,
    0.27090000000000003,
    0.2702,
    0.2569,
    0.24170000000000003,
    0.2492,
    0.24219999999999997,
    0.22549999999999998,
    0.2355,
    0.22080000000000002,
    0.215,
    0.22269999999999998,
    0.22630000000000003,
    0.22480000000000003,
    0.2531,
    0.2465,
    0.252,
    0.26060000000000005,
    0.26180000000000003,
    0.25820000000000004,
    0.2756,
    0.2863,
    0.28159999999999996,
    0.2868,
    0.29999999999999993,
    0.2996,
    0.3107,
    0.3095,
    0.3256,
    0.32180000000000003,
    0.3378,
    0.34840000000000004,
    0.3599,
    0.37539999999999996,
    0.3891,
    0.3742,
    0.38570000000000004,
    0.389,
    0.4043,
    0.42250000000000004,
    0.414,
    0.4223,
    0.42110000000000003,
    0.4328,
    0.46369999999999995,
    0.4476
  ]
}