{
  "setting": "setting_28",
  "train_accuracy": [
    0.14405293367346939,
    0.1687141262755102,
    0.2084422831632653,
    0.22673389668367347,
    0.24037388392857142,
    0.22981505102040817,
    0.2409080038265306,
    0.24800302933673468,
    0.254703443877551,
    0.2599609375,
    0.2712372448979592,
    0.2707589285714286,
    0.2662747130102041,
    0.28110251913265305,
    0.27120535714285715,
    0.28202327806122446,
    0.2795639349489796,
    0.2769172512755102,
    0.28335060586734695,
    0.2889429209183674,
    0.28745216836734694,
    0.2878467793367347,
    0.2899234693877551,
    0.2994858099489796,
    0.31204559948979593,
    0.31796874999999997,
    0.3143893494897959,
    0.3178451849489796,
    0.3240513392857143,
    0.32473692602040816,
    0.3324457908163265,
    0.33043686224489793,
    0.3305883290816326,
    0.33480548469387755,
    0.33665098852040815,
    0.33922592474489793,
    0.3393494897959184,
    0.33994339923469385,
    0.3420798788265306,
    0.3456752232142857,
    0.3449776785714285,
    0.3456393494897959,
    0.3510363520408163,
    0.3514389349489796,
    0.35287388392857144,
    0.3543048469387755,
    0.35427694515306124,
    0.35922353316326533,
    0.3619379783163265,
    0.3590919961734694
  ],
  "test_accuracy": [
    0.1702,
    0.1735,
    0.21869999999999998,
    0.2404,
    0.23450000000000001,
    0.23570000000000002,
    0.2431,
    0.23929999999999998,
    0.2599,
    0.26080000000000003,
    0.2741,
    0.2631,
    0.2722,
    0.27670000000000006,
    0.2733,
    0.29179999999999995,
    0.2853,
    0.2853,
    0.2953,
    0.2874,
    0.29999999999999993,
    0.3018,
    0.3014,
    0.32209999999999994,
    0.3245,
    0.3274,
    0.32300000000000006,
    0.3263,
    0.3238,
    0.3398,
    0.33120000000000005,
    0.3303,
    0.3367,
    0.3395,
    0.3426,
    0.34530000000000005,
    0.34609999999999996,
    0.34420000000000006,
    0.3513,
    0.3533,
    0.3553,
    0.36,
    0.35359999999999997,
    0.36269999999999997,
    0.3621,
    0.3586,
    0.3641,
    0.367,
    0.3752,
    0.37
  ]
}