{
  "setting": "setting_20",
  "train_accuracy": [
    0.20073642664613014,
    0.2760212354399307,
    0.2901247984453215,
    0.259750207571236,
    0.2148644319166346,
    0.19545652134674624,
    0.1981365217077397,
    0.19531926862726223,
    0.19616609910473623,
    0.19657785726318827,
    0.1982925761696188,
    0.20124632989988447,
    0.20657662386888717,
    0.21374384806988833,
    0.21706987629957644,
    0.22532797759433962,
    0.22135216114747785,
    0.2297343539420485,
    0.24123838804389683,
    0.24159449304485947,
    0.24602155130920295,
    0.2570510294329996,
    0.2687129981709665,
    0.272834716138814,
    0.2678710561465152,
    0.2815974561994609,
    0.28812166081055063,
    0.28461927223719674,
    0.29688026448787064,
    0.3045280612244898,
    0.3091374963900655,
    0.31292529541297653,
    0.3197886834568733,
    0.3203425827878321,
    0.33187745174720834,
    0.33294501468040044,
    0.3346815436080092,
    0.3453413794763188,
    0.3471820700567963,
    0.354084189690027,
    0.36008457775798997,
    0.36109197511551794,
    0.3640825802608779,
    0.36858108514632265,
    0.3631218112244898,
    0.3592685821380439,
    0.358188610054871,
    0.35922496209568733,
    0.3596683071813631,
    0.359073796086831
  ],
  "test_accuracy": [
    0.2548,
    0.29169999999999996,
    0.2801,
    0.22759999999999997,
    0.1983,
    0.195,
    0.19590000000000002,
    0.193,
    0.19350000000000003,
    0.1939,
    0.2031,
    0.19760000000000003,
    0.2169,
    0.20790000000000003,
    0.2225,
    0.22819999999999996,
    0.21939999999999998,
    0.2327,
    0.24659999999999999,
    0.24429999999999996,
    0.24220000000000003,
    0.264,
    0.2671,
    0.2695,
    0.2691,
    0.2813,
    0.2873,
    0.28179999999999994,
    0.309,
    0.2994,
    0.3118,
    0.3205,
    0.3088,
    0.32270000000000004,
    0.3269,
    0.3315,
    0.3289,
    0.3469,
    0.34680000000000005,
    0.3536,
    0.3577,
    0.355,
    0.3615,
    0.36340000000000006,
    0.35069999999999996,
    0.3519,
    0.35019999999999996,
    0.3598,
    0.362,
    0.35239999999999994
  ]
}