{
  "setting": "setting_19",
  "train_accuracy": [
    0.16929171222060252,
    0.2329523885447036,
    0.266122297133139,
    0.26832407069970843,
    0.2673551005223518,
    0.25507736576773565,
    0.2498785228377065,
    0.23817305940233238,
    0.23126499483722063,
    0.22001981596209913,
    0.22180685890427598,
    0.21973984906462585,
    0.2163128644314869,
    0.216011069606414,
    0.21734636935131196,
    0.22242183703838678,
    0.2293982325072886,
    0.2324228240403304,
    0.23853179664723034,
    0.23986140215014576,
    0.24775362153790087,
    0.24965360027939748,
    0.24964221179543244,
    0.2576378765792031,
    0.2648562773323615,
    0.27378484876093295,
    0.2751638043610301,
    0.27518563228862974,
    0.277407335702138,
    0.27915167182944606,
    0.2830655141520894,
    0.2869603756681244,
    0.2926413310860059,
    0.29556722242468414,
    0.2949209259596696,
    0.29940419248056366,
    0.3043705205296404,
    0.3114949662900875,
    0.3103513726919339,
    0.31305518859329445,
    0.3173828125,
    0.3163028046039844,
    0.32440950710641403,
    0.325322483904276,
    0.32249529275996114,
    0.3320663644922255,
    0.3353386555515063,
    0.33925249787414963,
    0.34795709578474243,
    0.3457856915087464
  ],
  "test_accuracy": [
    0.2113,
    0.2551,
    0.2733,
    0.2752,
    0.26260000000000006,
    0.25270000000000004,
    0.24010000000000004,
    0.22810000000000002,
    0.22690000000000002,
    0.21739999999999998,
    0.2252,
    0.21600000000000003,
    0.2166,
    0.21990000000000004,
    0.21509999999999999,
    0.23009999999999997,
    0.23020000000000002,
    0.2266,
    0.2346,
    0.23970000000000002,
    0.24710000000000001,
    0.2526,
    0.2495,
    0.2595,
    0.26959999999999995,
    0.26970000000000005,
    0.2752,
    0.28819999999999996,
    0.2724,
    0.28459999999999996,
    0.2879999999999999,
    0.28790000000000004,
    0.297,
    0.2987,
    0.2974,
    0.29900000000000004,
    0.30060000000000003,
    0.3115,
    0.30879999999999996,
    0.3146,
    0.3196,
    0.3173,
    0.32880000000000004,
    0.329,
    0.3244,
    0.34269999999999995,
    0.339,
    0.3509,
    0.3521,
    0.35350000000000004
  ]
}