{
  "setting": "setting_23",
  "train_accuracy": [
    0.15287786989795918,
    0.20787627551020407,
    0.22392777423469387,
    0.23530771683673468,
    0.25735411352040816,
    0.2683314732142857,
    0.27401546556122447,
    0.2606066645408163,
    0.2521205357142857,
    0.2530094068877551,
    0.2547632334183674,
    0.2471061862244898,
    0.24397321428571428,
    0.25538504464285716,
    0.26400271045918366,
    0.26168686224489796,
    0.2715481505102041,
    0.2682995854591837,
    0.26177455357142854,
    0.2653659119897959,
    0.2605030293367347,
    0.2687260841836735,
    0.2713608099489796,
    0.2678770727040816,
    0.28453842474489793,
    0.28664301658163266,
    0.28952088647959184,
    0.297054368622449,
    0.3038464604591837,
    0.3094387755102041,
    0.3171436543367347,
    0.32522720025510204,
    0.3323301977040816,
    0.33283641581632656,
    0.3352200255102041,
    0.3373365752551021,
    0.3413624043367347,
    0.3396564094387755,
    0.3412707270408163,
    0.34895567602040817,
    0.3553013392857143,
    0.36130819515306123,
    0.3641302614795918,
    0.37021285076530613,
    0.3706273915816326,
    0.3725366709183674,
    0.37431839923469384,
    0.3800900829081633,
    0.3839086415816326,
    0.38864795918367345
  ],
  "test_accuracy": [
    0.19870000000000002,
    0.21260000000000004,
    0.23470000000000005,
    0.2448,
    0.2636,
    0.2821,
    0.28379999999999994,
    0.2556,
    0.2594,
    0.2558,
    0.24609999999999999,
    0.24749999999999997,
    0.246,
    0.2632,
    0.2677999999999999,
    0.2707,
    0.27880000000000005,
    0.26239999999999997,
    0.2766,
    0.26769999999999994,
    0.2611,
    0.2853,
    0.28779999999999994,
    0.27769999999999995,
    0.29640000000000005,
    0.2853,
    0.29779999999999995,
    0.30310000000000004,
    0.3169,
    0.3161,
    0.3302,
    0.3394,
    0.3399,
    0.3436,
    0.34,
    0.3428,
    0.3442,
    0.35079999999999995,
    0.3496,
    0.3536,
    0.3654,
    0.37429999999999997,
    0.3753,
    0.37579999999999997,
    0.38230000000000003,
    0.3749,
    0.38580000000000003,
    0.38550000000000006,
    0.39509999999999995,
    0.39930000000000004
  ]
}