{
  "setting": "setting_13",
  "train_accuracy": [
    0.14981664540816325,
    0.19933832908163265,
    0.21774952168367345,
    0.2434111926020408,
    0.25923150510204085,
    0.26596779336734694,
    0.2702327806122449,
    0.2667729591836735,
    0.2711814413265306,
    0.2754544005102041,
    0.27780213647959184,
    0.27642299107142854,
    0.27272401147959185,
    0.2690409757653061,
    0.2622050382653061,
    0.2634287308673469,
    0.2544124681122449,
    0.2515704719387755,
    0.25486288265306123,
    0.25452407525510207,
    0.2556162308673469,
    0.26064253826530615,
    0.26510682397959184,
    0.2674027423469388,
    0.2738600127551021,
    0.27266422193877554,
    0.27547433035714286,
    0.2775111607142857,
    0.27975127551020407,
    0.2866988201530612,
    0.29300860969387754,
    0.2929727359693878,
    0.2929049744897959,
    0.29585857780612246,
    0.29482621173469387,
    0.29927853954081635,
    0.3020129145408163,
    0.30479910714285713,
    0.31080994897959185,
    0.3114477040816327,
    0.3150151466836735,
    0.3175701530612245,
    0.32424266581632655,
    0.3267578125,
    0.3258171237244898,
    0.330452806122449,
    0.3353993941326531,
    0.33543526785714284,
    0.3416214923469388,
    0.34492984693877554
  ],
  "test_accuracy": [
    0.19090000000000001,
    0.2136,
    0.23010000000000003,
    0.25200000000000006,
    0.2676,
    0.2747,
    0.2771,
    0.2691,
    0.2757,
    0.2819,
    0.27549999999999997,
    0.27899999999999997,
    0.26959999999999995,
    0.27409999999999995,
    0.2626,
    0.2647,
    0.2526,
    0.2486,
    0.25730000000000003,
    0.25639999999999996,
    0.26480000000000004,
    0.2698000000000001,
    0.2665,
    0.2744,
    0.2817,
    0.27440000000000003,
    0.28029999999999994,
    0.2853,
    0.2801,
    0.2948,
    0.29480000000000006,
    0.2961,
    0.29650000000000004,
    0.3007,
    0.2985999999999999,
    0.3044,
    0.3044,
    0.3097,
    0.31110000000000004,
    0.3109,
    0.32609999999999995,
    0.32269999999999993,
    0.32880000000000004,
    0.3316,
    0.3286,
    0.33340000000000003,
    0.3406,
    0.3395,
    0.3499,
    0.3488
  ]
}