{
  "setting": "setting_29",
  "train_accuracy": [
    0.16594824313654033,
    0.19517299107142858,
    0.20009186710398444,
    0.19164825528425655,
    0.19041734997570456,
    0.1876698782191448,
    0.16709088769436348,
    0.14819074951409136,
    0.12646247114917394,
    0.11787175807823129,
    0.11916909620991253,
    0.11966069910106901,
    0.12289502854713313,
    0.1217732628765792,
    0.11846301020408163,
    0.11943577654275996,
    0.1259870019436346,
    0.13303647351797862,
    0.14279165907434402,
    0.14536925261175898,
    0.15137003462099125,
    0.15902404488581146,
    0.17893016581632654,
    0.19785497904518953,
    0.21448406371477163,
    0.23137982871720117,
    0.27667562560738584,
    0.3312093810738581,
    0.3299822719266278,
    0.33021478680758015,
    0.3346297224246842,
    0.34066656796647227,
    0.3493967899659864,
    0.3557885765913508,
    0.36136229045189505,
    0.36671677599611274,
    0.3738298332725947,
    0.38124468537414963,
    0.38449704658649175,
    0.3832613960762877,
    0.3895582786686103,
    0.3902975810860058,
    0.3913813851433431,
    0.3905519238945578,
    0.39105111910835766,
    0.39436896410349853,
    0.3950940309159378,
    0.3970556972789116,
    0.4010369214650146,
    0.3972160850947522
  ],
  "test_accuracy": [
    0.1964,
    0.1973,
    0.1932,
    0.1896,
    0.1983,
    0.1771,
    0.15649999999999997,
    0.1379,
    0.1173,
    0.11980000000000002,
    0.1165,
    0.12110000000000001,
    0.12269999999999999,
    0.1166,
    0.11639999999999999,
    0.12029999999999999,
    0.12800000000000003,
    0.1335,
    0.1527,
    0.1487,
    0.1541,
    0.1653,
    0.20049999999999998,
    0.21430000000000002,
    0.24110000000000004,
    0.2522,
    0.3074,
    0.33829999999999993,
    0.3399,
    0.33030000000000004,
    0.3387,
    0.33720000000000006,
    0.35979999999999995,
    0.3599,
    0.3765,
    0.3738,
    0.3787,
    0.38859999999999995,
    0.3915,
    0.38500000000000006,
    0.39180000000000004,
    0.38870000000000005,
    0.40119999999999995,
    0.40009999999999996,
    0.3993000000000001,
    0.3996,
    0.40259999999999996,
    0.4067,
    0.40780000000000005,
    0.4109999999999999
  ]
}