{
  "setting": "setting_27",
  "train_accuracy": [
    0.6680548152096659,
    0.870846659559346,
    0.9192430703624733,
    0.941342395167022,
    0.9523976101634685,
    0.9573838397299218,
    0.9618425728500356,
    0.9644356343283582,
    0.9675506396588486,
    0.9682280561478323,
    0.9693885483297797,
    0.972803393745558,
    0.9723980543710021,
    0.9734808102345416,
    0.9753909026297085,
    0.9753464818763327,
    0.9773620735607675,
    0.9780894633972992,
    0.9783615405117271,
    0.9789501154939588,
    0.9796441897654584,
    0.980615893745558,
    0.980549262615494,
    0.9809768123667377,
    0.980665867093106,
    0.9821650675195451,
    0.9814598880597015,
    0.9815320717839375,
    0.982542643923241,
    0.9824371446339729,
    0.9831867448471926,
    0.9835310056858565,
    0.9831423240938166,
    0.9832422707889126,
    0.9835809790334045,
    0.984480499289268,
    0.9845082622601279,
    0.9846748400852878,
    0.9853744669509595,
    0.9846026563610518,
    0.9854244402985075,
    0.9849968905472637,
    0.9854577558635395,
    0.9860407782515992,
    0.9850579690831557,
    0.9852967306325515,
    0.9859519367448472,
    0.9853689143567874,
    0.9853578091684435,
    0.9867681680881307
  ],
  "test_accuracy": [
    0.8392999999999999,
    0.9043999999999999,
    0.9239,
    0.9352,
    0.9526999999999999,
    0.953,
    0.9657,
    0.9666,
    0.9671,
    0.9717,
    0.9730000000000001,
    0.9686999999999999,
    0.9713,
    0.9730000000000001,
    0.9763999999999999,
    0.9762000000000001,
    0.9727,
    0.9769,
    0.977,
    0.9758999999999999,
    0.9743,
    0.978,
    0.9793,
    0.9802,
    0.9803000000000001,
    0.9786999999999999,
    0.9812000000000001,
    0.9802,
    0.9822,
    0.9797999999999998,
    0.9816,
    0.9818,
    0.9818000000000001,
    0.9814,
    0.9814,
    0.9819000000000001,
    0.9782,
    0.9815000000000002,
    0.9801,
    0.982,
    0.9812,
    0.9802,
    0.9804,
    0.9799999999999999,
    0.9818999999999999,
    0.9816,
    0.9804999999999999,
    0.9807,
    0.9815000000000002,
    0.9816
  ]
}