{
  "setting": "setting_12",
  "train_accuracy": [
    0.6680381574271499,
    0.8708133439943141,
    0.9192430703624733,
    0.941359052949538,
    0.9523809523809524,
    0.9573838397299218,
    0.9618425728500356,
    0.9644522921108742,
    0.9675506396588486,
    0.9682280561478323,
    0.9694052061122957,
    0.972803393745558,
    0.9723980543710021,
    0.9734974680170576,
    0.9754075604122245,
    0.9753464818763327,
    0.9773620735607675,
    0.9781061211798152,
    0.9783615405117271,
    0.9789667732764749,
    0.9796441897654584,
    0.980599235963042,
    0.980549262615494,
    0.9809768123667377,
    0.980665867093106,
    0.9823316453447051,
    0.9818263592750534,
    0.9819818319118693,
    0.9826925639658849,
    0.9825370913290689,
    0.9833200071073205,
    0.9836087420042644,
    0.9834588219616205,
    0.9835421108742004,
    0.9839807658137882,
    0.984547130419332,
    0.9846415245202559,
    0.9845082622601279,
    0.9854244402985075,
    0.9844027629708599,
    0.9852911780383795,
    0.9849469171997157,
    0.9855577025586354,
    0.9859908049040512,
    0.9849746801705757,
    0.9852134417199716,
    0.9857020700071073,
    0.9852523098791756,
    0.9853911247334755,
    0.9865516169154228
  ],
  "test_accuracy": [
    0.8392999999999999,
    0.9045,
    0.9239,
    0.9352,
    0.9526999999999999,
    0.953,
    0.9657,
    0.9666,
    0.9671,
    0.9717,
    0.9730000000000001,
    0.9686999999999999,
    0.9713,
    0.9730000000000001,
    0.9763999999999999,
    0.9762000000000001,
    0.9727,
    0.9769,
    0.977,
    0.9758999999999999,
    0.9743,
    0.978,
    0.9793,
    0.9802,
    0.9802,
    0.9792,
    0.9817,
    0.9804,
    0.9826,
    0.9796999999999999,
    0.9819000000000001,
    0.982,
    0.9814999999999999,
    0.9809999999999999,
    0.9812999999999998,
    0.9818000000000001,
    0.9782,
    0.9817,
    0.9800999999999999,
    0.9814999999999999,
    0.9810000000000001,
    0.9802,
    0.9806000000000001,
    0.9798,
    0.9817,
    0.9815000000000002,
    0.9805999999999999,
    0.9813000000000001,
    0.9815000000000002,
    0.9814
  ]
}