{
  "setting": "setting_21",
  "train_accuracy": [
    0.7577125533049041,
    0.9163446162046909,
    0.9453957889125799,
    0.9558901918976546,
    0.9631529850746269,
    0.9654517590618337,
    0.9689165778251599,
    0.9702658582089553,
    0.9730477078891258,
    0.9734308368869936,
    0.9749800106609808,
    0.9757795842217484,
    0.9769123134328358,
    0.978344882729211,
    0.9790445095948828,
    0.9798274253731343,
    0.9802105543710021,
    0.9807935767590619,
    0.980577025586354,
    0.9809601545842217,
    0.9818430170575693,
    0.9827591950959488,
    0.9832422707889126,
    0.9838752665245203,
    0.9829924040511727,
    0.9844083155650319,
    0.9844083155650319,
    0.9847914445628998,
    0.9848580756929638,
    0.9838919243070362,
    0.9851079424307037,
    0.9851579157782516,
    0.9853911247334755,
    0.9855743603411514,
    0.9853911247334755,
    0.9867404051172708,
    0.986224013859275,
    0.9857909115138592,
    0.986307302771855,
    0.9867903784648188,
    0.9866071428571429,
    0.9860241204690832,
    0.986440565031983,
    0.9867404051172708,
    0.9867903784648188,
    0.9872401385927505,
    0.9866238006396588,
    0.9864738805970149,
    0.9871401918976546,
    0.9878731343283582
  ],
  "test_accuracy": [
    0.8881,
    0.9265000000000001,
    0.9347999999999999,
    0.9195,
    0.9637,
    0.9467000000000001,
    0.9696999999999999,
    0.9658,
    0.9681,
    0.9736,
    0.9757,
    0.9724999999999999,
    0.9616,
    0.9787000000000001,
    0.9779,
    0.9796999999999999,
    0.9739000000000001,
    0.9795,
    0.9783999999999999,
    0.9783999999999999,
    0.9801,
    0.9789,
    0.9808,
    0.9821,
    0.9810000000000001,
    0.9790999999999999,
    0.9800999999999999,
    0.9810000000000001,
    0.982,
    0.9813000000000001,
    0.9812999999999998,
    0.9821,
    0.9808,
    0.9826,
    0.9823999999999999,
    0.9837,
    0.9803000000000001,
    0.9823999999999999,
    0.9814,
    0.9829999999999999,
    0.9829000000000001,
    0.9817999999999998,
    0.9812999999999998,
    0.9808,
    0.983,
    0.9823999999999999,
    0.9823000000000001,
    0.9818000000000001,
    0.9833000000000001,
    0.9807999999999998
  ]
}