{
  "setting": "setting_16",
  "train_accuracy": [
    0.7577125533049041,
    0.9163612739872068,
    0.9453957889125799,
    0.9558901918976546,
    0.9631529850746269,
    0.9654684168443497,
    0.9689165778251599,
    0.9702658582089553,
    0.9730310501066098,
    0.9734141791044776,
    0.9749633528784648,
    0.9757962420042644,
    0.9769123134328358,
    0.978344882729211,
    0.9790445095948828,
    0.9798274253731343,
    0.9802272121535182,
    0.9807935767590619,
    0.980577025586354,
    0.9809601545842217,
    0.9818263592750534,
    0.9827591950959488,
    0.9832422707889126,
    0.9838586087420043,
    0.9830090618336887,
    0.984391657782516,
    0.984391657782516,
    0.9847914445628998,
    0.9848580756929638,
    0.9838919243070362,
    0.9851079424307037,
    0.9851579157782516,
    0.9854244402985075,
    0.9856076759061834,
    0.9853911247334755,
    0.9867070895522388,
    0.986224013859275,
    0.9857909115138592,
    0.986307302771855,
    0.9868070362473348,
    0.9866238006396588,
    0.9860241204690832,
    0.9864239072494669,
    0.9867404051172708,
    0.9867903784648188,
    0.9872401385927505,
    0.9866238006396588,
    0.9864905383795309,
    0.9871401918976546,
    0.9878564765458422
  ],
  "test_accuracy": [
    0.8881,
    0.9265000000000001,
    0.9348999999999998,
    0.9195,
    0.9637,
    0.9467000000000001,
    0.9696,
    0.9658,
    0.9681,
    0.9736,
    0.9757,
    0.9725999999999999,
    0.9616,
    0.9787000000000001,
    0.9779,
    0.9796999999999999,
    0.9739000000000001,
    0.9795,
    0.9783999999999999,
    0.9783999999999999,
    0.9801,
    0.9788,
    0.9806000000000001,
    0.9821,
    0.9810000000000001,
    0.9790999999999999,
    0.9800999999999999,
    0.9810000000000001,
    0.982,
    0.9813000000000001,
    0.9812999999999998,
    0.9821,
    0.9808,
    0.9826,
    0.9823999999999999,
    0.9837,
    0.9803000000000001,
    0.9823999999999999,
    0.9814,
    0.9831,
    0.9829000000000001,
    0.9817,
    0.9812999999999998,
    0.9808,
    0.9831,
    0.9823999999999999,
    0.9823000000000001,
    0.9818000000000001,
    0.9833000000000001,
    0.9807999999999998
  ]
}