{
  "setting": "setting_26",
  "train_accuracy": [
    0.1308543797953964,
    0.15567055626598467,
    0.1508751598465473,
    0.1471787084398977,
    0.1300351662404092,
    0.11271179667519182,
    0.10729699488491048,
    0.10467950767263427,
    0.10034367007672634,
    0.10402014066496164,
    0.10196211636828645,
    0.10268142583120204,
    0.10218190537084398,
    0.10178228900255755,
    0.09962436061381075,
    0.09980418797953965,
    0.09998401534526855,
    0.10046355498721228,
    0.10018382352941177,
    0.10166240409207161,
    0.09964434143222506,
    0.09946451406649616,
    0.09916480179028132,
    0.1004036125319693,
    0.10160246163682865,
    0.10112292199488492,
    0.1019221547314578,
    0.10132273017902814,
    0.09936460997442455,
    0.10140265345268543,
    0.10146259590792839,
    0.09838554987212277,
    0.0988650895140665,
    0.10134271099744245,
    0.09990409207161126,
    0.10144261508951406,
    0.100383631713555,
    0.10100303708439898,
    0.09850543478260869,
    0.10160246163682865,
    0.09864530051150895,
    0.10096307544757033,
    0.09932464833759591,
    0.10212196291560102,
    0.09672714194373401,
    0.1013826726342711,
    0.09988411125319693,
    0.0990449168797954,
    0.10266144501278772,
    0.09786604859335038
  ],
  "test_accuracy": [
    0.1572,
    0.14,
    0.16240000000000002,
    0.1451,
    0.11960000000000001,
    0.10710000000000001,
    0.10229999999999999,
    0.10600000000000001,
    0.11069999999999999,
    0.0984,
    0.1026,
    0.0977,
    0.10170000000000001,
    0.0954,
    0.0997,
    0.1005,
    0.10200000000000001,
    0.10769999999999999,
    0.1044,
    0.10110000000000001,
    0.1004,
    0.0993,
    0.0997,
    0.09969999999999998,
    0.0973,
    0.1005,
    0.0993,
    0.0999,
    0.1004,
    0.0996,
    0.1018,
    0.0996,
    0.10090000000000002,
    0.1008,
    0.1006,
    0.10030000000000001,
    0.10010000000000001,
    0.0994,
    0.1006,
    0.10049999999999999,
    0.10190000000000002,
    0.1006,
    0.1012,
    0.1016,
    0.0998,
    0.0987,
    0.10130000000000002,
    0.101,
    0.10130000000000002,
    0.10030000000000001
  ]
}