{
  "setting": "setting_27",
  "train_accuracy": [
    0.1141184462915601,
    0.10364050511508952,
    0.10366847826086956,
    0.09987212276214832,
    0.1016983695652174,
    0.1019661125319693,
    0.09860933503836317,
    0.10086317135549872,
    0.10033967391304348,
    0.09944053708439898,
    0.09905290920716112,
    0.1004275895140665,
    0.09970028772378517,
    0.10198209718670077,
    0.10412803708439897,
    0.09906889386189258,
    0.09960837595907927,
    0.10107097186700767,
    0.10091512148337596,
    0.0979299872122762,
    0.09852541560102301,
    0.10120684143222507,
    0.10099504475703326,
    0.10171035805626598,
    0.1020460358056266,
    0.10289322250639386,
    0.10086716751918158,
    0.10097506393861894,
    0.10416000639386189,
    0.1012587915601023,
    0.10166640025575448,
    0.10020380434782608,
    0.09875319693094628,
    0.09951246803069053,
    0.10183024296675192,
    0.0968190537084399,
    0.09910485933503836,
    0.09998401534526855,
    0.10194613171355499,
    0.10155850383631713,
    0.10110294117647059,
    0.09861732736572891,
    0.10077125959079283,
    0.09849744245524297,
    0.1002477621483376,
    0.1016544117647059,
    0.10187420076726343,
    0.1015625,
    0.10044357416879796,
    0.10164641943734015
  ],
  "test_accuracy": [
    0.1101,
    0.1076,
    0.1075,
    0.09509999999999999,
    0.09459999999999999,
    0.099,
    0.0998,
    0.0979,
    0.0994,
    0.09759999999999999,
    0.09609999999999999,
    0.101,
    0.1042,
    0.1004,
    0.1018,
    0.10210000000000001,
    0.0994,
    0.0995,
    0.10010000000000001,
    0.0984,
    0.10200000000000001,
    0.0996,
    0.10190000000000002,
    0.1031,
    0.1006,
    0.0996,
    0.0987,
    0.10110000000000001,
    0.0996,
    0.0996,
    0.0986,
    0.09949999999999999,
    0.10030000000000001,
    0.10010000000000001,
    0.10089999999999999,
    0.1004,
    0.1012,
    0.10110000000000001,
    0.101,
    0.1004,
    0.10030000000000001,
    0.0995,
    0.1002,
    0.0998,
    0.10029999999999999,
    0.0999,
    0.1014,
    0.1002,
    0.1018,
    0.1
  ]
}