{
  "setting": "setting_16",
  "train_accuracy": [
    0.13159367007672634,
    0.15664961636828645,
    0.15081521739130435,
    0.14823769181585678,
    0.1280570652173913,
    0.11107336956521739,
    0.10783647698209718,
    0.10370044757033248,
    0.10048353580562659,
    0.10052349744245524,
    0.10276134910485933,
    0.10110294117647059,
    0.10046355498721228,
    0.10298113810741688,
    0.1012028452685422,
    0.10108296035805626,
    0.10052349744245524,
    0.09924472506393862,
    0.10056345907928389,
    0.10202205882352941,
    0.0980658567774936,
    0.10124280690537084,
    0.0992247442455243,
    0.10136269181585678,
    0.09878516624040921,
    0.10032368925831202,
    0.10062340153452685,
    0.09870524296675191,
    0.1008431905370844,
    0.10056345907928389,
    0.09992407289002557,
    0.09838554987212277,
    0.10162244245524296,
    0.09818574168797954,
    0.10260150255754476,
    0.10054347826086957,
    0.10080322890025575,
    0.10088315217391304,
    0.10082320971867008,
    0.09964434143222506,
    0.10020380434782608,
    0.10018382352941177,
    0.10112292199488492,
    0.10014386189258312,
    0.09918478260869565,
    0.10090313299232737,
    0.09866528132992328,
    0.09992407289002557,
    0.10142263427109974,
    0.09956441815856777
  ],
  "test_accuracy": [
    0.16409999999999997,
    0.1426,
    0.16259999999999997,
    0.14029999999999998,
    0.11180000000000001,
    0.099,
    0.10250000000000001,
    0.0972,
    0.09409999999999999,
    0.0943,
    0.1032,
    0.10169999999999998,
    0.10200000000000001,
    0.0955,
    0.1002,
    0.0991,
    0.1004,
    0.1078,
    0.1036,
    0.10210000000000001,
    0.0994,
    0.0997,
    0.0992,
    0.1016,
    0.0975,
    0.10010000000000001,
    0.0999,
    0.1002,
    0.1032,
    0.1021,
    0.1012,
    0.10049999999999999,
    0.1004,
    0.1002,
    0.101,
    0.101,
    0.0998,
    0.1008,
    0.1006,
    0.10090000000000002,
    0.10170000000000001,
    0.1005,
    0.101,
    0.1012,
    0.0986,
    0.1012,
    0.10030000000000001,
    0.1008,
    0.1002,
    0.0987
  ]
}