{
  "setting": "setting_1",
  "train_accuracy": [
    0.13171355498721227,
    0.1561500959079284,
    0.1515944693094629,
    0.14723865089514065,
    0.129215952685422,
    0.11347106777493605,
    0.10785645780051151,
    0.10669757033248081,
    0.1019221547314578,
    0.10134271099744245,
    0.10026374680306906,
    0.10134271099744245,
    0.10108296035805626,
    0.10092311381074169,
    0.09930466751918159,
    0.10198209718670077,
    0.10240169437340153,
    0.10144261508951406,
    0.10104299872122763,
    0.1030011189258312,
    0.09916480179028132,
    0.10204203964194374,
    0.09710677749360613,
    0.10166240409207161,
    0.09902493606138107,
    0.10096307544757033,
    0.10108296035805626,
    0.10000399616368287,
    0.10196211636828645,
    0.10078324808184143,
    0.10088315217391304,
    0.09912484015345269,
    0.10042359335038363,
    0.09862531969309463,
    0.10234175191815857,
    0.1023617327365729,
    0.1002237851662404,
    0.10070332480818414,
    0.10090313299232737,
    0.09934462915601024,
    0.09938459079283887,
    0.09764625959079284,
    0.10002397698209718,
    0.09960437979539642,
    0.09804587595907928,
    0.10010390025575447,
    0.09910485933503836,
    0.10054347826086957,
    0.10020380434782608,
    0.10014386189258312
  ],
  "test_accuracy": [
    0.16659999999999997,
    0.1416,
    0.1578,
    0.14440000000000003,
    0.121,
    0.11620000000000001,
    0.1024,
    0.10310000000000001,
    0.0945,
    0.10110000000000001,
    0.10290000000000002,
    0.10389999999999999,
    0.10200000000000001,
    0.0974,
    0.0987,
    0.0989,
    0.10370000000000001,
    0.1078,
    0.10230000000000002,
    0.10170000000000001,
    0.09879999999999999,
    0.0998,
    0.101,
    0.10250000000000001,
    0.0968,
    0.1014,
    0.0998,
    0.1002,
    0.10210000000000001,
    0.10200000000000001,
    0.099,
    0.10029999999999999,
    0.1012,
    0.10030000000000001,
    0.1005,
    0.0999,
    0.10130000000000002,
    0.1018,
    0.10090000000000002,
    0.10010000000000001,
    0.1018,
    0.10130000000000002,
    0.1014,
    0.1006,
    0.0995,
    0.0986,
    0.1006,
    0.0995,
    0.1001,
    0.0994
  ]
}