{
  "setting": "setting_12",
  "train_accuracy": [
    0.134522858056266,
    0.11773097826086956,
    0.10874360613810741,
    0.10362052429667519,
    0.10061940537084399,
    0.10005994245524297,
    0.10203804347826087,
    0.1016544117647059,
    0.10057145140664961,
    0.10029571611253198,
    0.09889306265984654,
    0.10466352301790281,
    0.10355658567774936,
    0.10043558184143223,
    0.10130274936061381,
    0.10305306905370845,
    0.09900495524296675,
    0.10262547953964193,
    0.10129475703324808,
    0.1012028452685422,
    0.10089514066496165,
    0.10100303708439898,
    0.10126278772378516,
    0.10081521739130435,
    0.09980019181585678,
    0.0995724104859335,
    0.09986413043478261,
    0.10341272378516625,
    0.10178228900255755,
    0.09983216112531969,
    0.1023377557544757,
    0.10332081202046035,
    0.09934862531969309,
    0.1012707800511509,
    0.09846147698209719,
    0.10090712915601023,
    0.09928468670076726,
    0.10054347826086957,
    0.10159446930946292,
    0.10077925191815858,
    0.09932464833759591,
    0.09860134271099745,
    0.10171035805626598,
    0.10072330562659847,
    0.1006753516624041,
    0.10173433503836318,
    0.09954843350383631,
    0.10150655370843989,
    0.10120684143222507,
    0.1020460358056266
  ],
  "test_accuracy": [
    0.12179999999999999,
    0.11720000000000001,
    0.10750000000000001,
    0.0977,
    0.1034,
    0.0993,
    0.1,
    0.10090000000000002,
    0.10170000000000001,
    0.1002,
    0.0943,
    0.10330000000000002,
    0.10090000000000002,
    0.10250000000000001,
    0.1016,
    0.1018,
    0.0992,
    0.10110000000000001,
    0.1018,
    0.0973,
    0.10010000000000001,
    0.1014,
    0.1012,
    0.0991,
    0.1024,
    0.0989,
    0.0982,
    0.1018,
    0.10010000000000001,
    0.0997,
    0.0994,
    0.1008,
    0.1008,
    0.10030000000000001,
    0.10110000000000001,
    0.10070000000000001,
    0.10030000000000001,
    0.10130000000000002,
    0.10030000000000001,
    0.0998,
    0.0999,
    0.10030000000000001,
    0.10070000000000001,
    0.10090000000000002,
    0.0999,
    0.1002,
    0.0994,
    0.10010000000000001,
    0.10149999999999999,
    0.0999
  ]
}