{
  "setting": "setting_23",
  "train_accuracy": [
    0.18159279336734693,
    0.21045918367346939,
    0.19397720025510204,
    0.1754464285714286,
    0.18337850765306124,
    0.1803292410714286,
    0.17198660714285716,
    0.18433514030612247,
    0.17873086734693877,
    0.17524713010204082,
    0.1718829719387755,
    0.17568160076530612,
    0.1761160714285714,
    0.17510363520408162,
    0.18391262755102042,
    0.18602120535714284,
    0.1854512117346939,
    0.18835299744897957,
    0.18620455994897958,
    0.18700175382653061,
    0.18995137117346939,
    0.18730867346938776,
    0.18664700255102043,
    0.19422831632653062,
    0.19051339285714286,
    0.19308832908163265,
    0.1945232780612245,
    0.1941924426020408,
    0.19766820790816328,
    0.19650829081632654,
    0.19567522321428574,
    0.1958904655612245,
    0.1955516581632653,
    0.19852120535714285,
    0.19428013392857144,
    0.19852519132653063,
    0.1987244897959184,
    0.19975685586734693,
    0.19776785714285716,
    0.19971699617346939,
    0.19895567602040815,
    0.19739716198979593,
    0.20122369260204082,
    0.19927455357142856,
    0.19939811862244897,
    0.20291772959183674,
    0.19867267219387755,
    0.20280612244897958,
    0.2025470344387755,
    0.20314891581632655
  ],
  "test_accuracy": [
    0.21100000000000002,
    0.20860000000000004,
    0.16019999999999998,
    0.1791,
    0.18580000000000002,
    0.1836,
    0.1764,
    0.1804,
    0.17449999999999996,
    0.1723,
    0.1708,
    0.16879999999999998,
    0.16760000000000003,
    0.16679999999999998,
    0.1897,
    0.1889,
    0.1863,
    0.1859,
    0.19720000000000001,
    0.191,
    0.1966,
    0.19190000000000002,
    0.1869,
    0.1969,
    0.1957,
    0.1955,
    0.1923,
    0.20250000000000004,
    0.1988,
    0.2017,
    0.20329999999999998,
    0.1998,
    0.2004,
    0.1927,
    0.19939999999999997,
    0.207,
    0.20329999999999998,
    0.19870000000000002,
    0.20380000000000004,
    0.1993,
    0.19690000000000002,
    0.20400000000000001,
    0.201,
    0.2041,
    0.2032,
    0.2084,
    0.1973,
    0.2044,
    0.1981,
    0.20130000000000003
  ]
}