{
  "setting": "setting_29",
  "train_accuracy": [
    0.16882952957968902,
    0.2138890154275996,
    0.22628253310252675,
    0.23834198858114672,
    0.24594285258746354,
    0.24003792365160348,
    0.23890097333576288,
    0.24037198584791059,
    0.23522818725704567,
    0.24511054421768708,
    0.2432855396622935,
    0.2487833302964043,
    0.256240889212828,
    0.25653793883624876,
    0.26171685191933913,
    0.2647537809766764,
    0.27277506984936833,
    0.27519607173226435,
    0.284306858904276,
    0.2851875683309038,
    0.28860885872206027,
    0.2919599201287658,
    0.29048511145529643,
    0.29641661352040816,
    0.29346414905247814,
    0.29413417152575316,
    0.2948782191448008,
    0.3008125683309038,
    0.3016202016520894,
    0.30158603620019436,
    0.3056109162414966,
    0.3045517872327503,
    0.3031320228984451,
    0.30913280490767736,
    0.31213746659378033,
    0.3088015898323615,
    0.3142263043610301,
    0.3182502353620019,
    0.31853020225947526,
    0.31834988459669583,
    0.3207898672862002,
    0.3207927144071915,
    0.3237413827137998,
    0.32380307033527694,
    0.3234500273323615,
    0.3286014182458698,
    0.3300885644436346,
    0.33117616466229344,
    0.33052797011661805,
    0.33586822005587946
  ],
  "test_accuracy": [
    0.2432,
    0.2257,
    0.24709999999999996,
    0.26280000000000003,
    0.22809999999999997,
    0.25520000000000004,
    0.2521,
    0.23959999999999998,
    0.23680000000000004,
    0.24689999999999998,
    0.2549,
    0.24739999999999998,
    0.23209999999999997,
    0.25950000000000006,
    0.26320000000000005,
    0.2721,
    0.27280000000000004,
    0.26350000000000007,
    0.3003,
    0.2905,
    0.2915,
    0.29579999999999995,
    0.2939,
    0.2948,
    0.30010000000000003,
    0.3055,
    0.30860000000000004,
    0.2959,
    0.3016,
    0.30589999999999995,
    0.3145,
    0.30850000000000005,
    0.3115,
    0.3205,
    0.3206,
    0.3203,
    0.3156,
    0.3188,
    0.32189999999999996,
    0.3241,
    0.32009999999999994,
    0.3276,
    0.33080000000000004,
    0.32489999999999997,
    0.3244,
    0.3391,
    0.3298,
    0.333,
    0.3299,
    0.343
  ]
}