{
  "setting": "setting_30",
  "train_accuracy": [
    0.12316833425587215,
    0.18806743658548325,
    0.23352328106950326,
    0.259178258567578,
    0.2889568342077397,
    0.29539455080381205,
    0.31734220073642666,
    0.3099339381979207,
    0.319465669522526,
    0.34167691988351945,
    0.3554668698257605,
    0.3655043680207932,
    0.3652182055015402,
    0.39019406406430496,
    0.3867665064256835,
    0.39961298493453984,
    0.40521101571524837,
    0.4077646683673469,
    0.40743375770119367,
    0.42460426092606857,
    0.4277505444984598,
    0.4288929383663843,
    0.4320817138765884,
    0.43902782958702347,
    0.4445111697391221,
    0.44018112846553714,
    0.44407083293222954,
    0.44547269084520597,
    0.45972892399884485,
    0.45958715886118595,
    0.4644530497930304,
    0.4630989483057374,
    0.4693760980217559,
    0.4694922927897574,
    0.46603878874663074,
    0.4704515576867539,
    0.47272318420292647,
    0.47282772189064304,
    0.4758702198450135,
    0.48073122232383514,
    0.47978963106469,
    0.4818378928812091,
    0.48117043102618406,
    0.48480029541297653,
    0.48331157345013476,
    0.4865319358875626,
    0.48684479688101656,
    0.4868786400173277,
    0.4897440255583365,
    0.49157305905852905
  ],
  "test_accuracy": [
    0.18119999999999997,
    0.2205,
    0.2708,
    0.27799999999999997,
    0.2983,
    0.31660000000000005,
    0.3393,
    0.3567,
    0.3357,
    0.3643,
    0.3494,
    0.3898,
    0.36839999999999995,
    0.3926,
    0.38970000000000005,
    0.4161,
    0.42379999999999995,
    0.43210000000000004,
    0.4152,
    0.40870000000000006,
    0.43220000000000003,
    0.41580000000000006,
    0.4319,
    0.44089999999999996,
    0.4441,
    0.44810000000000005,
    0.4547,
    0.45339999999999997,
    0.4614000000000001,
    0.4544,
    0.46670000000000006,
    0.4685,
    0.46769999999999995,
    0.4765,
    0.4713,
    0.4699,
    0.4699999999999999,
    0.4795,
    0.47570000000000007,
    0.47640000000000005,
    0.48369999999999996,
    0.4871,
    0.4774000000000001,
    0.4824,
    0.4840000000000001,
    0.48369999999999996,
    0.48360000000000003,
    0.4821000000000001,
    0.4892,
    0.49349999999999994
  ]
}