{
  "setting": "setting_14",
  "train_accuracy": [
    0.1547106565840622,
    0.2372211719509232,
    0.27241063836248786,
    0.28742350734936833,
    0.30857382015306123,
    0.32177497114917397,
    0.33156052599611274,
    0.342126191994655,
    0.3475015564261419,
    0.35901531371477163,
    0.35680025358357625,
    0.3722980821793003,
    0.3709219737001944,
    0.3766930879494655,
    0.38824385781098153,
    0.3916063077016521,
    0.38983065324344024,
    0.39043803905490765,
    0.3971344676263362,
    0.3962641976433431,
    0.3982087812803693,
    0.40198501275510207,
    0.40281827016520894,
    0.4055287293488824,
    0.40857514880952384,
    0.4097424684159378,
    0.4148065476190476,
    0.4219699040330418,
    0.4183493151724975,
    0.422758556547619,
    0.42780365494412054,
    0.4301278547133139,
    0.4285998997813411,
    0.43452760568513116,
    0.43647029124149656,
    0.4376717762998056,
    0.4415153896379981,
    0.43982894497084546,
    0.44664400358357625,
    0.44811596513605445,
    0.4475161716472303,
    0.4475958910349854,
    0.4516312105199222,
    0.4547516551263362,
    0.45837034590621967,
    0.45774018312682213,
    0.46011183491253643,
    0.45532392644557823,
    0.4619282981049563,
    0.4661705083819242
  ],
  "test_accuracy": [
    0.23759999999999998,
    0.2696,
    0.2835,
    0.3208,
    0.3123,
    0.336,
    0.3379,
    0.3635,
    0.3524,
    0.36719999999999997,
    0.3669,
    0.37459999999999993,
    0.3875,
    0.3822,
    0.39030000000000004,
    0.3942,
    0.3823,
    0.39049999999999996,
    0.4002,
    0.3949,
    0.3991,
    0.40199999999999997,
    0.40149999999999997,
    0.40870000000000006,
    0.40730000000000005,
    0.41400000000000003,
    0.4208,
    0.41339999999999993,
    0.4220999999999999,
    0.4218,
    0.4264,
    0.43069999999999997,
    0.42379999999999995,
    0.426,
    0.43179999999999996,
    0.4401,
    0.44509999999999994,
    0.4344,
    0.4427,
    0.4401,
    0.4396,
    0.4372,
    0.4478,
    0.44930000000000003,
    0.45120000000000005,
    0.4535,
    0.4478,
    0.45780000000000004,
    0.45820000000000005,
    0.4638
  ]
}