{
  "setting": "setting_22",
  "train_accuracy": [
    0.12409686700767264,
    0.11188858695652175,
    0.10497522378516624,
    0.10223385549872123,
    0.1007193094629156,
    0.10146659207161125,
    0.10037164322250638,
    0.10047953964194374,
    0.0989210358056266,
    0.09807384910485933,
    0.09861333120204603,
    0.09840153452685423,
    0.1008431905370844,
    0.09728260869565218,
    0.10016783887468031,
    0.09971627237851663,
    0.1010669757033248,
    0.09895700127877238,
    0.10037563938618926,
    0.10139066496163682,
    0.10218190537084398,
    0.09861333120204603,
    0.09724264705882353,
    0.10105099104859334,
    0.09807784526854221,
    0.100707320971867,
    0.09899296675191815,
    0.1006633631713555,
    0.09888507033248081,
    0.10003196930946291,
    0.10036764705882352,
    0.10255354859335039,
    0.10127877237851662,
    0.09916879795396419,
    0.09894501278772379,
    0.10184622762148338,
    0.0977181905370844,
    0.09939657928388748,
    0.10082720588235294,
    0.10126678388746803,
    0.09964833759590792,
    0.10007193094629155,
    0.10146659207161125,
    0.0974704283887468,
    0.09950847186700768,
    0.09787404092071611,
    0.10073129795396418,
    0.09788203324808184,
    0.0993925831202046,
    0.10091911764705883
  ],
  "test_accuracy": [
    0.1226,
    0.10200000000000001,
    0.0991,
    0.10049999999999999,
    0.0998,
    0.10250000000000001,
    0.0995,
    0.096,
    0.10129999999999999,
    0.1005,
    0.098,
    0.0984,
    0.099,
    0.0987,
    0.0973,
    0.0993,
    0.0979,
    0.0994,
    0.10110000000000001,
    0.1002,
    0.101,
    0.0997,
    0.1008,
    0.0994,
    0.0995,
    0.101,
    0.0998,
    0.10130000000000002,
    0.10030000000000001,
    0.10090000000000002,
    0.10089999999999999,
    0.10070000000000001,
    0.1012,
    0.0999,
    0.0993,
    0.0995,
    0.0995,
    0.0993,
    0.1,
    0.10030000000000001,
    0.0994,
    0.10200000000000001,
    0.1,
    0.1006,
    0.1016,
    0.10070000000000001,
    0.10190000000000002,
    0.0995,
    0.101,
    0.1005
  ]
}