{
  "setting": "setting_7",
  "train_accuracy": [
    0.14057704603580565,
    0.12296994884910485,
    0.11216831841432226,
    0.10409606777493606,
    0.10287324168797955,
    0.10277733375959079,
    0.10153852301790282,
    0.10308104219948849,
    0.10147858056265985,
    0.09997602301790282,
    0.09881313938618926,
    0.10430386828644501,
    0.10347666240409208,
    0.09932864450127876,
    0.10180626598465473,
    0.10253356777493607,
    0.10026374680306906,
    0.1020140664961637,
    0.10134670716112532,
    0.10112292199488492,
    0.10079923273657289,
    0.10082720588235294,
    0.1014705882352941,
    0.10317295396419437,
    0.10027173913043477,
    0.09980019181585678,
    0.1004036125319693,
    0.10277333759590794,
    0.10248161764705882,
    0.09960038363171356,
    0.10123881074168799,
    0.10122282608695653,
    0.09886908567774935,
    0.10212995524296674,
    0.09980019181585678,
    0.10206601662404091,
    0.10004395780051151,
    0.09986413043478261,
    0.10124280690537084,
    0.1001798273657289,
    0.09928468670076726,
    0.09942055626598466,
    0.10240968670076725,
    0.10082320971867008,
    0.09955642583120206,
    0.1018342391304348,
    0.09966432225063938,
    0.10168638107416879,
    0.10020780051150895,
    0.10232576726342711
  ],
  "test_accuracy": [
    0.15230000000000002,
    0.12840000000000001,
    0.11199999999999999,
    0.10010000000000001,
    0.1041,
    0.10030000000000001,
    0.0996,
    0.101,
    0.0965,
    0.0993,
    0.09519999999999999,
    0.1049,
    0.10269999999999999,
    0.10130000000000002,
    0.1015,
    0.10130000000000002,
    0.0996,
    0.1002,
    0.1016,
    0.0977,
    0.10030000000000001,
    0.10130000000000002,
    0.0997,
    0.0998,
    0.1028,
    0.0997,
    0.0991,
    0.1016,
    0.1,
    0.1004,
    0.0999,
    0.10090000000000002,
    0.0993,
    0.1,
    0.10070000000000001,
    0.1012,
    0.1005,
    0.10069999999999998,
    0.1002,
    0.0993,
    0.0996,
    0.0997,
    0.10030000000000001,
    0.1006,
    0.0998,
    0.10049999999999999,
    0.0995,
    0.10070000000000001,
    0.1022,
    0.10070000000000001
  ]
}