{
  "setting": "setting_24",
  "train_accuracy": [
    0.16343328626093293,
    0.24555184797133137,
    0.277968218537415,
    0.29288618349125367,
    0.31261578292031095,
    0.3244104561467444,
    0.3348755238702624,
    0.35184056881681247,
    0.35721972940962093,
    0.3552998208211856,
    0.35642158649173955,
    0.3769180105077745,
    0.36834627824344024,
    0.37553051354470357,
    0.38422562105199226,
    0.38569948068513116,
    0.3813547740524781,
    0.3871021622934888,
    0.3908736485665695,
    0.3945806000971817,
    0.38977560890427604,
    0.39878959396258506,
    0.4007104515913508,
    0.3988408421404276,
    0.4014412126457726,
    0.40156933309037907,
    0.40745053601797865,
    0.4112106338070943,
    0.4113805120262391,
    0.4135262922133139,
    0.4154661306486881,
    0.4193363171161321,
    0.4208965394193392,
    0.42297303966229344,
    0.4250277119776482,
    0.42849740342565595,
    0.42843666484450926,
    0.4296058825315841,
    0.4334134323372206,
    0.4360660000607386,
    0.4364911701287658,
    0.4383569834183674,
    0.44160270134839646,
    0.4443387846209913,
    0.4463108904275996,
    0.44577563168124396,
    0.4487205038265306,
    0.44618656614431484,
    0.45343059098639454,
    0.4514689246234208
  ],
  "test_accuracy": [
    0.25229999999999997,
    0.2849,
    0.2957,
    0.32859999999999995,
    0.3136,
    0.3478,
    0.3467,
    0.3704,
    0.3611,
    0.36889999999999995,
    0.3685,
    0.37350000000000005,
    0.3799,
    0.376,
    0.3815,
    0.3889,
    0.39099999999999996,
    0.3946,
    0.3915,
    0.3977,
    0.3944000000000001,
    0.3955,
    0.3981,
    0.39649999999999996,
    0.3997,
    0.40040000000000003,
    0.4123,
    0.40470000000000006,
    0.41899999999999993,
    0.40759999999999996,
    0.41129999999999994,
    0.4149,
    0.40970000000000006,
    0.4218,
    0.4163,
    0.42910000000000004,
    0.4337,
    0.42960000000000004,
    0.4314,
    0.43760000000000004,
    0.44279999999999997,
    0.43200000000000005,
    0.43420000000000003,
    0.44139999999999996,
    0.4518,
    0.4466,
    0.44239999999999996,
    0.4449000000000001,
    0.44370000000000004,
    0.45169999999999993
  ]
}