{
  "setting": "setting_8",
  "train_accuracy": [
    0.18852040816326532,
    0.2313496492346939,
    0.24041772959183674,
    0.25304129464285713,
    0.24382174744897958,
    0.24273357780612245,
    0.2387675382653061,
    0.25113201530612245,
    0.2440688775510204,
    0.24325573979591839,
    0.24068478954081635,
    0.2496611926020408,
    0.2512914540816326,
    0.2559191645408163,
    0.2607461734693878,
    0.26743861607142855,
    0.26420599489795915,
    0.27071109693877554,
    0.26834741709183674,
    0.27031648596938773,
    0.27517936862244896,
    0.27558195153061227,
    0.2862085459183673,
    0.2921795280612245,
    0.294108737244898,
    0.3006576849489796,
    0.3044284119897959,
    0.30756138392857146,
    0.3088966836734694,
    0.301921237244898,
    0.30428890306122447,
    0.30648517219387755,
    0.30533322704081634,
    0.3069076849489796,
    0.30048628826530616,
    0.3047672193877551,
    0.30631776147959183,
    0.31057876275510204,
    0.31368383290816326,
    0.31740274234693877,
    0.3183075573979592,
    0.32230149872448977,
    0.3213010204081633,
    0.32197066326530616,
    0.32327407525510204,
    0.32527901785714286,
    0.32971938775510207,
    0.32637914540816326,
    0.32861527423469383,
    0.3321906887755102
  ],
  "test_accuracy": [
    0.2212,
    0.2511,
    0.23629999999999995,
    0.2605,
    0.2318,
    0.2485,
    0.23920000000000002,
    0.2451,
    0.2374,
    0.22399999999999998,
    0.25860000000000005,
    0.2591,
    0.2698,
    0.26220000000000004,
    0.25670000000000004,
    0.2711,
    0.26980000000000004,
    0.2745,
    0.26530000000000004,
    0.28369999999999995,
    0.27369999999999994,
    0.2875,
    0.28049999999999997,
    0.2959,
    0.30039999999999994,
    0.30859999999999993,
    0.30119999999999997,
    0.3065,
    0.3077,
    0.30179999999999996,
    0.31910000000000005,
    0.30179999999999996,
    0.30870000000000003,
    0.3072,
    0.3048,
    0.3039,
    0.3069,
    0.30789999999999995,
    0.3173,
    0.33070000000000005,
    0.30820000000000003,
    0.3262,
    0.31259999999999993,
    0.31629999999999997,
    0.32389999999999997,
    0.3309,
    0.3261,
    0.32720000000000005,
    0.34009999999999996,
    0.3341
  ]
}