{
  "setting": "setting_18",
  "train_accuracy": [
    0.18180803571428572,
    0.22104591836734697,
    0.21720742984693878,
    0.19650031887755104,
    0.19904336734693878,
    0.20559231505102038,
    0.19665178571428574,
    0.20542889030612246,
    0.21073421556122449,
    0.2099689094387755,
    0.20374282525510204,
    0.20157445790816328,
    0.20266661352040816,
    0.20497847576530612,
    0.20288185586734692,
    0.20942283163265307,
    0.2083545918367347,
    0.20803571428571427,
    0.20690369897959185,
    0.21309390943877551,
    0.20757732780612245,
    0.22166772959183673,
    0.22077885841836734,
    0.23122608418367346,
    0.22674585459183674,
    0.22517538265306122,
    0.2326690051020408,
    0.2353515625,
    0.2334941007653061,
    0.23366549744897958,
    0.23582589285714284,
    0.23887117346938777,
    0.23368941326530612,
    0.2326969068877551,
    0.23244977678571427,
    0.23946906887755104,
    0.2413066007653061,
    0.24125876913265307,
    0.2401387117346939,
    0.2413624043367347,
    0.24503348214285714,
    0.24616948341836734,
    0.24425621811224488,
    0.2480827487244898,
    0.2471301020408163,
    0.24767617984693877,
    0.2473254145408163,
    0.2478595344387755,
    0.2466796875,
    0.24926658163265308
  ],
  "test_accuracy": [
    0.22750000000000004,
    0.23529999999999998,
    0.1987,
    0.19039999999999999,
    0.1916,
    0.2165,
    0.2051,
    0.1932,
    0.1973,
    0.2164,
    0.207,
    0.18539999999999998,
    0.2069,
    0.21139999999999998,
    0.21000000000000002,
    0.2231,
    0.2008,
    0.20820000000000002,
    0.2122,
    0.209,
    0.22459999999999997,
    0.2193,
    0.23609999999999998,
    0.23569999999999997,
    0.2131,
    0.2386,
    0.2285,
    0.2394,
    0.2432,
    0.2299,
    0.2454,
    0.24559999999999998,
    0.22690000000000002,
    0.23519999999999994,
    0.23290000000000002,
    0.23819999999999997,
    0.2414,
    0.23200000000000004,
    0.2493,
    0.24419999999999997,
    0.24390000000000006,
    0.2555,
    0.25010000000000004,
    0.2548,
    0.2529,
    0.25,
    0.25009999999999993,
    0.2581,
    0.2557,
    0.2535
  ]
}