{
  "setting": "setting_4",
  "train_accuracy": [
    0.1600509065233236,
    0.22156864978134108,
    0.24999810191933916,
    0.27432769982993194,
    0.29434580751943634,
    0.30389315324344024,
    0.31295364127793973,
    0.3285416287050535,
    0.34118379494655005,
    0.3449334532920311,
    0.35389144497084546,
    0.35964357841350825,
    0.3651337767249757,
    0.36745228225218657,
    0.3759139258381924,
    0.38361064291788144,
    0.38299851190476186,
    0.3885874104105928,
    0.3924262785471332,
    0.3922706359329446,
    0.4008148460276968,
    0.4023655779275996,
    0.40675583849611274,
    0.4102843704446064,
    0.40969596543974734,
    0.41363732993197283,
    0.4161617772108843,
    0.4191019041545189,
    0.42247194636783286,
    0.42567685556365403,
    0.42808362184159376,
    0.4285562439261419,
    0.43152579112001943,
    0.43223472424684156,
    0.4369884672619047,
    0.4382810601919339,
    0.4399266961248785,
    0.4441527727162293,
    0.44362795341350825,
    0.4462947567419825,
    0.4477667182944607,
    0.4476006362366375,
    0.44909347667638483,
    0.44699230138483964,
    0.4502607962827988,
    0.45118895772594747,
    0.44966100279397475,
    0.4497919703595724,
    0.45208200467687076,
    0.4560575346209913
  ],
  "test_accuracy": [
    0.2185,
    0.24440000000000003,
    0.2553,
    0.30229999999999996,
    0.3213,
    0.3257,
    0.32189999999999996,
    0.3451,
    0.36719999999999997,
    0.36,
    0.35039999999999993,
    0.37,
    0.3851,
    0.36740000000000006,
    0.3842,
    0.38730000000000003,
    0.3948999999999999,
    0.39180000000000004,
    0.40119999999999995,
    0.4067,
    0.4063,
    0.4084,
    0.4159,
    0.42110000000000003,
    0.4231,
    0.41800000000000004,
    0.42390000000000005,
    0.4191,
    0.42990000000000006,
    0.43000000000000005,
    0.4274,
    0.43450000000000005,
    0.4276000000000001,
    0.4333,
    0.4406999999999999,
    0.4316,
    0.4479,
    0.4422,
    0.44299999999999995,
    0.44930000000000003,
    0.4508,
    0.44420000000000004,
    0.4484,
    0.44539999999999996,
    0.4484,
    0.4537000000000001,
    0.4569,
    0.45970000000000005,
    0.4504,
    0.46299999999999997
  ]
}