{
  "setting": "setting_9",
  "train_accuracy": [
    0.15055765609815355,
    0.2323089392006803,
    0.26093009748542273,
    0.27953223700194363,
    0.29855954658649175,
    0.3159440673590865,
    0.3262259702988338,
    0.3405716639334305,
    0.3494518343051506,
    0.363101881377551,
    0.35999187621477163,
    0.3701228817419825,
    0.3673346012512148,
    0.3739142978620019,
    0.38711924501943634,
    0.39297672193877553,
    0.3869598062439261,
    0.3896266095724004,
    0.39849634050048593,
    0.39871461977648204,
    0.4027081814868805,
    0.40355852162293493,
    0.40741542152575316,
    0.4060193831997085,
    0.4088418291423712,
    0.40691243015063167,
    0.41404257015306123,
    0.4193799729713314,
    0.4183701940597668,
    0.42045523566569487,
    0.426428495505345,
    0.4307997752672497,
    0.42712888726919335,
    0.4327984542031098,
    0.4375436558551992,
    0.43771922831632654,
    0.4408330296404276,
    0.44121928905490765,
    0.44156853589650147,
    0.4459635416666667,
    0.4406641004616132,
    0.4451245900145772,
    0.4488685541180758,
    0.4525679133260447,
    0.4539354804421769,
    0.4549794248056365,
    0.4568196140063168,
    0.45054455934159376,
    0.4586009627065112,
    0.45671996477162297
  ],
  "test_accuracy": [
    0.2244,
    0.2584000000000001,
    0.2714,
    0.3104,
    0.30729999999999996,
    0.33890000000000003,
    0.3275,
    0.3657,
    0.36150000000000004,
    0.3729,
    0.37510000000000004,
    0.3798,
    0.3819,
    0.3805,
    0.39349999999999996,
    0.3981,
    0.3877,
    0.394,
    0.4050999999999999,
    0.3915,
    0.40259999999999996,
    0.4008,
    0.4048999999999999,
    0.40809999999999996,
    0.404,
    0.4098,
    0.4166,
    0.41390000000000005,
    0.4164999999999999,
    0.42380000000000007,
    0.4184,
    0.43179999999999996,
    0.4258,
    0.4332,
    0.43220000000000003,
    0.43500000000000005,
    0.4426,
    0.42749999999999994,
    0.43620000000000003,
    0.44509999999999994,
    0.4389,
    0.43439999999999995,
    0.44239999999999996,
    0.4452999999999999,
    0.4486,
    0.45119999999999993,
    0.4426,
    0.45,
    0.4511,
    0.4551
  ]
}