{
  "setting": "setting_21",
  "train_accuracy": [
    0.13103420716112532,
    0.15595028772378516,
    0.1504156010230179,
    0.14687899616368286,
    0.12605898337595908,
    0.10969469309462916,
    0.10653772378516624,
    0.10439977621483376,
    0.10124280690537084,
    0.10212196291560102,
    0.10080322890025575,
    0.10166240409207161,
    0.09970428388746803,
    0.10184223145780051,
    0.09916480179028132,
    0.09726662404092072,
    0.10226182864450128,
    0.09850543478260869,
    0.10024376598465473,
    0.10148257672634271,
    0.09822570332480818,
    0.1005834398976982,
    0.1004036125319693,
    0.09918478260869565,
    0.09918478260869565,
    0.10002397698209718,
    0.10328085038363172,
    0.09916480179028132,
    0.1001238810741688,
    0.10238171355498721,
    0.10020380434782608,
    0.09858535805626599,
    0.10052349744245524,
    0.09826566496163683,
    0.10382033248081841,
    0.10082320971867008,
    0.10050351662404092,
    0.10036365089514067,
    0.10032368925831202,
    0.10108296035805626,
    0.0995843989769821,
    0.09978420716112532,
    0.10036365089514067,
    0.10110294117647059,
    0.09798593350383632,
    0.10044357416879796,
    0.09918478260869565,
    0.09990409207161126,
    0.10244165601023018,
    0.10064338235294118
  ],
  "test_accuracy": [
    0.16349999999999998,
    0.1393,
    0.1582,
    0.14110000000000003,
    0.10629999999999999,
    0.11850000000000001,
    0.098,
    0.1062,
    0.0948,
    0.10410000000000001,
    0.10350000000000001,
    0.10189999999999999,
    0.1048,
    0.09609999999999999,
    0.09919999999999998,
    0.0991,
    0.1,
    0.1093,
    0.0996,
    0.1014,
    0.0983,
    0.0999,
    0.1,
    0.1034,
    0.0984,
    0.10010000000000001,
    0.0997,
    0.10130000000000002,
    0.1006,
    0.10250000000000001,
    0.101,
    0.10030000000000001,
    0.0989,
    0.1002,
    0.10130000000000002,
    0.1006,
    0.10030000000000001,
    0.10090000000000002,
    0.1006,
    0.101,
    0.10170000000000001,
    0.10069999999999998,
    0.10130000000000002,
    0.10110000000000001,
    0.0994,
    0.10130000000000002,
    0.1002,
    0.0995,
    0.1006,
    0.1008
  ]
}