{
  "setting": "setting_11",
  "train_accuracy": [
    0.13107416879795397,
    0.15501118925831203,
    0.1508751598465473,
    0.14641943734015345,
    0.12819693094629156,
    0.11159287084398976,
    0.10785645780051151,
    0.10579843350383632,
    0.1037204283887468,
    0.1012028452685422,
    0.10008391943734016,
    0.10176230818414322,
    0.10028372762148338,
    0.10270140664961637,
    0.09910485933503836,
    0.09952445652173914,
    0.1029012148337596,
    0.10024376598465473,
    0.09960437979539642,
    0.10352062020460358,
    0.09954443734015345,
    0.10124280690537084,
    0.09748641304347826,
    0.10234175191815857,
    0.09978420716112532,
    0.10114290281329923,
    0.10050351662404092,
    0.10020380434782608,
    0.10062340153452685,
    0.10044357416879796,
    0.10130274936061381,
    0.09882512787723785,
    0.10048353580562659,
    0.09844549232736573,
    0.10304108056265984,
    0.10188219309462916,
    0.10014386189258312,
    0.10064338235294118,
    0.10030370843989769,
    0.09912484015345269,
    0.09942455242966752,
    0.09920476342710997,
    0.1006633631713555,
    0.10144261508951406,
    0.09854539641943734,
    0.10002397698209718,
    0.09968430306905371,
    0.09938459079283887,
    0.10072330562659847,
    0.09990409207161126
  ],
  "test_accuracy": [
    0.1631,
    0.1411,
    0.1575,
    0.1442,
    0.11720000000000001,
    0.1159,
    0.1015,
    0.1038,
    0.09509999999999999,
    0.10070000000000001,
    0.1042,
    0.1052,
    0.1028,
    0.0964,
    0.1005,
    0.1005,
    0.10230000000000002,
    0.10670000000000002,
    0.10210000000000001,
    0.10169999999999998,
    0.099,
    0.0999,
    0.0991,
    0.10230000000000002,
    0.09709999999999999,
    0.10110000000000001,
    0.0997,
    0.1004,
    0.1024,
    0.10190000000000002,
    0.1002,
    0.1002,
    0.10070000000000001,
    0.1002,
    0.10070000000000001,
    0.1008,
    0.1004,
    0.1006,
    0.1002,
    0.1008,
    0.1018,
    0.1005,
    0.1024,
    0.10170000000000001,
    0.0991,
    0.0993,
    0.1006,
    0.0991,
    0.1001,
    0.0993
  ]
}