{
  "setting": "setting_15",
  "train_accuracy": [
    0.11768123375529457,
    0.1621601397044667,
    0.21141581632653061,
    0.23613070670485176,
    0.2502842823450135,
    0.2659908819070081,
    0.2814357612148633,
    0.2886108821476704,
    0.2967174413987293,
    0.3060250559539854,
    0.3169672939930689,
    0.32223441410762416,
    0.32750604664035426,
    0.3404803769974971,
    0.34531505703696574,
    0.35310236270215634,
    0.35584854519638043,
    0.36312970795629573,
    0.3752165960723912,
    0.36600562247304586,
    0.380821395480362,
    0.3831046790768194,
    0.3853195243309588,
    0.38471185201675007,
    0.39061296688486713,
    0.39789901809780515,
    0.403293614025799,
    0.39899703985367735,
    0.40938650666634574,
    0.4076281677175587,
    0.4122789667164035,
    0.41885506413650364,
    0.4209514584135541,
    0.41950635649306894,
    0.42166216427608777,
    0.4214940766990759,
    0.42471707138043896,
    0.42578576241817484,
    0.43121269734308815,
    0.4304252803715826,
    0.43282626287543324,
    0.4367343930496727,
    0.4354976144349249,
    0.43551980049095107,
    0.4405966469724682,
    0.4417582186176357,
    0.44032364567289184,
    0.4394140173758182,
    0.4444916159270312,
    0.4438294185598768
  ],
  "test_accuracy": [
    0.1538,
    0.1949,
    0.22890000000000002,
    0.23700000000000002,
    0.2801,
    0.2864,
    0.30019999999999997,
    0.3104,
    0.31409999999999993,
    0.31490000000000007,
    0.3319,
    0.3548,
    0.3406,
    0.3644,
    0.36500000000000005,
    0.376,
    0.382,
    0.3798,
    0.38909999999999995,
    0.38370000000000004,
    0.3957,
    0.39930000000000004,
    0.40329999999999994,
    0.40390000000000004,
    0.3962,
    0.40840000000000004,
    0.41319999999999996,
    0.4051,
    0.4191000000000001,
    0.4152,
    0.4173,
    0.42069999999999996,
    0.42669999999999997,
    0.4298,
    0.43179999999999996,
    0.43010000000000004,
    0.43149999999999994,
    0.4359,
    0.43410000000000004,
    0.42569999999999997,
    0.4413,
    0.43810000000000004,
    0.4378,
    0.44430000000000003,
    0.43970000000000004,
    0.4431,
    0.44420000000000004,
    0.437,
    0.44329999999999997,
    0.44370000000000004
  ]
}