{
  "setting": "setting_23",
  "train_accuracy": [
    0.11952154830092414,
    0.16267756365517905,
    0.19638720759530226,
    0.2192734405082788,
    0.23011038878994994,
    0.23628751323642663,
    0.2461753495619946,
    0.24967548192626104,
    0.2542059497737774,
    0.2583663993309588,
    0.26046655395648827,
    0.2606613400077012,
    0.2690739916249519,
    0.27178557891316907,
    0.27194840200231035,
    0.2779431495475549,
    0.2798703281430497,
    0.2846625162447054,
    0.2862726974634193,
    0.29255699184154793,
    0.29194931952733927,
    0.2933444088130535,
    0.2990567541875241,
    0.29523323185406236,
    0.2998280016605699,
    0.2983483045340778,
    0.3029370577830189,
    0.30566932698787064,
    0.30625556531574893,
    0.30685834917693494,
    0.3075032489410859,
    0.3103577294715056,
    0.3108796658403928,
    0.31159413205140546,
    0.31184757953889103,
    0.313068564690027,
    0.3129087498796689,
    0.3159354543704274,
    0.3148821807614555,
    0.3152130914276088,
    0.3145651833846746,
    0.31819655191085866,
    0.31842894144686174,
    0.31745125084231807,
    0.32230398055448595,
    0.32116609910473626,
    0.3212980873363496,
    0.32122325640161725,
    0.3260361264199076,
    0.32319931952733927
  ],
  "test_accuracy": [
    0.1487,
    0.186,
    0.21539999999999998,
    0.23499999999999996,
    0.23309999999999995,
    0.25129999999999997,
    0.25470000000000004,
    0.2591,
    0.2720000000000001,
    0.27240000000000003,
    0.27299999999999996,
    0.27090000000000003,
    0.2859,
    0.2792,
    0.2853,
    0.2872,
    0.29789999999999994,
    0.2845,
    0.3,
    0.3005,
    0.3001,
    0.29910000000000003,
    0.3074,
    0.30599999999999994,
    0.31070000000000003,
    0.3081,
    0.3128,
    0.30999999999999994,
    0.3158,
    0.3145,
    0.31960000000000005,
    0.3178,
    0.321,
    0.3277,
    0.3257,
    0.3194,
    0.3277,
    0.328,
    0.326,
    0.32839999999999997,
    0.3221,
    0.32839999999999997,
    0.3294,
    0.3305,
    0.3378,
    0.32839999999999997,
    0.3339,
    0.3272,
    0.33499999999999996,
    0.3286
  ]
}