{
  "setting": "setting_17",
  "train_accuracy": [
    0.13745900145772594,
    0.2100454020894072,
    0.22868740129980564,
    0.23839893100097181,
    0.2408863657069971,
    0.24899401724975703,
    0.26137329931972786,
    0.2649824996963071,
    0.2704091123056365,
    0.27733046343537415,
    0.2764782252186589,
    0.2820775631681244,
    0.28988531796647227,
    0.2969765473153547,
    0.29978191053207,
    0.3024335292152575,
    0.3065760902575316,
    0.3097885917759961,
    0.31622403425655976,
    0.3205991101797862,
    0.321693353680758,
    0.3272224626457726,
    0.3313080812682216,
    0.3303827669460641,
    0.33321660137269193,
    0.33294137967687076,
    0.34177125091107874,
    0.34831868015063167,
    0.34865653850826045,
    0.3487751685495627,
    0.348124126882896,
    0.3496444894922255,
    0.3474379707240039,
    0.3508042167759961,
    0.35177888119533524,
    0.3552276937560739,
    0.35242517766034986,
    0.35717607355442177,
    0.3574977982264334,
    0.35819059766763844,
    0.361889007835277,
    0.3644808369776482,
    0.3654934630102041,
    0.3663874590014577,
    0.36860346817298345,
    0.3679600188289602,
    0.36848199101069,
    0.36798184675655976,
    0.3729187545553936,
    0.37267769831146746
  ],
  "test_accuracy": [
    0.1783,
    0.22999999999999998,
    0.24180000000000001,
    0.2407,
    0.25799999999999995,
    0.2589,
    0.26980000000000004,
    0.269,
    0.26890000000000003,
    0.28140000000000004,
    0.27540000000000003,
    0.2973,
    0.2965,
    0.30439999999999995,
    0.2975,
    0.30679999999999996,
    0.3126,
    0.3203,
    0.3226,
    0.32070000000000004,
    0.33410000000000006,
    0.3363,
    0.3365,
    0.33649999999999997,
    0.3316,
    0.34090000000000004,
    0.3474,
    0.34220000000000006,
    0.35429999999999995,
    0.3573,
    0.3534,
    0.35439999999999994,
    0.35069999999999996,
    0.35279999999999995,
    0.3549,
    0.3529,
    0.35819999999999996,
    0.3655,
    0.36350000000000005,
    0.3671,
    0.3685,
    0.36529999999999996,
    0.371,
    0.3749,
    0.37,
    0.37250000000000005,
    0.3746,
    0.3719,
    0.3764,
    0.3713
  ]
}