{
  "setting": "setting_15",
  "train_accuracy": [
    0.09972028358581278,
    0.10187963477412917,
    0.12239453408472424,
    0.15034774979589985,
    0.16198216674981858,
    0.17014404651215528,
    0.1766748968160377,
    0.17726239341436864,
    0.1680991473149492,
    0.1667654095609579,
    0.17493402179335993,
    0.17986892235123367,
    0.19220705959724238,
    0.1975430736347968,
    0.2043421597197025,
    0.20557491042271406,
    0.20554443713715528,
    0.20830687590711175,
    0.2115614936728955,
    0.21304299142779393,
    0.21136483467888242,
    0.21226096187862845,
    0.2138778177158926,
    0.21427538779027577,
    0.21435405138788097,
    0.22149861948929608,
    0.2182950267597968,
    0.217474728433418,
    0.21831416114840346,
    0.22032291761157474,
    0.22103053564949202,
    0.22140153018414369,
    0.22035091051342526,
    0.2187432675299347,
    0.22196599464804065,
    0.2236926960495283,
    0.22188768539096518,
    0.2223224612209724,
    0.22420011168813497,
    0.22570286987481858,
    0.2249013515965167,
    0.2225666018459724,
    0.22435318679698837,
    0.22353430583272857,
    0.22448322977140786,
    0.2261500476233672,
    0.22525817250997823,
    0.22339044357764876,
    0.22503387495464441,
    0.22510261701741655
  ],
  "test_accuracy": [
    0.0999,
    0.10840000000000001,
    0.143,
    0.1578,
    0.17259999999999998,
    0.1785,
    0.1877,
    0.17539999999999997,
    0.17040000000000002,
    0.1793,
    0.1824,
    0.1971,
    0.2044,
    0.2124,
    0.2142,
    0.2138,
    0.21580000000000005,
    0.21539999999999998,
    0.2219,
    0.22399999999999998,
    0.2238,
    0.22749999999999998,
    0.2273,
    0.22230000000000003,
    0.22959999999999997,
    0.2232,
    0.23040000000000002,
    0.23220000000000002,
    0.2278,
    0.23160000000000003,
    0.23160000000000003,
    0.2294,
    0.2285,
    0.2303,
    0.2303,
    0.2304,
    0.23399999999999999,
    0.2323,
    0.23159999999999997,
    0.23409999999999997,
    0.2298,
    0.23359999999999997,
    0.23290000000000002,
    0.2352,
    0.2347,
    0.231,
    0.231,
    0.2334,
    0.23019999999999996,
    0.22939999999999997
  ]
}