{
  "setting": "setting_12",
  "train_accuracy": [
    0.13396748208211856,
    0.19932409347667637,
    0.22375239158163265,
    0.2340826955782313,
    0.23499662141642372,
    0.24246651785714285,
    0.25385120566083574,
    0.259592899659864,
    0.26280350309766765,
    0.26858885295189505,
    0.26738736789358597,
    0.2780299061588921,
    0.28504046707968905,
    0.2905002961005831,
    0.29272674471574345,
    0.2953071853741497,
    0.297903759718173,
    0.3032221817298348,
    0.30791708424441205,
    0.3097658148080661,
    0.3137214149052478,
    0.3149779443027211,
    0.3228274568756074,
    0.3192334411443149,
    0.32168576135811466,
    0.3243364310009718,
    0.3298342216350826,
    0.33453481839164234,
    0.3358312074829932,
    0.33762584274781343,
    0.33453766551263364,
    0.33703743774295436,
    0.3365762041423712,
    0.3393739750364432,
    0.33985134232264336,
    0.3405071291909621,
    0.3408639683551992,
    0.34492965713070944,
    0.34381073858114675,
    0.3474142447157434,
    0.35006965956025266,
    0.3510822855928086,
    0.3523843689261419,
    0.3528816660592809,
    0.35786982203595724,
    0.3533011418853256,
    0.3559451682458698,
    0.3552969737001944,
    0.3589403395286686,
    0.357930560617104
  ],
  "test_accuracy": [
    0.15949999999999998,
    0.22969999999999996,
    0.24370000000000003,
    0.23579999999999995,
    0.24839999999999995,
    0.24810000000000004,
    0.2701,
    0.27199999999999996,
    0.26539999999999997,
    0.26999999999999996,
    0.2687,
    0.2874,
    0.2905,
    0.2984,
    0.2947,
    0.29579999999999995,
    0.30910000000000004,
    0.3125,
    0.3148,
    0.3116,
    0.31799999999999995,
    0.3266,
    0.3277,
    0.3256,
    0.3245,
    0.3339,
    0.3368000000000001,
    0.3285,
    0.3412,
    0.3376,
    0.3425,
    0.3425,
    0.3375,
    0.346,
    0.34490000000000004,
    0.34650000000000003,
    0.35279999999999995,
    0.3503,
    0.3533,
    0.3601,
    0.3533,
    0.35329999999999995,
    0.36239999999999994,
    0.36540000000000006,
    0.3545,
    0.36110000000000003,
    0.362,
    0.36019999999999996,
    0.3661,
    0.36269999999999997
  ]
}