{
  "setting": "setting_24",
  "train_accuracy": [
    0.10044147995283019,
    0.13492813974056606,
    0.15675339033018867,
    0.1752634876179245,
    0.18727852299528303,
    0.19618256191037736,
    0.21211379716981132,
    0.2205560878537736,
    0.21940669221698111,
    0.22322228773584907,
    0.2269291715801887,
    0.2285668484669811,
    0.2325493808962264,
    0.23585974351415093,
    0.2401046580188679,
    0.24364755306603772,
    0.24568064563679248,
    0.25085311025943396,
    0.2546137971698113,
    0.2555984669811321,
    0.2606489534198113,
    0.25969413325471696,
    0.2646171137971698,
    0.26425707547169813,
    0.2703150795990566,
    0.27291973761792454,
    0.2676569870283019,
    0.27444391214622643,
    0.27290352299528303,
    0.2756257370283019,
    0.2792452830188679,
    0.2792047464622642,
    0.2787326798349057,
    0.28151790978773583,
    0.2820496757075472,
    0.284420695754717,
    0.28122825766509435,
    0.28499115566037736,
    0.2860174675707547,
    0.2849266656839623,
    0.28644899764150944,
    0.2871510170990566,
    0.287942954009434,
    0.2852159492924528,
    0.2882451356132076,
    0.28798275353773584,
    0.28807193396226416,
    0.28606353183962263,
    0.2892581810141509,
    0.2903309257075472
  ],
  "test_accuracy": [
    0.1052,
    0.1541,
    0.1701,
    0.183,
    0.1957,
    0.20980000000000004,
    0.2213,
    0.2254,
    0.2298,
    0.23880000000000004,
    0.23820000000000002,
    0.2399,
    0.2407,
    0.24770000000000003,
    0.2555,
    0.25329999999999997,
    0.26020000000000004,
    0.2624,
    0.26749999999999996,
    0.26399999999999996,
    0.27040000000000003,
    0.27509999999999996,
    0.2812,
    0.2717,
    0.2865,
    0.2818,
    0.28609999999999997,
    0.2836,
    0.28800000000000003,
    0.2867,
    0.2894,
    0.293,
    0.2912,
    0.2934,
    0.2981,
    0.2984,
    0.2949,
    0.298,
    0.2954,
    0.2984,
    0.2918,
    0.29460000000000003,
    0.2961,
    0.2983,
    0.3008,
    0.2946,
    0.2955,
    0.29619999999999996,
    0.2983,
    0.2963
  ]
}