{
  "setting": "setting_5",
  "train_accuracy": [
    0.09940740089804063,
    0.11891703612572568,
    0.13218425424074745,
    0.12536319904299711,
    0.12026140409560958,
    0.11762652791636428,
    0.11797023823022496,
    0.11806768187590712,
    0.1202429783880624,
    0.12301569303338172,
    0.12591632460994193,
    0.12608321899945574,
    0.1277766123911466,
    0.12839918870192307,
    0.13284545366926706,
    0.1326689920854499,
    0.1360894412191582,
    0.14069941151124818,
    0.14425415570573294,
    0.14677528857492744,
    0.15165349464804062,
    0.1517948765194122,
    0.16253245759252538,
    0.1640451373140421,
    0.16963237878719156,
    0.17840514162282292,
    0.18015806422351233,
    0.18316889570482583,
    0.18768142235123367,
    0.1918406714894775,
    0.19590885511157474,
    0.1996173830959724,
    0.19769047929517417,
    0.19932150875362845,
    0.20195709361393324,
    0.20371887472786646,
    0.20386911511248185,
    0.20459480451741655,
    0.20652241699927432,
    0.21001267121734396,
    0.20616098965892599,
    0.20914630862209724,
    0.20814104453918722,
    0.21127058009796806,
    0.21062355429063861,
    0.2127138090756531,
    0.21128971448657474,
    0.21117313645228594,
    0.21169401703102325,
    0.20951340541092162
  ],
  "test_accuracy": [
    0.1022,
    0.1346,
    0.13240000000000002,
    0.1226,
    0.1203,
    0.119,
    0.1204,
    0.122,
    0.12589999999999998,
    0.1265,
    0.1275,
    0.13190000000000002,
    0.13479999999999998,
    0.1355,
    0.13279999999999997,
    0.1417,
    0.14309999999999998,
    0.145,
    0.14889999999999998,
    0.1537,
    0.1561,
    0.15809999999999996,
    0.16629999999999998,
    0.17239999999999997,
    0.18039999999999998,
    0.1863,
    0.1878,
    0.19240000000000002,
    0.1922,
    0.2004,
    0.2043,
    0.2021,
    0.2048,
    0.20970000000000005,
    0.20900000000000002,
    0.21230000000000002,
    0.21190000000000003,
    0.213,
    0.2133,
    0.21869999999999998,
    0.21670000000000003,
    0.2149,
    0.2152,
    0.21869999999999998,
    0.2193,
    0.21800000000000003,
    0.2125,
    0.2173,
    0.21839999999999998,
    0.22300000000000003
  ]
}