{
  "setting": "setting_25",
  "train_accuracy": [
    0.09961079236211902,
    0.10134458057420173,
    0.12088894117380261,
    0.14904873741382438,
    0.1599447087037373,
    0.16844144026669086,
    0.17087575970609578,
    0.17563136395591436,
    0.1830650739296081,
    0.18293999172260522,
    0.19055228932329463,
    0.1979934404481132,
    0.2077130011792453,
    0.2126631383798984,
    0.2136163144049347,
    0.21477961436411463,
    0.21484268697841075,
    0.21922729669357766,
    0.22147735905751087,
    0.22019677238298258,
    0.22181858898766327,
    0.22093415502539912,
    0.22296133719611758,
    0.22581519582275036,
    0.22539317625181424,
    0.2317326826696299,
    0.22824171977050073,
    0.2322170661738026,
    0.2319382001768868,
    0.23724834735576922,
    0.23743402179335993,
    0.23685042294085631,
    0.23898532463261973,
    0.23849456299891145,
    0.24011921432783018,
    0.2408530535649492,
    0.2389711510114296,
    0.24191182306785194,
    0.24339863593069666,
    0.24362187046444123,
    0.24423062749455732,
    0.24267613559052975,
    0.2454545196843251,
    0.2440442443759071,
    0.24439575018142234,
    0.24705755624092887,
    0.24734563509161828,
    0.24687967729499272,
    0.24850432862391145,
    0.24861948929608127
  ],
  "test_accuracy": [
    0.1,
    0.1065,
    0.14220000000000002,
    0.15499999999999997,
    0.17149999999999999,
    0.17559999999999998,
    0.17729999999999999,
    0.1875,
    0.1864,
    0.19690000000000002,
    0.1998,
    0.2152,
    0.22290000000000001,
    0.22879999999999998,
    0.22999999999999998,
    0.22369999999999995,
    0.2202,
    0.22079999999999997,
    0.22610000000000002,
    0.2293,
    0.2324,
    0.23210000000000003,
    0.23699999999999996,
    0.2262,
    0.23970000000000002,
    0.2326,
    0.2426,
    0.24230000000000002,
    0.2454,
    0.2465,
    0.24569999999999997,
    0.2511,
    0.24710000000000001,
    0.2509,
    0.25050000000000006,
    0.2487,
    0.25429999999999997,
    0.25139999999999996,
    0.2537,
    0.25670000000000004,
    0.2475,
    0.2505,
    0.2523,
    0.257,
    0.253,
    0.2556,
    0.25460000000000005,
    0.2526,
    0.2543,
    0.2551
  ]
}