{
  "setting": "setting_22",
  "train_accuracy": [
    0.14280209851797862,
    0.2190052918488824,
    0.2327834593658892,
    0.23942484359815355,
    0.2464335064382896,
    0.2516541772959184,
    0.2658205023080661,
    0.27046795280612246,
    0.27420906978862974,
    0.2846636980685131,
    0.28254923621234207,
    0.2882937773323615,
    0.2924866375121477,
    0.2947795189504373,
    0.3067393251943635,
    0.31328770347424684,
    0.3132497418610301,
    0.3128501958819242,
    0.3246961172862002,
    0.328211362670068,
    0.33077187348153547,
    0.3375015184645287,
    0.33663599368318753,
    0.33753568391642375,
    0.34435074252915454,
    0.34003071094509235,
    0.3511050625607386,
    0.3555124058551992,
    0.3518035562439261,
    0.3565269299684159,
    0.35607518677113703,
    0.3585047300170068,
    0.3607321276724975,
    0.3620930515063168,
    0.36503697461127305,
    0.3679230062560739,
    0.36608946033770656,
    0.36773035106899904,
    0.37372354075558795,
    0.3750949040330418,
    0.3757165254494655,
    0.3787724353134111,
    0.37870410440962093,
    0.37983061528182704,
    0.3808546297983479,
    0.3822544642857143,
    0.3854726600461613,
    0.38395894071914477,
    0.38726919339164234,
    0.38539294065840624
  ],
  "test_accuracy": [
    0.1819,
    0.2332,
    0.23890000000000003,
    0.25730000000000003,
    0.265,
    0.26270000000000004,
    0.27170000000000005,
    0.2745,
    0.2724,
    0.2892,
    0.277,
    0.2995,
    0.29069999999999996,
    0.30710000000000004,
    0.30290000000000006,
    0.3137,
    0.3165,
    0.33140000000000003,
    0.3291,
    0.32620000000000005,
    0.34340000000000004,
    0.3436,
    0.33769999999999994,
    0.33960000000000007,
    0.3408,
    0.3537,
    0.36160000000000003,
    0.3517,
    0.3634,
    0.36099999999999993,
    0.3546,
    0.3647,
    0.35829999999999995,
    0.36479999999999996,
    0.36160000000000003,
    0.36050000000000004,
    0.3785,
    0.36839999999999995,
    0.3702,
    0.3751,
    0.3864,
    0.37439999999999996,
    0.3747,
    0.3834000000000001,
    0.37989999999999996,
    0.3879,
    0.3851,
    0.3863,
    0.3874,
    0.38689999999999997
  ]
}