{
  "setting": "setting_1",
  "train_accuracy": [
    0.1377590880102041,
    0.20102439413265308,
    0.22993463010204082,
    0.23168845663265308,
    0.23491310586734693,
    0.24362643494897962,
    0.2426777742346939,
    0.2501235650510204,
    0.2572504783163265,
    0.2654974489795918,
    0.26669323979591836,
    0.2678172831632653,
    0.26953125,
    0.2631576849489796,
    0.2709980867346939,
    0.28030133928571427,
    0.2889748086734694,
    0.2923588966836735,
    0.28471380739795915,
    0.29092394770408164,
    0.29451530612244897,
    0.29367426658163265,
    0.29868064413265305,
    0.30160235969387755,
    0.30073341836734696,
    0.3042849170918367,
    0.30446029974489797,
    0.31057876275510204,
    0.30837452168367346,
    0.3042769451530612,
    0.3065090880102041,
    0.30581154336734695,
    0.3056600765306122,
    0.3118064413265306,
    0.3118861607142857,
    0.3148636798469388,
    0.3221460459183674,
    0.31904097576530616,
    0.32134486607142854,
    0.31974250637755103,
    0.3249481823979592,
    0.3289859693877551,
    0.33404017857142854,
    0.33315529336734695,
    0.3375837053571428,
    0.33723692602040817,
    0.3405691964285715,
    0.34034996811224494,
    0.3421157525510204,
    0.3411750637755102
  ],
  "test_accuracy": [
    0.1958,
    0.2254,
    0.2521,
    0.2222,
    0.23720000000000002,
    0.26050000000000006,
    0.25760000000000005,
    0.2536,
    0.2675,
    0.27690000000000003,
    0.2691,
    0.271,
    0.2782,
    0.2678,
    0.2804,
    0.2897,
    0.29379999999999995,
    0.2872,
    0.296,
    0.2994,
    0.30260000000000004,
    0.2894,
    0.30110000000000003,
    0.2978,
    0.30219999999999997,
    0.3115,
    0.3141,
    0.3149,
    0.31670000000000004,
    0.31099999999999994,
    0.30660000000000004,
    0.309,
    0.3132,
    0.3128000000000001,
    0.31420000000000003,
    0.3274,
    0.32630000000000003,
    0.3215,
    0.3218,
    0.3232,
    0.33249999999999996,
    0.3339,
    0.339,
    0.3377,
    0.3469,
    0.33890000000000003,
    0.34480000000000005,
    0.34730000000000005,
    0.3516,
    0.3435
  ]
}