{
  "setting": "setting_21",
  "train_accuracy": [
    0.1670878507653061,
    0.19309231505102042,
    0.20184948979591838,
    0.2081034757653061,
    0.2037189094387755,
    0.2092594068877551,
    0.2026985012755102,
    0.20398596938775512,
    0.20621811224489797,
    0.2094786352040816,
    0.18933354591836735,
    0.19589445153061225,
    0.18834103954081635,
    0.19675542091836734,
    0.19959741709183673,
    0.1935546875,
    0.19856505102040817,
    0.21250398596938777,
    0.22316246811224488,
    0.2243781887755102,
    0.2266501913265306,
    0.23408402423469388,
    0.23793845663265303,
    0.23954081632653063,
    0.2424107142857143,
    0.24744100765306123,
    0.252750318877551,
    0.24647241709183673,
    0.24801498724489796,
    0.2487205038265306,
    0.2535993303571429,
    0.2550581951530612,
    0.25399792729591836,
    0.2595782844387755,
    0.25901626275510203,
    0.26235251913265306,
    0.264453125,
    0.27027264030612247,
    0.2752311862244898,
    0.27407126913265306,
    0.26901307397959184,
    0.2728276466836735,
    0.27724011479591837,
    0.2799665178571429,
    0.2830875318877551,
    0.2878985969387755,
    0.28984773596938773,
    0.2890585140306122,
    0.28959263392857143,
    0.2926937181122449
  ],
  "test_accuracy": [
    0.18409999999999999,
    0.2121,
    0.189,
    0.2183,
    0.1941,
    0.20260000000000003,
    0.1855,
    0.20780000000000004,
    0.21200000000000002,
    0.2084,
    0.199,
    0.1976,
    0.19360000000000002,
    0.18139999999999998,
    0.1806,
    0.18830000000000002,
    0.1985,
    0.217,
    0.236,
    0.22690000000000002,
    0.2386,
    0.2363,
    0.23629999999999995,
    0.24669999999999997,
    0.2481,
    0.26749999999999996,
    0.2598,
    0.2516,
    0.2453,
    0.2426,
    0.2529,
    0.25749999999999995,
    0.2619,
    0.2548,
    0.26410000000000006,
    0.2667,
    0.27190000000000003,
    0.28600000000000003,
    0.26990000000000003,
    0.2794,
    0.2771,
    0.2766,
    0.27280000000000004,
    0.27840000000000004,
    0.28969999999999996,
    0.3003,
    0.2961,
    0.2922,
    0.29579999999999995,
    0.2925
  ]
}