{
  "setting": "setting_8",
  "train_accuracy": [
    0.12377487846553716,
    0.14887182024932613,
    0.14846871089237582,
    0.1783349026520986,
    0.20666423998844818,
    0.2170811573450135,
    0.22703780804774742,
    0.22849757532730072,
    0.23142087023488642,
    0.235958106709665,
    0.23803156286099347,
    0.24357431651906045,
    0.24329981108009244,
    0.2491046610271467,
    0.25082464442144786,
    0.25637905515979975,
    0.2592711391750096,
    0.26380950375433193,
    0.26616649018097804,
    0.2677631341451675,
    0.26940565436080094,
    0.2695677253802464,
    0.26779020865421643,
    0.272476354928764,
    0.27708729423373124,
    0.27663567638140163,
    0.27671878008278783,
    0.27526803763958413,
    0.27684437572198695,
    0.27805332775798997,
    0.2810634867154409,
    0.2796947198690797,
    0.28089991155660377,
    0.2812545124181748,
    0.28358292019638043,
    0.2839939262851367,
    0.28273834592799385,
    0.28266539516750094,
    0.2838468966596072,
    0.28545294149499423,
    0.2872492599634193,
    0.2881603923998845,
    0.2882453762755102,
    0.2888583130775895,
    0.2897265775413939,
    0.29139880451001154,
    0.2878354982912977,
    0.28927533572391223,
    0.2911179064786292,
    0.2890463305015402
  ],
  "test_accuracy": [
    0.1485,
    0.1487,
    0.15839999999999999,
    0.2051,
    0.22039999999999998,
    0.23389999999999994,
    0.2392,
    0.23809999999999998,
    0.2415,
    0.24739999999999998,
    0.2506,
    0.2568,
    0.2484,
    0.26080000000000003,
    0.26050000000000006,
    0.2713,
    0.2763,
    0.2707,
    0.27379999999999993,
    0.2831,
    0.28589999999999993,
    0.27830000000000005,
    0.2778,
    0.2827,
    0.2944,
    0.2875,
    0.29460000000000003,
    0.29300000000000004,
    0.29100000000000004,
    0.2913,
    0.2952,
    0.28569999999999995,
    0.2925,
    0.295,
    0.2939,
    0.29900000000000004,
    0.2918,
    0.29300000000000004,
    0.2962,
    0.2928,
    0.30079999999999996,
    0.2945,
    0.29679999999999995,
    0.2934,
    0.29569999999999996,
    0.3048,
    0.30289999999999995,
    0.29769999999999996,
    0.303,
    0.3013
  ]
}