{
  "setting": "setting_30",
  "train_accuracy": [
    0.09964835245827287,
    0.10114118911012336,
    0.12118339815402758,
    0.14834749750544268,
    0.1589713352685051,
    0.168159739545537,
    0.1709696599464804,
    0.17266163597605225,
    0.1822826900399129,
    0.18786319904299711,
    0.19343803859760522,
    0.20116407950834542,
    0.21130211640511612,
    0.2149794624228955,
    0.21525903710087085,
    0.21778442205642234,
    0.21654564756440492,
    0.2216835852458273,
    0.22419727696389694,
    0.22248474918359942,
    0.2236934047305878,
    0.22365407293178519,
    0.22491446219611758,
    0.22791537214259797,
    0.22778107708182146,
    0.23408940153301885,
    0.23037945618650219,
    0.23509962638334542,
    0.23477717650126997,
    0.23964262631531202,
    0.24049800435413643,
    0.2396451066990203,
    0.2416520914595428,
    0.2403573311638244,
    0.24273885386429608,
    0.24389223228864296,
    0.24243872743559508,
    0.24517281896317125,
    0.24715783461084906,
    0.24715535422714077,
    0.2485776771135704,
    0.24612245158291002,
    0.24934482436048622,
    0.24680810050798258,
    0.2474161488570392,
    0.25057580336084906,
    0.2524066808780842,
    0.25072958715076193,
    0.2545631973421626,
    0.2534551745056241
  ],
  "test_accuracy": [
    0.1,
    0.10610000000000001,
    0.14120000000000002,
    0.1555,
    0.1719,
    0.17629999999999998,
    0.176,
    0.1828,
    0.19390000000000002,
    0.20190000000000002,
    0.2023,
    0.22200000000000003,
    0.22399999999999998,
    0.233,
    0.2327,
    0.22779999999999995,
    0.22390000000000004,
    0.2233,
    0.2265,
    0.2313,
    0.2339,
    0.23559999999999998,
    0.2371,
    0.22769999999999996,
    0.24130000000000001,
    0.2355,
    0.244,
    0.2431,
    0.24699999999999997,
    0.24850000000000003,
    0.2487,
    0.25279999999999997,
    0.2504,
    0.25189999999999996,
    0.255,
    0.2519,
    0.2582,
    0.25460000000000005,
    0.25860000000000005,
    0.2597,
    0.2511,
    0.257,
    0.2575,
    0.2613,
    0.26020000000000004,
    0.2595,
    0.2602,
    0.26020000000000004,
    0.2591,
    0.2598
  ]
}