{
  "setting": "setting_27",
  "train_accuracy": [
    0.1465906675170068,
    0.22264486151603496,
    0.23660239765549076,
    0.24244563896987367,
    0.25062921373906705,
    0.2576644497084548,
    0.2695853452988338,
    0.27420052842565595,
    0.2812556942419825,
    0.2958386479591837,
    0.2875421373906706,
    0.29905589467930027,
    0.2995977967079689,
    0.29991287809766765,
    0.3085396547011662,
    0.31985411352040816,
    0.31912050534499514,
    0.3202384748542274,
    0.3302366147351798,
    0.33570593415937805,
    0.3339634961127308,
    0.3374417289237123,
    0.33525324192176875,
    0.3366179619169096,
    0.34412961613216714,
    0.3440755208333333,
    0.34955717778182704,
    0.35671009475218657,
    0.3558331814868805,
    0.36068847181729835,
    0.36021205357142855,
    0.36388863581146746,
    0.3645567602040816,
    0.3644903273809524,
    0.3652400692419825,
    0.3721006817905734,
    0.3724679603984451,
    0.3727071185617104,
    0.3776221984329446,
    0.381928943452381,
    0.3824101068999028,
    0.3833012557701652,
    0.3864577639091351,
    0.3853122722303207,
    0.3869019147837707,
    0.3920143950437318,
    0.39003374787414963,
    0.3863979743683188,
    0.3920608980199222,
    0.39341328049076774
  ],
  "test_accuracy": [
    0.19029999999999997,
    0.23349999999999999,
    0.23729999999999998,
    0.2613,
    0.261,
    0.27,
    0.2684000000000001,
    0.2834,
    0.28440000000000004,
    0.2988,
    0.29269999999999996,
    0.3059,
    0.30179999999999996,
    0.3153,
    0.3127,
    0.3254,
    0.32399999999999995,
    0.33130000000000004,
    0.33310000000000006,
    0.32670000000000005,
    0.3375,
    0.3448,
    0.3343,
    0.3328,
    0.3431,
    0.35409999999999997,
    0.36510000000000004,
    0.3543,
    0.3644,
    0.3699,
    0.3625,
    0.3704,
    0.3633,
    0.3663,
    0.37139999999999995,
    0.37079999999999996,
    0.3782,
    0.3736,
    0.3832,
    0.38099999999999995,
    0.3849,
    0.38359999999999994,
    0.3814,
    0.3855,
    0.3865,
    0.38980000000000004,
    0.3856,
    0.3839,
    0.3887,
    0.3922
  ]
}