{
  "setting": "setting_18",
  "train_accuracy": [
    0.1203819160329226,
    0.16313106168174818,
    0.19002958642183287,
    0.21155908560358105,
    0.22399531009337695,
    0.22694455140546785,
    0.23529628537735847,
    0.24000800202156336,
    0.24558723105987676,
    0.2514699202204467,
    0.2538731589333847,
    0.25323954021467077,
    0.2598923487437428,
    0.2634575351366962,
    0.26381476824220257,
    0.2686077084135541,
    0.2704867545485175,
    0.27313742419137466,
    0.2781894523729303,
    0.28253077469195226,
    0.28125601655756644,
    0.2816798078311513,
    0.28696610572294956,
    0.2830083389487871,
    0.28711802380150175,
    0.2866893440748941,
    0.2884003026328456,
    0.2900653849393531,
    0.2909960711879091,
    0.29046699015691185,
    0.2938558162061995,
    0.2950061068059299,
    0.29448605061128225,
    0.29517908283596456,
    0.2976834749229881,
    0.2996899968713901,
    0.29546186104158645,
    0.30081734934539855,
    0.2985092474489796,
    0.2996922530804775,
    0.2987544221698113,
    0.29956327312764724,
    0.30214888874181745,
    0.30066618333654216,
    0.30325405515979975,
    0.3034529775943396,
    0.30340296495956875,
    0.3023692451626877,
    0.30786198618598387,
    0.3050545100115518
  ],
  "test_accuracy": [
    0.148,
    0.182,
    0.21090000000000003,
    0.23240000000000002,
    0.22719999999999999,
    0.2427,
    0.24539999999999998,
    0.24980000000000002,
    0.2681,
    0.2678,
    0.2636,
    0.259,
    0.2774,
    0.27359999999999995,
    0.2752,
    0.2814,
    0.2888,
    0.2851,
    0.2911,
    0.2871,
    0.2934,
    0.2891,
    0.2977,
    0.29290000000000005,
    0.2961,
    0.2965,
    0.29769999999999996,
    0.2999,
    0.30129999999999996,
    0.30000000000000004,
    0.31009999999999993,
    0.30490000000000006,
    0.3044,
    0.30829999999999996,
    0.31229999999999997,
    0.3051,
    0.31020000000000003,
    0.31,
    0.31239999999999996,
    0.3082,
    0.3060999999999999,
    0.3106,
    0.3126,
    0.3102,
    0.3171,
    0.3115,
    0.3121,
    0.31229999999999997,
    0.3145,
    0.30989999999999995
  ]
}