{
  "setting": "setting_20",
  "train_accuracy": [
    0.0995920123140421,
    0.10169183429335994,
    0.12147431172895501,
    0.149630918904209,
    0.1606271685640421,
    0.16851656045899854,
    0.17203374455732945,
    0.1796843109352322,
    0.1801764899310595,
    0.17731908789912915,
    0.18572262790275762,
    0.19216312137155298,
    0.20240143663824384,
    0.2096771107356676,
    0.21159799074746008,
    0.21200973444303337,
    0.21174397904571846,
    0.21486075834542817,
    0.21886657803428883,
    0.21555597446480407,
    0.2181061632574383,
    0.21684967173893324,
    0.21882015942489114,
    0.2194710829780479,
    0.22001924777757617,
    0.22598350757438318,
    0.22339363264241655,
    0.22378801365203194,
    0.22283660932964441,
    0.22746429664822204,
    0.22825447602957183,
    0.22794974317398403,
    0.22970231143414369,
    0.2275436689268868,
    0.23150909379535559,
    0.23258806070845425,
    0.23217915173711903,
    0.23354903222514511,
    0.23512017813407113,
    0.23631359703828012,
    0.2368323515738389,
    0.23588413631621916,
    0.23549825947931785,
    0.23608185833182146,
    0.23796092616110306,
    0.23958309710631348,
    0.2391706447296807,
    0.2381256945074383,
    0.24017626315312046,
    0.24035378775852684
  ],
  "test_accuracy": [
    0.1,
    0.10740000000000001,
    0.14240000000000003,
    0.1557,
    0.17219999999999996,
    0.1754,
    0.1795,
    0.1843,
    0.1819,
    0.19090000000000001,
    0.1931,
    0.21059999999999998,
    0.21999999999999997,
    0.22369999999999995,
    0.22210000000000002,
    0.22169999999999995,
    0.2202,
    0.22240000000000001,
    0.2259,
    0.2284,
    0.22599999999999998,
    0.22759999999999997,
    0.231,
    0.2234,
    0.2345,
    0.2265,
    0.23559999999999998,
    0.23609999999999998,
    0.23689999999999997,
    0.2392,
    0.2395,
    0.2408,
    0.24020000000000002,
    0.24110000000000004,
    0.2395,
    0.23820000000000002,
    0.2414,
    0.2434,
    0.24170000000000003,
    0.2467,
    0.2393,
    0.2428,
    0.2445,
    0.24710000000000001,
    0.2452,
    0.24490000000000003,
    0.2468,
    0.2444,
    0.246,
    0.24299999999999997
  ]
}