{
  "setting": "setting_2",
  "train_accuracy": [
    0.11825137421039844,
    0.1498382835276968,
    0.1934020818148688,
    0.20444416605928087,
    0.21624263544703598,
    0.22285649750971817,
    0.22676179846938777,
    0.23386536534256558,
    0.24134095602526726,
    0.24992977101554908,
    0.24919521379980564,
    0.25153175109329445,
    0.2540087463556851,
    0.25478316326530615,
    0.25607860331632654,
    0.26306923439018465,
    0.26777742346938777,
    0.2711009627065112,
    0.2730929983600583,
    0.27359978589650147,
    0.27536310283041787,
    0.2781162688289602,
    0.28313574313654033,
    0.28257201318027214,
    0.28071284317298345,
    0.2846826788751215,
    0.2844065081389699,
    0.28740357750242956,
    0.29087611607142855,
    0.2928577122813411,
    0.29282734299076774,
    0.29543435677842567,
    0.2977158497327503,
    0.2964839953838678,
    0.297013559888241,
    0.30040732810981535,
    0.2999944955660836,
    0.29985973183916426,
    0.3046827547983479,
    0.304485354409621,
    0.30525312803692906,
    0.3066140518707483,
    0.3071654443027211,
    0.3049921419460641,
    0.3073059022716229,
    0.3099062727769679,
    0.30750235362001943,
    0.3072442146501458,
    0.3100846923590865,
    0.3107528167517007
  ],
  "test_accuracy": [
    0.13610000000000003,
    0.1902,
    0.21359999999999996,
    0.2258,
    0.23559999999999998,
    0.2325,
    0.24209999999999998,
    0.2475,
    0.2678,
    0.26870000000000005,
    0.2551,
    0.26980000000000004,
    0.26130000000000003,
    0.2617999999999999,
    0.2621,
    0.278,
    0.2775,
    0.28429999999999994,
    0.28769999999999996,
    0.2858,
    0.28890000000000005,
    0.2876,
    0.2883,
    0.29179999999999995,
    0.28809999999999997,
    0.2924,
    0.2955,
    0.29879999999999995,
    0.2953,
    0.2987,
    0.30310000000000004,
    0.30110000000000003,
    0.3021,
    0.3096,
    0.3029,
    0.3076,
    0.3185,
    0.3115,
    0.3073,
    0.3116,
    0.3116,
    0.31320000000000003,
    0.3099,
    0.3079,
    0.31599999999999995,
    0.3204,
    0.3113,
    0.32039999999999996,
    0.3166,
    0.31970000000000004
  ]
}