{
  "setting": "setting_6",
  "train_accuracy": [
    0.1452048788265306,
    0.20983338647959185,
    0.21682477678571427,
    0.23439891581632655,
    0.23141342474489796,
    0.22621970663265303,
    0.23588966836734693,
    0.2511041135204082,
    0.25015545280612245,
    0.2604830994897959,
    0.2561065051020408,
    0.2583067602040816,
    0.2612324617346939,
    0.28580197704081634,
    0.28562260841836734,
    0.28143335459183677,
    0.2860889668367347,
    0.29087611607142855,
    0.29677933673469387,
    0.29593829719387754,
    0.2933354591836735,
    0.2941206951530612,
    0.3001116071428571,
    0.3050581951530612,
    0.30859375,
    0.31057477678571427,
    0.317984693877551,
    0.31296635841836734,
    0.3162826849489796,
    0.31173867984693876,
    0.3218032525510204,
    0.3219587053571429,
    0.3224170918367347,
    0.3242825255102041,
    0.3326171875,
    0.332991868622449,
    0.3337571747448979,
    0.3327367665816327,
    0.33366151147959183,
    0.34046157525510207,
    0.3440967793367347,
    0.34164540816326533,
    0.3471061862244898,
    0.3461535395408163,
    0.34985650510204086,
    0.3511360012755102,
    0.35342793367346936,
    0.35531728316326533,
    0.35648517219387754,
    0.3562779017857143
  ],
  "test_accuracy": [
    0.19119999999999998,
    0.21260000000000004,
    0.2141,
    0.2279,
    0.2425,
    0.221,
    0.24880000000000005,
    0.2439,
    0.26759999999999995,
    0.2606,
    0.2701,
    0.2692,
    0.2786,
    0.2857,
    0.28040000000000004,
    0.28779999999999994,
    0.2875,
    0.2989,
    0.2993,
    0.2893,
    0.2833,
    0.29369999999999996,
    0.30319999999999997,
    0.3055,
    0.3109,
    0.32300000000000006,
    0.31910000000000005,
    0.3109,
    0.3106,
    0.3285,
    0.32580000000000003,
    0.32080000000000003,
    0.3267,
    0.32500000000000007,
    0.3318,
    0.3342,
    0.33410000000000006,
    0.3348,
    0.3419,
    0.3402,
    0.339,
    0.3378,
    0.3409,
    0.34750000000000003,
    0.35680000000000006,
    0.3538,
    0.3474,
    0.3522,
    0.35429999999999995,
    0.3526
  ]
}