{
  "setting": "setting_3",
  "train_accuracy": [
    0.12098169161532536,
    0.12735849056603774,
    0.12836889620234887,
    0.14098749759337698,
    0.16595207511070467,
    0.19241740770600693,
    0.20936492226607623,
    0.21709544666923375,
    0.21507012297843664,
    0.2214119506882942,
    0.22214108225837503,
    0.2277801008375048,
    0.22779627033596458,
    0.23130317132749326,
    0.23267043403446286,
    0.2360927271852137,
    0.23762845350404313,
    0.2436953997400847,
    0.24212131786676935,
    0.2425744398584906,
    0.24432036965729687,
    0.24490059142760878,
    0.24159261287061992,
    0.24492428162302657,
    0.24929079827685793,
    0.25115480301790527,
    0.25301354327108205,
    0.2502432945465922,
    0.25420331752984215,
    0.25259990493839046,
    0.2552768970206007,
    0.255580733177705,
    0.25466283211397767,
    0.25421572667982284,
    0.257579734429149,
    0.2577090904168271,
    0.2563034721553716,
    0.25663588696091644,
    0.2606117034077782,
    0.2587988394060454,
    0.26156006329418563,
    0.26228769072487484,
    0.263011933841933,
    0.2625016545533308,
    0.26455367671832886,
    0.26188307722853293,
    0.26358388284559103,
    0.26442582487004235,
    0.2656580910666153,
    0.2642795473142087
  ],
  "test_accuracy": [
    0.13040000000000002,
    0.1304,
    0.13340000000000002,
    0.15949999999999998,
    0.1766,
    0.21950000000000003,
    0.219,
    0.22859999999999997,
    0.2271,
    0.2339,
    0.23520000000000002,
    0.24370000000000003,
    0.24050000000000002,
    0.242,
    0.23969999999999997,
    0.2455,
    0.2519,
    0.24180000000000001,
    0.25270000000000004,
    0.24980000000000002,
    0.2568,
    0.2572,
    0.25149999999999995,
    0.25139999999999996,
    0.26850000000000007,
    0.2577999999999999,
    0.25970000000000004,
    0.2633,
    0.26630000000000004,
    0.263,
    0.26980000000000004,
    0.2664,
    0.26209999999999994,
    0.26399999999999996,
    0.2657,
    0.2705,
    0.268,
    0.2665,
    0.2705,
    0.2669,
    0.2734,
    0.27040000000000003,
    0.27090000000000003,
    0.27149999999999996,
    0.2685,
    0.27780000000000005,
    0.27859999999999996,
    0.2714,
    0.2762,
    0.27570000000000006
  ]
}