{
  "setting": "setting_8",
  "train_accuracy": [
    0.12048,
    0.2226,
    0.28314,
    0.31308,
    0.33516,
    0.35482,
    0.37188,
    0.38658,
    0.39958,
    0.41002,
    0.42584,
    0.43706,
    0.44266,
    0.45278,
    0.4595,
    0.46294,
    0.4696,
    0.47118,
    0.48346,
    0.48528,
    0.48776,
    0.49046,
    0.49632,
    0.49284,
    0.50052,
    0.50568,
    0.5076,
    0.50834,
    0.51536,
    0.51524,
    0.51908,
    0.5229,
    0.52616,
    0.52532,
    0.52886,
    0.53032,
    0.53318,
    0.53272,
    0.5347,
    0.53842,
    0.53982,
    0.53946,
    0.54266,
    0.5438,
    0.54666,
    0.54516,
    0.54768,
    0.55038,
    0.55568,
    0.55106,
    0.55114,
    0.55314,
    0.55446,
    0.5565,
    0.55424,
    0.55892,
    0.55666,
    0.55892,
    0.56196,
    0.55772,
    0.56268,
    0.55904,
    0.55772,
    0.55816,
    0.5568,
    0.5593,
    0.56036,
    0.5619,
    0.56272,
    0.56552,
    0.56254,
    0.56162,
    0.55806,
    0.56596,
    0.56694,
    0.56088,
    0.56802,
    0.566,
    0.56384,
    0.56228,
    0.55918,
    0.56412,
    0.56334,
    0.56318,
    0.56048,
    0.56376,
    0.56326,
    0.56496,
    0.56294,
    0.56084,
    0.56584,
    0.56526,
    0.56682,
    0.5627,
    0.56592,
    0.56636,
    0.56596,
    0.56868,
    0.56404,
    0.56722
  ],
  "test_accuracy": [
    0.1501,
    0.207,
    0.27670000000000006,
    0.2956,
    0.2844,
    0.2947,
    0.263,
    0.37270000000000003,
    0.356,
    0.37279999999999996,
    0.3373,
    0.3981,
    0.3513,
    0.4165,
    0.4056,
    0.43439999999999995,
    0.4495,
    0.3844,
    0.42910000000000004,
    0.4263,
    0.42869999999999997,
    0.43479999999999996,
    0.44270000000000004,
    0.45969999999999994,
    0.45990000000000003,
    0.49169999999999997,
    0.4681,
    0.4680000000000001,
    0.4628,
    0.4706,
    0.4816,
    0.49879999999999997,
    0.5010000000000001,
    0.4992,
    0.4897,
    0.507,
    0.5012,
    0.5067999999999999,
    0.5195000000000001,
    0.5196000000000001,
    0.5105000000000001,
    0.5163,
    0.5153000000000001,
    0.5283000000000001,
    0.5166000000000001,
    0.5217,
    0.5199,
    0.519,
    0.5227,
    0.5209000000000001,
    0.5348,
    0.5305,
    0.5319,
    0.5367,
    0.5346000000000001,
    0.5201,
    0.5396,
    0.5412000000000001,
    0.5386000000000001,
    0.5456000000000001,
    0.5439,
    0.5489,
    0.5445,
    0.5437000000000001,
    0.5524,
    0.5437,
    0.5485,
    0.5522000000000001,
    0.5524,
    0.5473000000000001,
    0.5459,
    0.5539000000000001,
    0.5536000000000001,
    0.5592,
    0.557,
    0.5564,
    0.5535,
    0.5534,
    0.5545,
    0.5563,
    0.5511000000000001,
    0.5566,
    0.5492000000000001,
    0.5566,
    0.5584,
    0.5574,
    0.5546000000000001,
    0.5535000000000001,
    0.5542,
    0.5539,
    0.5566,
    0.558,
    0.5544,
    0.5557000000000001,
    0.5524,
    0.5559000000000001,
    0.5583,
    0.5599,
    0.5610999999999999,
    0.5618
  ]
}