{
  "setting": "setting_1",
  "train_accuracy": [
    0.29512,
    0.33026,
    0.31664,
    0.29278,
    0.26874,
    0.24034,
    0.2466,
    0.24404,
    0.22426,
    0.22722,
    0.22386,
    0.236,
    0.23302,
    0.23054,
    0.236,
    0.23068,
    0.229,
    0.23092,
    0.22914,
    0.23732,
    0.24096,
    0.23532,
    0.23488,
    0.23728,
    0.23604,
    0.23154,
    0.23404,
    0.23208,
    0.23286,
    0.23344,
    0.2358,
    0.24046,
    0.23738,
    0.23468,
    0.2444,
    0.23828,
    0.24302,
    0.2441,
    0.24224,
    0.24872,
    0.24886,
    0.24866,
    0.2463,
    0.2542,
    0.25174,
    0.25072,
    0.25038,
    0.2507,
    0.25564,
    0.25406,
    0.25516,
    0.25626,
    0.25358,
    0.25676,
    0.2592,
    0.25596,
    0.25602,
    0.26068,
    0.26052,
    0.2571,
    0.25792,
    0.25624,
    0.2555,
    0.2618,
    0.25632,
    0.25922,
    0.25928,
    0.26402,
    0.26198,
    0.26136,
    0.25886,
    0.25948,
    0.2629,
    0.26328,
    0.2591,
    0.26606,
    0.26276,
    0.26416,
    0.26372,
    0.26312,
    0.26444,
    0.26516,
    0.26756,
    0.26836,
    0.26568,
    0.26482,
    0.2654,
    0.26958,
    0.26402,
    0.25972,
    0.2657,
    0.26882,
    0.26308,
    0.265,
    0.26676,
    0.26328,
    0.26554,
    0.26484,
    0.2698,
    0.26416
  ],
  "test_accuracy": [
    0.2048,
    0.2428,
    0.23110000000000003,
    0.2352,
    0.22139999999999999,
    0.2101,
    0.1378,
    0.19770000000000001,
    0.1583,
    0.1941,
    0.19740000000000002,
    0.188,
    0.1922,
    0.1643,
    0.16799999999999998,
    0.2324,
    0.125,
    0.197,
    0.10980000000000001,
    0.13030000000000003,
    0.1747,
    0.21480000000000002,
    0.1729,
    0.1745,
    0.1775,
    0.1789,
    0.21309999999999998,
    0.17200000000000001,
    0.1817,
    0.1947,
    0.15469999999999998,
    0.1673,
    0.1412,
    0.2,
    0.21150000000000002,
    0.2082,
    0.2244,
    0.17579999999999998,
    0.2258,
    0.22599999999999998,
    0.20540000000000003,
    0.1167,
    0.2283,
    0.23090000000000002,
    0.2111,
    0.2032,
    0.2298,
    0.2394,
    0.19540000000000002,
    0.22480000000000003,
    0.24429999999999996,
    0.24090000000000003,
    0.2529,
    0.24259999999999998,
    0.24480000000000005,
    0.2069,
    0.2375,
    0.2452,
    0.2262,
    0.25579999999999997,
    0.24209999999999998,
    0.24629999999999996,
    0.2448,
    0.22549999999999998,
    0.2251,
    0.2452,
    0.2516,
    0.24409999999999998,
    0.2579,
    0.25579999999999997,
    0.2509,
    0.22970000000000002,
    0.2496,
    0.2588,
    0.26070000000000004,
    0.2581,
    0.2568,
    0.2576,
    0.2505,
    0.25739999999999996,
    0.26199999999999996,
    0.26410000000000006,
    0.25529999999999997,
    0.2636,
    0.2609,
    0.26280000000000003,
    0.259,
    0.2587,
    0.269,
    0.2627,
    0.2638,
    0.2584000000000001,
    0.26289999999999997,
    0.2609,
    0.2607,
    0.2529,
    0.25810000000000005,
    0.26059999999999994,
    0.26130000000000003,
    0.256
  ]
}