{
  "setting": "setting_6",
  "train_accuracy": [
    0.29124,
    0.30874,
    0.25874,
    0.21822,
    0.21038,
    0.18838,
    0.1819,
    0.18712,
    0.19016,
    0.18852,
    0.18602,
    0.18834,
    0.18506,
    0.18322,
    0.1904,
    0.19258,
    0.18702,
    0.19788,
    0.19812,
    0.19958,
    0.20614,
    0.20674,
    0.20034,
    0.2004,
    0.1975,
    0.19372,
    0.19388,
    0.19508,
    0.19372,
    0.19038,
    0.19258,
    0.1908,
    0.19142,
    0.19232,
    0.19544,
    0.19596,
    0.19556,
    0.19436,
    0.19294,
    0.1901,
    0.19706,
    0.19056,
    0.18964,
    0.18804,
    0.18874,
    0.1827,
    0.18304,
    0.1818,
    0.18412,
    0.18466,
    0.18578,
    0.18396,
    0.18516,
    0.18448,
    0.18502,
    0.1836,
    0.18384,
    0.18452,
    0.1818,
    0.18234,
    0.18158,
    0.18138,
    0.1799,
    0.17638,
    0.17854,
    0.17776,
    0.17674,
    0.17956,
    0.18216,
    0.17684,
    0.17732,
    0.17548,
    0.1756,
    0.17652,
    0.17384,
    0.17732,
    0.17552,
    0.1772,
    0.17754,
    0.17606,
    0.17788,
    0.17486,
    0.17402,
    0.17394,
    0.17414,
    0.1751,
    0.17236,
    0.1756,
    0.1744,
    0.16974,
    0.17476,
    0.17124,
    0.173,
    0.17384,
    0.17288,
    0.1733,
    0.17408,
    0.1731,
    0.17392,
    0.17168
  ],
  "test_accuracy": [
    0.1833,
    0.1897,
    0.1727,
    0.1539,
    0.1621,
    0.1127,
    0.11879999999999999,
    0.1333,
    0.14200000000000002,
    0.1256,
    0.13540000000000002,
    0.13879999999999998,
    0.14379999999999998,
    0.11710000000000001,
    0.1292,
    0.1213,
    0.146,
    0.15330000000000002,
    0.13410000000000002,
    0.1486,
    0.1384,
    0.1004,
    0.14989999999999998,
    0.16219999999999998,
    0.1585,
    0.11589999999999998,
    0.11230000000000002,
    0.15420000000000003,
    0.15150000000000002,
    0.1159,
    0.1493,
    0.1496,
    0.1593,
    0.1093,
    0.15860000000000002,
    0.1608,
    0.16099999999999998,
    0.1479,
    0.14119999999999996,
    0.15259999999999999,
    0.12109999999999999,
    0.1578,
    0.1574,
    0.1493,
    0.1495,
    0.1596,
    0.1574,
    0.16099999999999998,
    0.1548,
    0.16329999999999997,
    0.15829999999999997,
    0.1632,
    0.1516,
    0.16119999999999998,
    0.16440000000000002,
    0.16479999999999997,
    0.1565,
    0.16379999999999997,
    0.15699999999999997,
    0.17029999999999998,
    0.1666,
    0.16479999999999997,
    0.16829999999999998,
    0.1664,
    0.16670000000000001,
    0.15339999999999998,
    0.16419999999999998,
    0.1691,
    0.16760000000000003,
    0.16509999999999997,
    0.1647,
    0.16999999999999998,
    0.1648,
    0.1637,
    0.168,
    0.1707,
    0.16649999999999998,
    0.1677,
    0.1737,
    0.16729999999999998,
    0.1648,
    0.1669,
    0.1661,
    0.1699,
    0.1678,
    0.1691,
    0.172,
    0.1664,
    0.1697,
    0.1689,
    0.16949999999999998,
    0.1682,
    0.1726,
    0.16299999999999998,
    0.17279999999999998,
    0.16560000000000002,
    0.16499999999999998,
    0.17329999999999998,
    0.1649,
    0.1728
  ]
}