{
  "setting": "setting_10",
  "train_accuracy": [
    0.10164,
    0.10296,
    0.12114,
    0.12868,
    0.13606,
    0.15082,
    0.16658,
    0.16654,
    0.17494,
    0.18676,
    0.19722,
    0.22174,
    0.2255,
    0.23022,
    0.23484,
    0.2437,
    0.25308,
    0.25896,
    0.2646,
    0.26294,
    0.26948,
    0.27414,
    0.27692,
    0.28062,
    0.28794,
    0.28814,
    0.28844,
    0.29472,
    0.2954,
    0.2992,
    0.30228,
    0.30546,
    0.31036,
    0.3139,
    0.31184,
    0.3128,
    0.31614,
    0.3179,
    0.32182,
    0.3187,
    0.32042,
    0.32106,
    0.32504,
    0.32094,
    0.32686,
    0.32642,
    0.32602,
    0.3298,
    0.33006,
    0.32946,
    0.33126,
    0.33078,
    0.32962,
    0.33372,
    0.33656,
    0.32908,
    0.33486,
    0.33686,
    0.33352,
    0.33276,
    0.3317,
    0.33662,
    0.33382,
    0.33866,
    0.33662,
    0.33918,
    0.33668,
    0.33818,
    0.33738,
    0.33388,
    0.33486,
    0.33704,
    0.33776,
    0.34194,
    0.34062,
    0.33682,
    0.3412,
    0.33912,
    0.3394,
    0.33912,
    0.34006,
    0.33946,
    0.33906,
    0.34522,
    0.34142,
    0.33608,
    0.34104,
    0.33956,
    0.34092,
    0.34324,
    0.34104,
    0.3433,
    0.34144,
    0.3416,
    0.34312,
    0.34524,
    0.34328,
    0.34204,
    0.34304,
    0.34298
  ],
  "test_accuracy": [
    0.0999,
    0.1286,
    0.1275,
    0.13490000000000002,
    0.13820000000000002,
    0.1659,
    0.15850000000000003,
    0.1706,
    0.18370000000000003,
    0.1941,
    0.2102,
    0.2287,
    0.2383,
    0.23379999999999995,
    0.253,
    0.2608,
    0.2657,
    0.26189999999999997,
    0.26320000000000005,
    0.2666,
    0.27859999999999996,
    0.2791,
    0.2835,
    0.2863,
    0.29009999999999997,
    0.29359999999999997,
    0.3015,
    0.30650000000000005,
    0.3025,
    0.30650000000000005,
    0.3156,
    0.31289999999999996,
    0.3088,
    0.32080000000000003,
    0.32070000000000004,
    0.3237,
    0.3249,
    0.3194,
    0.3225,
    0.32470000000000004,
    0.32380000000000003,
    0.3285,
    0.3316,
    0.3284,
    0.3375,
    0.33390000000000003,
    0.3331,
    0.33809999999999996,
    0.3343,
    0.3375,
    0.33680000000000004,
    0.3325,
    0.3414,
    0.3403,
    0.3411,
    0.33690000000000003,
    0.3403,
    0.34199999999999997,
    0.3431,
    0.3385,
    0.34900000000000003,
    0.3417,
    0.3459,
    0.3451,
    0.34330000000000005,
    0.34199999999999997,
    0.3429,
    0.34,
    0.3431,
    0.3404,
    0.3431,
    0.35009999999999997,
    0.3443,
    0.34299999999999997,
    0.34609999999999996,
    0.3464,
    0.3445999999999999,
    0.346,
    0.349,
    0.3533,
    0.34320000000000006,
    0.3517,
    0.3468,
    0.3474,
    0.35039999999999993,
    0.3513,
    0.3509,
    0.3489,
    0.3492,
    0.34419999999999995,
    0.3459,
    0.34870000000000007,
    0.348,
    0.3536,
    0.3499,
    0.34740000000000004,
    0.3519,
    0.3466,
    0.3479,
    0.34909999999999997
  ]
}