{
  "setting": "setting_20",
  "train_accuracy": [
    0.10162,
    0.10498,
    0.12322,
    0.13296,
    0.14078,
    0.15522,
    0.17178,
    0.16948,
    0.17448,
    0.18556,
    0.1962,
    0.21892,
    0.22482,
    0.22906,
    0.23406,
    0.24226,
    0.25162,
    0.25818,
    0.26454,
    0.26324,
    0.26848,
    0.27456,
    0.27708,
    0.28108,
    0.28622,
    0.28632,
    0.28722,
    0.29586,
    0.2961,
    0.29798,
    0.29904,
    0.30466,
    0.30634,
    0.30956,
    0.30958,
    0.31014,
    0.31176,
    0.31708,
    0.32018,
    0.316,
    0.31564,
    0.31928,
    0.32328,
    0.31858,
    0.32624,
    0.32544,
    0.32586,
    0.32852,
    0.32982,
    0.32926,
    0.33154,
    0.33026,
    0.3308,
    0.3344,
    0.33508,
    0.32958,
    0.33514,
    0.33698,
    0.33446,
    0.33298,
    0.33208,
    0.33724,
    0.33418,
    0.33904,
    0.33774,
    0.3397,
    0.33628,
    0.33938,
    0.33684,
    0.33452,
    0.3341,
    0.33702,
    0.3379,
    0.34188,
    0.34018,
    0.33656,
    0.34156,
    0.3399,
    0.33868,
    0.3383,
    0.34098,
    0.3395,
    0.33988,
    0.34518,
    0.34228,
    0.3364,
    0.34128,
    0.34064,
    0.34258,
    0.34328,
    0.34108,
    0.34422,
    0.34198,
    0.34078,
    0.34374,
    0.34618,
    0.34384,
    0.34298,
    0.34186,
    0.3427
  ],
  "test_accuracy": [
    0.0999,
    0.1356,
    0.13110000000000002,
    0.1422,
    0.1393,
    0.1696,
    0.16519999999999999,
    0.172,
    0.18429999999999996,
    0.19350000000000003,
    0.2072,
    0.2291,
    0.23220000000000002,
    0.23410000000000003,
    0.25439999999999996,
    0.25959999999999994,
    0.263,
    0.2617,
    0.2609,
    0.2676,
    0.2792,
    0.2782,
    0.2812,
    0.28759999999999997,
    0.2892,
    0.2927,
    0.30029999999999996,
    0.3027,
    0.30229999999999996,
    0.3068,
    0.31,
    0.3102,
    0.30700000000000005,
    0.3176,
    0.31909999999999994,
    0.3225,
    0.31389999999999996,
    0.3167,
    0.32039999999999996,
    0.3239,
    0.3215,
    0.3276,
    0.3301,
    0.32510000000000006,
    0.33719999999999994,
    0.3338,
    0.32999999999999996,
    0.33930000000000005,
    0.33249999999999996,
    0.3372,
    0.3352,
    0.3315,
    0.34099999999999997,
    0.3397,
    0.34209999999999996,
    0.3359,
    0.341,
    0.3396,
    0.3422,
    0.3387,
    0.35029999999999994,
    0.34340000000000004,
    0.342,
    0.34249999999999997,
    0.3449,
    0.3418,
    0.3416,
    0.3395,
    0.3438,
    0.341,
    0.3435,
    0.35019999999999996,
    0.34229999999999994,
    0.34419999999999995,
    0.34550000000000003,
    0.3476,
    0.34559999999999996,
    0.3471,
    0.3482,
    0.3519,
    0.344,
    0.3521,
    0.3478,
    0.34680000000000005,
    0.3493,
    0.3509,
    0.3512,
    0.3499,
    0.3493,
    0.3444,
    0.34750000000000003,
    0.35,
    0.3488,
    0.3519,
    0.3497,
    0.34630000000000005,
    0.3519,
    0.34829999999999994,
    0.3474,
    0.34909999999999997
  ]
}