{
  "setting": "setting_19",
  "train_accuracy": [
    0.10186,
    0.12466,
    0.15754,
    0.19772,
    0.23446,
    0.25976,
    0.2709,
    0.28926,
    0.29876,
    0.30886,
    0.32498,
    0.32778,
    0.33632,
    0.34538,
    0.3514,
    0.364,
    0.3656,
    0.37522,
    0.3826,
    0.38332,
    0.39212,
    0.39456,
    0.40412,
    0.40684,
    0.4124,
    0.40924,
    0.42126,
    0.42866,
    0.42786,
    0.42998,
    0.43272,
    0.43842,
    0.4409,
    0.44372,
    0.44248,
    0.4487,
    0.45244,
    0.4542,
    0.45678,
    0.45838,
    0.45756,
    0.46504,
    0.4642,
    0.4676,
    0.4663,
    0.46936,
    0.46954,
    0.4721,
    0.47392,
    0.47364,
    0.47526,
    0.47528,
    0.47504,
    0.48026,
    0.48274,
    0.4757,
    0.47656,
    0.48258,
    0.48454,
    0.48118,
    0.48036,
    0.48512,
    0.48486,
    0.48492,
    0.48744,
    0.4865,
    0.48758,
    0.4839,
    0.4885,
    0.49332,
    0.48638,
    0.4911,
    0.48888,
    0.48872,
    0.48724,
    0.48962,
    0.48854,
    0.49226,
    0.48942,
    0.4908,
    0.48932,
    0.49274,
    0.49146,
    0.49058,
    0.48938,
    0.49306,
    0.4881,
    0.4904,
    0.49198,
    0.4942,
    0.49352,
    0.4929,
    0.49406,
    0.49338,
    0.49746,
    0.4911,
    0.49018,
    0.49408,
    0.49126,
    0.4934
  ],
  "test_accuracy": [
    0.1096,
    0.15410000000000001,
    0.187,
    0.2132,
    0.2366,
    0.2686,
    0.2549,
    0.28240000000000004,
    0.30799999999999994,
    0.311,
    0.3286,
    0.33680000000000004,
    0.30839999999999995,
    0.33130000000000004,
    0.3588,
    0.3666,
    0.3701,
    0.3447,
    0.38630000000000003,
    0.3837,
    0.3986,
    0.3911,
    0.4063,
    0.413,
    0.41609999999999997,
    0.4152,
    0.4112,
    0.4218,
    0.4253,
    0.4264,
    0.4144,
    0.42539999999999994,
    0.4226,
    0.44160000000000005,
    0.4393000000000001,
    0.44349999999999995,
    0.44079999999999997,
    0.4468,
    0.44939999999999997,
    0.4488,
    0.4487,
    0.4589,
    0.4633999999999999,
    0.45570000000000005,
    0.4588,
    0.46469999999999995,
    0.4537,
    0.46430000000000005,
    0.46399999999999997,
    0.4694999999999999,
    0.47090000000000004,
    0.4678,
    0.4774999999999999,
    0.4756,
    0.47969999999999996,
    0.4702,
    0.47730000000000006,
    0.4790000000000001,
    0.476,
    0.47820000000000007,
    0.48440000000000005,
    0.47779999999999995,
    0.4809,
    0.48200000000000004,
    0.48919999999999997,
    0.48340000000000005,
    0.48200000000000004,
    0.4909,
    0.48679999999999995,
    0.48769999999999997,
    0.48679999999999995,
    0.4835,
    0.48440000000000005,
    0.49099999999999994,
    0.4875,
    0.488,
    0.48889999999999995,
    0.4882000000000001,
    0.4873,
    0.48549999999999993,
    0.4934,
    0.4894,
    0.4923,
    0.4902,
    0.4939,
    0.4913,
    0.48979999999999996,
    0.4913,
    0.4971,
    0.49219999999999997,
    0.4936,
    0.4925,
    0.4901000000000001,
    0.492,
    0.49429999999999996,
    0.4974,
    0.49800000000000005,
    0.4967,
    0.4959999999999999,
    0.4936
  ]
}