{
  "setting": "setting_4",
  "train_accuracy": [
    0.10964,
    0.12722,
    0.14706,
    0.17894,
    0.21554,
    0.2435,
    0.25524,
    0.26994,
    0.2811,
    0.29482,
    0.30868,
    0.31274,
    0.32012,
    0.33104,
    0.33182,
    0.34566,
    0.34928,
    0.35542,
    0.36484,
    0.3673,
    0.36878,
    0.37732,
    0.3858,
    0.3876,
    0.39584,
    0.39152,
    0.40058,
    0.41016,
    0.41254,
    0.41316,
    0.416,
    0.4233,
    0.4271,
    0.42728,
    0.42856,
    0.43696,
    0.4405,
    0.44212,
    0.4429,
    0.44792,
    0.45104,
    0.45714,
    0.45874,
    0.46132,
    0.46426,
    0.46666,
    0.46988,
    0.47008,
    0.47326,
    0.47448,
    0.47566,
    0.4762,
    0.47576,
    0.48274,
    0.48318,
    0.47912,
    0.47996,
    0.48762,
    0.48788,
    0.48758,
    0.48656,
    0.4878,
    0.49016,
    0.49106,
    0.49016,
    0.49334,
    0.49256,
    0.49062,
    0.49448,
    0.49906,
    0.4932,
    0.49854,
    0.4957,
    0.49566,
    0.49428,
    0.49564,
    0.49612,
    0.49778,
    0.49624,
    0.49808,
    0.49664,
    0.49944,
    0.49996,
    0.49798,
    0.49678,
    0.50148,
    0.49508,
    0.50042,
    0.50106,
    0.5023,
    0.49906,
    0.50082,
    0.50098,
    0.50008,
    0.5073,
    0.5009,
    0.50122,
    0.50344,
    0.49944,
    0.50316
  ],
  "test_accuracy": [
    0.0998,
    0.1517,
    0.16469999999999999,
    0.19490000000000002,
    0.2291,
    0.25279999999999997,
    0.25359999999999994,
    0.25759999999999994,
    0.2959,
    0.30200000000000005,
    0.3074,
    0.3277,
    0.296,
    0.31579999999999997,
    0.3402,
    0.3414,
    0.35330000000000006,
    0.33740000000000003,
    0.3674,
    0.368,
    0.38079999999999997,
    0.37310000000000004,
    0.38049999999999995,
    0.3955,
    0.3998,
    0.40049999999999997,
    0.40499999999999997,
    0.40759999999999996,
    0.4085,
    0.41430000000000006,
    0.4126,
    0.4162,
    0.4163,
    0.43410000000000004,
    0.4269,
    0.4288,
    0.4349,
    0.43550000000000005,
    0.44289999999999996,
    0.4396,
    0.43789999999999996,
    0.4481,
    0.4558,
    0.45410000000000006,
    0.4487,
    0.4598,
    0.4504,
    0.4586,
    0.4668,
    0.4633000000000001,
    0.4734,
    0.46720000000000006,
    0.47780000000000006,
    0.47050000000000003,
    0.4795,
    0.46950000000000003,
    0.4788,
    0.47709999999999997,
    0.47809999999999997,
    0.48339999999999994,
    0.48469999999999996,
    0.484,
    0.4803,
    0.48390000000000005,
    0.4872000000000001,
    0.4875,
    0.4856999999999999,
    0.4907,
    0.49049999999999994,
    0.4873,
    0.48719999999999997,
    0.48880000000000007,
    0.48390000000000005,
    0.49770000000000003,
    0.49090000000000006,
    0.4922000000000001,
    0.49319999999999997,
    0.49260000000000004,
    0.49260000000000004,
    0.49659999999999993,
    0.4972,
    0.4953,
    0.4971,
    0.49499999999999994,
    0.49990000000000007,
    0.4971,
    0.49210000000000004,
    0.49750000000000005,
    0.5043,
    0.4984,
    0.5008,
    0.49750000000000005,
    0.502,
    0.49820000000000003,
    0.49929999999999997,
    0.5008999999999999,
    0.5005,
    0.5009,
    0.5045000000000001,
    0.4978000000000001
  ]
}