{
  "setting": "setting_21",
  "train_accuracy": [
    0.25546,
    0.19958,
    0.14742,
    0.14258,
    0.1379,
    0.14072,
    0.13848,
    0.13838,
    0.14094,
    0.14138,
    0.14356,
    0.13818,
    0.14104,
    0.13842,
    0.13748,
    0.13986,
    0.13706,
    0.13864,
    0.14148,
    0.14078,
    0.13774,
    0.13818,
    0.1408,
    0.14044,
    0.14062,
    0.14334,
    0.13998,
    0.14058,
    0.14024,
    0.14472,
    0.13682,
    0.138,
    0.13542,
    0.13474,
    0.1343,
    0.13604,
    0.1324,
    0.1359,
    0.13136,
    0.1333,
    0.13238,
    0.12974,
    0.13028,
    0.13276,
    0.12926,
    0.12606,
    0.12556,
    0.12684,
    0.12548,
    0.12512,
    0.12686,
    0.12016,
    0.12256,
    0.1188,
    0.1175,
    0.12168,
    0.11926,
    0.11838,
    0.11654,
    0.11692,
    0.11754,
    0.11698,
    0.11602,
    0.11392,
    0.11326,
    0.11298,
    0.11406,
    0.11122,
    0.10962,
    0.10972,
    0.11388,
    0.10974,
    0.10864,
    0.11178,
    0.10914,
    0.11172,
    0.10928,
    0.10964,
    0.10744,
    0.10906,
    0.1075,
    0.10752,
    0.10964,
    0.10854,
    0.1092,
    0.10828,
    0.10508,
    0.10798,
    0.10632,
    0.10714,
    0.10754,
    0.10718,
    0.10618,
    0.1037,
    0.10572,
    0.10486,
    0.10454,
    0.1047,
    0.10558,
    0.10262
  ],
  "test_accuracy": [
    0.12060000000000001,
    0.13440000000000002,
    0.1146,
    0.10500000000000001,
    0.1042,
    0.1005,
    0.10170000000000001,
    0.09979999999999999,
    0.10200000000000001,
    0.0991,
    0.1014,
    0.1015,
    0.10149999999999999,
    0.1004,
    0.1005,
    0.0992,
    0.0996,
    0.0998,
    0.101,
    0.1002,
    0.0997,
    0.10030000000000001,
    0.0998,
    0.10030000000000001,
    0.0994,
    0.0994,
    0.1,
    0.1,
    0.10010000000000001,
    0.1,
    0.09989999999999999,
    0.1002,
    0.1,
    0.0997,
    0.10010000000000001,
    0.0999,
    0.1,
    0.09999999999999999,
    0.1,
    0.1,
    0.0996,
    0.1,
    0.10030000000000001,
    0.1002,
    0.0998,
    0.1,
    0.0998,
    0.1,
    0.0998,
    0.1,
    0.1,
    0.1,
    0.0999,
    0.1,
    0.1002,
    0.1001,
    0.10010000000000001,
    0.1,
    0.0999,
    0.1002,
    0.10010000000000001,
    0.10010000000000001,
    0.1,
    0.0999,
    0.0999,
    0.10030000000000001,
    0.10030000000000001,
    0.0999,
    0.10010000000000001,
    0.0998,
    0.0999,
    0.1,
    0.10010000000000001,
    0.10010000000000001,
    0.0999,
    0.10010000000000001,
    0.10010000000000001,
    0.0998,
    0.1,
    0.1002,
    0.0999,
    0.1,
    0.1002,
    0.10010000000000001,
    0.1002,
    0.10010000000000001,
    0.1,
    0.1,
    0.0999,
    0.1,
    0.1,
    0.0999,
    0.10010000000000001,
    0.1002,
    0.1,
    0.1002,
    0.1,
    0.1001,
    0.1,
    0.0999
  ]
}