{
  "setting": "setting_30",
  "train_accuracy": [
    0.1019,
    0.1082,
    0.13344,
    0.15382,
    0.1452,
    0.17664,
    0.18992,
    0.19698,
    0.21782,
    0.23258,
    0.24764,
    0.2588,
    0.26594,
    0.2713,
    0.2803,
    0.28606,
    0.29748,
    0.29982,
    0.30128,
    0.30836,
    0.30976,
    0.31514,
    0.31936,
    0.31848,
    0.33264,
    0.33436,
    0.32418,
    0.33886,
    0.34172,
    0.34426,
    0.34602,
    0.34182,
    0.35678,
    0.36144,
    0.35906,
    0.36116,
    0.35888,
    0.36006,
    0.36628,
    0.36544,
    0.36228,
    0.3691,
    0.37294,
    0.36738,
    0.37518,
    0.37646,
    0.37798,
    0.38234,
    0.38052,
    0.38236,
    0.3827,
    0.3807,
    0.38352,
    0.38568,
    0.38644,
    0.3842,
    0.38892,
    0.39058,
    0.39158,
    0.3889,
    0.38736,
    0.39512,
    0.38922,
    0.39388,
    0.39358,
    0.39518,
    0.38934,
    0.39838,
    0.39364,
    0.3919,
    0.39344,
    0.3939,
    0.39528,
    0.40006,
    0.4003,
    0.3954,
    0.39912,
    0.39668,
    0.39826,
    0.39832,
    0.40068,
    0.40036,
    0.39784,
    0.40256,
    0.3963,
    0.39546,
    0.4009,
    0.40168,
    0.40314,
    0.4008,
    0.39716,
    0.4051,
    0.39832,
    0.40098,
    0.40438,
    0.40362,
    0.40324,
    0.40174,
    0.40136,
    0.40334
  ],
  "test_accuracy": [
    0.1055,
    0.1058,
    0.14889999999999998,
    0.16060000000000002,
    0.1412,
    0.19,
    0.1898,
    0.20750000000000002,
    0.23960000000000004,
    0.2399,
    0.25959999999999994,
    0.26580000000000004,
    0.2787,
    0.2811,
    0.2909,
    0.2751,
    0.302,
    0.3042,
    0.29700000000000004,
    0.3074,
    0.3135,
    0.32280000000000003,
    0.3351,
    0.3283,
    0.3311,
    0.3379,
    0.3374,
    0.334,
    0.3403,
    0.35279999999999995,
    0.36029999999999995,
    0.3557,
    0.3522,
    0.36649999999999994,
    0.3382,
    0.36079999999999995,
    0.3625,
    0.3646,
    0.3638,
    0.3699,
    0.36929999999999996,
    0.3715,
    0.3747,
    0.37249999999999994,
    0.37859999999999994,
    0.37439999999999996,
    0.36619999999999997,
    0.3774,
    0.3754,
    0.37879999999999997,
    0.37889999999999996,
    0.3795,
    0.3882,
    0.3905,
    0.38380000000000003,
    0.3846,
    0.38549999999999995,
    0.37879999999999997,
    0.3941,
    0.3902,
    0.39110000000000006,
    0.3896,
    0.3943,
    0.39250000000000007,
    0.3963,
    0.39380000000000004,
    0.396,
    0.3917,
    0.396,
    0.39349999999999996,
    0.3986,
    0.40120000000000006,
    0.3955000000000001,
    0.40380000000000005,
    0.39699999999999996,
    0.39979999999999993,
    0.39959999999999996,
    0.40310000000000007,
    0.4006,
    0.4042,
    0.4032,
    0.40280000000000005,
    0.4042,
    0.4004,
    0.4016,
    0.4062,
    0.4064,
    0.402,
    0.40449999999999997,
    0.40449999999999997,
    0.40490000000000004,
    0.4001,
    0.4072,
    0.40840000000000004,
    0.4065,
    0.4037,
    0.40330000000000005,
    0.4063,
    0.4063,
    0.4048999999999999
  ]
}