{
  "setting": "setting_11",
  "train_accuracy": [
    0.27766,
    0.26558,
    0.20176,
    0.16588,
    0.15942,
    0.15752,
    0.1564,
    0.15906,
    0.15802,
    0.14054,
    0.13486,
    0.12974,
    0.12932,
    0.12958,
    0.12886,
    0.1273,
    0.127,
    0.12692,
    0.13026,
    0.1285,
    0.1277,
    0.13172,
    0.12644,
    0.12696,
    0.13178,
    0.12652,
    0.13034,
    0.12536,
    0.12334,
    0.12552,
    0.1242,
    0.12248,
    0.1206,
    0.12056,
    0.12298,
    0.11846,
    0.11662,
    0.1201,
    0.11946,
    0.1204,
    0.11822,
    0.11894,
    0.12092,
    0.1179,
    0.1183,
    0.11184,
    0.11332,
    0.11176,
    0.1144,
    0.11232,
    0.11122,
    0.11438,
    0.11232,
    0.1105,
    0.11104,
    0.1095,
    0.11186,
    0.10996,
    0.1105,
    0.10972,
    0.11268,
    0.10948,
    0.10738,
    0.10664,
    0.10914,
    0.10872,
    0.1078,
    0.10796,
    0.10704,
    0.10574,
    0.10804,
    0.1049,
    0.10722,
    0.10636,
    0.10512,
    0.10594,
    0.10388,
    0.1062,
    0.10726,
    0.10626,
    0.10662,
    0.1046,
    0.10294,
    0.10398,
    0.10606,
    0.10334,
    0.1056,
    0.10464,
    0.10452,
    0.10488,
    0.10414,
    0.1033,
    0.10442,
    0.10506,
    0.1033,
    0.10316,
    0.10342,
    0.10254,
    0.10302,
    0.10386
  ],
  "test_accuracy": [
    0.1487,
    0.1612,
    0.12669999999999998,
    0.133,
    0.1016,
    0.10170000000000001,
    0.11179999999999998,
    0.1346,
    0.1131,
    0.1012,
    0.1,
    0.10130000000000002,
    0.10070000000000001,
    0.0984,
    0.1022,
    0.0997,
    0.10010000000000001,
    0.1002,
    0.0999,
    0.10010000000000001,
    0.10030000000000001,
    0.0996,
    0.10070000000000001,
    0.1004,
    0.0996,
    0.1002,
    0.1,
    0.1,
    0.10030000000000001,
    0.0999,
    0.1002,
    0.0997,
    0.0999,
    0.0999,
    0.0998,
    0.0999,
    0.0999,
    0.09999999999999999,
    0.1,
    0.1005,
    0.10010000000000001,
    0.1004,
    0.10030000000000001,
    0.0999,
    0.0999,
    0.1005,
    0.1002,
    0.0998,
    0.1002,
    0.1,
    0.1006,
    0.10010000000000001,
    0.0996,
    0.1002,
    0.10049999999999999,
    0.1,
    0.0999,
    0.10010000000000001,
    0.0999,
    0.10030000000000001,
    0.1004,
    0.10010000000000001,
    0.1,
    0.1,
    0.0998,
    0.1001,
    0.0996,
    0.1002,
    0.0998,
    0.10010000000000001,
    0.09989999999999999,
    0.1002,
    0.10010000000000001,
    0.09989999999999999,
    0.0999,
    0.10010000000000001,
    0.10010000000000001,
    0.1002,
    0.10030000000000001,
    0.1002,
    0.0998,
    0.0999,
    0.1,
    0.10010000000000001,
    0.10030000000000001,
    0.1004,
    0.0999,
    0.1002,
    0.10010000000000001,
    0.0999,
    0.10010000000000001,
    0.1004,
    0.0997,
    0.1002,
    0.1002,
    0.0999,
    0.10010000000000001,
    0.10010000000000001,
    0.0995,
    0.1
  ]
}