{
  "setting": "setting_17",
  "train_accuracy": [
    0.2312,
    0.3326,
    0.35552,
    0.36052,
    0.36236,
    0.37424,
    0.3891,
    0.3838,
    0.3877,
    0.39236,
    0.3956,
    0.3218,
    0.3432,
    0.36896,
    0.37148,
    0.37988,
    0.38384,
    0.3867,
    0.39074,
    0.39342,
    0.39592,
    0.39066,
    0.3914,
    0.40344,
    0.40648,
    0.4057,
    0.40836,
    0.41182,
    0.4161,
    0.41364,
    0.41288,
    0.42632,
    0.42964,
    0.43204,
    0.43356,
    0.43246,
    0.4357,
    0.43244,
    0.44308,
    0.43862,
    0.4482,
    0.44918,
    0.4483,
    0.45094,
    0.45168,
    0.45564,
    0.4628,
    0.45974,
    0.45618,
    0.46156,
    0.46864,
    0.46866,
    0.46338,
    0.46464,
    0.46398,
    0.46574,
    0.46514,
    0.46658,
    0.4735,
    0.47168,
    0.47372,
    0.46982,
    0.4711,
    0.47436,
    0.4753,
    0.47062,
    0.47332,
    0.47884,
    0.47534,
    0.4757,
    0.4749,
    0.47534,
    0.47472,
    0.47798,
    0.47618,
    0.47626,
    0.4764,
    0.48056,
    0.4777,
    0.47876,
    0.47674,
    0.48378,
    0.47702,
    0.4814,
    0.47834,
    0.48348,
    0.4779,
    0.47746,
    0.47812,
    0.48034,
    0.48136,
    0.48634,
    0.48316,
    0.4804,
    0.48018,
    0.48282,
    0.4822,
    0.48262,
    0.48072,
    0.48196
  ],
  "test_accuracy": [
    0.2426,
    0.3105,
    0.3215,
    0.2995,
    0.2876,
    0.34140000000000004,
    0.3477,
    0.33719999999999994,
    0.3488,
    0.3497,
    0.3666,
    0.3054,
    0.3344,
    0.34159999999999996,
    0.3414,
    0.35419999999999996,
    0.3487,
    0.35120000000000007,
    0.3644,
    0.3512,
    0.36819999999999997,
    0.3505,
    0.37939999999999996,
    0.3856,
    0.3905,
    0.3827,
    0.39359999999999995,
    0.3859,
    0.3804,
    0.3823,
    0.38730000000000003,
    0.4029,
    0.40590000000000004,
    0.40709999999999996,
    0.40809999999999996,
    0.41269999999999996,
    0.40990000000000004,
    0.42469999999999997,
    0.4143,
    0.43170000000000003,
    0.4311,
    0.4349,
    0.43,
    0.4305,
    0.437,
    0.43760000000000004,
    0.4408,
    0.4386,
    0.4465,
    0.4527,
    0.44620000000000004,
    0.44589999999999996,
    0.44349999999999995,
    0.4547,
    0.453,
    0.44889999999999997,
    0.4556,
    0.45810000000000006,
    0.4619,
    0.4625,
    0.4612,
    0.45829999999999993,
    0.4649,
    0.4636,
    0.4657,
    0.46299999999999997,
    0.4680000000000001,
    0.466,
    0.4598000000000001,
    0.4716,
    0.46340000000000003,
    0.46080000000000004,
    0.4659,
    0.4652,
    0.4691000000000001,
    0.475,
    0.4662,
    0.4708,
    0.47519999999999996,
    0.47479999999999994,
    0.4766,
    0.46880000000000005,
    0.473,
    0.4716,
    0.47339999999999993,
    0.4782,
    0.4697,
    0.47409999999999997,
    0.4742,
    0.47450000000000003,
    0.4798,
    0.47459999999999997,
    0.47850000000000004,
    0.4795,
    0.47220000000000006,
    0.4761,
    0.47409999999999997,
    0.4707,
    0.4807999999999999,
    0.4772
  ]
}