{
  "setting": "setting_18",
  "train_accuracy": [
    0.13774,
    0.22522,
    0.27848,
    0.31106,
    0.34124,
    0.35762,
    0.37968,
    0.38836,
    0.40522,
    0.42238,
    0.44228,
    0.4497,
    0.45216,
    0.46474,
    0.47038,
    0.47948,
    0.48562,
    0.48896,
    0.49272,
    0.498,
    0.51058,
    0.50868,
    0.51208,
    0.51548,
    0.52328,
    0.5296,
    0.52708,
    0.52566,
    0.53034,
    0.53626,
    0.53974,
    0.54,
    0.546,
    0.5394,
    0.54378,
    0.54776,
    0.54752,
    0.55096,
    0.555,
    0.55334,
    0.55386,
    0.55698,
    0.55688,
    0.56372,
    0.56022,
    0.565,
    0.56546,
    0.56464,
    0.5643,
    0.56684,
    0.56944,
    0.5718,
    0.57416,
    0.57192,
    0.57836,
    0.57294,
    0.5733,
    0.5774,
    0.57312,
    0.57752,
    0.57788,
    0.57758,
    0.58048,
    0.58006,
    0.58182,
    0.5786,
    0.58094,
    0.58544,
    0.57976,
    0.58616,
    0.58506,
    0.57968,
    0.58362,
    0.5861,
    0.59104,
    0.58342,
    0.58672,
    0.58594,
    0.58716,
    0.58552,
    0.58916,
    0.5889,
    0.58794,
    0.58648,
    0.5899,
    0.58904,
    0.58924,
    0.58982,
    0.5926,
    0.58658,
    0.59204,
    0.58888,
    0.58858,
    0.5881,
    0.5895,
    0.58908,
    0.59188,
    0.59248,
    0.58736,
    0.58998
  ],
  "test_accuracy": [
    0.1742,
    0.2102,
    0.24459999999999998,
    0.2838,
    0.2848,
    0.296,
    0.32849999999999996,
    0.31160000000000004,
    0.3766,
    0.30300000000000005,
    0.3593,
    0.41150000000000003,
    0.398,
    0.417,
    0.4157,
    0.4141,
    0.4361,
    0.46670000000000006,
    0.4474,
    0.4243,
    0.4598999999999999,
    0.4720000000000001,
    0.41770000000000007,
    0.46640000000000004,
    0.4542,
    0.4655,
    0.4812,
    0.4946,
    0.49560000000000004,
    0.5073000000000001,
    0.5001,
    0.491,
    0.5023,
    0.5096,
    0.5156,
    0.5174,
    0.4666,
    0.5052,
    0.5233000000000001,
    0.5286000000000001,
    0.5236,
    0.5359,
    0.5174,
    0.5272,
    0.5324000000000001,
    0.5348999999999999,
    0.5441,
    0.5276,
    0.5351,
    0.5424,
    0.5486000000000001,
    0.5375,
    0.5479,
    0.5514,
    0.5401,
    0.5478,
    0.5507,
    0.5406000000000001,
    0.5589999999999999,
    0.5594,
    0.5567,
    0.562,
    0.5611,
    0.5598,
    0.5679000000000001,
    0.5689,
    0.5572000000000001,
    0.5702,
    0.5689,
    0.5643,
    0.5673000000000001,
    0.5678,
    0.5666,
    0.5714,
    0.5664999999999999,
    0.5714999999999999,
    0.5689,
    0.5738999999999999,
    0.5740000000000001,
    0.5771999999999999,
    0.5772,
    0.5731999999999999,
    0.5692999999999999,
    0.5721999999999999,
    0.5763999999999999,
    0.5782,
    0.5771,
    0.5821999999999999,
    0.5784,
    0.5843,
    0.5785,
    0.5810000000000001,
    0.5761999999999999,
    0.5828,
    0.5776,
    0.5780999999999998,
    0.5796,
    0.576,
    0.5839000000000001,
    0.5811
  ]
}