{
  "setting": "setting_9",
  "train_accuracy": [
    0.1101,
    0.12588,
    0.15032,
    0.18546,
    0.2206,
    0.25018,
    0.2596,
    0.2777,
    0.28596,
    0.29768,
    0.31192,
    0.3156,
    0.3236,
    0.33212,
    0.33442,
    0.34768,
    0.35086,
    0.35806,
    0.36638,
    0.36834,
    0.37466,
    0.37894,
    0.38688,
    0.38816,
    0.39542,
    0.3922,
    0.40236,
    0.41002,
    0.41066,
    0.41232,
    0.41738,
    0.41808,
    0.42428,
    0.4265,
    0.42452,
    0.43186,
    0.43504,
    0.43584,
    0.43848,
    0.44076,
    0.43998,
    0.44862,
    0.44832,
    0.45102,
    0.45182,
    0.45396,
    0.45644,
    0.4582,
    0.46236,
    0.46198,
    0.46204,
    0.4615,
    0.46172,
    0.46932,
    0.46976,
    0.46306,
    0.46474,
    0.47206,
    0.4708,
    0.46948,
    0.4679,
    0.4723,
    0.47346,
    0.47298,
    0.47462,
    0.47378,
    0.47486,
    0.472,
    0.47562,
    0.4804,
    0.47492,
    0.47862,
    0.47886,
    0.47716,
    0.47576,
    0.47664,
    0.47716,
    0.47992,
    0.47862,
    0.47882,
    0.47842,
    0.4801,
    0.47974,
    0.47868,
    0.47824,
    0.4812,
    0.47646,
    0.47868,
    0.48068,
    0.48392,
    0.48102,
    0.48214,
    0.48258,
    0.4803,
    0.48732,
    0.48114,
    0.48076,
    0.48318,
    0.47988,
    0.48108
  ],
  "test_accuracy": [
    0.1068,
    0.14909999999999998,
    0.1708,
    0.2009,
    0.23220000000000002,
    0.25960000000000005,
    0.25660000000000005,
    0.26580000000000004,
    0.3007,
    0.3033,
    0.31039999999999995,
    0.3283,
    0.2975,
    0.32789999999999997,
    0.3461000000000001,
    0.34800000000000003,
    0.35519999999999996,
    0.3357,
    0.36819999999999997,
    0.3666,
    0.38180000000000003,
    0.376,
    0.38330000000000003,
    0.3955,
    0.4015000000000001,
    0.3963,
    0.40280000000000005,
    0.4065,
    0.4104,
    0.40549999999999997,
    0.40859999999999996,
    0.41259999999999997,
    0.4035,
    0.42989999999999995,
    0.4236,
    0.4253,
    0.42829999999999996,
    0.4307,
    0.4337,
    0.4364,
    0.42749999999999994,
    0.44299999999999995,
    0.4479,
    0.4438,
    0.4429,
    0.4508,
    0.4422,
    0.4469,
    0.453,
    0.4521,
    0.45909999999999995,
    0.4542,
    0.46209999999999996,
    0.4607,
    0.46340000000000003,
    0.4572000000000001,
    0.4676000000000001,
    0.46630000000000005,
    0.46320000000000006,
    0.4697,
    0.471,
    0.4683,
    0.46869999999999995,
    0.47309999999999997,
    0.4706,
    0.47220000000000006,
    0.4721,
    0.4746,
    0.475,
    0.47030000000000005,
    0.47459999999999997,
    0.47189999999999993,
    0.47120000000000006,
    0.4771000000000001,
    0.4744999999999999,
    0.4746,
    0.47539999999999993,
    0.47189999999999993,
    0.475,
    0.47569999999999996,
    0.48229999999999995,
    0.47969999999999996,
    0.48179999999999995,
    0.47650000000000003,
    0.48040000000000005,
    0.47969999999999996,
    0.4763,
    0.4784,
    0.4809,
    0.47730000000000006,
    0.48360000000000003,
    0.4817,
    0.48319999999999996,
    0.48250000000000004,
    0.4837000000000001,
    0.47909999999999997,
    0.48719999999999997,
    0.48250000000000004,
    0.4869,
    0.4826
  ]
}