{
  "setting": "setting_25",
  "train_accuracy": [
    0.10156,
    0.106,
    0.12432,
    0.13544,
    0.14314,
    0.15648,
    0.17482,
    0.17108,
    0.1772,
    0.1885,
    0.20002,
    0.22168,
    0.2268,
    0.23118,
    0.23644,
    0.24478,
    0.25254,
    0.2597,
    0.26442,
    0.2642,
    0.26806,
    0.27464,
    0.27638,
    0.2801,
    0.28584,
    0.2861,
    0.2869,
    0.29558,
    0.29594,
    0.2976,
    0.29954,
    0.30482,
    0.30676,
    0.3107,
    0.31142,
    0.31158,
    0.31226,
    0.31694,
    0.3216,
    0.31714,
    0.31654,
    0.32034,
    0.32442,
    0.32014,
    0.32716,
    0.32712,
    0.32836,
    0.3302,
    0.33212,
    0.33016,
    0.33334,
    0.33152,
    0.33282,
    0.33618,
    0.3358,
    0.33158,
    0.3376,
    0.33856,
    0.33656,
    0.33504,
    0.33382,
    0.33962,
    0.33672,
    0.34086,
    0.33986,
    0.3407,
    0.33794,
    0.3417,
    0.33912,
    0.33576,
    0.33644,
    0.33854,
    0.34052,
    0.3435,
    0.3426,
    0.33798,
    0.34334,
    0.34166,
    0.34092,
    0.34068,
    0.34338,
    0.34126,
    0.3419,
    0.34786,
    0.34466,
    0.33812,
    0.3438,
    0.34226,
    0.34442,
    0.34496,
    0.34312,
    0.34634,
    0.34338,
    0.34266,
    0.34578,
    0.34792,
    0.34522,
    0.34492,
    0.34348,
    0.34504
  ],
  "test_accuracy": [
    0.0999,
    0.13640000000000002,
    0.1325,
    0.1465,
    0.13799999999999998,
    0.1716,
    0.16870000000000002,
    0.1737,
    0.1865,
    0.1963,
    0.21149999999999997,
    0.2312,
    0.2352,
    0.23370000000000002,
    0.2548,
    0.2605,
    0.2645,
    0.2625,
    0.26220000000000004,
    0.2694,
    0.27840000000000004,
    0.27890000000000004,
    0.2792,
    0.28700000000000003,
    0.2879,
    0.2924,
    0.2999,
    0.30319999999999997,
    0.30129999999999996,
    0.30569999999999997,
    0.30910000000000004,
    0.30979999999999996,
    0.30700000000000005,
    0.3175,
    0.3189,
    0.3212,
    0.31510000000000005,
    0.31699999999999995,
    0.3219,
    0.324,
    0.32309999999999994,
    0.32830000000000004,
    0.33089999999999997,
    0.32609999999999995,
    0.3391,
    0.3347,
    0.3305,
    0.34009999999999996,
    0.3358,
    0.33799999999999997,
    0.3371,
    0.333,
    0.34440000000000004,
    0.3386,
    0.3418,
    0.33740000000000003,
    0.34209999999999996,
    0.33930000000000005,
    0.3432,
    0.34130000000000005,
    0.3518,
    0.34419999999999995,
    0.34479999999999994,
    0.3437,
    0.34609999999999996,
    0.3444,
    0.344,
    0.3406,
    0.3453,
    0.34329999999999994,
    0.3451,
    0.352,
    0.3427,
    0.3452,
    0.34630000000000005,
    0.3498,
    0.3484,
    0.3492,
    0.3518,
    0.35209999999999997,
    0.34500000000000003,
    0.3533,
    0.3512,
    0.3488,
    0.3516,
    0.35209999999999997,
    0.3512,
    0.3507,
    0.35250000000000004,
    0.3472,
    0.34930000000000005,
    0.35169999999999996,
    0.34940000000000004,
    0.3543,
    0.35319999999999996,
    0.3478,
    0.35250000000000004,
    0.35129999999999995,
    0.34850000000000003,
    0.35239999999999994
  ]
}