{
  "setting": "setting_28",
  "train_accuracy": [
    0.18424,
    0.27062,
    0.29368,
    0.31386,
    0.33118,
    0.33526,
    0.34268,
    0.35292,
    0.35908,
    0.34882,
    0.32778,
    0.34528,
    0.36238,
    0.35988,
    0.36792,
    0.36698,
    0.36968,
    0.36912,
    0.37344,
    0.37106,
    0.36972,
    0.3702,
    0.37748,
    0.38232,
    0.38246,
    0.38522,
    0.39016,
    0.378,
    0.38564,
    0.3895,
    0.39186,
    0.39738,
    0.40112,
    0.3978,
    0.40144,
    0.40652,
    0.40368,
    0.40804,
    0.40828,
    0.413,
    0.4156,
    0.41386,
    0.41876,
    0.42334,
    0.42364,
    0.4233,
    0.42614,
    0.42836,
    0.43032,
    0.42954,
    0.4356,
    0.43308,
    0.43778,
    0.43496,
    0.43576,
    0.43902,
    0.442,
    0.44046,
    0.44242,
    0.44058,
    0.44262,
    0.44194,
    0.44112,
    0.44536,
    0.44376,
    0.4476,
    0.44314,
    0.44408,
    0.44692,
    0.44876,
    0.44752,
    0.45098,
    0.44978,
    0.45584,
    0.4537,
    0.45222,
    0.4571,
    0.4568,
    0.45326,
    0.45536,
    0.45744,
    0.45376,
    0.45632,
    0.45596,
    0.4531,
    0.45518,
    0.4549,
    0.4555,
    0.45366,
    0.4524,
    0.45594,
    0.45862,
    0.45878,
    0.45624,
    0.45896,
    0.45988,
    0.4609,
    0.45642,
    0.45912,
    0.46024
  ],
  "test_accuracy": [
    0.18660000000000002,
    0.22760000000000002,
    0.20220000000000002,
    0.2519,
    0.2834,
    0.253,
    0.2585,
    0.2952,
    0.2973,
    0.1826,
    0.30369999999999997,
    0.32339999999999997,
    0.30460000000000004,
    0.3137,
    0.3368,
    0.31320000000000003,
    0.3473,
    0.32419999999999993,
    0.3494,
    0.3095,
    0.33469999999999994,
    0.3376,
    0.35879999999999995,
    0.3597,
    0.35090000000000005,
    0.3614,
    0.3732,
    0.3194,
    0.3575,
    0.3693000000000001,
    0.3739,
    0.37229999999999996,
    0.36540000000000006,
    0.3808000000000001,
    0.393,
    0.3942,
    0.35910000000000003,
    0.3941,
    0.3853,
    0.3968,
    0.3713,
    0.4018,
    0.4037,
    0.4124,
    0.4196,
    0.4067,
    0.40990000000000004,
    0.3955,
    0.41180000000000005,
    0.41720000000000007,
    0.4236,
    0.41929999999999995,
    0.41769999999999996,
    0.4226,
    0.4138,
    0.43149999999999994,
    0.4290999999999999,
    0.4305999999999999,
    0.4298,
    0.4293,
    0.4318000000000001,
    0.437,
    0.43130000000000007,
    0.4393000000000001,
    0.4396,
    0.4372,
    0.43450000000000005,
    0.43929999999999997,
    0.4436,
    0.4423,
    0.4465,
    0.44539999999999996,
    0.4425,
    0.4424,
    0.4464,
    0.4485,
    0.446,
    0.45389999999999997,
    0.44939999999999997,
    0.4527000000000001,
    0.4483,
    0.4537,
    0.44989999999999997,
    0.45509999999999995,
    0.45780000000000004,
    0.44889999999999997,
    0.44420000000000004,
    0.4586,
    0.4499000000000001,
    0.4474,
    0.4598,
    0.45400000000000007,
    0.45709999999999995,
    0.45780000000000004,
    0.46040000000000003,
    0.45640000000000003,
    0.45830000000000004,
    0.4582,
    0.45549999999999996,
    0.4622
  ]
}