{
  "setting": "setting_20",
  "train_accuracy": [
    0.10006,
    0.11078,
    0.11286,
    0.13128,
    0.14084,
    0.1578,
    0.16824,
    0.17274,
    0.1813,
    0.19408,
    0.2084,
    0.21996,
    0.23128,
    0.23846,
    0.24588,
    0.25042,
    0.25474,
    0.2604,
    0.26316,
    0.26648,
    0.27198,
    0.27354,
    0.27812,
    0.28174,
    0.28506,
    0.29058,
    0.29084,
    0.29652,
    0.29836,
    0.30098,
    0.30224,
    0.30512,
    0.30768,
    0.30666,
    0.31006,
    0.31128,
    0.31358,
    0.3143,
    0.31462,
    0.31742,
    0.31502,
    0.32002,
    0.32102,
    0.32006,
    0.32182,
    0.32292,
    0.32308,
    0.32566,
    0.32654,
    0.32694,
    0.3258,
    0.32864,
    0.32852,
    0.32972,
    0.33176,
    0.3314,
    0.33324,
    0.33152,
    0.33402,
    0.3332,
    0.33446,
    0.3338,
    0.33396,
    0.3368,
    0.33576,
    0.33708,
    0.33826,
    0.3357,
    0.33656,
    0.33862,
    0.33726,
    0.33612,
    0.33918,
    0.33832,
    0.33968,
    0.3384,
    0.33846,
    0.3377,
    0.33778,
    0.33998,
    0.34008,
    0.3414,
    0.34174,
    0.33988,
    0.34318,
    0.33958,
    0.34112,
    0.34208,
    0.34202,
    0.34002,
    0.34252,
    0.34312,
    0.34306,
    0.34106,
    0.34384,
    0.34428,
    0.34256,
    0.34334,
    0.34194,
    0.34434
  ],
  "test_accuracy": [
    0.10030000000000001,
    0.12409999999999999,
    0.12179999999999999,
    0.1443,
    0.14439999999999997,
    0.1692,
    0.1685,
    0.17509999999999998,
    0.19060000000000002,
    0.20939999999999998,
    0.21820000000000003,
    0.23610000000000003,
    0.2323,
    0.2508,
    0.24990000000000007,
    0.26530000000000004,
    0.2669,
    0.26539999999999997,
    0.27,
    0.2732,
    0.2812,
    0.2853,
    0.2807,
    0.2873,
    0.2961,
    0.29460000000000003,
    0.3033,
    0.3075,
    0.29989999999999994,
    0.3048,
    0.3143,
    0.30910000000000004,
    0.31039999999999995,
    0.3166,
    0.3194,
    0.319,
    0.3199,
    0.32260000000000005,
    0.3202,
    0.321,
    0.327,
    0.3256,
    0.3284,
    0.3301,
    0.3306,
    0.33290000000000003,
    0.32710000000000006,
    0.33130000000000004,
    0.33100000000000007,
    0.3342,
    0.3367,
    0.32999999999999996,
    0.3398,
    0.3378,
    0.33830000000000005,
    0.3383,
    0.3436,
    0.3399,
    0.3445,
    0.3385000000000001,
    0.3511,
    0.34229999999999994,
    0.34419999999999995,
    0.3383,
    0.3418,
    0.3399,
    0.3406,
    0.3376,
    0.3419,
    0.3429,
    0.343,
    0.3488,
    0.3426,
    0.3427,
    0.3433,
    0.3497,
    0.3478,
    0.3468,
    0.3498,
    0.3513,
    0.3442,
    0.3519,
    0.34819999999999995,
    0.3485,
    0.3518,
    0.3513,
    0.35079999999999995,
    0.3516,
    0.3487,
    0.3459,
    0.34740000000000004,
    0.3498,
    0.3516,
    0.35280000000000006,
    0.3506,
    0.34839999999999993,
    0.35309999999999997,
    0.3475,
    0.3476,
    0.3514
  ]
}