{
  "setting": "setting_9",
  "train_accuracy": [
    0.10944,
    0.12994,
    0.15136,
    0.1837,
    0.22072,
    0.24448,
    0.26202,
    0.27422,
    0.29076,
    0.30182,
    0.31098,
    0.31652,
    0.3239,
    0.32686,
    0.3377,
    0.34028,
    0.3514,
    0.35346,
    0.36026,
    0.3639,
    0.36618,
    0.37748,
    0.3779,
    0.38538,
    0.38764,
    0.38856,
    0.3955,
    0.3965,
    0.39918,
    0.40466,
    0.4071,
    0.41016,
    0.41326,
    0.4113,
    0.4173,
    0.4201,
    0.41924,
    0.42642,
    0.4275,
    0.43052,
    0.43264,
    0.43408,
    0.43528,
    0.44016,
    0.43596,
    0.4396,
    0.4411,
    0.44244,
    0.44382,
    0.44434,
    0.44394,
    0.44732,
    0.44708,
    0.44678,
    0.44878,
    0.44986,
    0.45028,
    0.45126,
    0.44988,
    0.45438,
    0.45436,
    0.45122,
    0.45452,
    0.45346,
    0.45516,
    0.4587,
    0.45378,
    0.45498,
    0.45608,
    0.45682,
    0.4571,
    0.45756,
    0.45802,
    0.45936,
    0.45854,
    0.4613,
    0.46,
    0.46014,
    0.45932,
    0.45776,
    0.46014,
    0.46056,
    0.461,
    0.46002,
    0.45942,
    0.46074,
    0.4631,
    0.46382,
    0.462,
    0.46164,
    0.46208,
    0.4622,
    0.46184,
    0.46226,
    0.46188,
    0.4628,
    0.46506,
    0.46124,
    0.46302,
    0.46132
  ],
  "test_accuracy": [
    0.1264,
    0.14520000000000002,
    0.16509999999999997,
    0.2085,
    0.22949999999999998,
    0.2534,
    0.2419,
    0.2912,
    0.2843,
    0.31290000000000007,
    0.31670000000000004,
    0.3322,
    0.333,
    0.3122,
    0.33840000000000003,
    0.3275,
    0.35609999999999997,
    0.3559,
    0.3626,
    0.36869999999999997,
    0.3539,
    0.3749,
    0.374,
    0.3813,
    0.3851,
    0.38910000000000006,
    0.39180000000000004,
    0.3949,
    0.3941,
    0.4024,
    0.4006,
    0.404,
    0.4079,
    0.39180000000000004,
    0.40889999999999993,
    0.4222,
    0.40809999999999996,
    0.4242,
    0.4293,
    0.42519999999999997,
    0.4175,
    0.43439999999999995,
    0.4168,
    0.4309,
    0.43229999999999996,
    0.4298,
    0.4316,
    0.4274,
    0.4446,
    0.44220000000000004,
    0.4431,
    0.44239999999999996,
    0.4462,
    0.43979999999999997,
    0.4427,
    0.4467,
    0.4508,
    0.4535,
    0.4504,
    0.45409999999999995,
    0.45620000000000005,
    0.4467,
    0.4495,
    0.45780000000000004,
    0.4554,
    0.4553999999999999,
    0.46349999999999997,
    0.4582,
    0.46180000000000004,
    0.4558,
    0.45709999999999995,
    0.45570000000000005,
    0.45899999999999996,
    0.4556,
    0.462,
    0.45970000000000005,
    0.4574,
    0.4504,
    0.4565,
    0.46180000000000004,
    0.4627,
    0.4626,
    0.46519999999999995,
    0.46060000000000006,
    0.466,
    0.46319999999999995,
    0.46130000000000004,
    0.4641,
    0.46270000000000006,
    0.46319999999999995,
    0.4638,
    0.46130000000000004,
    0.45999999999999996,
    0.46369999999999995,
    0.4664,
    0.466,
    0.466,
    0.46240000000000003,
    0.46790000000000004,
    0.4662
  ]
}