{
  "setting": "setting_22",
  "train_accuracy": [
    0.23302,
    0.3137,
    0.32562,
    0.33074,
    0.3228,
    0.31624,
    0.31328,
    0.30678,
    0.3037,
    0.3061,
    0.30408,
    0.28926,
    0.27904,
    0.27416,
    0.26958,
    0.2798,
    0.28492,
    0.28796,
    0.27974,
    0.28366,
    0.29446,
    0.30008,
    0.30164,
    0.30418,
    0.30488,
    0.308,
    0.31502,
    0.31376,
    0.31722,
    0.31872,
    0.32232,
    0.32796,
    0.32996,
    0.32598,
    0.3324,
    0.33108,
    0.33728,
    0.3322,
    0.33348,
    0.33614,
    0.33564,
    0.3417,
    0.33684,
    0.34184,
    0.3442,
    0.34798,
    0.34688,
    0.34662,
    0.35024,
    0.34934,
    0.35204,
    0.34964,
    0.3494,
    0.35,
    0.35238,
    0.35506,
    0.3538,
    0.3573,
    0.35984,
    0.36048,
    0.35594,
    0.35816,
    0.3571,
    0.35628,
    0.36046,
    0.36414,
    0.36148,
    0.36046,
    0.3612,
    0.3618,
    0.3643,
    0.36104,
    0.36228,
    0.36298,
    0.3634,
    0.36292,
    0.36802,
    0.3651,
    0.36348,
    0.36416,
    0.36738,
    0.3663,
    0.36574,
    0.36636,
    0.36614,
    0.3666,
    0.36684,
    0.36942,
    0.36812,
    0.36696,
    0.37314,
    0.37032,
    0.36824,
    0.36748,
    0.36682,
    0.367,
    0.3668,
    0.3649,
    0.36552,
    0.36912
  ],
  "test_accuracy": [
    0.23369999999999996,
    0.2784,
    0.25620000000000004,
    0.2909,
    0.29669999999999996,
    0.27780000000000005,
    0.2858,
    0.29109999999999997,
    0.2598,
    0.2711,
    0.27440000000000003,
    0.28099999999999997,
    0.26539999999999997,
    0.25020000000000003,
    0.2468,
    0.2662,
    0.2677,
    0.2752,
    0.2516,
    0.2777,
    0.289,
    0.27829999999999994,
    0.2753,
    0.2893,
    0.2959,
    0.294,
    0.2979,
    0.30179999999999996,
    0.2914,
    0.311,
    0.28830000000000006,
    0.303,
    0.3053,
    0.3097,
    0.32110000000000005,
    0.3095,
    0.31970000000000004,
    0.3177,
    0.3091,
    0.32480000000000003,
    0.3294,
    0.3229,
    0.34159999999999996,
    0.32999999999999996,
    0.32609999999999995,
    0.33599999999999997,
    0.3371,
    0.33680000000000004,
    0.33390000000000003,
    0.3358,
    0.34199999999999997,
    0.35269999999999996,
    0.3485,
    0.33869999999999995,
    0.34070000000000006,
    0.3497,
    0.35239999999999994,
    0.34249999999999997,
    0.34819999999999995,
    0.3453,
    0.3498,
    0.3485,
    0.3538,
    0.353,
    0.3428,
    0.3558,
    0.34900000000000003,
    0.3606,
    0.3491,
    0.35469999999999996,
    0.361,
    0.3563,
    0.3612,
    0.3637,
    0.35819999999999996,
    0.35629999999999995,
    0.354,
    0.3636,
    0.3686,
    0.3649,
    0.36150000000000004,
    0.35940000000000005,
    0.3641,
    0.3575,
    0.36219999999999997,
    0.3664,
    0.36079999999999995,
    0.36920000000000003,
    0.3722,
    0.3731,
    0.36400000000000005,
    0.3628,
    0.36150000000000004,
    0.3619,
    0.3721,
    0.36970000000000003,
    0.3646999999999999,
    0.37370000000000003,
    0.3674,
    0.36979999999999996
  ]
}