{
  "setting": "setting_2",
  "train_accuracy": [
    0.2089,
    0.32462,
    0.3741,
    0.40234,
    0.4226,
    0.4387,
    0.45364,
    0.45672,
    0.46218,
    0.47404,
    0.4711,
    0.47626,
    0.47672,
    0.4836,
    0.49084,
    0.4929,
    0.49132,
    0.49896,
    0.5053,
    0.50746,
    0.5078,
    0.51016,
    0.51532,
    0.50308,
    0.52038,
    0.52362,
    0.52962,
    0.53262,
    0.53222,
    0.53596,
    0.53836,
    0.53906,
    0.54224,
    0.54472,
    0.54926,
    0.54666,
    0.5491,
    0.55226,
    0.5527,
    0.55744,
    0.55848,
    0.55994,
    0.55922,
    0.56282,
    0.5604,
    0.5653,
    0.56448,
    0.56782,
    0.56702,
    0.56826,
    0.56814,
    0.56878,
    0.56964,
    0.57126,
    0.56896,
    0.57246,
    0.57564,
    0.57714,
    0.57904,
    0.5769,
    0.57654,
    0.5786,
    0.57994,
    0.57868,
    0.57942,
    0.57964,
    0.58078,
    0.57894,
    0.58222,
    0.58002,
    0.5788,
    0.58284,
    0.5832,
    0.58032,
    0.58334,
    0.58122,
    0.5812,
    0.58374,
    0.58352,
    0.58468,
    0.5848,
    0.58294,
    0.5835,
    0.58266,
    0.5865,
    0.583,
    0.58482,
    0.5856,
    0.5838,
    0.58258,
    0.58434,
    0.58344,
    0.58448,
    0.5849,
    0.58464,
    0.58756,
    0.58446,
    0.58398,
    0.58818,
    0.58368
  ],
  "test_accuracy": [
    0.2104,
    0.29579999999999995,
    0.33930000000000005,
    0.3367,
    0.305,
    0.3561,
    0.40149999999999997,
    0.40519999999999995,
    0.4112,
    0.41419999999999996,
    0.4189,
    0.4372,
    0.4288,
    0.38970000000000005,
    0.4526,
    0.42590000000000006,
    0.46030000000000004,
    0.4523999999999999,
    0.46019999999999994,
    0.45309999999999995,
    0.4681,
    0.47139999999999993,
    0.49040000000000006,
    0.48650000000000004,
    0.48810000000000003,
    0.4867,
    0.5062,
    0.5039,
    0.5031000000000001,
    0.5141,
    0.508,
    0.5055,
    0.5088,
    0.5179,
    0.5186000000000001,
    0.5255,
    0.5248000000000002,
    0.5264,
    0.5305000000000001,
    0.5314000000000001,
    0.5286000000000001,
    0.5377,
    0.5361,
    0.544,
    0.545,
    0.5340999999999999,
    0.5483,
    0.5351,
    0.54,
    0.5500999999999999,
    0.5548000000000001,
    0.5524,
    0.5504,
    0.5553,
    0.5532000000000001,
    0.5531,
    0.562,
    0.5636,
    0.5604,
    0.5641,
    0.5604,
    0.5633999999999999,
    0.5668,
    0.5626,
    0.5693999999999999,
    0.5662999999999999,
    0.5666,
    0.5655999999999999,
    0.5679,
    0.5656000000000001,
    0.5706999999999999,
    0.5702999999999999,
    0.5650999999999999,
    0.5683,
    0.5717000000000001,
    0.5713,
    0.5711,
    0.5739,
    0.5756999999999999,
    0.5713,
    0.5704999999999999,
    0.5764,
    0.5769,
    0.5792,
    0.5799,
    0.5751,
    0.5714,
    0.5766,
    0.5745,
    0.5787,
    0.573,
    0.5814,
    0.5744999999999999,
    0.5806000000000001,
    0.5797999999999999,
    0.5803999999999999,
    0.5778999999999999,
    0.5778000000000001,
    0.5797,
    0.5864999999999999
  ]
}