{
  "setting": "setting_29",
  "train_accuracy": [
    0.10594,
    0.1722,
    0.23312,
    0.2615,
    0.2813,
    0.29566,
    0.31678,
    0.33022,
    0.345,
    0.35172,
    0.36894,
    0.37512,
    0.38256,
    0.39038,
    0.39284,
    0.40608,
    0.41304,
    0.41674,
    0.42454,
    0.43114,
    0.4348,
    0.43874,
    0.44602,
    0.44878,
    0.45076,
    0.45214,
    0.45438,
    0.45938,
    0.45914,
    0.46462,
    0.4663,
    0.469,
    0.47106,
    0.47224,
    0.47682,
    0.47952,
    0.48136,
    0.4848,
    0.4873,
    0.48834,
    0.48816,
    0.49044,
    0.49366,
    0.49458,
    0.49584,
    0.49758,
    0.49854,
    0.4971,
    0.49772,
    0.50002,
    0.49914,
    0.50352,
    0.50258,
    0.50176,
    0.50732,
    0.50596,
    0.5063,
    0.50634,
    0.50794,
    0.50958,
    0.50814,
    0.51042,
    0.50958,
    0.5104,
    0.51208,
    0.51476,
    0.5108,
    0.51214,
    0.51034,
    0.51596,
    0.51484,
    0.5143,
    0.51706,
    0.51362,
    0.51804,
    0.5178,
    0.51798,
    0.51694,
    0.51684,
    0.51654,
    0.51486,
    0.51886,
    0.51904,
    0.5199,
    0.51728,
    0.51772,
    0.51776,
    0.52082,
    0.52026,
    0.51886,
    0.5186,
    0.5203,
    0.51884,
    0.52088,
    0.52116,
    0.5206,
    0.52116,
    0.51876,
    0.52314,
    0.51834
  ],
  "test_accuracy": [
    0.12589999999999998,
    0.20390000000000003,
    0.2319,
    0.2664,
    0.27949999999999997,
    0.2791,
    0.3078,
    0.32610000000000006,
    0.3556,
    0.3007,
    0.3592,
    0.377,
    0.38730000000000003,
    0.39760000000000006,
    0.3949,
    0.39959999999999996,
    0.3901,
    0.4062,
    0.38039999999999996,
    0.42489999999999994,
    0.41459999999999997,
    0.4205,
    0.43689999999999996,
    0.4243,
    0.4356999999999999,
    0.4394,
    0.4384,
    0.44530000000000003,
    0.43529999999999996,
    0.4521,
    0.45050000000000007,
    0.4652,
    0.4643,
    0.45899999999999996,
    0.4607,
    0.477,
    0.4619,
    0.46820000000000006,
    0.4748,
    0.47350000000000014,
    0.4845,
    0.48410000000000003,
    0.48410000000000003,
    0.48410000000000003,
    0.4885,
    0.4843,
    0.48640000000000005,
    0.48310000000000003,
    0.493,
    0.4923,
    0.49349999999999994,
    0.4951,
    0.4939,
    0.4944,
    0.5025000000000001,
    0.4901000000000001,
    0.4978000000000001,
    0.49850000000000005,
    0.5007,
    0.5065000000000001,
    0.5011,
    0.4999999999999999,
    0.5029,
    0.5046999999999999,
    0.5071,
    0.49990000000000007,
    0.49850000000000005,
    0.5072,
    0.5073000000000001,
    0.5085999999999999,
    0.507,
    0.5020999999999999,
    0.5083,
    0.5104,
    0.5105000000000001,
    0.5078,
    0.5083000000000001,
    0.5076,
    0.5056999999999999,
    0.5101,
    0.5105999999999999,
    0.5086,
    0.5137,
    0.5082000000000001,
    0.5134,
    0.5126,
    0.5136999999999999,
    0.5146000000000001,
    0.5111,
    0.5131000000000001,
    0.5161,
    0.5095,
    0.5157,
    0.5153000000000001,
    0.5165000000000001,
    0.5124000000000001,
    0.5152000000000001,
    0.514,
    0.5143,
    0.5146
  ]
}