{
  "setting": "setting_24",
  "train_accuracy": [
    0.10454,
    0.12454,
    0.16186,
    0.20378,
    0.23816,
    0.2619,
    0.27886,
    0.29344,
    0.3073,
    0.31584,
    0.3265,
    0.338,
    0.34796,
    0.3485,
    0.36262,
    0.36496,
    0.37122,
    0.37466,
    0.38374,
    0.38664,
    0.38642,
    0.39768,
    0.39666,
    0.39882,
    0.40272,
    0.40546,
    0.41046,
    0.41762,
    0.4182,
    0.42132,
    0.42382,
    0.422,
    0.42836,
    0.42684,
    0.43188,
    0.433,
    0.435,
    0.44208,
    0.44186,
    0.4425,
    0.4468,
    0.44672,
    0.44834,
    0.45216,
    0.45058,
    0.45288,
    0.45444,
    0.45698,
    0.45708,
    0.45706,
    0.45836,
    0.46008,
    0.46104,
    0.46084,
    0.46322,
    0.4627,
    0.46288,
    0.46536,
    0.46448,
    0.46778,
    0.46758,
    0.4669,
    0.46798,
    0.4677,
    0.46722,
    0.47108,
    0.46726,
    0.46776,
    0.4709,
    0.47394,
    0.47232,
    0.47334,
    0.4742,
    0.4735,
    0.47102,
    0.47258,
    0.47416,
    0.47562,
    0.47382,
    0.4735,
    0.47506,
    0.47484,
    0.47534,
    0.47496,
    0.4763,
    0.47604,
    0.47466,
    0.47678,
    0.4768,
    0.47508,
    0.47548,
    0.47732,
    0.47352,
    0.47566,
    0.47538,
    0.47634,
    0.48082,
    0.4765,
    0.47584,
    0.47626
  ],
  "test_accuracy": [
    0.11309999999999998,
    0.1554,
    0.1923,
    0.2313,
    0.24779999999999996,
    0.2665,
    0.2657,
    0.29889999999999994,
    0.28930000000000006,
    0.32449999999999996,
    0.32300000000000006,
    0.3006,
    0.3548,
    0.3412,
    0.3626,
    0.3509,
    0.37120000000000003,
    0.36760000000000004,
    0.3805,
    0.3887,
    0.3712000000000001,
    0.3869,
    0.3893,
    0.395,
    0.40099999999999997,
    0.4077,
    0.4074,
    0.4117,
    0.4101,
    0.41529999999999995,
    0.4175000000000001,
    0.41950000000000004,
    0.42679999999999996,
    0.40190000000000003,
    0.42400000000000004,
    0.43390000000000006,
    0.4284,
    0.4342,
    0.4389,
    0.43600000000000005,
    0.43170000000000003,
    0.4465,
    0.42169999999999996,
    0.4425,
    0.4425,
    0.4434,
    0.44210000000000005,
    0.4418,
    0.4525,
    0.45360000000000006,
    0.4532,
    0.4551,
    0.4627,
    0.4558000000000001,
    0.4568,
    0.4587,
    0.46290000000000003,
    0.46109999999999995,
    0.46290000000000003,
    0.465,
    0.4701000000000001,
    0.4575,
    0.46430000000000005,
    0.4702,
    0.4689,
    0.47029999999999994,
    0.4728,
    0.47109999999999996,
    0.4731000000000001,
    0.4716,
    0.4715999999999999,
    0.4655,
    0.4766,
    0.4731000000000001,
    0.47040000000000004,
    0.47539999999999993,
    0.47540000000000004,
    0.46740000000000004,
    0.47059999999999996,
    0.4710000000000001,
    0.47840000000000005,
    0.4721,
    0.4788,
    0.47539999999999993,
    0.4779,
    0.4747,
    0.4739999999999999,
    0.47640000000000005,
    0.4803,
    0.47240000000000004,
    0.4822,
    0.47359999999999997,
    0.47969999999999996,
    0.47639999999999993,
    0.4807,
    0.4795999999999999,
    0.4832000000000001,
    0.47459999999999997,
    0.4816999999999999,
    0.4779
  ]
}