{
  "setting": "setting_19",
  "train_accuracy": [
    0.10638,
    0.12614,
    0.15674,
    0.19582,
    0.23308,
    0.25698,
    0.2722,
    0.28726,
    0.30266,
    0.3117,
    0.32066,
    0.33222,
    0.33676,
    0.34034,
    0.3529,
    0.357,
    0.36582,
    0.3676,
    0.37774,
    0.38046,
    0.37966,
    0.3922,
    0.39066,
    0.3948,
    0.399,
    0.39972,
    0.40716,
    0.40984,
    0.41226,
    0.4138,
    0.41716,
    0.41692,
    0.42298,
    0.42344,
    0.43012,
    0.43086,
    0.43212,
    0.44142,
    0.44178,
    0.44368,
    0.44816,
    0.44978,
    0.45086,
    0.45592,
    0.45486,
    0.457,
    0.45908,
    0.4613,
    0.46046,
    0.4645,
    0.4632,
    0.46772,
    0.46826,
    0.4679,
    0.47092,
    0.47268,
    0.47318,
    0.47498,
    0.47394,
    0.47844,
    0.4768,
    0.4768,
    0.47954,
    0.47954,
    0.47952,
    0.48436,
    0.48006,
    0.48216,
    0.48494,
    0.48806,
    0.48614,
    0.4875,
    0.4883,
    0.4886,
    0.48746,
    0.48822,
    0.49046,
    0.4917,
    0.48998,
    0.48906,
    0.49144,
    0.49238,
    0.49284,
    0.49312,
    0.49472,
    0.49424,
    0.49448,
    0.49586,
    0.49528,
    0.4934,
    0.4961,
    0.49648,
    0.4947,
    0.4926,
    0.49686,
    0.49662,
    0.49772,
    0.49456,
    0.4956,
    0.49448
  ],
  "test_accuracy": [
    0.1156,
    0.1509,
    0.18619999999999998,
    0.2213,
    0.2408,
    0.26770000000000005,
    0.2589,
    0.29769999999999996,
    0.2838,
    0.32180000000000003,
    0.3206,
    0.34450000000000003,
    0.34859999999999997,
    0.3262,
    0.3537,
    0.3418,
    0.3675,
    0.3638,
    0.3757,
    0.3842,
    0.3681,
    0.3816,
    0.38570000000000004,
    0.39180000000000004,
    0.39509999999999995,
    0.403,
    0.4051,
    0.406,
    0.40669999999999995,
    0.40680000000000005,
    0.4098,
    0.41550000000000004,
    0.422,
    0.39150000000000007,
    0.4199,
    0.43570000000000003,
    0.4236999999999999,
    0.43290000000000006,
    0.44160000000000005,
    0.4377,
    0.43249999999999994,
    0.44770000000000004,
    0.418,
    0.4429,
    0.4438000000000001,
    0.44460000000000005,
    0.4431,
    0.4443,
    0.4566,
    0.45929999999999993,
    0.45200000000000007,
    0.45549999999999996,
    0.4630000000000001,
    0.46040000000000003,
    0.46399999999999997,
    0.46799999999999997,
    0.46849999999999997,
    0.46980000000000005,
    0.4715000000000001,
    0.47240000000000004,
    0.4766,
    0.4628,
    0.46299999999999997,
    0.47759999999999997,
    0.47380000000000005,
    0.476,
    0.4824,
    0.4796,
    0.4798,
    0.4809,
    0.4756,
    0.47459999999999997,
    0.48819999999999997,
    0.4829,
    0.48579999999999995,
    0.48390000000000005,
    0.4890999999999999,
    0.4819,
    0.4861,
    0.4878,
    0.493,
    0.4845,
    0.4913,
    0.4907,
    0.4952,
    0.4925,
    0.4906,
    0.4915999999999999,
    0.49840000000000007,
    0.4941000000000001,
    0.4943000000000001,
    0.4911,
    0.4949,
    0.4946,
    0.49929999999999997,
    0.4969,
    0.4992,
    0.4944,
    0.4995,
    0.4958
  ]
}