{
  "setting": "setting_28",
  "train_accuracy": [
    0.18542,
    0.26954,
    0.29492,
    0.30998,
    0.33092,
    0.33456,
    0.34346,
    0.3531,
    0.36606,
    0.36332,
    0.36962,
    0.3701,
    0.38646,
    0.38746,
    0.38866,
    0.3866,
    0.38568,
    0.38346,
    0.387,
    0.388,
    0.39272,
    0.39678,
    0.40554,
    0.4059,
    0.40758,
    0.41592,
    0.41444,
    0.42282,
    0.4176,
    0.42262,
    0.42812,
    0.42906,
    0.43034,
    0.43132,
    0.43112,
    0.4324,
    0.43332,
    0.43808,
    0.43732,
    0.43666,
    0.439,
    0.44336,
    0.44498,
    0.448,
    0.44882,
    0.44966,
    0.45724,
    0.45646,
    0.459,
    0.46032,
    0.45948,
    0.46038,
    0.46106,
    0.464,
    0.46472,
    0.46246,
    0.46294,
    0.46454,
    0.46366,
    0.46892,
    0.46886,
    0.46908,
    0.46666,
    0.4695,
    0.4718,
    0.47308,
    0.47276,
    0.47558,
    0.4764,
    0.47508,
    0.47622,
    0.47602,
    0.47544,
    0.476,
    0.47824,
    0.47838,
    0.47606,
    0.47546,
    0.4792,
    0.47946,
    0.47876,
    0.47672,
    0.47748,
    0.47664,
    0.48034,
    0.47844,
    0.47902,
    0.4807,
    0.47946,
    0.48334,
    0.4812,
    0.4812,
    0.48018,
    0.47946,
    0.47904,
    0.48158,
    0.47776,
    0.48296,
    0.48208,
    0.48234
  ],
  "test_accuracy": [
    0.21230000000000002,
    0.22139999999999999,
    0.2096,
    0.23869999999999997,
    0.2865,
    0.2717,
    0.2642,
    0.3065,
    0.2985,
    0.32420000000000004,
    0.3136,
    0.347,
    0.3289,
    0.34750000000000003,
    0.368,
    0.3294,
    0.34269999999999995,
    0.35129999999999995,
    0.3268,
    0.37,
    0.3695,
    0.3817,
    0.38330000000000003,
    0.35800000000000004,
    0.3819,
    0.3973,
    0.37839999999999996,
    0.3865,
    0.39480000000000004,
    0.3907,
    0.4023,
    0.4152,
    0.3981,
    0.4102,
    0.3961,
    0.4165,
    0.41879999999999995,
    0.41879999999999995,
    0.42210000000000003,
    0.42210000000000003,
    0.4226,
    0.4377000000000001,
    0.43529999999999996,
    0.4346,
    0.4382,
    0.4479,
    0.4436,
    0.44190000000000007,
    0.4494000000000001,
    0.44769999999999993,
    0.454,
    0.4518000000000001,
    0.45500000000000007,
    0.4545,
    0.4617000000000001,
    0.4525,
    0.46080000000000004,
    0.45680000000000004,
    0.46080000000000004,
    0.4534999999999999,
    0.4548,
    0.46349999999999997,
    0.45870000000000005,
    0.46020000000000005,
    0.46210000000000007,
    0.46179999999999993,
    0.46010000000000006,
    0.46799999999999997,
    0.4686,
    0.46869999999999995,
    0.46880000000000005,
    0.4614999999999999,
    0.4753,
    0.47380000000000005,
    0.4715,
    0.47240000000000004,
    0.47050000000000003,
    0.4741999999999999,
    0.4796,
    0.4711,
    0.47329999999999994,
    0.47529999999999994,
    0.47919999999999996,
    0.4728,
    0.4739,
    0.472,
    0.4809,
    0.48319999999999996,
    0.4795999999999999,
    0.47429999999999994,
    0.48319999999999996,
    0.47240000000000004,
    0.47840000000000005,
    0.4654999999999999,
    0.47309999999999997,
    0.47519999999999996,
    0.4827,
    0.4794999999999999,
    0.4765,
    0.48040000000000005
  ]
}