{
  "setting": "setting_8",
  "train_accuracy": [
    0.11992,
    0.21998,
    0.28074,
    0.31726,
    0.333,
    0.34938,
    0.36514,
    0.38054,
    0.39496,
    0.40266,
    0.41846,
    0.4257,
    0.43562,
    0.44308,
    0.4538,
    0.46002,
    0.46768,
    0.47448,
    0.48314,
    0.48276,
    0.48688,
    0.49464,
    0.49584,
    0.49798,
    0.50176,
    0.50548,
    0.50696,
    0.51402,
    0.51538,
    0.52026,
    0.52428,
    0.5241,
    0.52816,
    0.527,
    0.5322,
    0.5317,
    0.535,
    0.5393,
    0.5375,
    0.54022,
    0.54118,
    0.54214,
    0.54536,
    0.54314,
    0.54828,
    0.5494,
    0.55038,
    0.55112,
    0.55082,
    0.55164,
    0.55132,
    0.55188,
    0.5541,
    0.55572,
    0.55682,
    0.5572,
    0.55604,
    0.56018,
    0.55762,
    0.55998,
    0.56356,
    0.56418,
    0.5623,
    0.56508,
    0.56444,
    0.56752,
    0.56702,
    0.56544,
    0.56436,
    0.56678,
    0.5674,
    0.56988,
    0.5685,
    0.56816,
    0.56856,
    0.56888,
    0.57116,
    0.57018,
    0.56932,
    0.56764,
    0.56854,
    0.5691,
    0.57168,
    0.5695,
    0.57552,
    0.5698,
    0.5702,
    0.57042,
    0.57142,
    0.57094,
    0.57346,
    0.5717,
    0.57184,
    0.57028,
    0.5716,
    0.56994,
    0.571,
    0.57222,
    0.57452,
    0.57154
  ],
  "test_accuracy": [
    0.1474,
    0.2507,
    0.20459999999999998,
    0.2595,
    0.2833,
    0.3337,
    0.3053,
    0.3351,
    0.354,
    0.3425,
    0.3429,
    0.41,
    0.4202,
    0.3371,
    0.41480000000000006,
    0.4255,
    0.41719999999999996,
    0.4067,
    0.43759999999999993,
    0.4377,
    0.4325,
    0.4478,
    0.46049999999999996,
    0.45919999999999994,
    0.4678999999999999,
    0.4680000000000001,
    0.46320000000000006,
    0.49049999999999994,
    0.4891,
    0.48250000000000004,
    0.48109999999999997,
    0.5059,
    0.4979,
    0.49929999999999997,
    0.4899,
    0.5083,
    0.5132000000000001,
    0.5022,
    0.5186000000000001,
    0.5046,
    0.5169,
    0.5198,
    0.514,
    0.5237,
    0.5268,
    0.5283000000000001,
    0.5154,
    0.5305000000000001,
    0.5382,
    0.5325,
    0.5328000000000002,
    0.539,
    0.5357000000000001,
    0.5382,
    0.5448999999999999,
    0.5384,
    0.5388,
    0.5396,
    0.5447,
    0.5423,
    0.5385000000000001,
    0.5440999999999999,
    0.5463000000000001,
    0.5496000000000001,
    0.5491,
    0.5570999999999999,
    0.5494000000000001,
    0.5477000000000001,
    0.5555000000000001,
    0.5535,
    0.5498000000000001,
    0.5531,
    0.5545,
    0.5626,
    0.5532000000000001,
    0.5579000000000001,
    0.5606000000000001,
    0.5581,
    0.5582,
    0.5593,
    0.5549999999999999,
    0.5666,
    0.5552,
    0.5637000000000001,
    0.5641,
    0.5637000000000001,
    0.5594,
    0.5568000000000001,
    0.5579,
    0.5574,
    0.5628,
    0.5635999999999999,
    0.5611999999999999,
    0.5594,
    0.5669,
    0.5625,
    0.5673999999999999,
    0.5677,
    0.5708,
    0.5663
  ]
}