{
  "setting": "setting_3",
  "train_accuracy": [
    0.11834,
    0.20434,
    0.2716,
    0.3076,
    0.32408,
    0.33894,
    0.35708,
    0.37152,
    0.38742,
    0.39436,
    0.41234,
    0.421,
    0.43006,
    0.4399,
    0.4507,
    0.45962,
    0.46548,
    0.4693,
    0.47944,
    0.4789,
    0.48594,
    0.492,
    0.4932,
    0.49604,
    0.50362,
    0.50452,
    0.50676,
    0.51648,
    0.51778,
    0.52328,
    0.52412,
    0.52636,
    0.53098,
    0.53248,
    0.53728,
    0.53814,
    0.54086,
    0.54468,
    0.54514,
    0.55098,
    0.54922,
    0.55124,
    0.55306,
    0.55402,
    0.55786,
    0.55724,
    0.55998,
    0.5635,
    0.56244,
    0.56386,
    0.56206,
    0.5659,
    0.56584,
    0.5673,
    0.5685,
    0.56982,
    0.56984,
    0.57382,
    0.57064,
    0.5742,
    0.5769,
    0.57698,
    0.57482,
    0.57834,
    0.57754,
    0.5788,
    0.57856,
    0.57912,
    0.57902,
    0.58316,
    0.57796,
    0.58118,
    0.58078,
    0.5818,
    0.58274,
    0.58158,
    0.58144,
    0.58316,
    0.58446,
    0.5814,
    0.58464,
    0.58414,
    0.5846,
    0.5836,
    0.58554,
    0.58258,
    0.58562,
    0.58426,
    0.5859,
    0.58372,
    0.5846,
    0.58514,
    0.5841,
    0.58442,
    0.58448,
    0.58496,
    0.58684,
    0.58676,
    0.58672,
    0.5844
  ],
  "test_accuracy": [
    0.1434,
    0.23989999999999995,
    0.2102,
    0.271,
    0.28350000000000003,
    0.32430000000000003,
    0.29840000000000005,
    0.3337,
    0.35019999999999996,
    0.333,
    0.33940000000000003,
    0.4061,
    0.4166,
    0.34219999999999995,
    0.4053,
    0.4154999999999999,
    0.42519999999999997,
    0.3815,
    0.4377,
    0.4323,
    0.43279999999999996,
    0.442,
    0.4499000000000001,
    0.44889999999999997,
    0.4664,
    0.4715999999999999,
    0.4539000000000001,
    0.48419999999999996,
    0.48200000000000004,
    0.481,
    0.492,
    0.5009,
    0.49820000000000003,
    0.5014,
    0.4857,
    0.5048,
    0.5154,
    0.4995,
    0.5142,
    0.5069999999999999,
    0.5163000000000001,
    0.5235000000000001,
    0.5164000000000001,
    0.5259,
    0.5307999999999999,
    0.5347,
    0.5065,
    0.5416000000000001,
    0.5386000000000001,
    0.5443,
    0.5332000000000001,
    0.5389,
    0.5519000000000001,
    0.5418000000000001,
    0.5474000000000001,
    0.5489,
    0.5502999999999999,
    0.5469999999999999,
    0.5528,
    0.5571,
    0.5536,
    0.5498000000000001,
    0.5544000000000001,
    0.5615,
    0.5603,
    0.5668,
    0.5576000000000001,
    0.5603,
    0.5687,
    0.5581999999999999,
    0.5566,
    0.5657,
    0.5656000000000001,
    0.5708,
    0.5661999999999999,
    0.5719000000000001,
    0.5720000000000001,
    0.5657000000000001,
    0.5673,
    0.5683,
    0.5699,
    0.5738,
    0.5713000000000001,
    0.5736000000000001,
    0.5715999999999999,
    0.5736000000000001,
    0.5732999999999999,
    0.5752999999999999,
    0.5739,
    0.5746,
    0.5709,
    0.5811999999999999,
    0.573,
    0.5694999999999999,
    0.5791,
    0.5801000000000001,
    0.5795,
    0.5794999999999998,
    0.5833,
    0.5772
  ]
}