{
  "setting": "setting_30",
  "train_accuracy": [
    0.10038,
    0.11492,
    0.12826,
    0.15164,
    0.1417,
    0.1796,
    0.18736,
    0.19762,
    0.21974,
    0.23576,
    0.2538,
    0.25966,
    0.26986,
    0.27678,
    0.28528,
    0.28968,
    0.30048,
    0.30652,
    0.30174,
    0.3161,
    0.3153,
    0.3146,
    0.31884,
    0.32696,
    0.32644,
    0.3355,
    0.33922,
    0.33546,
    0.34332,
    0.3441,
    0.34576,
    0.35008,
    0.35498,
    0.35582,
    0.3615,
    0.36284,
    0.3655,
    0.36742,
    0.36216,
    0.36982,
    0.36872,
    0.37104,
    0.37318,
    0.37568,
    0.37642,
    0.37458,
    0.37922,
    0.3803,
    0.38136,
    0.38422,
    0.3796,
    0.3814,
    0.38562,
    0.38584,
    0.38456,
    0.3874,
    0.38808,
    0.38964,
    0.38702,
    0.3882,
    0.3915,
    0.39096,
    0.39022,
    0.39222,
    0.39038,
    0.39168,
    0.39186,
    0.39326,
    0.39264,
    0.39336,
    0.39168,
    0.39576,
    0.39556,
    0.39526,
    0.39774,
    0.3953,
    0.39674,
    0.39516,
    0.39262,
    0.39652,
    0.39648,
    0.39808,
    0.3978,
    0.3969,
    0.39726,
    0.39544,
    0.39818,
    0.39692,
    0.39786,
    0.3967,
    0.39768,
    0.39762,
    0.39966,
    0.39654,
    0.39824,
    0.3973,
    0.39606,
    0.3987,
    0.3976,
    0.40102
  ],
  "test_accuracy": [
    0.11130000000000002,
    0.10400000000000001,
    0.142,
    0.1611,
    0.14650000000000002,
    0.1895,
    0.19260000000000002,
    0.20820000000000002,
    0.233,
    0.2587,
    0.2611,
    0.27269999999999994,
    0.28409999999999996,
    0.27879999999999994,
    0.29919999999999997,
    0.29879999999999995,
    0.3072,
    0.30979999999999996,
    0.2869,
    0.32060000000000005,
    0.3249,
    0.3268,
    0.31039999999999995,
    0.3218,
    0.3381,
    0.32530000000000003,
    0.34509999999999996,
    0.3396,
    0.34270000000000006,
    0.3487,
    0.3474,
    0.3569,
    0.35530000000000006,
    0.3534,
    0.3568,
    0.3565,
    0.3669,
    0.3736,
    0.3697,
    0.3664,
    0.37370000000000003,
    0.374,
    0.37550000000000006,
    0.37160000000000004,
    0.3786,
    0.3779,
    0.37350000000000005,
    0.3813,
    0.38020000000000004,
    0.3825,
    0.3805,
    0.3821,
    0.38820000000000005,
    0.38780000000000003,
    0.38339999999999996,
    0.3869,
    0.3875,
    0.3899,
    0.3926,
    0.39120000000000005,
    0.3895,
    0.3914,
    0.3901,
    0.39180000000000004,
    0.3972,
    0.39280000000000004,
    0.3944,
    0.38910000000000006,
    0.39780000000000004,
    0.3942,
    0.4,
    0.39920000000000005,
    0.3936,
    0.39890000000000003,
    0.3941,
    0.3973000000000001,
    0.3947,
    0.40190000000000003,
    0.4027,
    0.40190000000000003,
    0.3993,
    0.3987000000000001,
    0.40190000000000003,
    0.39699999999999996,
    0.3995,
    0.4032,
    0.40140000000000003,
    0.4021,
    0.3984,
    0.40199999999999997,
    0.40140000000000003,
    0.39740000000000003,
    0.40570000000000006,
    0.40499999999999997,
    0.4024,
    0.3989,
    0.4004,
    0.40380000000000005,
    0.40140000000000003,
    0.40190000000000003
  ]
}