{
  "setting": "setting_17",
  "train_accuracy": [
    0.23806,
    0.33242,
    0.35448,
    0.36234,
    0.35882,
    0.35304,
    0.37524,
    0.37206,
    0.37616,
    0.37916,
    0.3779,
    0.28124,
    0.32804,
    0.3381,
    0.3384,
    0.34472,
    0.3527,
    0.35882,
    0.35476,
    0.35866,
    0.36436,
    0.37204,
    0.37124,
    0.37494,
    0.3741,
    0.37574,
    0.38558,
    0.38208,
    0.38702,
    0.38958,
    0.39096,
    0.39858,
    0.39838,
    0.40192,
    0.40938,
    0.41198,
    0.41576,
    0.4135,
    0.41752,
    0.42112,
    0.42216,
    0.42534,
    0.42658,
    0.43098,
    0.43408,
    0.43318,
    0.43936,
    0.44086,
    0.44018,
    0.44142,
    0.44466,
    0.444,
    0.441,
    0.44332,
    0.4487,
    0.44718,
    0.44946,
    0.44852,
    0.45326,
    0.45388,
    0.45292,
    0.45792,
    0.45726,
    0.45878,
    0.45958,
    0.45666,
    0.46062,
    0.4604,
    0.45992,
    0.46412,
    0.46484,
    0.4642,
    0.46788,
    0.46606,
    0.46636,
    0.46474,
    0.4645,
    0.46708,
    0.46546,
    0.46684,
    0.46858,
    0.46896,
    0.47134,
    0.46958,
    0.46826,
    0.4688,
    0.46922,
    0.47218,
    0.47132,
    0.47384,
    0.47014,
    0.47096,
    0.47436,
    0.47374,
    0.47118,
    0.47284,
    0.47234,
    0.46928,
    0.47226,
    0.4691
  ],
  "test_accuracy": [
    0.2024,
    0.2814,
    0.29150000000000004,
    0.3012,
    0.1538,
    0.2915,
    0.3354,
    0.3322,
    0.3423,
    0.3226,
    0.11479999999999999,
    0.3045,
    0.31899999999999995,
    0.32589999999999997,
    0.3222,
    0.32409999999999994,
    0.33080000000000004,
    0.335,
    0.33720000000000006,
    0.33880000000000005,
    0.3437,
    0.34,
    0.3563,
    0.3421,
    0.3515,
    0.36669999999999997,
    0.3519,
    0.3632,
    0.3727,
    0.3679,
    0.3739,
    0.372,
    0.3789,
    0.38670000000000004,
    0.39899999999999997,
    0.39370000000000005,
    0.38780000000000003,
    0.3988,
    0.40519999999999995,
    0.3915,
    0.3989,
    0.4109,
    0.40990000000000004,
    0.41180000000000005,
    0.42190000000000005,
    0.4107,
    0.4215,
    0.4178,
    0.4295,
    0.4311,
    0.4258,
    0.42469999999999997,
    0.4295,
    0.43389999999999995,
    0.4326,
    0.4377,
    0.4326,
    0.44000000000000006,
    0.44400000000000006,
    0.43809999999999993,
    0.44029999999999997,
    0.44320000000000004,
    0.44700000000000006,
    0.44329999999999997,
    0.44489999999999996,
    0.4504,
    0.4467,
    0.4415,
    0.4473,
    0.4478,
    0.4502,
    0.4567,
    0.4565,
    0.45150000000000007,
    0.45039999999999997,
    0.4593,
    0.45430000000000004,
    0.45569999999999994,
    0.45600000000000007,
    0.45870000000000005,
    0.4596,
    0.45780000000000004,
    0.4577000000000001,
    0.46790000000000004,
    0.45430000000000004,
    0.45310000000000006,
    0.46259999999999996,
    0.4643999999999999,
    0.4638,
    0.4683,
    0.47380000000000005,
    0.47000000000000003,
    0.4659,
    0.4704,
    0.4694999999999999,
    0.46320000000000006,
    0.4607,
    0.4622,
    0.4624,
    0.4654
  ]
}