{
  "setting": "setting_13",
  "train_accuracy": [
    0.12366,
    0.2362,
    0.29018,
    0.32442,
    0.3418,
    0.3565,
    0.37162,
    0.38602,
    0.39978,
    0.40432,
    0.4217,
    0.43174,
    0.44042,
    0.44754,
    0.45644,
    0.46282,
    0.46908,
    0.47518,
    0.48078,
    0.48128,
    0.48554,
    0.49176,
    0.49418,
    0.49736,
    0.50084,
    0.5029,
    0.50278,
    0.51092,
    0.51154,
    0.51462,
    0.51688,
    0.5212,
    0.52176,
    0.52518,
    0.52662,
    0.52814,
    0.5314,
    0.52998,
    0.53068,
    0.5345,
    0.53672,
    0.5356,
    0.53894,
    0.53514,
    0.54368,
    0.54518,
    0.54386,
    0.54498,
    0.54696,
    0.54618,
    0.54766,
    0.54676,
    0.54934,
    0.54834,
    0.55028,
    0.55016,
    0.54876,
    0.55084,
    0.5485,
    0.5511,
    0.55324,
    0.55472,
    0.55076,
    0.55508,
    0.5555,
    0.5573,
    0.5562,
    0.5548,
    0.55204,
    0.55698,
    0.5554,
    0.55738,
    0.55682,
    0.55806,
    0.55778,
    0.55748,
    0.55894,
    0.55914,
    0.55914,
    0.55824,
    0.55864,
    0.5578,
    0.55898,
    0.56074,
    0.56014,
    0.55844,
    0.56024,
    0.55932,
    0.55872,
    0.55912,
    0.56206,
    0.56252,
    0.5604,
    0.56016,
    0.55908,
    0.55764,
    0.55894,
    0.5628,
    0.56374,
    0.56154
  ],
  "test_accuracy": [
    0.1625,
    0.2454,
    0.19870000000000002,
    0.2492,
    0.2799,
    0.3352,
    0.309,
    0.3408,
    0.36329999999999996,
    0.3569,
    0.35329999999999995,
    0.4199,
    0.42279999999999995,
    0.3599,
    0.42639999999999995,
    0.4314,
    0.41370000000000007,
    0.43810000000000004,
    0.43600000000000005,
    0.44110000000000005,
    0.43929999999999997,
    0.4497,
    0.4567,
    0.46749999999999997,
    0.4711,
    0.4462,
    0.4647,
    0.48599999999999993,
    0.48980000000000007,
    0.47190000000000004,
    0.4680000000000001,
    0.5011,
    0.49829999999999997,
    0.4974,
    0.4936999999999999,
    0.4911,
    0.5161,
    0.5051,
    0.5079,
    0.5123,
    0.5104,
    0.5152000000000001,
    0.5125000000000001,
    0.521,
    0.5155,
    0.5244,
    0.5185,
    0.5276,
    0.5372,
    0.5331,
    0.5363,
    0.5374000000000001,
    0.5343,
    0.5318,
    0.5404,
    0.5351,
    0.5332999999999999,
    0.538,
    0.5412000000000001,
    0.5419,
    0.5388,
    0.5416000000000001,
    0.5391999999999999,
    0.5418000000000001,
    0.5477000000000001,
    0.5477,
    0.5438000000000001,
    0.5438000000000001,
    0.5499,
    0.5448000000000001,
    0.546,
    0.5471999999999999,
    0.5484,
    0.5535,
    0.551,
    0.549,
    0.5496000000000001,
    0.5483,
    0.5521,
    0.5507,
    0.5471,
    0.555,
    0.5487,
    0.5513,
    0.5524000000000001,
    0.5507,
    0.5499,
    0.5468,
    0.5471,
    0.548,
    0.554,
    0.5524000000000001,
    0.5518000000000001,
    0.5511999999999999,
    0.5521,
    0.5525,
    0.557,
    0.5537,
    0.555,
    0.5533
  ]
}