{
  "setting": "setting_11",
  "train_accuracy": [
    0.27592,
    0.27044,
    0.19344,
    0.15546,
    0.15858,
    0.14678,
    0.13882,
    0.13632,
    0.13266,
    0.13014,
    0.1281,
    0.12898,
    0.12792,
    0.12582,
    0.12628,
    0.12516,
    0.12416,
    0.1246,
    0.125,
    0.1229,
    0.12256,
    0.12276,
    0.11816,
    0.11674,
    0.11938,
    0.11884,
    0.11894,
    0.11626,
    0.11744,
    0.11766,
    0.11476,
    0.11836,
    0.11264,
    0.11468,
    0.11454,
    0.11394,
    0.1122,
    0.11294,
    0.11454,
    0.11268,
    0.11248,
    0.11096,
    0.11186,
    0.11036,
    0.10936,
    0.10786,
    0.11196,
    0.11022,
    0.10994,
    0.1096,
    0.10788,
    0.11166,
    0.10878,
    0.11008,
    0.10914,
    0.10772,
    0.10922,
    0.1082,
    0.10814,
    0.10858,
    0.10884,
    0.10778,
    0.10966,
    0.1056,
    0.10638,
    0.10686,
    0.1059,
    0.10604,
    0.10652,
    0.10408,
    0.10452,
    0.105,
    0.1073,
    0.1061,
    0.10344,
    0.10374,
    0.10434,
    0.10494,
    0.10458,
    0.1048,
    0.10364,
    0.10386,
    0.10264,
    0.10124,
    0.1037,
    0.10406,
    0.1031,
    0.10496,
    0.10264,
    0.1023,
    0.10234,
    0.1003,
    0.10296,
    0.10504,
    0.10292,
    0.1008,
    0.09926,
    0.10438,
    0.10248,
    0.10144
  ],
  "test_accuracy": [
    0.14989999999999998,
    0.18430000000000002,
    0.1125,
    0.1264,
    0.1014,
    0.1036,
    0.12190000000000001,
    0.1008,
    0.1004,
    0.101,
    0.0991,
    0.10190000000000002,
    0.10200000000000001,
    0.0999,
    0.10070000000000001,
    0.10030000000000001,
    0.0997,
    0.10030000000000001,
    0.10010000000000001,
    0.1006,
    0.10030000000000001,
    0.1002,
    0.0995,
    0.0998,
    0.099,
    0.1006,
    0.1,
    0.0998,
    0.0999,
    0.0998,
    0.10049999999999999,
    0.10010000000000001,
    0.101,
    0.1,
    0.0995,
    0.1006,
    0.0998,
    0.10010000000000001,
    0.0995,
    0.1002,
    0.10029999999999999,
    0.1,
    0.1002,
    0.10010000000000001,
    0.1004,
    0.0997,
    0.10010000000000001,
    0.0995,
    0.1,
    0.1,
    0.0996,
    0.10030000000000001,
    0.0993,
    0.1002,
    0.0998,
    0.1,
    0.1006,
    0.10010000000000001,
    0.1002,
    0.0998,
    0.0995,
    0.1,
    0.1,
    0.1002,
    0.10030000000000001,
    0.0999,
    0.0998,
    0.1002,
    0.10010000000000001,
    0.1,
    0.10010000000000001,
    0.10010000000000001,
    0.1004,
    0.1002,
    0.0999,
    0.1002,
    0.10010000000000001,
    0.1002,
    0.0999,
    0.1,
    0.1002,
    0.10010000000000001,
    0.10010000000000001,
    0.1,
    0.1,
    0.10010000000000001,
    0.1,
    0.0998,
    0.10030000000000001,
    0.1,
    0.10049999999999999,
    0.09999999999999999,
    0.09999999999999999,
    0.1004,
    0.10010000000000001,
    0.0999,
    0.1,
    0.1004,
    0.0999,
    0.1002
  ]
}