{
  "setting": "setting_14",
  "train_accuracy": [
    0.10922,
    0.12794,
    0.15364,
    0.18896,
    0.22722,
    0.25164,
    0.26668,
    0.28044,
    0.29804,
    0.3075,
    0.31534,
    0.32308,
    0.32938,
    0.33338,
    0.3463,
    0.34948,
    0.36,
    0.36306,
    0.37094,
    0.37436,
    0.37604,
    0.38736,
    0.3871,
    0.39222,
    0.39496,
    0.39622,
    0.4038,
    0.41022,
    0.4104,
    0.41536,
    0.41732,
    0.41898,
    0.42162,
    0.42464,
    0.42904,
    0.43104,
    0.43198,
    0.43814,
    0.43906,
    0.44146,
    0.44478,
    0.44386,
    0.44584,
    0.45044,
    0.44836,
    0.45204,
    0.4535,
    0.45592,
    0.45454,
    0.45746,
    0.4556,
    0.45912,
    0.45864,
    0.4589,
    0.45998,
    0.46286,
    0.46216,
    0.46314,
    0.46268,
    0.46666,
    0.46736,
    0.4647,
    0.46822,
    0.46522,
    0.46856,
    0.47182,
    0.46802,
    0.46968,
    0.47096,
    0.47386,
    0.4723,
    0.47184,
    0.47428,
    0.47438,
    0.47222,
    0.47494,
    0.47606,
    0.47696,
    0.47362,
    0.47448,
    0.47676,
    0.47696,
    0.47722,
    0.47632,
    0.47776,
    0.47698,
    0.47814,
    0.48024,
    0.4794,
    0.47772,
    0.47842,
    0.47892,
    0.47848,
    0.47724,
    0.47792,
    0.48044,
    0.48244,
    0.47912,
    0.48002,
    0.48018
  ],
  "test_accuracy": [
    0.12279999999999999,
    0.1457,
    0.176,
    0.21470000000000003,
    0.23329999999999998,
    0.2632,
    0.2503,
    0.29650000000000004,
    0.2832,
    0.3178,
    0.31839999999999996,
    0.3371,
    0.34049999999999997,
    0.3172,
    0.34730000000000005,
    0.33809999999999996,
    0.3614,
    0.3611,
    0.36920000000000003,
    0.37770000000000004,
    0.3668,
    0.378,
    0.38320000000000004,
    0.3885,
    0.392,
    0.4025,
    0.4001,
    0.40809999999999996,
    0.40599999999999997,
    0.41180000000000005,
    0.4125,
    0.41790000000000005,
    0.4175999999999999,
    0.40149999999999997,
    0.41859999999999997,
    0.4328,
    0.41999999999999993,
    0.43360000000000004,
    0.438,
    0.4354,
    0.4316,
    0.44139999999999996,
    0.4229,
    0.44089999999999996,
    0.44139999999999996,
    0.4406,
    0.4412000000000001,
    0.4391,
    0.4549,
    0.4518000000000001,
    0.4525,
    0.4532,
    0.45450000000000007,
    0.45009999999999994,
    0.45640000000000003,
    0.45830000000000004,
    0.45919999999999994,
    0.4595000000000001,
    0.4633000000000001,
    0.4647,
    0.4675000000000001,
    0.45520000000000005,
    0.45920000000000005,
    0.4696000000000001,
    0.46580000000000005,
    0.4678,
    0.47190000000000004,
    0.4665,
    0.47359999999999997,
    0.4668000000000001,
    0.4675000000000001,
    0.4645999999999999,
    0.47400000000000003,
    0.4715,
    0.473,
    0.469,
    0.47509999999999997,
    0.4659,
    0.4716,
    0.4734999999999999,
    0.48040000000000005,
    0.4718,
    0.47829999999999995,
    0.4727,
    0.4774000000000001,
    0.4775999999999999,
    0.47640000000000005,
    0.48040000000000005,
    0.4795,
    0.4781999999999999,
    0.4784,
    0.4755,
    0.4777,
    0.47940000000000005,
    0.483,
    0.4814,
    0.4842000000000001,
    0.48150000000000004,
    0.483,
    0.47759999999999997
  ]
}