{
  "setting": "setting_18",
  "train_accuracy": [
    0.12852,
    0.24636,
    0.2955,
    0.32942,
    0.34568,
    0.36026,
    0.37784,
    0.39044,
    0.40242,
    0.4061,
    0.4227,
    0.436,
    0.44098,
    0.44822,
    0.45638,
    0.46018,
    0.46456,
    0.47242,
    0.4775,
    0.47948,
    0.48364,
    0.49048,
    0.49336,
    0.49342,
    0.4971,
    0.49904,
    0.49934,
    0.50886,
    0.51058,
    0.51306,
    0.5133,
    0.51732,
    0.51934,
    0.522,
    0.52312,
    0.52652,
    0.52836,
    0.52784,
    0.53226,
    0.53202,
    0.53776,
    0.53508,
    0.53896,
    0.53732,
    0.54238,
    0.54296,
    0.54156,
    0.54248,
    0.5468,
    0.54658,
    0.54704,
    0.54652,
    0.54852,
    0.55054,
    0.55078,
    0.55048,
    0.54884,
    0.55416,
    0.551,
    0.5556,
    0.55464,
    0.55652,
    0.55382,
    0.55916,
    0.55526,
    0.55678,
    0.55832,
    0.559,
    0.55598,
    0.55986,
    0.55756,
    0.56126,
    0.55812,
    0.56042,
    0.55928,
    0.55932,
    0.5595,
    0.56218,
    0.56208,
    0.56186,
    0.56118,
    0.56056,
    0.5627,
    0.56512,
    0.56298,
    0.56024,
    0.56066,
    0.56352,
    0.56252,
    0.56166,
    0.5621,
    0.56402,
    0.56376,
    0.5605,
    0.56234,
    0.56134,
    0.56404,
    0.56296,
    0.5651,
    0.56678
  ],
  "test_accuracy": [
    0.19,
    0.2444,
    0.19119999999999998,
    0.24609999999999999,
    0.2772,
    0.3355,
    0.3156,
    0.3459,
    0.3672,
    0.3606,
    0.3604,
    0.4184,
    0.4191,
    0.3792,
    0.4290999999999999,
    0.4311,
    0.40499999999999997,
    0.4417,
    0.43810000000000004,
    0.4436,
    0.43899999999999995,
    0.44350000000000006,
    0.4574,
    0.46840000000000004,
    0.47269999999999995,
    0.4479,
    0.46849999999999997,
    0.47989999999999994,
    0.49090000000000006,
    0.46640000000000004,
    0.4689,
    0.5021,
    0.49140000000000006,
    0.4899,
    0.4845999999999999,
    0.4847,
    0.5031,
    0.4904,
    0.5039,
    0.5017,
    0.5052000000000001,
    0.509,
    0.5084000000000001,
    0.5135000000000001,
    0.5098,
    0.5267999999999999,
    0.5137,
    0.526,
    0.5352,
    0.5262000000000001,
    0.5346,
    0.5313,
    0.5373,
    0.5315000000000001,
    0.5401,
    0.5341000000000001,
    0.5341000000000001,
    0.5393000000000001,
    0.5446,
    0.542,
    0.5434000000000001,
    0.5405000000000001,
    0.5403,
    0.5486000000000001,
    0.5497,
    0.5484,
    0.5388,
    0.5497000000000001,
    0.5504,
    0.5465,
    0.5496999999999999,
    0.5472,
    0.5517,
    0.5509,
    0.5589999999999999,
    0.5471000000000001,
    0.5515000000000001,
    0.552,
    0.5517,
    0.5523,
    0.5566,
    0.5536999999999999,
    0.552,
    0.5519000000000001,
    0.5551000000000001,
    0.5514000000000001,
    0.5506,
    0.5521,
    0.5523,
    0.5509000000000001,
    0.5559000000000001,
    0.5526,
    0.5529000000000001,
    0.5602,
    0.5519000000000001,
    0.5557,
    0.5591999999999999,
    0.5556,
    0.5578000000000001,
    0.5559000000000001
  ]
}