{
  "setting": "setting_10",
  "train_accuracy": [
    0.10006,
    0.10842,
    0.1103,
    0.12676,
    0.13732,
    0.1525,
    0.16304,
    0.1678,
    0.1773,
    0.188,
    0.20208,
    0.21518,
    0.22596,
    0.23192,
    0.24182,
    0.24668,
    0.2531,
    0.26016,
    0.26274,
    0.26644,
    0.27212,
    0.27332,
    0.27846,
    0.28278,
    0.2849,
    0.29188,
    0.29156,
    0.29642,
    0.29852,
    0.30082,
    0.30234,
    0.30644,
    0.30954,
    0.30726,
    0.31152,
    0.3102,
    0.31314,
    0.31556,
    0.3136,
    0.31738,
    0.317,
    0.32048,
    0.32188,
    0.32104,
    0.3224,
    0.32288,
    0.3237,
    0.32558,
    0.32766,
    0.32768,
    0.32454,
    0.32832,
    0.32816,
    0.32884,
    0.32964,
    0.33088,
    0.3328,
    0.33032,
    0.33252,
    0.33218,
    0.3334,
    0.33342,
    0.33268,
    0.3356,
    0.33406,
    0.3353,
    0.33632,
    0.33476,
    0.33518,
    0.33794,
    0.33658,
    0.33592,
    0.33684,
    0.33724,
    0.33824,
    0.33752,
    0.33848,
    0.33626,
    0.33586,
    0.33848,
    0.33878,
    0.33962,
    0.33936,
    0.33812,
    0.3402,
    0.33876,
    0.33868,
    0.3406,
    0.34006,
    0.33872,
    0.34048,
    0.34058,
    0.34218,
    0.34078,
    0.34148,
    0.34234,
    0.3403,
    0.34082,
    0.33954,
    0.3416
  ],
  "test_accuracy": [
    0.0999,
    0.118,
    0.1173,
    0.135,
    0.1418,
    0.16329999999999997,
    0.1626,
    0.17229999999999998,
    0.1833,
    0.19890000000000002,
    0.21190000000000003,
    0.2305,
    0.2314,
    0.24259999999999998,
    0.24710000000000001,
    0.2619,
    0.26339999999999997,
    0.2625,
    0.27040000000000003,
    0.26880000000000004,
    0.2807,
    0.2867,
    0.2811,
    0.28859999999999997,
    0.29669999999999996,
    0.29480000000000006,
    0.30319999999999997,
    0.30629999999999996,
    0.30200000000000005,
    0.3073,
    0.3167,
    0.3109,
    0.3137,
    0.31829999999999997,
    0.3194,
    0.3177,
    0.3186,
    0.32220000000000004,
    0.3203,
    0.3211,
    0.32480000000000003,
    0.3219,
    0.329,
    0.32880000000000004,
    0.3317,
    0.3334,
    0.3294,
    0.3315,
    0.3296,
    0.33459999999999995,
    0.3355,
    0.33070000000000005,
    0.3386,
    0.3366,
    0.33609999999999995,
    0.3363,
    0.34199999999999997,
    0.34069999999999995,
    0.3435,
    0.34029999999999994,
    0.3497,
    0.3399,
    0.3412,
    0.339,
    0.34140000000000004,
    0.33840000000000003,
    0.3407,
    0.33890000000000003,
    0.34199999999999997,
    0.33999999999999997,
    0.3431,
    0.3476,
    0.3428,
    0.3417,
    0.34299999999999997,
    0.3463,
    0.3447,
    0.34550000000000003,
    0.34769999999999995,
    0.3517,
    0.3417,
    0.3475,
    0.3461,
    0.3477,
    0.35140000000000005,
    0.35039999999999993,
    0.3492,
    0.3496,
    0.34750000000000003,
    0.34450000000000003,
    0.34550000000000003,
    0.349,
    0.34959999999999997,
    0.3544,
    0.3498,
    0.34500000000000003,
    0.3511,
    0.34530000000000005,
    0.3469,
    0.34850000000000003
  ]
}