{
  "setting": "setting_26",
  "train_accuracy": [
    0.7577125533049041,
    0.9163612739872068,
    0.9453957889125799,
    0.9558901918976546,
    0.9631696428571429,
    0.9654684168443497,
    0.9689165778251599,
    0.9702658582089553,
    0.9730310501066098,
    0.9734141791044776,
    0.9749466950959488,
    0.9757962420042644,
    0.9769123134328358,
    0.978344882729211,
    0.9790278518123667,
    0.9798440831556503,
    0.9802272121535182,
    0.9807935767590619,
    0.980577025586354,
    0.9809768123667377,
    0.9814598880597015,
    0.9826425906183369,
    0.9828924573560768,
    0.9836753731343284,
    0.9830257196162047,
    0.9841751066098081,
    0.9842250799573561,
    0.9845748933901919,
    0.9848247601279317,
    0.9838919243070362,
    0.9850413113006397,
    0.9850746268656716,
    0.9855243869936035,
    0.9855243869936035,
    0.9854077825159915,
    0.9866071428571429,
    0.9860907515991472,
    0.9857742537313433,
    0.986273987206823,
    0.9867570628997868,
    0.9867903784648188,
    0.9861407249466951,
    0.9866071428571429,
    0.9868736673773987,
    0.9868236940298507,
    0.9873900586353944,
    0.9868070362473348,
    0.9866404584221748,
    0.9872401385927505,
    0.988172974413646
  ],
  "test_accuracy": [
    0.8880000000000001,
    0.9265000000000001,
    0.9347999999999999,
    0.9194000000000001,
    0.9637,
    0.9467000000000001,
    0.9696999999999999,
    0.9658,
    0.9681999999999998,
    0.9735000000000001,
    0.9757,
    0.9725999999999999,
    0.9615,
    0.9787000000000001,
    0.9779,
    0.9796999999999999,
    0.9739000000000001,
    0.9795,
    0.9783,
    0.9783999999999999,
    0.9793,
    0.9782,
    0.9802000000000002,
    0.9821,
    0.9812,
    0.9792,
    0.9800000000000001,
    0.9808,
    0.9817,
    0.9813000000000001,
    0.9811,
    0.9819000000000001,
    0.9809999999999999,
    0.9826,
    0.9823000000000001,
    0.9839,
    0.9803000000000001,
    0.9823999999999999,
    0.9815999999999999,
    0.9833999999999999,
    0.9827000000000001,
    0.982,
    0.9815999999999999,
    0.9806999999999999,
    0.9831,
    0.9826,
    0.9825000000000002,
    0.9819000000000001,
    0.9835,
    0.9812999999999998
  ]
}