{
  "setting": "setting_4",
  "train_accuracy": [
    0.4609264653954802,
    0.662401792019774,
    0.7622594456214689,
    0.8233580508474576,
    0.8591598252118644,
    0.8767876059322034,
    0.891645700918079,
    0.9083410575564972,
    0.917185293079096,
    0.926415739759887,
    0.9315357962570621,
    0.9359165342514125,
    0.9422559145480226,
    0.9456821592514125,
    0.9489539194915254,
    0.9517787782485875,
    0.9544270833333333,
    0.95508364230226,
    0.9564243467514125,
    0.9577926377118644,
    0.9584381620762712,
    0.9599443855932204,
    0.960788532838983,
    0.962598207980226,
    0.9634920109463277,
    0.9628189000706214,
    0.9639058086158192,
    0.9639720162429379,
    0.9651251324152542,
    0.9641816737288136,
    0.9653237552966102,
    0.966598252118644,
    0.966846530720339,
    0.9674755031779662,
    0.967679643361582,
    0.9674368820621468,
    0.9682755120056498,
    0.9682368908898306,
    0.9680327507062146,
    0.9678010240112994,
    0.9687279307909604,
    0.968998278601695,
    0.9685955155367231,
    0.9703996733757062,
    0.9689265536723164,
    0.969478283898305,
    0.9700134622175142,
    0.9697927701271186,
    0.9696989759887006,
    0.9697982874293786
  ],
  "test_accuracy": [
    0.6077000000000001,
    0.7254000000000002,
    0.7935000000000001,
    0.8261,
    0.8693,
    0.8800999999999999,
    0.8794000000000001,
    0.9109,
    0.9202999999999999,
    0.9285,
    0.931,
    0.9282,
    0.944,
    0.9395000000000001,
    0.9521000000000001,
    0.9507,
    0.9296,
    0.9531000000000001,
    0.9570999999999998,
    0.9256999999999997,
    0.9578,
    0.9608000000000001,
    0.9584999999999999,
    0.9623999999999999,
    0.9628,
    0.9503999999999999,
    0.9607999999999999,
    0.9556000000000001,
    0.9661,
    0.9478,
    0.9568,
    0.9673,
    0.9658,
    0.9588999999999999,
    0.96,
    0.966,
    0.9462999999999999,
    0.962,
    0.96,
    0.9654999999999999,
    0.968,
    0.9618,
    0.966,
    0.9656999999999998,
    0.9633,
    0.9658999999999999,
    0.9601000000000001,
    0.9673999999999999,
    0.9676,
    0.9656
  ]
}