{
  "setting": "setting_5",
  "train_accuracy": [
    0.35349384617528995,
    0.5722673673059768,
    0.6354773569915254,
    0.6938141168599464,
    0.7426378860950044,
    0.7880667721342551,
    0.8169594321476361,
    0.8417193423840321,
    0.8520468610615523,
    0.8641741818131133,
    0.8795935897078502,
    0.8852935437109724,
    0.8960348600579839,
    0.9007164362176627,
    0.9039649657114184,
    0.9081569538916145,
    0.9146635955619983,
    0.9184383014607493,
    0.924614776148528,
    0.9282884283006244,
    0.9330849966547726,
    0.9372682733050848,
    0.9390741734500446,
    0.9417486131244425,
    0.9444962296498661,
    0.9439221398305084,
    0.9470539348238179,
    0.947872818632917,
    0.9488075657894737,
    0.9490645559210525,
    0.9497022399085637,
    0.9520857144848349,
    0.952157149029884,
    0.9535274726806423,
    0.9542139412355041,
    0.9543437430307761,
    0.9548873424955397,
    0.9550990326717217,
    0.9559971914027654,
    0.9559597318242641,
    0.9564022775423728,
    0.9565913177408564,
    0.9573135035682426,
    0.9577795704170383,
    0.95767503205843,
    0.9583249121877787,
    0.9582273430530777,
    0.958809273249331,
    0.9594042707404103,
    0.9592692420272078
  ],
  "test_accuracy": [
    0.5357999999999999,
    0.6131,
    0.6819,
    0.7313,
    0.7914,
    0.8116,
    0.8412000000000001,
    0.8524,
    0.8536999999999999,
    0.8800000000000001,
    0.8960000000000001,
    0.8844999999999998,
    0.9,
    0.9006000000000001,
    0.9010000000000001,
    0.9190999999999999,
    0.9263,
    0.9305,
    0.9333,
    0.9319,
    0.9377999999999999,
    0.9437000000000001,
    0.943,
    0.9478,
    0.9496,
    0.9478,
    0.9450000000000001,
    0.9447000000000001,
    0.9518000000000001,
    0.9487,
    0.9522,
    0.9531000000000001,
    0.9489999999999998,
    0.9526999999999999,
    0.9519,
    0.9574,
    0.9498999999999999,
    0.9561,
    0.9532999999999999,
    0.9534999999999998,
    0.9555,
    0.9551000000000002,
    0.9555,
    0.9562999999999999,
    0.9564000000000001,
    0.9555999999999999,
    0.9530999999999998,
    0.9576,
    0.9583000000000002,
    0.9546999999999999
  ]
}