{
  "setting": "setting_0",
  "train_accuracy": [
    0.3519144458073149,
    0.5705677478256022,
    0.6343858022970562,
    0.6922286184210525,
    0.7399399252899197,
    0.7856057649420161,
    0.8156527026650312,
    0.8396721328612845,
    0.8508716756801963,
    0.8632856057649421,
    0.8791353632359501,
    0.8844764022078502,
    0.88985577191124,
    0.8975942239072257,
    0.9025301767395183,
    0.9076098698148973,
    0.9157220464429082,
    0.919889642339429,
    0.9257019750780553,
    0.9283450532448707,
    0.933963118867083,
    0.9381951800847458,
    0.9402711376561106,
    0.9420578724353257,
    0.9454780190677966,
    0.9438193437778769,
    0.9492457557426405,
    0.9508417080173952,
    0.9515281765722569,
    0.952509094837199,
    0.9535205034567351,
    0.9549997212310438,
    0.9561086989852811,
    0.9581236758474576,
    0.9595131648639608,
    0.9596577762600357,
    0.9599914278545941,
    0.9602911044826048,
    0.9623661909009813,
    0.9620412508363069,
    0.9627486270628903,
    0.9640187681199821,
    0.9646259617528993,
    0.9656164627007136,
    0.9658577720785014,
    0.964826326940232,
    0.966185325602141,
    0.9662602447591436,
    0.9684207041703835,
    0.9678779758586085
  ],
  "test_accuracy": [
    0.5232,
    0.6107,
    0.678,
    0.7353999999999999,
    0.7846,
    0.8206,
    0.8369,
    0.8501,
    0.8525,
    0.8831000000000001,
    0.8909,
    0.8918000000000001,
    0.8987,
    0.9024999999999999,
    0.9101000000000001,
    0.9231,
    0.9283999999999999,
    0.9331999999999999,
    0.9343,
    0.9404999999999999,
    0.9397,
    0.9399000000000001,
    0.9459,
    0.9502,
    0.9391999999999999,
    0.9513,
    0.9543000000000001,
    0.9523999999999999,
    0.9564999999999999,
    0.9581999999999999,
    0.9571,
    0.9597,
    0.9604999999999999,
    0.962,
    0.9611999999999998,
    0.9640999999999998,
    0.9635,
    0.9662,
    0.9671999999999998,
    0.966,
    0.9646000000000001,
    0.9658,
    0.9697999999999999,
    0.9663999999999999,
    0.9671999999999998,
    0.9702999999999999,
    0.9677999999999999,
    0.9695,
    0.9658999999999999,
    0.9693999999999999
  ]
}