{
  "setting": "setting_21",
  "train_accuracy": [
    0.10421994884910486,
    0.12404092071611253,
    0.14865728900255754,
    0.15009590792838876,
    0.16935741687979539,
    0.1726742327365729,
    0.16725943094629156,
    0.18208519820971866,
    0.18234494884910485,
    0.16548113810741688,
    0.1738531010230179,
    0.1821251598465473,
    0.18186540920716113,
    0.19555226982097187,
    0.1953125,
    0.18871882992327366,
    0.1874200767263427,
    0.18897858056265984,
    0.18650095907928388,
    0.1873201726342711,
    0.18442295396419436,
    0.17866847826086957,
    0.17649056905370844,
    0.16867806905370844,
    0.16170476342711,
    0.16432225063938619,
    0.15906729539641945,
    0.1707960358056266,
    0.16390265345268543,
    0.1621643222506394,
    0.16422234654731457,
    0.15896739130434784,
    0.1584878516624041,
    0.15898737212276215,
    0.1564298273657289,
    0.15764865728900257,
    0.15593030690537085,
    0.1562699808184143,
    0.1562300191815857,
    0.15636988491048592,
    0.16456202046035806,
    0.16156489769820973,
    0.16434223145780052,
    0.16610054347826086,
    0.1656010230179028,
    0.16574088874680307,
    0.16026614450127877,
    0.1621043797953964,
    0.1687180306905371,
    0.16600063938618925
  ],
  "test_accuracy": [
    0.09759999999999999,
    0.1222,
    0.131,
    0.16919999999999996,
    0.16849999999999998,
    0.1647,
    0.1767,
    0.1683,
    0.16099999999999998,
    0.15929999999999997,
    0.1747,
    0.18080000000000002,
    0.1712,
    0.1845,
    0.1853,
    0.1795,
    0.17809999999999998,
    0.1932,
    0.18719999999999998,
    0.192,
    0.17719999999999997,
    0.1805,
    0.1776,
    0.1639,
    0.1668,
    0.16519999999999999,
    0.1701,
    0.1671,
    0.1553,
    0.16559999999999997,
    0.1545,
    0.1549,
    0.1655,
    0.16919999999999996,
    0.1517,
    0.1575,
    0.1561,
    0.1624,
    0.15550000000000003,
    0.1591,
    0.1581,
    0.16349999999999998,
    0.16449999999999998,
    0.1644,
    0.1638,
    0.16040000000000001,
    0.163,
    0.1676,
    0.1712,
    0.16859999999999997
  ]
}