{
  "setting": "setting_6",
  "train_accuracy": [
    0.09762627877237852,
    0.10136269181585678,
    0.14552030051150894,
    0.14226342710997442,
    0.1445812020460358,
    0.13606937340153452,
    0.1563299232736573,
    0.15533088235294118,
    0.17307384910485935,
    0.16889785805626598,
    0.16086556905370844,
    0.18270460358056265,
    0.17774936061381075,
    0.17802909207161124,
    0.18448289641943735,
    0.18170556265984655,
    0.17121563299232737,
    0.1780690537084399,
    0.17459239130434784,
    0.18276454603580564,
    0.1922554347826087,
    0.18935821611253198,
    0.17984734654731457,
    0.17243446291560102,
    0.17984734654731457,
    0.1753716432225064,
    0.17459239130434784,
    0.16723945012787725,
    0.16072570332480818,
    0.15992647058823528,
    0.1702765345268542,
    0.16656010230179027,
    0.16134510869565216,
    0.15774856138107418,
    0.15934702685421995,
    0.1649616368286445,
    0.1671195652173913,
    0.17722985933503838,
    0.1780690537084399,
    0.18344389386189258,
    0.1874000959079284,
    0.18556186061381075,
    0.19191576086956522,
    0.18692055626598467,
    0.19199568414322252,
    0.1930746483375959,
    0.19219549232736574,
    0.19075687340153452,
    0.19275495524296676,
    0.19595188618925832
  ],
  "test_accuracy": [
    0.1056,
    0.1432,
    0.125,
    0.1675,
    0.1349,
    0.14509999999999998,
    0.1722,
    0.1627,
    0.1758,
    0.17209999999999998,
    0.1733,
    0.19360000000000002,
    0.1789,
    0.17919999999999997,
    0.18,
    0.16230000000000003,
    0.177,
    0.1723,
    0.1764,
    0.1924,
    0.191,
    0.1873,
    0.15940000000000001,
    0.16929999999999998,
    0.182,
    0.17270000000000002,
    0.1801,
    0.16879999999999998,
    0.1691,
    0.1643,
    0.1789,
    0.1602,
    0.15589999999999998,
    0.1592,
    0.1644,
    0.16219999999999998,
    0.17909999999999998,
    0.16999999999999998,
    0.186,
    0.18550000000000003,
    0.2001,
    0.18829999999999997,
    0.1869,
    0.19319999999999998,
    0.193,
    0.19770000000000001,
    0.198,
    0.183,
    0.1951,
    0.1971
  ]
}