{
  "setting": "setting_24",
  "train_accuracy": [
    0.09934743986880468,
    0.09994153911564627,
    0.09992066022837706,
    0.09997285744655005,
    0.10003549410835763,
    0.09994153911564627,
    0.10000417577745384,
    0.09999373633381925,
    0.10007725188289603,
    0.09997285744655005,
    0.1001085702137998,
    0.10002505466472304,
    0.1000981307701652,
    0.09998329689018465,
    0.09994153911564627,
    0.09995197855928085,
    0.10001461522108843,
    0.09993109967201165,
    0.10003549410835763,
    0.10003549410835763,
    0.10000417577745384,
    0.10002505466472304,
    0.09997285744655005,
    0.09992066022837706,
    0.09989978134110787,
    0.10004593355199222,
    0.09996241800291544,
    0.09994153911564627,
    0.10003549410835763,
    0.09999373633381925,
    0.09995197855928085,
    0.1000981307701652,
    0.10001461522108843,
    0.09991022078474247,
    0.10004593355199222,
    0.09992066022837706,
    0.10001461522108843,
    0.10007725188289603,
    0.09989978134110787,
    0.09994153911564627,
    0.09998329689018465,
    0.10004593355199222,
    0.09998329689018465,
    0.09999373633381925,
    0.10002505466472304,
    0.09997285744655005,
    0.10006681243926141,
    0.09995197855928085,
    0.09991022078474247,
    0.10006681243926141
  ],
  "test_accuracy": [
    0.1,
    0.1,
    0.1,
    0.1,
    0.1,
    0.1,
    0.1,
    0.1,
    0.1,
    0.1,
    0.1,
    0.1,
    0.1,
    0.1,
    0.1,
    0.1,
    0.1,
    0.1,
    0.1,
    0.1,
    0.1,
    0.1,
    0.1,
    0.1,
    0.1,
    0.1,
    0.1,
    0.1,
    0.1,
    0.1,
    0.1,
    0.1,
    0.1,
    0.1,
    0.1,
    0.1,
    0.1,
    0.1,
    0.1,
    0.1,
    0.1,
    0.1,
    0.1,
    0.1,
    0.1,
    0.1,
    0.1,
    0.1,
    0.1,
    0.1
  ]
}