{
  "setting": "setting_11",
  "train_accuracy": [
    0.10244165601023018,
    0.11666799872122763,
    0.13690856777493607,
    0.1434223145780051,
    0.16616048593350383,
    0.1648617327365729,
    0.160465952685422,
    0.17643062659846548,
    0.18412324168797953,
    0.17137547953964194,
    0.17291400255754474,
    0.1761908567774936,
    0.17417279411764705,
    0.18528212915601022,
    0.18604140025575447,
    0.18448289641943735,
    0.18208519820971866,
    0.17695012787723785,
    0.17916799872122763,
    0.17800911125319693,
    0.1718949808184143,
    0.16961716751918157,
    0.17191496163682865,
    0.1639625959079284,
    0.15197410485933505,
    0.15321291560102301,
    0.15449168797953963,
    0.16248401534526855,
    0.15992647058823528,
    0.15988650895140666,
    0.16901774296675193,
    0.16510150255754474,
    0.1616248401534527,
    0.15964673913043478,
    0.1542918797953964,
    0.14979619565217392,
    0.15451166879795397,
    0.15806825447570333,
    0.16096547314578005,
    0.16102541560102301,
    0.1672194693094629,
    0.16542119565217392,
    0.1683583759590793,
    0.1665001598465473,
    0.16318334398976983,
    0.16258391943734016,
    0.15780850383631714,
    0.1581481777493606,
    0.16390265345268543,
    0.16390265345268543
  ],
  "test_accuracy": [
    0.08979999999999999,
    0.11070000000000002,
    0.1252,
    0.1599,
    0.15699999999999997,
    0.1641,
    0.1838,
    0.1641,
    0.1689,
    0.16239999999999996,
    0.17139999999999997,
    0.1761,
    0.1629,
    0.1694,
    0.17809999999999998,
    0.16899999999999998,
    0.1709,
    0.1794,
    0.17429999999999998,
    0.179,
    0.16429999999999997,
    0.1749,
    0.16540000000000002,
    0.16119999999999998,
    0.16009999999999996,
    0.15430000000000002,
    0.15519999999999998,
    0.1631,
    0.1515,
    0.1647,
    0.16479999999999997,
    0.1571,
    0.16460000000000002,
    0.16419999999999998,
    0.1441,
    0.1554,
    0.1555,
    0.1712,
    0.1639,
    0.1628,
    0.16870000000000002,
    0.16099999999999998,
    0.1719,
    0.1639,
    0.15889999999999999,
    0.15860000000000002,
    0.16019999999999998,
    0.166,
    0.16150000000000003,
    0.1582
  ]
}