{
  "setting": "setting_29",
  "train_accuracy": [
    0.0996511327745384,
    0.09997285744655005,
    0.10108608175413024,
    0.10105191630223517,
    0.10052424987852283,
    0.09945183430515064,
    0.10006301627793975,
    0.10023289449708456,
    0.09984758412293489,
    0.09999373633381925,
    0.10002505466472304,
    0.09991022078474247,
    0.09923830023080661,
    0.09952585945092322,
    0.09975647625121477,
    0.09985802356656949,
    0.1006125106292517,
    0.10232552842565598,
    0.10002505466472304,
    0.10003549410835763,
    0.09987890245383867,
    0.10003549410835763,
    0.10001461522108843,
    0.10004593355199222,
    0.10006681243926141,
    0.10001461522108843,
    0.09988934189747328,
    0.09998329689018465,
    0.09994153911564627,
    0.10003549410835763,
    0.09999373633381925,
    0.10004593355199222,
    0.10004593355199222,
    0.09997285744655005,
    0.10002505466472304,
    0.10002505466472304,
    0.10003549410835763,
    0.09997285744655005,
    0.10000417577745384,
    0.09998329689018465,
    0.10001461522108843,
    0.09994153911564627,
    0.09995197855928085,
    0.09996241800291544,
    0.09991022078474247,
    0.10004593355199222,
    0.10001461522108843,
    0.09999373633381925,
    0.10003549410835763,
    0.09993109967201165
  ],
  "test_accuracy": [
    0.1,
    0.1,
    0.1,
    0.09999999999999999,
    0.1,
    0.1,
    0.1,
    0.1,
    0.1,
    0.1,
    0.1,
    0.1,
    0.1,
    0.1,
    0.1,
    0.1,
    0.1,
    0.1,
    0.1,
    0.1,
    0.1,
    0.1,
    0.1,
    0.1,
    0.1,
    0.1,
    0.1,
    0.1,
    0.1,
    0.1,
    0.1,
    0.1,
    0.1,
    0.1,
    0.1,
    0.1,
    0.1,
    0.1,
    0.1,
    0.1,
    0.1,
    0.1,
    0.1,
    0.1,
    0.1,
    0.1,
    0.1,
    0.1,
    0.1,
    0.1
  ]
}