{
  "setting": "setting_3",
  "train_accuracy": [
    0.11255580357142858,
    0.10004384566326531,
    0.09946986607142858,
    0.09995615433673469,
    0.09991230867346938,
    0.10017538265306122,
    0.10000797193877552,
    0.10008769132653061,
    0.09872050382653061,
    0.09986846301020408,
    0.09931839923469388,
    0.0992904974489796,
    0.1002670599489796,
    0.09963727678571428,
    0.10013153698979592,
    0.09991230867346938,
    0.10067761479591837,
    0.10080516581632654,
    0.10008769132653061,
    0.10008769132653061,
    0.1,
    0.1,
    0.10013153698979592,
    0.09982461734693877,
    0.09995615433673469,
    0.10013153698979592,
    0.09995615433673469,
    0.10013153698979592,
    0.09995615433673469,
    0.09991230867346938,
    0.1,
    0.09995615433673469,
    0.10013153698979592,
    0.09995615433673469,
    0.09991230867346938,
    0.10004384566326531,
    0.09995615433673469,
    0.10004384566326531,
    0.09991230867346938,
    0.09995615433673469,
    0.10017538265306122,
    0.09986846301020408,
    0.09991230867346938,
    0.10017538265306122,
    0.09991230867346938,
    0.09995615433673469,
    0.10008769132653061,
    0.09978077168367348,
    0.1,
    0.10013153698979592
  ],
  "test_accuracy": [
    0.1,
    0.1,
    0.1,
    0.1,
    0.1,
    0.1,
    0.1,
    0.1,
    0.1,
    0.1,
    0.1,
    0.1,
    0.1,
    0.1,
    0.1,
    0.1,
    0.1,
    0.1,
    0.1,
    0.1,
    0.1,
    0.1,
    0.1,
    0.1,
    0.1,
    0.1,
    0.1,
    0.1,
    0.1,
    0.1,
    0.1,
    0.1,
    0.1,
    0.1,
    0.1,
    0.1,
    0.1,
    0.1,
    0.1,
    0.1,
    0.1,
    0.1,
    0.1,
    0.1,
    0.1,
    0.1,
    0.1,
    0.1,
    0.1,
    0.1
  ]
}