{
  "setting": "setting_12",
  "train_accuracy": [
    0.10129875319693095,
    0.10005994245524297,
    0.10002397698209718,
    0.10129475703324808,
    0.10242966751918157,
    0.09997602301790282,
    0.10003596547314579,
    0.09997602301790282,
    0.09990808823529411,
    0.10004795396419437,
    0.10006393861892583,
    0.10002397698209718,
    0.09997602301790282,
    0.10075927109974425,
    0.10226582480818414,
    0.10111492966751918,
    0.10171435421994886,
    0.10422394501278771,
    0.10201806265984655,
    0.10346867007672633,
    0.10348465473145779,
    0.10122682225063938,
    0.10309303069053709,
    0.1015505115089514,
    0.10051150895140665,
    0.10102701406649615,
    0.1008312020460358,
    0.10001998081841433,
    0.10001198849104859,
    0.09999600383631714,
    0.0999560421994885,
    0.09997602301790282,
    0.10005994245524297,
    0.10001998081841433,
    0.0999440537084399,
    0.10008391943734016,
    0.10003996163682864,
    0.09996403452685422,
    0.09994804987212276,
    0.09994804987212276,
    0.09994804987212276,
    0.10003596547314579,
    0.0999320652173913,
    0.09990409207161126,
    0.0998881074168798,
    0.09990409207161126,
    0.09999200767263426,
    0.10005994245524297,
    0.09978420716112532,
    0.09982816496163682
  ],
  "test_accuracy": [
    0.1,
    0.10010000000000001,
    0.1,
    0.1125,
    0.1,
    0.1,
    0.1,
    0.1,
    0.1,
    0.1,
    0.1,
    0.1,
    0.1,
    0.1068,
    0.1005,
    0.10110000000000001,
    0.10200000000000001,
    0.1034,
    0.1028,
    0.10600000000000001,
    0.1016,
    0.10190000000000002,
    0.10310000000000001,
    0.10010000000000001,
    0.10070000000000001,
    0.1006,
    0.10090000000000002,
    0.1,
    0.10010000000000001,
    0.1,
    0.1,
    0.1,
    0.1,
    0.1,
    0.1,
    0.1,
    0.10010000000000001,
    0.0999,
    0.10010000000000001,
    0.10010000000000001,
    0.10010000000000001,
    0.0999,
    0.0998,
    0.10010000000000001,
    0.10010000000000001,
    0.0999,
    0.0999,
    0.10010000000000001,
    0.1,
    0.0999
  ]
}