{
  "setting": "setting_20",
  "train_accuracy": [
    0.10029150221409318,
    0.09999255451001154,
    0.10001737280997305,
    0.09994705429341547,
    0.10002978195995378,
    0.10000082727666539,
    0.09996359982672315,
    0.09997187259337698,
    0.09998841812668464,
    0.10003805472660762,
    0.0999801453600308,
    0.10002150919329995,
    0.1000587366432422,
    0.10002150919329995,
    0.10002150919329995,
    0.10001323642664613,
    0.0999511906767424,
    0.10004632749326146,
    0.10005460025991529,
    0.10002978195995378,
    0.10003391834328071,
    0.09999255451001154,
    0.09995532706006931,
    0.09999669089333847,
    0.10002978195995378,
    0.1000049636599923,
    0.10002978195995378,
    0.09995532706006931,
    0.09997187259337698,
    0.09995532706006931,
    0.09993878152676164,
    0.10001737280997305,
    0.10002564557662688,
    0.10003805472660762,
    0.10001323642664613,
    0.10001323642664613,
    0.09999669089333847,
    0.10000082727666539,
    0.09999669089333847,
    0.09999669089333847,
    0.10001323642664613,
    0.10001737280997305,
    0.10001323642664613,
    0.09999669089333847,
    0.09999669089333847,
    0.10002978195995378,
    0.0999801453600308,
    0.10001737280997305,
    0.0999511906767424,
    0.09993878152676164
  ],
  "test_accuracy": [
    0.1,
    0.1,
    0.1,
    0.1,
    0.1,
    0.1,
    0.1,
    0.1,
    0.1,
    0.1,
    0.1,
    0.1,
    0.1,
    0.1,
    0.1,
    0.1,
    0.1,
    0.1,
    0.1,
    0.1,
    0.1,
    0.1,
    0.1,
    0.1,
    0.1,
    0.1,
    0.1,
    0.1,
    0.1,
    0.1,
    0.1,
    0.1,
    0.1,
    0.1,
    0.1,
    0.1,
    0.1,
    0.1,
    0.1,
    0.1,
    0.1,
    0.1,
    0.1,
    0.1,
    0.1,
    0.1,
    0.1,
    0.1,
    0.1,
    0.1
  ]
}