{
  "setting": "setting_9",
  "train_accuracy": [
    0.100002277696793,
    0.10003549410835763,
    0.10012944910106901,
    0.10000417577745384,
    0.09994153911564627,
    0.10001461522108843,
    0.09996241800291544,
    0.10006681243926141,
    0.10001461522108843,
    0.10000417577745384,
    0.10002505466472304,
    0.10008769132653061,
    0.09998329689018465,
    0.09997285744655005,
    0.10004593355199222,
    0.09994153911564627,
    0.09993109967201165,
    0.10000417577745384,
    0.09996241800291544,
    0.09996241800291544,
    0.09999373633381925,
    0.09996241800291544,
    0.1000981307701652,
    0.09999373633381925,
    0.1001190096574344,
    0.09995197855928085,
    0.09998329689018465,
    0.10001461522108843,
    0.09998329689018465,
    0.10005637299562682,
    0.10001461522108843,
    0.10000417577745384,
    0.10000417577745384,
    0.10003549410835763,
    0.10003549410835763,
    0.10003549410835763,
    0.10003549410835763,
    0.10004593355199222,
    0.09995197855928085,
    0.09999373633381925,
    0.10001461522108843,
    0.09998329689018465,
    0.10005637299562682,
    0.10007725188289603,
    0.10006681243926141,
    0.09995197855928085,
    0.1001085702137998,
    0.10002505466472304,
    0.09984758412293489,
    0.10002505466472304
  ],
  "test_accuracy": [
    0.1,
    0.1,
    0.1,
    0.1,
    0.1,
    0.1,
    0.1,
    0.1,
    0.1,
    0.1,
    0.1,
    0.1,
    0.1,
    0.1,
    0.1,
    0.1,
    0.1,
    0.1,
    0.1,
    0.1,
    0.1,
    0.1,
    0.1,
    0.1,
    0.1,
    0.1,
    0.1,
    0.1,
    0.1,
    0.1,
    0.1,
    0.1,
    0.1,
    0.1,
    0.1,
    0.1,
    0.1,
    0.1,
    0.1,
    0.1,
    0.1,
    0.1,
    0.1,
    0.1,
    0.1,
    0.1,
    0.1,
    0.1,
    0.1,
    0.1
  ]
}