{
  "setting": "setting_1",
  "train_accuracy": [
    0.09942455242966752,
    0.11315137468030691,
    0.11804667519181586,
    0.13742806905370844,
    0.1577885230179028,
    0.15870764066496162,
    0.15978660485933505,
    0.1704363810741688,
    0.1839234335038363,
    0.1785286125319693,
    0.17856857416879796,
    0.17273417519181586,
    0.17413283248081843,
    0.1785286125319693,
    0.17996723145780052,
    0.17361333120204603,
    0.1784287084398977,
    0.18172554347826086,
    0.18474264705882354,
    0.1828444693094629,
    0.1715353260869565,
    0.1791480179028133,
    0.17325367647058823,
    0.170696131713555,
    0.16538123401534527,
    0.16230418797953963,
    0.17329363810741688,
    0.1822850063938619,
    0.1796075767263427,
    0.18336397058823528,
    0.19213554987212275,
    0.19399376598465473,
    0.18476262787723785,
    0.18324408567774936,
    0.17509191176470587,
    0.17525175831202047,
    0.17876838235294118,
    0.18755994245524296,
    0.1866008631713555,
    0.19473305626598467,
    0.20100703324808183,
    0.19481297953964194,
    0.1934143222506394,
    0.194133631713555,
    0.19920875959079284,
    0.20498321611253198,
    0.2059223145780051,
    0.20256553708439898,
    0.20528292838874682,
    0.20622202685421995
  ],
  "test_accuracy": [
    0.10110000000000001,
    0.0959,
    0.1121,
    0.1406,
    0.1447,
    0.1638,
    0.1857,
    0.1742,
    0.1649,
    0.1674,
    0.1869,
    0.1859,
    0.1729,
    0.1644,
    0.1748,
    0.1588,
    0.17099999999999999,
    0.1918,
    0.1861,
    0.16709999999999997,
    0.16929999999999998,
    0.1757,
    0.16529999999999997,
    0.156,
    0.16949999999999998,
    0.16260000000000002,
    0.17750000000000002,
    0.1921,
    0.184,
    0.18460000000000001,
    0.19319999999999998,
    0.1952,
    0.1817,
    0.1804,
    0.1737,
    0.18680000000000002,
    0.1782,
    0.1925,
    0.19019999999999998,
    0.1963,
    0.20980000000000004,
    0.194,
    0.1881,
    0.189,
    0.198,
    0.1953,
    0.2048,
    0.20870000000000002,
    0.2101,
    0.19980000000000003
  ]
}