{
  "setting": "setting_16",
  "train_accuracy": [
    0.10332081202046035,
    0.12022458439897699,
    0.1434023337595908,
    0.14578005115089515,
    0.16735933503836317,
    0.16987691815856779,
    0.16358296035805628,
    0.18010709718670076,
    0.18168558184143221,
    0.16739929667519182,
    0.17183503836317135,
    0.1784287084398977,
    0.18096627237851662,
    0.1954923273657289,
    0.19483296035805628,
    0.18961796675191817,
    0.18811940537084398,
    0.1875999040920716,
    0.19005754475703324,
    0.19005754475703324,
    0.1846227621483376,
    0.17868845907928388,
    0.17752957161125318,
    0.17113570971867006,
    0.16160485933503838,
    0.16428228900255754,
    0.1617447250639386,
    0.17147538363171355,
    0.16725943094629156,
    0.16745923913043478,
    0.17199488491048592,
    0.16921755115089515,
    0.16658008312020461,
    0.16456202046035806,
    0.16096547314578005,
    0.16420236572890026,
    0.15862771739130435,
    0.1621843030690537,
    0.15980658567774936,
    0.1606457800511509,
    0.16761908567774936,
    0.16102541560102301,
    0.17051630434782608,
    0.17053628516624042,
    0.16807864450127877,
    0.1688179347826087,
    0.1664002557544757,
    0.16656010230179027,
    0.1702565537084399,
    0.17051630434782608
  ],
  "test_accuracy": [
    0.09419999999999999,
    0.11380000000000001,
    0.12660000000000002,
    0.1675,
    0.1635,
    0.1674,
    0.18159999999999998,
    0.16299999999999998,
    0.1628,
    0.1559,
    0.1756,
    0.1723,
    0.17229999999999998,
    0.1848,
    0.1871,
    0.1796,
    0.1776,
    0.193,
    0.19130000000000003,
    0.1937,
    0.17279999999999998,
    0.1812,
    0.17570000000000002,
    0.16399999999999998,
    0.16920000000000002,
    0.1638,
    0.16529999999999997,
    0.1688,
    0.1533,
    0.1709,
    0.1621,
    0.16109999999999997,
    0.1712,
    0.1744,
    0.1609,
    0.16419999999999998,
    0.1631,
    0.1689,
    0.1626,
    0.15889999999999999,
    0.1617,
    0.1666,
    0.1708,
    0.16859999999999997,
    0.1629,
    0.1696,
    0.16499999999999998,
    0.17609999999999998,
    0.17170000000000002,
    0.17009999999999997
  ]
}