{
  "setting": "setting_15",
  "train_accuracy": [
    0.0999801453600308,
    0.0999801453600308,
    0.0999801453600308,
    0.0999801453600308,
    0.0999801453600308,
    0.0999801453600308,
    0.0999801453600308,
    0.0999801453600308,
    0.0999801453600308,
    0.0999801453600308,
    0.0999801453600308,
    0.0999801453600308,
    0.0999801453600308,
    0.0999801453600308,
    0.0999801453600308,
    0.0999801453600308,
    0.0999801453600308,
    0.0999801453600308,
    0.0999801453600308,
    0.0999801453600308,
    0.0999801453600308,
    0.0999801453600308,
    0.0999801453600308,
    0.0999801453600308,
    0.0999801453600308,
    0.0999801453600308,
    0.0999801453600308,
    0.0999801453600308,
    0.0999801453600308,
    0.0999801453600308,
    0.0999801453600308,
    0.0999801453600308,
    0.0999801453600308,
    0.0999801453600308,
    0.0999801453600308,
    0.0999801453600308,
    0.0999801453600308,
    0.0999801453600308,
    0.0999801453600308,
    0.0999801453600308,
    0.0999801453600308,
    0.0999801453600308,
    0.0999801453600308,
    0.0999801453600308,
    0.0999801453600308,
    0.0999801453600308,
    0.0999801453600308,
    0.0999801453600308,
    0.0999801453600308,
    0.0999801453600308
  ],
  "test_accuracy": [
    0.1,
    0.1,
    0.1,
    0.1,
    0.1,
    0.1,
    0.1,
    0.1,
    0.1,
    0.1,
    0.1,
    0.1,
    0.1,
    0.1,
    0.1,
    0.1,
    0.1,
    0.1,
    0.1,
    0.1,
    0.1,
    0.1,
    0.1,
    0.1,
    0.1,
    0.1,
    0.1,
    0.1,
    0.1,
    0.1,
    0.1,
    0.1,
    0.1,
    0.1,
    0.1,
    0.1,
    0.1,
    0.1,
    0.1,
    0.1,
    0.1,
    0.1,
    0.1,
    0.1,
    0.1,
    0.1,
    0.1,
    0.1,
    0.1,
    0.1
  ]
}