{
  "setting": "setting_18",
  "train_accuracy": [
    0.09986846301020408,
    0.09986846301020408,
    0.09986846301020408,
    0.09986846301020408,
    0.09986846301020408,
    0.09986846301020408,
    0.09986846301020408,
    0.09986846301020408,
    0.09986846301020408,
    0.09986846301020408,
    0.09986846301020408,
    0.09986846301020408,
    0.09986846301020408,
    0.09986846301020408,
    0.09986846301020408,
    0.09986846301020408,
    0.09986846301020408,
    0.09986846301020408,
    0.09986846301020408,
    0.09986846301020408,
    0.09986846301020408,
    0.09986846301020408,
    0.09986846301020408,
    0.09986846301020408,
    0.09986846301020408,
    0.09986846301020408,
    0.09986846301020408,
    0.09986846301020408,
    0.09986846301020408,
    0.09986846301020408,
    0.09986846301020408,
    0.09986846301020408,
    0.09986846301020408,
    0.09986846301020408,
    0.09986846301020408,
    0.09986846301020408,
    0.09986846301020408,
    0.09986846301020408,
    0.09986846301020408,
    0.09986846301020408,
    0.09986846301020408,
    0.09986846301020408,
    0.09986846301020408,
    0.09986846301020408,
    0.09986846301020408,
    0.09986846301020408,
    0.09986846301020408,
    0.09986846301020408,
    0.09986846301020408,
    0.09986846301020408
  ],
  "test_accuracy": [
    0.1,
    0.1,
    0.1,
    0.1,
    0.1,
    0.1,
    0.1,
    0.1,
    0.1,
    0.1,
    0.1,
    0.1,
    0.1,
    0.1,
    0.1,
    0.1,
    0.1,
    0.1,
    0.1,
    0.1,
    0.1,
    0.1,
    0.1,
    0.1,
    0.1,
    0.1,
    0.1,
    0.1,
    0.1,
    0.1,
    0.1,
    0.1,
    0.1,
    0.1,
    0.1,
    0.1,
    0.1,
    0.1,
    0.1,
    0.1,
    0.1,
    0.1,
    0.1,
    0.1,
    0.1,
    0.1,
    0.1,
    0.1,
    0.1,
    0.1
  ]
}