{
  "setting": "setting_12",
  "train_accuracy": [
    0.09996403452685422,
    0.09996403452685422,
    0.09996403452685422,
    0.09996403452685422,
    0.09996403452685422,
    0.09996403452685422,
    0.09996403452685422,
    0.09996403452685422,
    0.09996403452685422,
    0.09996403452685422,
    0.09996403452685422,
    0.09996403452685422,
    0.09996403452685422,
    0.09996403452685422,
    0.09996403452685422,
    0.09996403452685422,
    0.09996403452685422,
    0.09996403452685422,
    0.09996403452685422,
    0.09996403452685422,
    0.09996403452685422,
    0.09996403452685422,
    0.09996403452685422,
    0.09996403452685422,
    0.09996403452685422,
    0.09996403452685422,
    0.09996403452685422,
    0.09996403452685422,
    0.09996403452685422,
    0.09996403452685422,
    0.09996403452685422,
    0.09996403452685422,
    0.09996403452685422,
    0.09996403452685422,
    0.09996403452685422,
    0.09996403452685422,
    0.09996403452685422,
    0.09996403452685422,
    0.09996403452685422,
    0.09996403452685422,
    0.09996403452685422,
    0.09996403452685422,
    0.09996403452685422,
    0.09996403452685422,
    0.09996403452685422,
    0.09996403452685422,
    0.09996403452685422,
    0.09996403452685422,
    0.09996403452685422,
    0.09996403452685422
  ],
  "test_accuracy": [
    0.1,
    0.1,
    0.1,
    0.1,
    0.1,
    0.1,
    0.1,
    0.1,
    0.1,
    0.1,
    0.1,
    0.1,
    0.1,
    0.1,
    0.1,
    0.1,
    0.1,
    0.1,
    0.1,
    0.1,
    0.1,
    0.1,
    0.1,
    0.1,
    0.1,
    0.1,
    0.1,
    0.1,
    0.1,
    0.1,
    0.1,
    0.1,
    0.1,
    0.1,
    0.1,
    0.1,
    0.1,
    0.1,
    0.1,
    0.1,
    0.1,
    0.1,
    0.1,
    0.1,
    0.1,
    0.1,
    0.1,
    0.1,
    0.1,
    0.1
  ]
}