{
  "setting": "setting_4",
  "train_accuracy": [
    0.09999373633381924,
    0.09999373633381924,
    0.09999373633381924,
    0.09999373633381924,
    0.09999373633381924,
    0.09999373633381924,
    0.09999373633381924,
    0.09999373633381924,
    0.09999373633381925,
    0.09999373633381924,
    0.09999373633381924,
    0.09999373633381924,
    0.09999373633381924,
    0.09999373633381924,
    0.09999373633381924,
    0.09999373633381924,
    0.09999373633381924,
    0.09999373633381924,
    0.09999373633381924,
    0.09999373633381924,
    0.09999373633381924,
    0.09999373633381924,
    0.09999373633381924,
    0.09999373633381924,
    0.09999373633381924,
    0.09999373633381924,
    0.09999373633381924,
    0.09999373633381924,
    0.09999373633381924,
    0.09999373633381924,
    0.09999373633381924,
    0.09999373633381924,
    0.09999373633381924,
    0.09999373633381924,
    0.09999373633381924,
    0.09999373633381924,
    0.09999373633381924,
    0.09999373633381924,
    0.09999373633381924,
    0.09999373633381924,
    0.09999373633381925,
    0.09999373633381924,
    0.09999373633381924,
    0.09999373633381924,
    0.09999373633381924,
    0.09999373633381924,
    0.09999373633381924,
    0.09999373633381924,
    0.09999373633381924,
    0.09999373633381924
  ],
  "test_accuracy": [
    0.1,
    0.1,
    0.1,
    0.1,
    0.1,
    0.1,
    0.1,
    0.1,
    0.1,
    0.1,
    0.1,
    0.1,
    0.1,
    0.1,
    0.1,
    0.1,
    0.1,
    0.1,
    0.1,
    0.1,
    0.1,
    0.1,
    0.1,
    0.1,
    0.1,
    0.1,
    0.1,
    0.1,
    0.1,
    0.1,
    0.1,
    0.1,
    0.1,
    0.1,
    0.1,
    0.1,
    0.1,
    0.1,
    0.1,
    0.1,
    0.1,
    0.1,
    0.1,
    0.1,
    0.1,
    0.1,
    0.1,
    0.1,
    0.1,
    0.1
  ]
}