{
  "setting": "setting_25",
  "train_accuracy": [
    0.09986,
    0.10234,
    0.10442,
    0.11754,
    0.13102,
    0.14012,
    0.14758,
    0.16092,
    0.18016,
    0.19306,
    0.20978,
    0.2215,
    0.2324,
    0.23802,
    0.24876,
    0.2531,
    0.25888,
    0.26622,
    0.26834,
    0.27054,
    0.2786,
    0.28276,
    0.28614,
    0.2928,
    0.28962,
    0.2982,
    0.29672,
    0.30056,
    0.30566,
    0.30912,
    0.3095,
    0.31202,
    0.31326,
    0.3152,
    0.31638,
    0.3183,
    0.32086,
    0.32164,
    0.3181,
    0.3234,
    0.3244,
    0.32632,
    0.32866,
    0.32692,
    0.32978,
    0.32978,
    0.33142,
    0.33294,
    0.33434,
    0.3338,
    0.33356,
    0.3366,
    0.33626,
    0.33802,
    0.3383,
    0.33706,
    0.33894,
    0.34018,
    0.33942,
    0.34006,
    0.3404,
    0.34204,
    0.34204,
    0.3454,
    0.3413,
    0.34348,
    0.34356,
    0.34444,
    0.34456,
    0.34556,
    0.34596,
    0.3457,
    0.34486,
    0.3451,
    0.34744,
    0.34682,
    0.34686,
    0.34628,
    0.34672,
    0.34918,
    0.34836,
    0.34984,
    0.34902,
    0.35002,
    0.35064,
    0.34908,
    0.3504,
    0.35048,
    0.3509,
    0.3501,
    0.3493,
    0.35018,
    0.3526,
    0.34998,
    0.35208,
    0.3522,
    0.35014,
    0.35118,
    0.352,
    0.35202
  ],
  "test_accuracy": [
    0.0998,
    0.10269999999999999,
    0.1072,
    0.12290000000000001,
    0.1345,
    0.1439,
    0.1513,
    0.1712,
    0.1878,
    0.20620000000000002,
    0.2223,
    0.23259999999999997,
    0.2344,
    0.24419999999999997,
    0.25830000000000003,
    0.2662,
    0.26139999999999997,
    0.2694,
    0.2758,
    0.2649,
    0.2877,
    0.2918,
    0.2799,
    0.2909,
    0.3042,
    0.30820000000000003,
    0.3109,
    0.3129,
    0.3104,
    0.3122,
    0.32020000000000004,
    0.3224,
    0.3202,
    0.3258,
    0.3225,
    0.3229,
    0.32439999999999997,
    0.3264,
    0.32920000000000005,
    0.3262,
    0.3317,
    0.3258,
    0.3366,
    0.33340000000000003,
    0.3378,
    0.337,
    0.339,
    0.33720000000000006,
    0.33999999999999997,
    0.3358,
    0.3395,
    0.34059999999999996,
    0.34459999999999996,
    0.3419,
    0.34630000000000005,
    0.3459,
    0.3479,
    0.3476,
    0.3498,
    0.3497,
    0.35429999999999995,
    0.349,
    0.35209999999999997,
    0.3473,
    0.3512,
    0.3477,
    0.3516,
    0.3518,
    0.35489999999999994,
    0.35069999999999996,
    0.3519,
    0.35309999999999997,
    0.35409999999999997,
    0.3518,
    0.3525,
    0.35459999999999997,
    0.3558,
    0.35219999999999996,
    0.35769999999999996,
    0.35769999999999996,
    0.35559999999999997,
    0.35579999999999995,
    0.3574,
    0.35800000000000004,
    0.35729999999999995,
    0.35760000000000003,
    0.3585,
    0.36049999999999993,
    0.3591,
    0.3569,
    0.35489999999999994,
    0.3573,
    0.3633,
    0.363,
    0.3591,
    0.3595,
    0.3614,
    0.3585,
    0.35860000000000003,
    0.35889999999999994
  ]
}