{
  "setting": "setting_6",
  "train_accuracy": [
    0.18286,
    0.3044,
    0.35302,
    0.38652,
    0.41404,
    0.44348,
    0.46156,
    0.47686,
    0.492,
    0.49948,
    0.50836,
    0.51808,
    0.52858,
    0.53468,
    0.5418,
    0.55206,
    0.562,
    0.5728,
    0.57956,
    0.59092,
    0.59832,
    0.6061,
    0.6179,
    0.61968,
    0.62744,
    0.6349,
    0.63836,
    0.64288,
    0.6488,
    0.65064,
    0.65284,
    0.65966,
    0.65896,
    0.6627,
    0.6674,
    0.6687,
    0.66926,
    0.6756,
    0.67648,
    0.67818,
    0.6791,
    0.68252,
    0.68146,
    0.68352,
    0.68546,
    0.68864,
    0.69094,
    0.68968,
    0.6903,
    0.69008,
    0.69462,
    0.6949,
    0.6942,
    0.69524,
    0.69434,
    0.69692,
    0.69928,
    0.69862,
    0.69948,
    0.70086,
    0.69896,
    0.7012,
    0.70018,
    0.7023,
    0.70152,
    0.69962,
    0.69938,
    0.701,
    0.70186,
    0.70104,
    0.70194,
    0.7018,
    0.70192,
    0.70142,
    0.70154,
    0.70234,
    0.70342,
    0.70402,
    0.70156,
    0.7021,
    0.70354,
    0.70234,
    0.70056,
    0.70206,
    0.70118,
    0.70066,
    0.70156,
    0.70216,
    0.70156,
    0.70172,
    0.70138,
    0.70144,
    0.69982,
    0.70192,
    0.70258,
    0.70202,
    0.70172,
    0.7029,
    0.70226,
    0.70206
  ],
  "test_accuracy": [
    0.195,
    0.2517,
    0.28490000000000004,
    0.3646,
    0.3455,
    0.33799999999999997,
    0.404,
    0.43409999999999993,
    0.4189,
    0.4267,
    0.41339999999999993,
    0.4678,
    0.4979,
    0.47380000000000005,
    0.4821999999999999,
    0.4920999999999999,
    0.5264,
    0.5145,
    0.5218,
    0.47709999999999997,
    0.5241999999999999,
    0.5103,
    0.5392,
    0.5559,
    0.5549000000000002,
    0.5723,
    0.5599999999999999,
    0.5712999999999999,
    0.5923999999999999,
    0.5776,
    0.5938,
    0.5852,
    0.5660000000000001,
    0.5852,
    0.6021,
    0.5619,
    0.6205,
    0.624,
    0.6299,
    0.6193,
    0.6285000000000001,
    0.6071,
    0.6150999999999999,
    0.6224999999999999,
    0.6329,
    0.6377999999999999,
    0.6313000000000001,
    0.6315000000000002,
    0.6284,
    0.6351,
    0.6420000000000001,
    0.6295,
    0.6504999999999999,
    0.6384,
    0.6475000000000001,
    0.6548,
    0.6538000000000002,
    0.6556,
    0.6601000000000001,
    0.6401000000000001,
    0.6683000000000001,
    0.6552,
    0.6509,
    0.6651,
    0.6690000000000002,
    0.6651,
    0.6648,
    0.6696000000000001,
    0.6706000000000001,
    0.6640999999999999,
    0.6647,
    0.6679,
    0.6717000000000001,
    0.6684,
    0.6663,
    0.6675000000000001,
    0.6783999999999999,
    0.6751000000000001,
    0.6679,
    0.6788000000000001,
    0.6758,
    0.6768000000000001,
    0.6666000000000001,
    0.6806,
    0.6780999999999999,
    0.677,
    0.678,
    0.6798,
    0.6806000000000001,
    0.6782000000000001,
    0.677,
    0.6847,
    0.6854000000000001,
    0.6759999999999999,
    0.6794,
    0.6805,
    0.6807000000000001,
    0.6808000000000001,
    0.6855,
    0.6818
  ]
}