{
  "setting": "setting_21",
  "train_accuracy": [
    0.19146,
    0.31588,
    0.3698,
    0.41272,
    0.44768,
    0.47636,
    0.49686,
    0.51058,
    0.53004,
    0.54254,
    0.55498,
    0.56918,
    0.5849,
    0.59778,
    0.61096,
    0.6231,
    0.6346,
    0.64484,
    0.6508,
    0.65888,
    0.66796,
    0.67054,
    0.67918,
    0.6784,
    0.6872,
    0.69118,
    0.69092,
    0.69302,
    0.69892,
    0.69892,
    0.70072,
    0.70284,
    0.7043,
    0.70758,
    0.70732,
    0.70848,
    0.7079,
    0.71468,
    0.7134,
    0.7147,
    0.71324,
    0.7164,
    0.71522,
    0.71744,
    0.71848,
    0.7205,
    0.71974,
    0.7211,
    0.7211,
    0.72002,
    0.72522,
    0.72456,
    0.72484,
    0.72578,
    0.72542,
    0.72698,
    0.72598,
    0.72638,
    0.72836,
    0.72656,
    0.7256,
    0.72616,
    0.72686,
    0.72932,
    0.72702,
    0.7255,
    0.72532,
    0.72986,
    0.72816,
    0.7281,
    0.72814,
    0.72612,
    0.7282,
    0.72812,
    0.72662,
    0.72788,
    0.7282,
    0.72722,
    0.7277,
    0.7286,
    0.7281,
    0.72876,
    0.72784,
    0.72874,
    0.72894,
    0.72848,
    0.72968,
    0.72744,
    0.72764,
    0.72802,
    0.7279,
    0.72722,
    0.72656,
    0.72832,
    0.72678,
    0.72824,
    0.72854,
    0.72892,
    0.72918,
    0.72844
  ],
  "test_accuracy": [
    0.1976,
    0.25200000000000006,
    0.2947,
    0.38920000000000005,
    0.35700000000000004,
    0.3337,
    0.42780000000000007,
    0.44609999999999994,
    0.43879999999999997,
    0.44239999999999996,
    0.45780000000000004,
    0.4767,
    0.5511000000000001,
    0.4882000000000001,
    0.5216000000000001,
    0.5115999999999999,
    0.5730000000000001,
    0.5692,
    0.5424,
    0.5603,
    0.5667,
    0.5841999999999999,
    0.5722999999999999,
    0.6051000000000001,
    0.5888,
    0.6192,
    0.6068,
    0.6288,
    0.6219,
    0.6164,
    0.641,
    0.6308999999999999,
    0.6384,
    0.6268999999999999,
    0.6534,
    0.6363999999999999,
    0.6473000000000001,
    0.6632,
    0.6665000000000001,
    0.6567999999999999,
    0.6688000000000002,
    0.6543000000000001,
    0.6585,
    0.6628000000000001,
    0.6652,
    0.6612,
    0.6599000000000002,
    0.6718000000000001,
    0.6726,
    0.6738999999999999,
    0.6746000000000001,
    0.6754,
    0.6828,
    0.6611,
    0.6842,
    0.6825,
    0.6900000000000002,
    0.6895,
    0.6903,
    0.685,
    0.6980999999999999,
    0.6861,
    0.6896,
    0.6960000000000001,
    0.6954,
    0.6925999999999999,
    0.6960999999999999,
    0.6999,
    0.7008,
    0.7,
    0.6925000000000001,
    0.6956,
    0.7030000000000001,
    0.698,
    0.6978,
    0.7017,
    0.7051,
    0.7058,
    0.7041999999999999,
    0.7091,
    0.7028999999999999,
    0.7033999999999999,
    0.6990999999999999,
    0.7048,
    0.7063999999999999,
    0.7035999999999999,
    0.7024999999999999,
    0.7046,
    0.7061,
    0.7039000000000001,
    0.7094999999999999,
    0.7071,
    0.7078,
    0.7096,
    0.7032999999999999,
    0.7067,
    0.7081999999999999,
    0.7087,
    0.7141,
    0.7091
  ]
}