{
  "setting": "setting_19",
  "train_accuracy": [
    0.10038,
    0.1052,
    0.13636,
    0.15444,
    0.18492,
    0.21568,
    0.2357,
    0.25032,
    0.26366,
    0.2687,
    0.28056,
    0.29268,
    0.29976,
    0.30248,
    0.31536,
    0.31684,
    0.32574,
    0.32346,
    0.33118,
    0.3325,
    0.33872,
    0.34016,
    0.34366,
    0.34888,
    0.34722,
    0.3511,
    0.35578,
    0.3566,
    0.35724,
    0.3612,
    0.36402,
    0.36994,
    0.3679,
    0.37058,
    0.37204,
    0.37446,
    0.37774,
    0.38076,
    0.38026,
    0.38248,
    0.38634,
    0.38776,
    0.38906,
    0.39114,
    0.39044,
    0.39338,
    0.39332,
    0.39674,
    0.39752,
    0.39618,
    0.3975,
    0.39638,
    0.39948,
    0.39954,
    0.40072,
    0.40112,
    0.40298,
    0.40154,
    0.4003,
    0.40428,
    0.40464,
    0.40302,
    0.40288,
    0.40452,
    0.40524,
    0.40528,
    0.40402,
    0.40448,
    0.40592,
    0.40906,
    0.4047,
    0.40698,
    0.40698,
    0.40848,
    0.40592,
    0.40852,
    0.40592,
    0.4074,
    0.40816,
    0.40782,
    0.40862,
    0.40786,
    0.40762,
    0.406,
    0.40864,
    0.41004,
    0.40846,
    0.41002,
    0.41098,
    0.40852,
    0.40674,
    0.41138,
    0.40946,
    0.4097,
    0.4122,
    0.40908,
    0.41262,
    0.4104,
    0.41002,
    0.4071
  ],
  "test_accuracy": [
    0.10200000000000001,
    0.129,
    0.1475,
    0.1711,
    0.20460000000000003,
    0.2319,
    0.23219999999999996,
    0.2521,
    0.2646,
    0.27549999999999997,
    0.2856,
    0.29989999999999994,
    0.3109,
    0.30689999999999995,
    0.3102,
    0.2966,
    0.3322,
    0.3319,
    0.3403,
    0.3381,
    0.3284,
    0.34260000000000007,
    0.3412,
    0.3498,
    0.3451,
    0.35100000000000003,
    0.3589,
    0.36029999999999995,
    0.3544999999999999,
    0.3572,
    0.3592000000000001,
    0.3658,
    0.36869999999999997,
    0.3639,
    0.37370000000000003,
    0.38460000000000005,
    0.36619999999999997,
    0.37970000000000004,
    0.3778,
    0.3841,
    0.38230000000000003,
    0.3926,
    0.38049999999999995,
    0.3888000000000001,
    0.3878,
    0.389,
    0.3876,
    0.38500000000000006,
    0.4008000000000001,
    0.3976,
    0.40069999999999995,
    0.39960000000000007,
    0.4042,
    0.40020000000000006,
    0.396,
    0.40469999999999995,
    0.4063,
    0.40800000000000003,
    0.4077,
    0.4114999999999999,
    0.4085000000000001,
    0.41079999999999994,
    0.40249999999999997,
    0.41150000000000003,
    0.41,
    0.4093,
    0.41550000000000004,
    0.40969999999999995,
    0.41559999999999997,
    0.40990000000000004,
    0.4095999999999999,
    0.40700000000000003,
    0.41290000000000004,
    0.41069999999999995,
    0.41129999999999994,
    0.41370000000000007,
    0.4175,
    0.41289999999999993,
    0.4136,
    0.41500000000000004,
    0.41240000000000004,
    0.4168,
    0.41390000000000005,
    0.413,
    0.41320000000000007,
    0.40650000000000003,
    0.4157,
    0.4172999999999999,
    0.4225,
    0.4162,
    0.40829999999999994,
    0.4138,
    0.41600000000000004,
    0.41509999999999997,
    0.41879999999999995,
    0.42200000000000004,
    0.4197,
    0.4119,
    0.4131,
    0.4142
  ]
}