{
  "setting": "setting_5",
  "train_accuracy": [
    0.09984,
    0.10196,
    0.10432,
    0.11784,
    0.13132,
    0.1399,
    0.14746,
    0.16082,
    0.1803,
    0.19348,
    0.20938,
    0.22142,
    0.23308,
    0.23802,
    0.2493,
    0.25348,
    0.25858,
    0.26604,
    0.2679,
    0.27028,
    0.27884,
    0.28238,
    0.28604,
    0.29316,
    0.28954,
    0.29818,
    0.29654,
    0.30088,
    0.30576,
    0.30938,
    0.31026,
    0.31244,
    0.3135,
    0.31582,
    0.31628,
    0.31814,
    0.32052,
    0.323,
    0.32002,
    0.3247,
    0.32396,
    0.32822,
    0.32822,
    0.32674,
    0.32878,
    0.3294,
    0.32974,
    0.33212,
    0.33312,
    0.3329,
    0.33178,
    0.33492,
    0.33462,
    0.33554,
    0.33582,
    0.3351,
    0.33596,
    0.33798,
    0.33592,
    0.33644,
    0.33734,
    0.33914,
    0.3386,
    0.34166,
    0.33828,
    0.34,
    0.34028,
    0.34064,
    0.34052,
    0.34152,
    0.34212,
    0.34168,
    0.34064,
    0.34216,
    0.34438,
    0.34244,
    0.34216,
    0.34092,
    0.3417,
    0.34502,
    0.34324,
    0.34456,
    0.34512,
    0.34466,
    0.34556,
    0.34312,
    0.3438,
    0.34414,
    0.34396,
    0.34378,
    0.34432,
    0.3446,
    0.3459,
    0.34328,
    0.34552,
    0.34542,
    0.3442,
    0.3448,
    0.34458,
    0.34672
  ],
  "test_accuracy": [
    0.0998,
    0.1022,
    0.1072,
    0.1237,
    0.1343,
    0.143,
    0.1508,
    0.17129999999999998,
    0.18839999999999998,
    0.20620000000000002,
    0.2225,
    0.2324,
    0.2345,
    0.24489999999999998,
    0.2594,
    0.2657,
    0.26080000000000003,
    0.2701,
    0.2752,
    0.2651,
    0.2873,
    0.2911,
    0.2805,
    0.29079999999999995,
    0.30460000000000004,
    0.30889999999999995,
    0.3109,
    0.3139,
    0.31020000000000003,
    0.31199999999999994,
    0.32020000000000004,
    0.32330000000000003,
    0.3214,
    0.3256,
    0.3242,
    0.3229,
    0.3271,
    0.32930000000000004,
    0.3278,
    0.3301,
    0.3301,
    0.33109999999999995,
    0.33449999999999996,
    0.33270000000000005,
    0.3368,
    0.3356,
    0.33740000000000003,
    0.33629999999999993,
    0.3397,
    0.3357,
    0.3392,
    0.3383,
    0.3431,
    0.3419,
    0.34440000000000004,
    0.3431,
    0.3465,
    0.346,
    0.3504,
    0.34809999999999997,
    0.35,
    0.34690000000000004,
    0.3496,
    0.3468,
    0.3484,
    0.3456,
    0.3484,
    0.34809999999999997,
    0.3512,
    0.3484,
    0.3484,
    0.3517,
    0.3478,
    0.3493,
    0.34819999999999995,
    0.351,
    0.35300000000000004,
    0.35069999999999996,
    0.3553,
    0.3551,
    0.34819999999999995,
    0.3533,
    0.3531,
    0.3519,
    0.354,
    0.3533,
    0.3562,
    0.356,
    0.356,
    0.35409999999999997,
    0.3484,
    0.3524,
    0.35629999999999995,
    0.35730000000000006,
    0.3536,
    0.3538,
    0.3551,
    0.3519,
    0.35070000000000007,
    0.3542
  ]
}