{
  "setting": "setting_29",
  "train_accuracy": [
    0.10102,
    0.11242,
    0.13334,
    0.15316,
    0.1844,
    0.21648,
    0.2353,
    0.24602,
    0.25796,
    0.2695,
    0.27832,
    0.28892,
    0.29482,
    0.3014,
    0.31042,
    0.31662,
    0.31944,
    0.32152,
    0.32458,
    0.3287,
    0.33342,
    0.3337,
    0.3398,
    0.34206,
    0.3428,
    0.34722,
    0.34882,
    0.3511,
    0.35552,
    0.36008,
    0.362,
    0.3652,
    0.37236,
    0.37202,
    0.37314,
    0.3764,
    0.38084,
    0.3832,
    0.38412,
    0.38838,
    0.39032,
    0.39258,
    0.3938,
    0.3956,
    0.39624,
    0.39944,
    0.40128,
    0.40452,
    0.40044,
    0.40628,
    0.40374,
    0.40726,
    0.40528,
    0.40836,
    0.41206,
    0.41046,
    0.41296,
    0.4136,
    0.41294,
    0.41318,
    0.41694,
    0.41488,
    0.4115,
    0.4155,
    0.41522,
    0.41654,
    0.415,
    0.41562,
    0.41816,
    0.41768,
    0.41894,
    0.4186,
    0.41916,
    0.419,
    0.41876,
    0.41972,
    0.4195,
    0.42098,
    0.41854,
    0.4237,
    0.41926,
    0.42028,
    0.42076,
    0.41934,
    0.41824,
    0.42118,
    0.42154,
    0.42052,
    0.41932,
    0.42112,
    0.42246,
    0.419,
    0.42218,
    0.42046,
    0.4221,
    0.42186,
    0.42094,
    0.42028,
    0.42364,
    0.42198
  ],
  "test_accuracy": [
    0.10800000000000001,
    0.1226,
    0.142,
    0.16809999999999997,
    0.20490000000000003,
    0.2245,
    0.21760000000000002,
    0.2529,
    0.2742,
    0.276,
    0.2791,
    0.2853,
    0.2863,
    0.30839999999999995,
    0.3069,
    0.30829999999999996,
    0.3071,
    0.32530000000000003,
    0.3338,
    0.3271,
    0.34130000000000005,
    0.3384,
    0.3466,
    0.3477,
    0.3503,
    0.35229999999999995,
    0.35540000000000005,
    0.35969999999999996,
    0.3578,
    0.3617,
    0.373,
    0.3636,
    0.365,
    0.37,
    0.3705,
    0.3802,
    0.37320000000000003,
    0.3614,
    0.38909999999999995,
    0.39039999999999997,
    0.37839999999999996,
    0.3915,
    0.391,
    0.39740000000000003,
    0.38500000000000006,
    0.40170000000000006,
    0.3982,
    0.4002,
    0.39490000000000003,
    0.40070000000000006,
    0.394,
    0.41179999999999994,
    0.4095,
    0.4141,
    0.4109,
    0.4143,
    0.4079,
    0.41459999999999997,
    0.41400000000000003,
    0.41740000000000005,
    0.41769999999999996,
    0.4166,
    0.4175,
    0.41050000000000003,
    0.41770000000000007,
    0.4253,
    0.42300000000000004,
    0.41770000000000007,
    0.4181,
    0.417,
    0.4237,
    0.4173,
    0.4269,
    0.4215,
    0.42329999999999995,
    0.42300000000000004,
    0.42250000000000004,
    0.421,
    0.425,
    0.421,
    0.4180999999999999,
    0.4234,
    0.4271999999999999,
    0.4205,
    0.4234,
    0.421,
    0.42679999999999996,
    0.4276,
    0.4253,
    0.4229,
    0.4227,
    0.4242,
    0.4285,
    0.43179999999999996,
    0.4220999999999999,
    0.4266,
    0.42379999999999995,
    0.4282,
    0.42829999999999996,
    0.42940000000000006
  ]
}