{
  "setting": "setting_17",
  "train_accuracy": [
    0.12986,
    0.2232,
    0.27552,
    0.31474,
    0.3346,
    0.35452,
    0.37242,
    0.38858,
    0.40602,
    0.41704,
    0.42934,
    0.44658,
    0.45322,
    0.46492,
    0.47344,
    0.48102,
    0.48486,
    0.49312,
    0.49794,
    0.50458,
    0.50636,
    0.5102,
    0.51632,
    0.51718,
    0.5214,
    0.52728,
    0.5325,
    0.53498,
    0.53902,
    0.54386,
    0.54646,
    0.5519,
    0.55672,
    0.55958,
    0.56432,
    0.56732,
    0.56998,
    0.57358,
    0.5771,
    0.58016,
    0.58038,
    0.58708,
    0.5876,
    0.59434,
    0.59434,
    0.59534,
    0.59954,
    0.5984,
    0.60246,
    0.60612,
    0.60686,
    0.60914,
    0.60884,
    0.61022,
    0.61212,
    0.61472,
    0.61742,
    0.61774,
    0.6199,
    0.61894,
    0.61708,
    0.62102,
    0.6213,
    0.62252,
    0.62242,
    0.62652,
    0.6268,
    0.6254,
    0.62516,
    0.62688,
    0.62464,
    0.62548,
    0.62862,
    0.62738,
    0.62582,
    0.62596,
    0.6285,
    0.62952,
    0.62854,
    0.62802,
    0.63134,
    0.63082,
    0.62998,
    0.62946,
    0.62754,
    0.63102,
    0.63036,
    0.63088,
    0.62884,
    0.63024,
    0.62958,
    0.63074,
    0.63092,
    0.63082,
    0.62954,
    0.63258,
    0.6318,
    0.6296,
    0.63168,
    0.62924
  ],
  "test_accuracy": [
    0.17039999999999997,
    0.22769999999999996,
    0.285,
    0.30480000000000007,
    0.3167,
    0.3417,
    0.3606,
    0.3741,
    0.38029999999999997,
    0.39680000000000004,
    0.418,
    0.4277,
    0.4372,
    0.4520999999999999,
    0.44020000000000004,
    0.46230000000000004,
    0.45909999999999995,
    0.4689,
    0.46530000000000005,
    0.4539000000000001,
    0.4833,
    0.4866,
    0.4857,
    0.485,
    0.49959999999999993,
    0.5022,
    0.5128,
    0.5048999999999999,
    0.5116,
    0.5206999999999999,
    0.5122000000000001,
    0.5241,
    0.5187999999999999,
    0.5366000000000001,
    0.538,
    0.5322000000000001,
    0.545,
    0.5462,
    0.5516000000000001,
    0.548,
    0.5627000000000001,
    0.5606,
    0.5651999999999999,
    0.5715999999999999,
    0.576,
    0.5721,
    0.5523,
    0.5660999999999999,
    0.5755000000000001,
    0.577,
    0.5837999999999999,
    0.581,
    0.5692999999999999,
    0.5838,
    0.588,
    0.5865999999999999,
    0.5942999999999999,
    0.5945999999999999,
    0.5926,
    0.591,
    0.5917999999999999,
    0.5929999999999999,
    0.6032,
    0.606,
    0.6026,
    0.6083000000000001,
    0.6042000000000001,
    0.601,
    0.6083999999999998,
    0.6056999999999999,
    0.6045999999999999,
    0.6046,
    0.6082,
    0.6058000000000001,
    0.6049,
    0.608,
    0.6133,
    0.6088,
    0.6125999999999999,
    0.6128,
    0.6116999999999999,
    0.6164,
    0.6146999999999999,
    0.6144999999999999,
    0.6142000000000001,
    0.6149,
    0.6173,
    0.6162,
    0.6156,
    0.6131,
    0.6196999999999999,
    0.6234,
    0.6199,
    0.6166,
    0.6135999999999999,
    0.6206,
    0.6239999999999999,
    0.6197,
    0.6228,
    0.6233
  ]
}