{
  "setting": "setting_22",
  "train_accuracy": [
    0.13632,
    0.22708,
    0.27972,
    0.31794,
    0.33676,
    0.35688,
    0.3776,
    0.39632,
    0.41366,
    0.42742,
    0.44018,
    0.45722,
    0.46542,
    0.47454,
    0.48452,
    0.49388,
    0.49992,
    0.50874,
    0.51588,
    0.5256,
    0.52628,
    0.53404,
    0.54198,
    0.54726,
    0.5524,
    0.56156,
    0.5674,
    0.57026,
    0.57686,
    0.58254,
    0.58614,
    0.59002,
    0.59642,
    0.60046,
    0.60436,
    0.60774,
    0.6155,
    0.61732,
    0.62318,
    0.62752,
    0.62788,
    0.63068,
    0.63434,
    0.6394,
    0.64162,
    0.6444,
    0.64862,
    0.64814,
    0.65104,
    0.65264,
    0.65344,
    0.65586,
    0.65834,
    0.65834,
    0.66064,
    0.663,
    0.6629,
    0.6659,
    0.66826,
    0.665,
    0.66452,
    0.66588,
    0.66768,
    0.66794,
    0.66896,
    0.67086,
    0.66936,
    0.67108,
    0.66888,
    0.66848,
    0.66866,
    0.67046,
    0.6702,
    0.67074,
    0.6692,
    0.67106,
    0.6727,
    0.67328,
    0.66886,
    0.67104,
    0.67558,
    0.67276,
    0.67374,
    0.67306,
    0.67424,
    0.6741,
    0.6722,
    0.67178,
    0.67392,
    0.67368,
    0.67284,
    0.67498,
    0.67434,
    0.67446,
    0.67336,
    0.6762,
    0.67492,
    0.6738,
    0.67422,
    0.67394
  ],
  "test_accuracy": [
    0.17459999999999998,
    0.23279999999999995,
    0.291,
    0.3109,
    0.31510000000000005,
    0.34540000000000004,
    0.36049999999999993,
    0.3815,
    0.38970000000000005,
    0.40280000000000005,
    0.4239,
    0.4303,
    0.44109999999999994,
    0.4579,
    0.44769999999999993,
    0.46769999999999995,
    0.4709,
    0.47519999999999996,
    0.48339999999999994,
    0.4622,
    0.5,
    0.5006,
    0.5128,
    0.493,
    0.5242,
    0.5269,
    0.5402,
    0.5346,
    0.5288,
    0.5428000000000001,
    0.5494,
    0.5543000000000001,
    0.5513,
    0.5524,
    0.5626,
    0.5673,
    0.5662,
    0.5774999999999999,
    0.5831999999999999,
    0.5767,
    0.5995999999999999,
    0.6015999999999999,
    0.5917,
    0.6053,
    0.6111,
    0.6106999999999999,
    0.6074999999999999,
    0.5952,
    0.6116,
    0.6079,
    0.6194000000000001,
    0.6209999999999999,
    0.6144000000000001,
    0.6237999999999999,
    0.6305000000000001,
    0.6255999999999999,
    0.6422000000000001,
    0.6374000000000001,
    0.6366,
    0.6305,
    0.6339,
    0.6415,
    0.6414000000000001,
    0.6466999999999998,
    0.6439,
    0.6493,
    0.6462,
    0.6436,
    0.6456,
    0.6474,
    0.6445,
    0.6489,
    0.6439999999999999,
    0.648,
    0.6471,
    0.6539,
    0.6541,
    0.6511000000000001,
    0.653,
    0.6531999999999999,
    0.6555,
    0.6537,
    0.6572000000000001,
    0.6561999999999999,
    0.6544,
    0.6553000000000001,
    0.6579,
    0.6583000000000001,
    0.6516000000000001,
    0.6554,
    0.6604,
    0.6606000000000001,
    0.6662999999999999,
    0.6557,
    0.6578,
    0.6615000000000001,
    0.6613,
    0.6571,
    0.6636000000000001,
    0.6623
  ]
}