{
  "setting": "setting_27",
  "train_accuracy": [
    0.14262,
    0.23726,
    0.29162,
    0.32748,
    0.34914,
    0.3719,
    0.3962,
    0.42042,
    0.43666,
    0.45394,
    0.46542,
    0.48058,
    0.49044,
    0.4986,
    0.50926,
    0.52182,
    0.5299,
    0.53894,
    0.54658,
    0.55464,
    0.55712,
    0.56658,
    0.57342,
    0.57978,
    0.5849,
    0.59144,
    0.59618,
    0.59854,
    0.60478,
    0.61138,
    0.61218,
    0.61532,
    0.62224,
    0.62652,
    0.63012,
    0.6324,
    0.63616,
    0.64026,
    0.64322,
    0.64438,
    0.6461,
    0.64892,
    0.6511,
    0.65416,
    0.65722,
    0.65984,
    0.66118,
    0.6592,
    0.66218,
    0.66548,
    0.66376,
    0.66552,
    0.66934,
    0.6663,
    0.66856,
    0.67218,
    0.67366,
    0.67266,
    0.67716,
    0.6771,
    0.67448,
    0.6756,
    0.67624,
    0.6765,
    0.6768,
    0.67934,
    0.67934,
    0.68054,
    0.67788,
    0.67678,
    0.67862,
    0.67714,
    0.67912,
    0.67848,
    0.67938,
    0.67764,
    0.68254,
    0.68348,
    0.67932,
    0.68102,
    0.68058,
    0.68006,
    0.68114,
    0.6802,
    0.68216,
    0.68206,
    0.68076,
    0.68012,
    0.68168,
    0.68452,
    0.68234,
    0.67996,
    0.68172,
    0.68272,
    0.6807,
    0.68194,
    0.6802,
    0.67998,
    0.6817,
    0.68032
  ],
  "test_accuracy": [
    0.1798,
    0.2404,
    0.2963,
    0.31989999999999996,
    0.3265,
    0.35760000000000003,
    0.3873,
    0.40730000000000005,
    0.40809999999999996,
    0.4189,
    0.43870000000000003,
    0.4459000000000001,
    0.4638999999999999,
    0.47280000000000005,
    0.4717999999999999,
    0.49940000000000007,
    0.497,
    0.5001,
    0.5067999999999999,
    0.48660000000000003,
    0.5248999999999999,
    0.5237,
    0.5388000000000002,
    0.5218,
    0.5453000000000001,
    0.5572,
    0.5706,
    0.5673,
    0.561,
    0.568,
    0.5754,
    0.5783999999999999,
    0.5747,
    0.5904999999999999,
    0.5863999999999999,
    0.5857,
    0.5916999999999999,
    0.5957,
    0.5963999999999999,
    0.5996999999999999,
    0.6119000000000001,
    0.6155999999999999,
    0.6052,
    0.6213,
    0.6312999999999999,
    0.627,
    0.6166999999999999,
    0.6135999999999999,
    0.6278,
    0.6243,
    0.6321,
    0.6343,
    0.6294,
    0.6333,
    0.6416999999999999,
    0.6374000000000001,
    0.6468,
    0.6518999999999999,
    0.6481,
    0.6425,
    0.6443,
    0.6512,
    0.655,
    0.6489,
    0.6532000000000001,
    0.6562000000000001,
    0.6552000000000001,
    0.6531,
    0.6557999999999999,
    0.6564000000000001,
    0.655,
    0.6563000000000001,
    0.6562,
    0.6615,
    0.6608,
    0.662,
    0.6657000000000001,
    0.664,
    0.661,
    0.6636000000000001,
    0.6658,
    0.6679,
    0.6661,
    0.6663,
    0.6621,
    0.6672,
    0.6674,
    0.6653,
    0.6686,
    0.6747,
    0.6673,
    0.6672,
    0.668,
    0.6672,
    0.6698000000000001,
    0.6759000000000001,
    0.6728999999999999,
    0.6682000000000001,
    0.6721999999999999,
    0.6747
  ]
}