{
  "setting": "setting_30",
  "train_accuracy": [
    0.09984,
    0.10284,
    0.10454,
    0.11694,
    0.13096,
    0.14036,
    0.14854,
    0.1609,
    0.17952,
    0.19284,
    0.20946,
    0.22126,
    0.23222,
    0.2382,
    0.24782,
    0.25352,
    0.25892,
    0.2664,
    0.26866,
    0.27024,
    0.27886,
    0.28266,
    0.28582,
    0.29226,
    0.28948,
    0.29834,
    0.29682,
    0.30032,
    0.30532,
    0.30926,
    0.30932,
    0.31222,
    0.3129,
    0.3148,
    0.3163,
    0.31764,
    0.3206,
    0.32188,
    0.3183,
    0.32316,
    0.3244,
    0.32608,
    0.32846,
    0.32754,
    0.32974,
    0.32966,
    0.33112,
    0.33242,
    0.33454,
    0.3341,
    0.33392,
    0.3371,
    0.33666,
    0.33776,
    0.33778,
    0.33684,
    0.33916,
    0.33982,
    0.3391,
    0.3394,
    0.3402,
    0.34126,
    0.34102,
    0.34516,
    0.34128,
    0.34224,
    0.34292,
    0.34376,
    0.34322,
    0.34454,
    0.34436,
    0.34472,
    0.34416,
    0.34382,
    0.34704,
    0.34468,
    0.34502,
    0.34418,
    0.34446,
    0.34734,
    0.34624,
    0.3468,
    0.34716,
    0.34728,
    0.3478,
    0.34628,
    0.34738,
    0.34678,
    0.34764,
    0.34624,
    0.34678,
    0.34736,
    0.3491,
    0.34638,
    0.34886,
    0.34826,
    0.34714,
    0.34762,
    0.34842,
    0.34894
  ],
  "test_accuracy": [
    0.0998,
    0.10370000000000001,
    0.1071,
    0.12250000000000001,
    0.1346,
    0.1443,
    0.1521,
    0.17119999999999996,
    0.188,
    0.20660000000000003,
    0.2218,
    0.23369999999999996,
    0.23490000000000003,
    0.2444,
    0.258,
    0.26660000000000006,
    0.2622,
    0.269,
    0.27580000000000005,
    0.26660000000000006,
    0.2887,
    0.2913,
    0.2798,
    0.29009999999999997,
    0.30379999999999996,
    0.3077,
    0.30999999999999994,
    0.31229999999999997,
    0.31100000000000005,
    0.31220000000000003,
    0.3213,
    0.3217,
    0.3206,
    0.3251,
    0.3223,
    0.32280000000000003,
    0.3239,
    0.32639999999999997,
    0.3294,
    0.3257,
    0.3311,
    0.3262,
    0.33599999999999997,
    0.33249999999999996,
    0.3363,
    0.3361,
    0.3387,
    0.3367,
    0.3402,
    0.3357,
    0.3402,
    0.3402,
    0.34340000000000004,
    0.3418,
    0.34619999999999995,
    0.3447,
    0.3489,
    0.3471,
    0.34959999999999997,
    0.34930000000000005,
    0.355,
    0.3486,
    0.3498,
    0.34800000000000003,
    0.3498,
    0.3452,
    0.3513,
    0.3504,
    0.3537,
    0.35119999999999996,
    0.351,
    0.3534,
    0.3528,
    0.35169999999999996,
    0.3499,
    0.3527,
    0.354,
    0.35269999999999996,
    0.35650000000000004,
    0.35750000000000004,
    0.3509,
    0.3549,
    0.35309999999999997,
    0.35489999999999994,
    0.35440000000000005,
    0.355,
    0.3578,
    0.3586,
    0.3584,
    0.3538,
    0.3524,
    0.3534,
    0.3594,
    0.36,
    0.35710000000000003,
    0.355,
    0.35729999999999995,
    0.3546,
    0.35530000000000006,
    0.3558
  ]
}