{
  "setting": "setting_8",
  "train_accuracy": [
    0.10566,
    0.14572,
    0.2017,
    0.23962,
    0.2649,
    0.28786,
    0.30616,
    0.31612,
    0.32558,
    0.33258,
    0.34444,
    0.35038,
    0.35882,
    0.36448,
    0.3706,
    0.37674,
    0.38538,
    0.3887,
    0.39658,
    0.3978,
    0.405,
    0.4109,
    0.41354,
    0.41854,
    0.42402,
    0.42408,
    0.42752,
    0.4302,
    0.43482,
    0.4399,
    0.44028,
    0.4464,
    0.44932,
    0.44886,
    0.45224,
    0.4541,
    0.45432,
    0.45628,
    0.45512,
    0.4585,
    0.46074,
    0.46316,
    0.4617,
    0.46232,
    0.46354,
    0.46458,
    0.46566,
    0.46576,
    0.4684,
    0.4686,
    0.46764,
    0.46982,
    0.46782,
    0.47026,
    0.47026,
    0.47212,
    0.47142,
    0.47244,
    0.47226,
    0.47374,
    0.47468,
    0.4733,
    0.47278,
    0.47574,
    0.47432,
    0.47892,
    0.4752,
    0.47596,
    0.47328,
    0.47738,
    0.4736,
    0.47726,
    0.47842,
    0.47776,
    0.47944,
    0.47714,
    0.47846,
    0.47752,
    0.4776,
    0.47698,
    0.47558,
    0.47922,
    0.47912,
    0.47966,
    0.47912,
    0.4786,
    0.48058,
    0.4771,
    0.47786,
    0.48128,
    0.48024,
    0.48098,
    0.47968,
    0.47876,
    0.48044,
    0.47822,
    0.47958,
    0.48082,
    0.47916,
    0.48232
  ],
  "test_accuracy": [
    0.13340000000000002,
    0.1706,
    0.2153,
    0.23899999999999996,
    0.25440000000000007,
    0.2834,
    0.2824,
    0.3047,
    0.3209,
    0.30839999999999995,
    0.33399999999999996,
    0.331,
    0.353,
    0.3196,
    0.35069999999999996,
    0.3591,
    0.3517,
    0.377,
    0.3793,
    0.3873000000000001,
    0.3814,
    0.4002,
    0.4037,
    0.41859999999999997,
    0.38570000000000004,
    0.40700000000000003,
    0.4133,
    0.41689999999999994,
    0.40619999999999995,
    0.41580000000000006,
    0.42779999999999996,
    0.4306,
    0.4231,
    0.42560000000000003,
    0.38049999999999995,
    0.43760000000000004,
    0.43360000000000004,
    0.4485,
    0.45289999999999997,
    0.4399,
    0.45409999999999995,
    0.45230000000000004,
    0.44849999999999995,
    0.45430000000000004,
    0.44610000000000005,
    0.46210000000000007,
    0.4439000000000001,
    0.4641,
    0.4635999999999999,
    0.4624999999999999,
    0.46849999999999997,
    0.4716,
    0.4619,
    0.4676,
    0.46230000000000004,
    0.4697,
    0.4625,
    0.46979999999999994,
    0.46559999999999996,
    0.47170000000000006,
    0.4747,
    0.4689,
    0.46980000000000005,
    0.4742,
    0.4781000000000001,
    0.4757999999999999,
    0.4791,
    0.47639999999999993,
    0.4737,
    0.4769,
    0.48129999999999995,
    0.4720999999999999,
    0.4766,
    0.47969999999999996,
    0.48040000000000005,
    0.4755,
    0.47750000000000004,
    0.47300000000000003,
    0.47850000000000004,
    0.4798,
    0.47729999999999995,
    0.4840000000000001,
    0.4847,
    0.48229999999999995,
    0.48369999999999996,
    0.48080000000000006,
    0.4817,
    0.4774,
    0.481,
    0.48179999999999995,
    0.4814,
    0.4826,
    0.4835999999999999,
    0.4845999999999999,
    0.4805,
    0.48640000000000005,
    0.4838,
    0.48129999999999995,
    0.48629999999999995,
    0.4787
  ]
}