{
  "setting": "setting_15",
  "train_accuracy": [
    0.09984,
    0.10188,
    0.1043,
    0.11762,
    0.1311,
    0.13986,
    0.14758,
    0.16086,
    0.1802,
    0.19346,
    0.20934,
    0.2214,
    0.23292,
    0.23786,
    0.24952,
    0.25336,
    0.25858,
    0.26596,
    0.26766,
    0.2702,
    0.279,
    0.28254,
    0.28588,
    0.29296,
    0.28984,
    0.298,
    0.29666,
    0.30098,
    0.30558,
    0.30948,
    0.31038,
    0.31248,
    0.3134,
    0.3158,
    0.31624,
    0.31828,
    0.32054,
    0.32284,
    0.3198,
    0.3249,
    0.3242,
    0.32698,
    0.3283,
    0.32728,
    0.3289,
    0.32952,
    0.33026,
    0.33232,
    0.33326,
    0.33276,
    0.3321,
    0.33524,
    0.33498,
    0.33602,
    0.33576,
    0.33552,
    0.33604,
    0.33788,
    0.3358,
    0.3372,
    0.33794,
    0.3393,
    0.33894,
    0.34218,
    0.33848,
    0.34074,
    0.34116,
    0.34148,
    0.34148,
    0.34284,
    0.34298,
    0.34282,
    0.34164,
    0.3427,
    0.34504,
    0.34408,
    0.34404,
    0.34282,
    0.34322,
    0.34694,
    0.34574,
    0.34662,
    0.34668,
    0.34702,
    0.34742,
    0.34588,
    0.34692,
    0.34742,
    0.34702,
    0.347,
    0.34754,
    0.34738,
    0.3489,
    0.34674,
    0.34964,
    0.34936,
    0.34764,
    0.34846,
    0.3487,
    0.34944
  ],
  "test_accuracy": [
    0.0998,
    0.10200000000000001,
    0.10700000000000001,
    0.1242,
    0.13410000000000002,
    0.14320000000000002,
    0.1509,
    0.17129999999999998,
    0.1885,
    0.2063,
    0.22269999999999998,
    0.23289999999999997,
    0.23489999999999997,
    0.24499999999999997,
    0.25939999999999996,
    0.26580000000000004,
    0.2613,
    0.26990000000000003,
    0.27570000000000006,
    0.2649,
    0.2877,
    0.2918,
    0.2812,
    0.29129999999999995,
    0.30419999999999997,
    0.30910000000000004,
    0.31050000000000005,
    0.31389999999999996,
    0.3106,
    0.313,
    0.3195,
    0.3237,
    0.3209,
    0.3261,
    0.32449999999999996,
    0.323,
    0.32720000000000005,
    0.3295,
    0.3286,
    0.33020000000000005,
    0.3305,
    0.3287,
    0.33499999999999996,
    0.333,
    0.33709999999999996,
    0.33599999999999997,
    0.3378,
    0.3367,
    0.3397,
    0.33599999999999997,
    0.3397,
    0.3387,
    0.3437,
    0.3417,
    0.3456,
    0.3436,
    0.34609999999999996,
    0.3467,
    0.35040000000000004,
    0.34690000000000004,
    0.3506,
    0.3466,
    0.3495,
    0.347,
    0.3488,
    0.3451,
    0.34809999999999997,
    0.3493,
    0.3515,
    0.3484999999999999,
    0.35029999999999994,
    0.35209999999999997,
    0.34840000000000004,
    0.3492,
    0.3509,
    0.35219999999999996,
    0.3539,
    0.3513,
    0.3552,
    0.3562,
    0.3505,
    0.35429999999999995,
    0.3548,
    0.35490000000000005,
    0.3557,
    0.3545,
    0.3557,
    0.35760000000000003,
    0.3571,
    0.35520000000000007,
    0.352,
    0.3559,
    0.3585,
    0.36039999999999994,
    0.3584,
    0.3572,
    0.3589,
    0.35509999999999997,
    0.3538,
    0.3571
  ]
}