{
  "setting": "setting_13",
  "train_accuracy": [
    0.10572,
    0.14554,
    0.20116,
    0.23942,
    0.2649,
    0.28738,
    0.30632,
    0.31646,
    0.32568,
    0.33248,
    0.34462,
    0.35062,
    0.35856,
    0.3641,
    0.3706,
    0.3769,
    0.38492,
    0.38828,
    0.39642,
    0.39752,
    0.40514,
    0.4103,
    0.41376,
    0.41846,
    0.42426,
    0.42462,
    0.42722,
    0.43084,
    0.4348,
    0.43952,
    0.43996,
    0.44596,
    0.44876,
    0.44912,
    0.4527,
    0.45386,
    0.45368,
    0.45602,
    0.45534,
    0.45792,
    0.4601,
    0.46284,
    0.46184,
    0.46172,
    0.46372,
    0.4647,
    0.46522,
    0.46596,
    0.46804,
    0.4682,
    0.46692,
    0.46954,
    0.46798,
    0.46986,
    0.46996,
    0.4718,
    0.47126,
    0.47214,
    0.47244,
    0.47378,
    0.47436,
    0.47334,
    0.4727,
    0.47512,
    0.47436,
    0.47884,
    0.47522,
    0.47562,
    0.47336,
    0.47718,
    0.4734,
    0.47652,
    0.47848,
    0.47714,
    0.4793,
    0.47748,
    0.47868,
    0.47738,
    0.47712,
    0.47652,
    0.47616,
    0.47874,
    0.47832,
    0.47944,
    0.47918,
    0.47838,
    0.48042,
    0.47662,
    0.47826,
    0.48112,
    0.4799,
    0.48046,
    0.47954,
    0.4785,
    0.4797,
    0.47828,
    0.47872,
    0.4803,
    0.47878,
    0.4816
  ],
  "test_accuracy": [
    0.1331,
    0.1706,
    0.21519999999999997,
    0.23819999999999997,
    0.2542000000000001,
    0.2828,
    0.2818,
    0.30419999999999997,
    0.32080000000000003,
    0.3089,
    0.33419999999999994,
    0.3318,
    0.35300000000000004,
    0.3197,
    0.351,
    0.359,
    0.3523,
    0.3774,
    0.37959999999999994,
    0.3872,
    0.3819,
    0.4,
    0.40459999999999996,
    0.41789999999999994,
    0.3851,
    0.4061,
    0.41109999999999997,
    0.4157,
    0.40409999999999996,
    0.41579999999999995,
    0.4272,
    0.43069999999999997,
    0.4222,
    0.4255,
    0.37910000000000005,
    0.4391999999999999,
    0.43340000000000006,
    0.4481,
    0.45219999999999994,
    0.4396,
    0.45439999999999997,
    0.4519,
    0.4489000000000001,
    0.454,
    0.4457,
    0.4622,
    0.44430000000000003,
    0.4655,
    0.4638,
    0.46270000000000006,
    0.4688,
    0.47140000000000004,
    0.4631,
    0.46620000000000006,
    0.4636,
    0.47020000000000006,
    0.4617,
    0.46929999999999994,
    0.46630000000000005,
    0.47040000000000004,
    0.47519999999999996,
    0.46909999999999996,
    0.4702,
    0.4749,
    0.47809999999999997,
    0.47590000000000005,
    0.47870000000000007,
    0.4768,
    0.47250000000000003,
    0.4769,
    0.48100000000000004,
    0.4718000000000001,
    0.4768,
    0.48039999999999994,
    0.48069999999999996,
    0.47590000000000005,
    0.47680000000000006,
    0.47280000000000005,
    0.47829999999999995,
    0.4809,
    0.47759999999999997,
    0.48149999999999993,
    0.48410000000000003,
    0.48249999999999993,
    0.4835999999999999,
    0.4815999999999999,
    0.4805,
    0.47859999999999997,
    0.48040000000000005,
    0.4829,
    0.48229999999999995,
    0.4817,
    0.4829,
    0.4838,
    0.48,
    0.48579999999999995,
    0.48369999999999996,
    0.48069999999999996,
    0.4862,
    0.4768
  ]
}