{
  "setting": "setting_16",
  "train_accuracy": [
    0.17938,
    0.30062,
    0.3537,
    0.38442,
    0.41556,
    0.4463,
    0.4652,
    0.48516,
    0.49762,
    0.5079,
    0.51932,
    0.5249,
    0.5345,
    0.5472,
    0.5544,
    0.56736,
    0.57626,
    0.58504,
    0.59624,
    0.6051,
    0.61214,
    0.61688,
    0.62408,
    0.63286,
    0.63606,
    0.63938,
    0.64228,
    0.64788,
    0.65096,
    0.6556,
    0.65734,
    0.66038,
    0.6601,
    0.66568,
    0.66712,
    0.66784,
    0.66994,
    0.67304,
    0.67394,
    0.67134,
    0.67326,
    0.67734,
    0.67668,
    0.67642,
    0.67722,
    0.67958,
    0.68016,
    0.68022,
    0.68338,
    0.68238,
    0.6855,
    0.6824,
    0.68062,
    0.68468,
    0.68398,
    0.68222,
    0.68442,
    0.6843,
    0.68452,
    0.68508,
    0.68486,
    0.6849,
    0.68404,
    0.68606,
    0.68536,
    0.68676,
    0.68566,
    0.68602,
    0.686,
    0.6855,
    0.68596,
    0.68682,
    0.68608,
    0.68544,
    0.68616,
    0.68538,
    0.6872,
    0.68606,
    0.69028,
    0.6849,
    0.68562,
    0.6857,
    0.68564,
    0.68586,
    0.68566,
    0.6872,
    0.68652,
    0.68602,
    0.686,
    0.68816,
    0.6855,
    0.6851,
    0.68748,
    0.68742,
    0.6871,
    0.68536,
    0.68738,
    0.68514,
    0.6866,
    0.6863
  ],
  "test_accuracy": [
    0.20010000000000003,
    0.2854,
    0.30260000000000004,
    0.3528,
    0.3689,
    0.3741,
    0.4359,
    0.40990000000000004,
    0.41929999999999995,
    0.4655,
    0.44530000000000003,
    0.4351999999999999,
    0.4241,
    0.44769999999999993,
    0.513,
    0.4965,
    0.49060000000000004,
    0.5194000000000001,
    0.5101,
    0.5635,
    0.5333,
    0.5648,
    0.5730999999999999,
    0.5215,
    0.5075999999999999,
    0.5058,
    0.5801000000000001,
    0.5586,
    0.6002,
    0.5998999999999999,
    0.6125,
    0.593,
    0.6069,
    0.5808,
    0.6093,
    0.631,
    0.6064,
    0.6312,
    0.6088,
    0.6018000000000001,
    0.6374000000000001,
    0.627,
    0.644,
    0.6235999999999999,
    0.6410000000000001,
    0.622,
    0.6373,
    0.6466999999999999,
    0.6365000000000001,
    0.6477,
    0.6462,
    0.6332000000000001,
    0.6579999999999999,
    0.6536000000000001,
    0.6489,
    0.6532,
    0.6612000000000001,
    0.6502000000000001,
    0.6577,
    0.6476,
    0.6526,
    0.6614,
    0.6664,
    0.6604,
    0.6612,
    0.661,
    0.6635000000000002,
    0.6531,
    0.6651,
    0.6647000000000001,
    0.6632,
    0.663,
    0.6649,
    0.6643,
    0.6672,
    0.6701,
    0.6712,
    0.6668000000000001,
    0.6664,
    0.6643000000000001,
    0.6664000000000001,
    0.6668,
    0.6703,
    0.6718999999999999,
    0.6681000000000001,
    0.6689999999999999,
    0.6634,
    0.671,
    0.6683,
    0.6674,
    0.6727000000000001,
    0.6691,
    0.6698999999999999,
    0.6709,
    0.6704000000000001,
    0.6692000000000001,
    0.6725000000000001,
    0.672,
    0.67,
    0.6732
  ]
}