{
  "setting": "setting_3",
  "train_accuracy": [
    0.10596,
    0.14592,
    0.20218,
    0.23968,
    0.26538,
    0.2878,
    0.30622,
    0.31618,
    0.32512,
    0.33258,
    0.34436,
    0.35062,
    0.35886,
    0.36508,
    0.37074,
    0.37662,
    0.38562,
    0.38838,
    0.39676,
    0.39826,
    0.40522,
    0.41076,
    0.41374,
    0.41852,
    0.42416,
    0.42444,
    0.4277,
    0.4303,
    0.435,
    0.4404,
    0.44038,
    0.44682,
    0.44882,
    0.44898,
    0.45238,
    0.45426,
    0.45432,
    0.4567,
    0.4556,
    0.45846,
    0.46084,
    0.4632,
    0.46116,
    0.4625,
    0.46314,
    0.46494,
    0.46634,
    0.46562,
    0.46844,
    0.46906,
    0.46836,
    0.46966,
    0.4684,
    0.47054,
    0.4707,
    0.47304,
    0.47234,
    0.47306,
    0.47384,
    0.47512,
    0.47662,
    0.47504,
    0.4748,
    0.4772,
    0.4756,
    0.47974,
    0.4766,
    0.47758,
    0.47476,
    0.4787,
    0.4756,
    0.4802,
    0.48064,
    0.47912,
    0.4818,
    0.47938,
    0.47964,
    0.47896,
    0.47844,
    0.47878,
    0.47772,
    0.48058,
    0.48042,
    0.48122,
    0.48126,
    0.47996,
    0.48198,
    0.47786,
    0.47922,
    0.4825,
    0.4821,
    0.48156,
    0.48034,
    0.48068,
    0.48164,
    0.48036,
    0.48042,
    0.48216,
    0.48036,
    0.48328
  ],
  "test_accuracy": [
    0.13440000000000002,
    0.17099999999999999,
    0.2152,
    0.23879999999999998,
    0.254,
    0.28400000000000003,
    0.2812,
    0.30460000000000004,
    0.3209,
    0.3085,
    0.3335000000000001,
    0.3309,
    0.35340000000000005,
    0.3204,
    0.35,
    0.3584,
    0.35220000000000007,
    0.37770000000000004,
    0.37949999999999995,
    0.3886,
    0.3809,
    0.39960000000000007,
    0.40440000000000004,
    0.4185,
    0.3856,
    0.40680000000000005,
    0.4138,
    0.4173,
    0.4063,
    0.41479999999999995,
    0.42849999999999994,
    0.4305,
    0.42299999999999993,
    0.4258,
    0.3809,
    0.4394,
    0.43439999999999995,
    0.4483,
    0.4525,
    0.4396,
    0.45389999999999997,
    0.45169999999999993,
    0.4478,
    0.4546,
    0.4473999999999999,
    0.46210000000000007,
    0.4439,
    0.4640000000000001,
    0.4654999999999999,
    0.46209999999999996,
    0.4662,
    0.47029999999999994,
    0.46129999999999993,
    0.46720000000000006,
    0.4619000000000001,
    0.4713,
    0.4622,
    0.46959999999999996,
    0.46820000000000006,
    0.4715999999999999,
    0.4761,
    0.46719999999999995,
    0.4704,
    0.4772,
    0.48,
    0.4769,
    0.4789,
    0.477,
    0.47620000000000007,
    0.4768,
    0.4827,
    0.47359999999999997,
    0.4772,
    0.48179999999999995,
    0.4796,
    0.4782,
    0.47989999999999994,
    0.47490000000000004,
    0.47909999999999997,
    0.48100000000000004,
    0.4791,
    0.4849,
    0.4862,
    0.4843,
    0.4827000000000001,
    0.4818999999999999,
    0.48339999999999994,
    0.4787,
    0.481,
    0.48319999999999996,
    0.48230000000000006,
    0.48549999999999993,
    0.48519999999999996,
    0.48469999999999996,
    0.48290000000000005,
    0.48699999999999993,
    0.48389999999999994,
    0.48360000000000003,
    0.48810000000000003,
    0.4805999999999999
  ]
}