{
  "setting": "setting_7",
  "train_accuracy": [
    0.13076,
    0.22344,
    0.27564,
    0.31526,
    0.33388,
    0.3544,
    0.37216,
    0.38836,
    0.40526,
    0.41672,
    0.42822,
    0.44668,
    0.45322,
    0.46418,
    0.47372,
    0.48014,
    0.48446,
    0.49286,
    0.4981,
    0.5051,
    0.50734,
    0.51012,
    0.5166,
    0.51812,
    0.52398,
    0.52928,
    0.53458,
    0.53748,
    0.54232,
    0.54816,
    0.55098,
    0.55602,
    0.56242,
    0.56576,
    0.56936,
    0.5742,
    0.57744,
    0.58106,
    0.58418,
    0.58884,
    0.58874,
    0.59564,
    0.59636,
    0.60206,
    0.6028,
    0.6044,
    0.60784,
    0.60764,
    0.60946,
    0.6138,
    0.61384,
    0.61708,
    0.61734,
    0.61716,
    0.6191,
    0.62182,
    0.62392,
    0.6244,
    0.62562,
    0.6258,
    0.6243,
    0.62598,
    0.62652,
    0.6281,
    0.62816,
    0.63032,
    0.63028,
    0.62894,
    0.63026,
    0.63236,
    0.62876,
    0.6299,
    0.63234,
    0.63114,
    0.6274,
    0.6299,
    0.63266,
    0.63108,
    0.6321,
    0.6315,
    0.63492,
    0.6337,
    0.63338,
    0.63282,
    0.63162,
    0.6346,
    0.63318,
    0.63362,
    0.63352,
    0.63344,
    0.63388,
    0.63504,
    0.63514,
    0.63566,
    0.63306,
    0.63688,
    0.63522,
    0.63366,
    0.635,
    0.6328
  ],
  "test_accuracy": [
    0.1706,
    0.22829999999999995,
    0.2852,
    0.30419999999999997,
    0.31609999999999994,
    0.3412,
    0.3589,
    0.37320000000000003,
    0.37839999999999996,
    0.3946,
    0.4176,
    0.4255,
    0.43689999999999996,
    0.4495,
    0.4384,
    0.46130000000000004,
    0.4587,
    0.4683,
    0.46430000000000005,
    0.45330000000000004,
    0.48310000000000003,
    0.48500000000000004,
    0.48369999999999996,
    0.48410000000000003,
    0.49829999999999997,
    0.5019,
    0.5125,
    0.5043,
    0.5107,
    0.5193999999999999,
    0.5132999999999999,
    0.5242,
    0.5228,
    0.539,
    0.5397000000000001,
    0.5389,
    0.548,
    0.5492,
    0.5535,
    0.5504,
    0.5664,
    0.5660999999999999,
    0.5664,
    0.572,
    0.5814999999999999,
    0.5778,
    0.5580999999999999,
    0.5691,
    0.5818,
    0.5765999999999999,
    0.5912,
    0.5902999999999998,
    0.5789,
    0.5888999999999999,
    0.5965999999999999,
    0.5862999999999999,
    0.6023,
    0.601,
    0.6020000000000001,
    0.5984999999999999,
    0.5980999999999999,
    0.6029,
    0.611,
    0.6087,
    0.6037000000000001,
    0.6121000000000001,
    0.6071000000000001,
    0.6079000000000001,
    0.6131,
    0.6092,
    0.6105999999999999,
    0.61,
    0.6112,
    0.6095999999999999,
    0.6093,
    0.6129,
    0.615,
    0.6125,
    0.6154,
    0.6174,
    0.6167,
    0.6232,
    0.619,
    0.6193,
    0.6195999999999999,
    0.6179,
    0.6204,
    0.6235999999999999,
    0.6203000000000001,
    0.6191,
    0.6212,
    0.6260999999999999,
    0.6218,
    0.6195,
    0.617,
    0.6222,
    0.6253,
    0.6225000000000002,
    0.626,
    0.6276999999999999
  ]
}