{
  "setting": "setting_1",
  "train_accuracy": [
    0.17954,
    0.30114,
    0.35384,
    0.38412,
    0.41508,
    0.44466,
    0.46514,
    0.48586,
    0.50058,
    0.51004,
    0.52212,
    0.53008,
    0.53812,
    0.5504,
    0.55978,
    0.57184,
    0.57978,
    0.5882,
    0.59954,
    0.60578,
    0.61312,
    0.61996,
    0.62722,
    0.63466,
    0.64006,
    0.64282,
    0.6475,
    0.65192,
    0.65476,
    0.66168,
    0.66484,
    0.66346,
    0.6668,
    0.67142,
    0.67118,
    0.67366,
    0.67564,
    0.6788,
    0.67798,
    0.6777,
    0.67936,
    0.68178,
    0.68066,
    0.6827,
    0.68334,
    0.68572,
    0.68584,
    0.68606,
    0.68956,
    0.68838,
    0.68964,
    0.68944,
    0.68572,
    0.68924,
    0.68992,
    0.68704,
    0.68892,
    0.68812,
    0.6893,
    0.68928,
    0.68996,
    0.68918,
    0.6892,
    0.69096,
    0.69138,
    0.69166,
    0.69186,
    0.69228,
    0.6903,
    0.69168,
    0.69026,
    0.69184,
    0.69244,
    0.69164,
    0.69334,
    0.69284,
    0.69328,
    0.69264,
    0.69464,
    0.69248,
    0.69292,
    0.69284,
    0.69352,
    0.69466,
    0.69322,
    0.6947,
    0.69352,
    0.6927,
    0.69138,
    0.69334,
    0.69324,
    0.69408,
    0.69404,
    0.69316,
    0.69358,
    0.69452,
    0.69516,
    0.69286,
    0.69452,
    0.69396
  ],
  "test_accuracy": [
    0.19999999999999998,
    0.2873,
    0.301,
    0.35239999999999994,
    0.36500000000000005,
    0.3819,
    0.4338,
    0.4143,
    0.42379999999999995,
    0.4664999999999999,
    0.4484,
    0.4389,
    0.4173,
    0.45410000000000006,
    0.5201,
    0.49779999999999996,
    0.4895999999999999,
    0.5304,
    0.5166,
    0.5656999999999999,
    0.538,
    0.5606000000000001,
    0.5743999999999999,
    0.5322000000000001,
    0.507,
    0.5045999999999999,
    0.5925999999999999,
    0.5584,
    0.6049999999999999,
    0.6148999999999999,
    0.6141,
    0.6010000000000001,
    0.6129999999999999,
    0.5795,
    0.6165999999999999,
    0.635,
    0.6103,
    0.6315000000000001,
    0.5998,
    0.5964,
    0.6472,
    0.6363000000000001,
    0.6462,
    0.6300999999999999,
    0.6467,
    0.6329999999999999,
    0.6376000000000001,
    0.6515000000000002,
    0.6289,
    0.6580000000000001,
    0.6516,
    0.638,
    0.6619999999999999,
    0.6611,
    0.6557999999999999,
    0.6600000000000001,
    0.6607,
    0.6528,
    0.6606,
    0.6514,
    0.6624000000000001,
    0.6637000000000001,
    0.6645000000000001,
    0.6624,
    0.6667,
    0.666,
    0.6695,
    0.6628999999999999,
    0.6686,
    0.6697,
    0.6628000000000001,
    0.6666000000000001,
    0.6686,
    0.6697,
    0.6736000000000001,
    0.6708999999999999,
    0.6744,
    0.6714,
    0.6723,
    0.6699999999999999,
    0.672,
    0.6724,
    0.6754000000000001,
    0.6756,
    0.6696,
    0.6714,
    0.6688000000000001,
    0.6752,
    0.6752,
    0.6702,
    0.6729,
    0.6718000000000001,
    0.6748999999999999,
    0.6761000000000001,
    0.6763000000000001,
    0.6735000000000001,
    0.6739999999999999,
    0.674,
    0.674,
    0.6748000000000001
  ]
}