{
  "setting": "setting_24",
  "train_accuracy": [
    0.10056,
    0.11154,
    0.13324,
    0.15392,
    0.18464,
    0.21718,
    0.235,
    0.24662,
    0.25824,
    0.26868,
    0.27722,
    0.2884,
    0.29446,
    0.30186,
    0.31038,
    0.31566,
    0.3179,
    0.32024,
    0.32228,
    0.3263,
    0.33062,
    0.33024,
    0.33646,
    0.33794,
    0.34072,
    0.3439,
    0.34478,
    0.3476,
    0.35056,
    0.35276,
    0.35518,
    0.35914,
    0.3629,
    0.36242,
    0.36444,
    0.36648,
    0.37194,
    0.3731,
    0.37286,
    0.37426,
    0.37676,
    0.37852,
    0.38022,
    0.381,
    0.38194,
    0.3843,
    0.38592,
    0.38882,
    0.38572,
    0.39024,
    0.38832,
    0.39234,
    0.38808,
    0.39264,
    0.39486,
    0.39268,
    0.394,
    0.39512,
    0.39344,
    0.39512,
    0.39782,
    0.39708,
    0.39408,
    0.39564,
    0.39618,
    0.396,
    0.39518,
    0.39618,
    0.39878,
    0.39792,
    0.3996,
    0.39922,
    0.40066,
    0.39906,
    0.39854,
    0.39968,
    0.39814,
    0.40108,
    0.39786,
    0.40018,
    0.3988,
    0.399,
    0.40058,
    0.39902,
    0.3983,
    0.39896,
    0.40168,
    0.40148,
    0.4015,
    0.39986,
    0.40202,
    0.39896,
    0.40244,
    0.40004,
    0.4018,
    0.4015,
    0.4005,
    0.40012,
    0.40246,
    0.40174
  ],
  "test_accuracy": [
    0.10500000000000001,
    0.12400000000000003,
    0.1431,
    0.16909999999999997,
    0.2048,
    0.22590000000000005,
    0.2173,
    0.2547,
    0.2742,
    0.2747,
    0.27999999999999997,
    0.2861000000000001,
    0.28500000000000003,
    0.3096,
    0.30649999999999994,
    0.3093,
    0.30850000000000005,
    0.32430000000000003,
    0.33190000000000003,
    0.3274,
    0.3383,
    0.33759999999999996,
    0.3438,
    0.3438,
    0.34750000000000003,
    0.34919999999999995,
    0.3517,
    0.3556,
    0.35609999999999997,
    0.3545,
    0.3625,
    0.3591,
    0.35849999999999993,
    0.3612000000000001,
    0.3633,
    0.3688,
    0.3686,
    0.3645,
    0.3766999999999999,
    0.3765,
    0.37620000000000003,
    0.37900000000000006,
    0.3795,
    0.3841,
    0.37589999999999996,
    0.38730000000000003,
    0.3865,
    0.3852,
    0.3869,
    0.38660000000000005,
    0.3839,
    0.39790000000000003,
    0.3879,
    0.3967,
    0.3919,
    0.396,
    0.3954,
    0.3985,
    0.39560000000000006,
    0.3968999999999999,
    0.3984,
    0.399,
    0.397,
    0.3962,
    0.4008,
    0.40730000000000005,
    0.4067,
    0.403,
    0.3995,
    0.4016,
    0.4062,
    0.4035,
    0.4065,
    0.40420000000000006,
    0.40390000000000004,
    0.4067,
    0.404,
    0.4034,
    0.4027,
    0.4024,
    0.3999,
    0.40569999999999995,
    0.4065,
    0.40360000000000007,
    0.4042,
    0.4048,
    0.40459999999999996,
    0.4090999999999999,
    0.4048999999999999,
    0.40709999999999996,
    0.41,
    0.406,
    0.41129999999999994,
    0.41209999999999997,
    0.4041,
    0.40249999999999997,
    0.40650000000000003,
    0.40779999999999994,
    0.4082,
    0.41059999999999997
  ]
}