{
  "setting": "setting_12",
  "train_accuracy": [
    0.10030370843989769,
    0.10008391943734016,
    0.10004795396419437,
    0.1,
    0.10003596547314579,
    0.1,
    0.10002397698209718,
    0.09996403452685422,
    0.09995204603580563,
    0.1,
    0.10005994245524297,
    0.1,
    0.09997602301790282,
    0.0999880115089514,
    0.0999880115089514,
    0.1,
    0.09994005754475703,
    0.10005994245524297,
    0.09997602301790282,
    0.10003596547314579,
    0.10005994245524297,
    0.09995204603580563,
    0.1,
    0.09997602301790282,
    0.09996403452685422,
    0.0999880115089514,
    0.10002397698209718,
    0.1,
    0.10002397698209718,
    0.09996403452685422,
    0.0999880115089514,
    0.0999880115089514,
    0.09997602301790282,
    0.1,
    0.10001198849104859,
    0.09997602301790282,
    0.09994005754475703,
    0.09997602301790282,
    0.10001198849104859,
    0.10005994245524297,
    0.1,
    0.10002397698209718,
    0.10002397698209718,
    0.0999880115089514,
    0.1,
    0.09994005754475703,
    0.09997602301790282,
    0.1,
    0.1,
    0.10001198849104859,
    0.10004795396419437,
    0.0999880115089514,
    0.1,
    0.09997602301790282,
    0.0999880115089514,
    0.0999880115089514,
    0.10002397698209718,
    0.09997602301790282,
    0.10002397698209718,
    0.09996403452685422,
    0.10005994245524297,
    0.10001198849104859,
    0.0999880115089514,
    0.09991608056265985,
    0.10002397698209718,
    0.10002397698209718,
    0.10003596547314579,
    0.10005994245524297,
    0.09997602301790282,
    0.10001198849104859,
    0.10007193094629155,
    0.10003596547314579,
    0.09997602301790282,
    0.1,
    0.10003596547314579,
    0.0999880115089514,
    0.10001198849104859,
    0.10004795396419437,
    0.1,
    0.10001198849104859,
    0.09996403452685422,
    0.09997602301790282,
    0.1,
    0.1,
    0.09996403452685422,
    0.10002397698209718,
    0.09995204603580563,
    0.1,
    0.09997602301790282,
    0.10003596547314579,
    0.0999880115089514,
    0.1,
    0.10002397698209718,
    0.1,
    0.0999880115089514,
    0.10003596547314579,
    0.10003596547314579,
    0.10003596547314579,
    0.1,
    0.10001198849104859
  ],
  "test_accuracy": [
    0.1,
    0.1,
    0.1,
    0.1,
    0.1,
    0.1,
    0.1,
    0.1,
    0.1,
    0.1,
    0.1,
    0.1,
    0.1,
    0.1,
    0.1,
    0.1,
    0.1,
    0.1,
    0.1,
    0.1,
    0.1,
    0.1,
    0.1,
    0.1,
    0.1,
    0.1,
    0.1,
    0.1,
    0.1,
    0.1,
    0.1,
    0.1,
    0.1,
    0.1,
    0.1,
    0.1,
    0.1,
    0.1,
    0.1,
    0.1,
    0.1,
    0.1,
    0.1,
    0.1,
    0.1,
    0.1,
    0.1,
    0.1,
    0.1,
    0.1,
    0.1,
    0.1,
    0.1,
    0.1,
    0.1,
    0.1,
    0.1,
    0.1,
    0.1,
    0.1,
    0.1,
    0.1,
    0.1,
    0.1,
    0.1,
    0.1,
    0.1,
    0.1,
    0.1,
    0.1,
    0.1,
    0.1,
    0.1,
    0.1,
    0.1,
    0.1,
    0.1,
    0.1,
    0.1,
    0.1,
    0.1,
    0.1,
    0.1,
    0.1,
    0.1,
    0.1,
    0.1,
    0.1,
    0.1,
    0.1,
    0.1,
    0.1,
    0.1,
    0.1,
    0.1,
    0.1,
    0.1,
    0.1,
    0.1,
    0.1
  ]
}