{
  "setting": "setting_1",
  "train_accuracy": [
    0.11036,
    0.14926,
    0.21038,
    0.2472,
    0.27168,
    0.29374,
    0.309,
    0.31908,
    0.32892,
    0.33532,
    0.34648,
    0.35388,
    0.36274,
    0.37124,
    0.3793,
    0.38658,
    0.3969,
    0.40164,
    0.40924,
    0.41398,
    0.41934,
    0.42372,
    0.43084,
    0.43268,
    0.43954,
    0.4412,
    0.44322,
    0.44682,
    0.45076,
    0.45426,
    0.45206,
    0.4568,
    0.45944,
    0.4593,
    0.46332,
    0.4633,
    0.4658,
    0.46796,
    0.4673,
    0.47208,
    0.4721,
    0.47502,
    0.47306,
    0.47712,
    0.47724,
    0.47902,
    0.48012,
    0.47958,
    0.48124,
    0.48188,
    0.48104,
    0.48268,
    0.48058,
    0.4832,
    0.48526,
    0.48588,
    0.48426,
    0.48564,
    0.48646,
    0.48626,
    0.49014,
    0.48948,
    0.48816,
    0.49038,
    0.4892,
    0.49314,
    0.48914,
    0.49176,
    0.48974,
    0.49202,
    0.48956,
    0.49472,
    0.49314,
    0.49364,
    0.49394,
    0.49312,
    0.49504,
    0.49412,
    0.4944,
    0.4938,
    0.49342,
    0.49676,
    0.49628,
    0.49716,
    0.4948,
    0.49692,
    0.49738,
    0.4938,
    0.49372,
    0.4969,
    0.49866,
    0.49578,
    0.49476,
    0.49546,
    0.49846,
    0.49578,
    0.49664,
    0.49816,
    0.4948,
    0.49838
  ],
  "test_accuracy": [
    0.14079999999999998,
    0.17539999999999997,
    0.2141,
    0.24609999999999999,
    0.25620000000000004,
    0.2826000000000001,
    0.2797,
    0.31179999999999997,
    0.319,
    0.31270000000000003,
    0.3345,
    0.3439,
    0.3607,
    0.3251,
    0.356,
    0.368,
    0.3624,
    0.3897,
    0.3866,
    0.3992,
    0.39370000000000005,
    0.40619999999999995,
    0.41500000000000004,
    0.4295,
    0.3948,
    0.42140000000000005,
    0.4162,
    0.4293,
    0.4145,
    0.4343,
    0.4377000000000001,
    0.4398000000000001,
    0.437,
    0.4423,
    0.4084,
    0.4471,
    0.4478,
    0.45499999999999996,
    0.45870000000000005,
    0.4507999999999999,
    0.46560000000000007,
    0.4585,
    0.4643,
    0.46319999999999995,
    0.4532000000000001,
    0.4692,
    0.4527,
    0.4769,
    0.4779,
    0.476,
    0.4774999999999999,
    0.4725999999999999,
    0.4805,
    0.4758,
    0.4751,
    0.4864,
    0.47120000000000006,
    0.48389999999999994,
    0.4843,
    0.48739999999999994,
    0.4899,
    0.4796,
    0.4843,
    0.4915,
    0.49169999999999997,
    0.4889,
    0.4907,
    0.49030000000000007,
    0.4920999999999999,
    0.4923,
    0.4952,
    0.4854,
    0.4883,
    0.4956999999999999,
    0.49169999999999997,
    0.4873,
    0.4909,
    0.4931,
    0.4958,
    0.4952,
    0.49349999999999994,
    0.493,
    0.49399999999999994,
    0.49709999999999993,
    0.49189999999999995,
    0.49590000000000006,
    0.4937,
    0.4936,
    0.49160000000000004,
    0.49399999999999994,
    0.49399999999999994,
    0.4968,
    0.4955,
    0.49660000000000004,
    0.4952,
    0.4981,
    0.497,
    0.49639999999999995,
    0.4989,
    0.49479999999999996
  ]
}