{
  "setting": "setting_30",
  "train_accuracy": [
    0.09986,
    0.10026,
    0.10168,
    0.10176,
    0.1016,
    0.10104,
    0.10242,
    0.1014,
    0.10244,
    0.10514,
    0.10638,
    0.10848,
    0.11058,
    0.1121,
    0.11292,
    0.11538,
    0.11962,
    0.12262,
    0.12666,
    0.12676,
    0.12892,
    0.13092,
    0.13204,
    0.13444,
    0.13558,
    0.13654,
    0.1373,
    0.13896,
    0.13886,
    0.13914,
    0.14068,
    0.14174,
    0.14192,
    0.14214,
    0.14268,
    0.14254,
    0.14402,
    0.1428,
    0.1432,
    0.14478,
    0.14284,
    0.14452,
    0.14456,
    0.14534,
    0.14582,
    0.1462,
    0.14632,
    0.14604,
    0.14732,
    0.1471,
    0.1466,
    0.14672,
    0.1484,
    0.14902,
    0.14848,
    0.1493,
    0.14752,
    0.14936,
    0.14834,
    0.14984,
    0.15012,
    0.15022,
    0.14952,
    0.15068,
    0.15002,
    0.15024,
    0.15098,
    0.15134,
    0.15124,
    0.1506,
    0.15242,
    0.15096,
    0.15198,
    0.15254,
    0.15198,
    0.15234,
    0.15196,
    0.15208,
    0.15338,
    0.15232,
    0.15376,
    0.15274,
    0.1527,
    0.1533,
    0.15292,
    0.15296,
    0.1536,
    0.1543,
    0.15448,
    0.15342,
    0.15358,
    0.15442,
    0.15444,
    0.15404,
    0.15414,
    0.15486,
    0.15424,
    0.15328,
    0.1548,
    0.15422
  ],
  "test_accuracy": [
    0.0995,
    0.1012,
    0.1005,
    0.0999,
    0.0999,
    0.1014,
    0.10170000000000001,
    0.1006,
    0.10300000000000001,
    0.1052,
    0.1068,
    0.1105,
    0.1105,
    0.1105,
    0.11479999999999999,
    0.1193,
    0.12050000000000001,
    0.12439999999999998,
    0.1234,
    0.12860000000000002,
    0.12710000000000002,
    0.13,
    0.13169999999999998,
    0.1346,
    0.134,
    0.1343,
    0.1366,
    0.1386,
    0.13799999999999998,
    0.1385,
    0.14040000000000002,
    0.14040000000000002,
    0.14100000000000001,
    0.1438,
    0.14400000000000002,
    0.146,
    0.1432,
    0.1409,
    0.14419999999999997,
    0.1426,
    0.1457,
    0.14550000000000002,
    0.14609999999999998,
    0.14500000000000002,
    0.14650000000000002,
    0.1466,
    0.1471,
    0.1482,
    0.14850000000000002,
    0.14540000000000003,
    0.14730000000000001,
    0.1495,
    0.14899999999999997,
    0.14899999999999997,
    0.1496,
    0.1482,
    0.1497,
    0.1493,
    0.15009999999999998,
    0.1507,
    0.15009999999999998,
    0.1494,
    0.1508,
    0.15089999999999998,
    0.15009999999999998,
    0.15259999999999999,
    0.1517,
    0.1512,
    0.15219999999999997,
    0.15189999999999998,
    0.151,
    0.15189999999999998,
    0.1537,
    0.1504,
    0.1518,
    0.1528,
    0.15099999999999997,
    0.1545,
    0.1528,
    0.15299999999999997,
    0.1527,
    0.1528,
    0.1552,
    0.1546,
    0.15319999999999998,
    0.1527,
    0.15410000000000001,
    0.1545,
    0.1525,
    0.1547,
    0.154,
    0.1543,
    0.15499999999999997,
    0.155,
    0.1532,
    0.15389999999999998,
    0.15460000000000002,
    0.15519999999999998,
    0.1532,
    0.1532
  ]
}