{
  "setting": "setting_25",
  "train_accuracy": [
    0.09986,
    0.10026,
    0.10152,
    0.10132,
    0.10146,
    0.10098,
    0.10216,
    0.1014,
    0.1023,
    0.10506,
    0.10628,
    0.10848,
    0.11182,
    0.11344,
    0.11534,
    0.11818,
    0.12302,
    0.1271,
    0.13106,
    0.131,
    0.13294,
    0.13604,
    0.13674,
    0.13926,
    0.1405,
    0.14072,
    0.14142,
    0.14292,
    0.14182,
    0.1431,
    0.1442,
    0.14474,
    0.14528,
    0.14646,
    0.14664,
    0.14726,
    0.1486,
    0.14836,
    0.14832,
    0.14962,
    0.15018,
    0.15226,
    0.15382,
    0.15484,
    0.15662,
    0.15826,
    0.15952,
    0.16166,
    0.1638,
    0.1661,
    0.16692,
    0.16952,
    0.17002,
    0.17066,
    0.17196,
    0.17346,
    0.1749,
    0.17586,
    0.17766,
    0.17906,
    0.1787,
    0.18106,
    0.18122,
    0.18218,
    0.18196,
    0.18262,
    0.18406,
    0.18366,
    0.18494,
    0.18464,
    0.18526,
    0.18516,
    0.18714,
    0.18584,
    0.18652,
    0.18804,
    0.18852,
    0.18998,
    0.18974,
    0.19054,
    0.18926,
    0.19012,
    0.19028,
    0.19024,
    0.19102,
    0.19178,
    0.18982,
    0.19094,
    0.19072,
    0.1909,
    0.19098,
    0.19338,
    0.19166,
    0.19228,
    0.19396,
    0.19458,
    0.19412,
    0.19328,
    0.19318,
    0.1945
  ],
  "test_accuracy": [
    0.0995,
    0.10090000000000002,
    0.10070000000000001,
    0.0999,
    0.1,
    0.10090000000000002,
    0.10149999999999999,
    0.1005,
    0.10269999999999999,
    0.10510000000000001,
    0.1066,
    0.1103,
    0.11259999999999999,
    0.1125,
    0.1172,
    0.1233,
    0.1248,
    0.12869999999999998,
    0.1267,
    0.13069999999999998,
    0.1335,
    0.13440000000000002,
    0.1376,
    0.13910000000000003,
    0.1388,
    0.1391,
    0.14320000000000002,
    0.1435,
    0.1427,
    0.1447,
    0.1463,
    0.1456,
    0.146,
    0.1471,
    0.1487,
    0.1506,
    0.1484,
    0.14850000000000002,
    0.1493,
    0.1497,
    0.15360000000000001,
    0.1546,
    0.1528,
    0.15589999999999998,
    0.1577,
    0.1602,
    0.16099999999999998,
    0.1623,
    0.16909999999999997,
    0.1688,
    0.1707,
    0.1712,
    0.17439999999999997,
    0.17529999999999998,
    0.17309999999999998,
    0.17609999999999998,
    0.1789,
    0.1786,
    0.1779,
    0.1779,
    0.1846,
    0.18230000000000002,
    0.185,
    0.18470000000000003,
    0.1841,
    0.1848,
    0.1907,
    0.188,
    0.187,
    0.18580000000000002,
    0.18839999999999998,
    0.1873,
    0.1875,
    0.19060000000000002,
    0.1913,
    0.192,
    0.1893,
    0.19260000000000002,
    0.1932,
    0.193,
    0.19160000000000002,
    0.1933,
    0.1946,
    0.1958,
    0.193,
    0.1955,
    0.19680000000000003,
    0.1952,
    0.1962,
    0.1933,
    0.19619999999999999,
    0.1972,
    0.19450000000000003,
    0.1961,
    0.19419999999999998,
    0.1923,
    0.1933,
    0.1953,
    0.1961,
    0.1981
  ]
}