{
  "setting": "setting_29",
  "train_accuracy": [
    0.09996,
    0.10176,
    0.10656,
    0.11268,
    0.1193,
    0.12602,
    0.13488,
    0.13776,
    0.14356,
    0.14662,
    0.14626,
    0.14718,
    0.14884,
    0.15312,
    0.15884,
    0.16624,
    0.17222,
    0.18046,
    0.18916,
    0.19438,
    0.20448,
    0.20834,
    0.21712,
    0.22322,
    0.22752,
    0.23186,
    0.23694,
    0.23892,
    0.2418,
    0.24802,
    0.24998,
    0.2527,
    0.2529,
    0.26044,
    0.26028,
    0.26346,
    0.26264,
    0.2646,
    0.26696,
    0.26874,
    0.26872,
    0.27128,
    0.27518,
    0.2751,
    0.27582,
    0.27874,
    0.28056,
    0.28238,
    0.28314,
    0.287,
    0.28526,
    0.28918,
    0.2891,
    0.2896,
    0.2894,
    0.29252,
    0.29464,
    0.29238,
    0.29596,
    0.2964,
    0.29756,
    0.29608,
    0.29692,
    0.2984,
    0.29802,
    0.30066,
    0.29846,
    0.29792,
    0.3019,
    0.30078,
    0.30006,
    0.30238,
    0.30348,
    0.30236,
    0.3028,
    0.30138,
    0.3044,
    0.30246,
    0.30198,
    0.30378,
    0.3041,
    0.30614,
    0.30474,
    0.30542,
    0.30552,
    0.30434,
    0.3069,
    0.3073,
    0.30754,
    0.30642,
    0.30674,
    0.30472,
    0.30548,
    0.3075,
    0.30668,
    0.30748,
    0.30904,
    0.30584,
    0.30796,
    0.3075
  ],
  "test_accuracy": [
    0.1,
    0.10350000000000001,
    0.10969999999999999,
    0.11080000000000001,
    0.12450000000000001,
    0.1305,
    0.1352,
    0.1396,
    0.1484,
    0.14690000000000003,
    0.1484,
    0.1515,
    0.1532,
    0.15499999999999997,
    0.164,
    0.17179999999999998,
    0.1782,
    0.1847,
    0.1917,
    0.20410000000000003,
    0.20940000000000003,
    0.21710000000000002,
    0.22200000000000003,
    0.2306,
    0.23610000000000003,
    0.2291,
    0.24320000000000003,
    0.2502,
    0.2542,
    0.2555,
    0.25599999999999995,
    0.2589,
    0.2604,
    0.26470000000000005,
    0.2712,
    0.2713,
    0.26830000000000004,
    0.27040000000000003,
    0.2751,
    0.27090000000000003,
    0.27759999999999996,
    0.2741,
    0.28200000000000003,
    0.28500000000000003,
    0.2849,
    0.2865,
    0.2865,
    0.29080000000000006,
    0.2851,
    0.29080000000000006,
    0.2952,
    0.2935,
    0.2944,
    0.2961,
    0.30399999999999994,
    0.3037,
    0.30079999999999996,
    0.30579999999999996,
    0.3018,
    0.3077,
    0.30979999999999996,
    0.3065,
    0.30090000000000006,
    0.30429999999999996,
    0.3053,
    0.30699999999999994,
    0.30700000000000005,
    0.30860000000000004,
    0.3072,
    0.308,
    0.31049999999999994,
    0.3087,
    0.3134,
    0.31320000000000003,
    0.3086,
    0.3096,
    0.3093,
    0.31320000000000003,
    0.31470000000000004,
    0.31289999999999996,
    0.31179999999999997,
    0.3168,
    0.3137,
    0.3143,
    0.3155,
    0.31050000000000005,
    0.3162,
    0.3175,
    0.3121,
    0.3147,
    0.3102,
    0.3175,
    0.31739999999999996,
    0.3124,
    0.3173,
    0.3144,
    0.3161,
    0.3173,
    0.3164,
    0.3194
  ]
}