{
  "setting": "setting_26",
  "train_accuracy": [
    0.12358,
    0.16638,
    0.24208,
    0.27868,
    0.30494,
    0.31964,
    0.33172,
    0.34608,
    0.35888,
    0.371,
    0.38072,
    0.3934,
    0.4038,
    0.41082,
    0.42098,
    0.4298,
    0.43676,
    0.44246,
    0.4496,
    0.4534,
    0.46052,
    0.46662,
    0.46946,
    0.47202,
    0.476,
    0.47904,
    0.48248,
    0.48748,
    0.48876,
    0.49474,
    0.49776,
    0.49808,
    0.50144,
    0.50464,
    0.50752,
    0.50852,
    0.51204,
    0.51232,
    0.5172,
    0.5189,
    0.52068,
    0.5226,
    0.52336,
    0.52514,
    0.52884,
    0.5304,
    0.52922,
    0.5311,
    0.5339,
    0.53356,
    0.53414,
    0.53708,
    0.53718,
    0.53764,
    0.53962,
    0.54142,
    0.54082,
    0.54166,
    0.54116,
    0.54364,
    0.54662,
    0.54714,
    0.54528,
    0.54746,
    0.54482,
    0.54942,
    0.54544,
    0.54794,
    0.54598,
    0.54936,
    0.54702,
    0.55082,
    0.548,
    0.5478,
    0.55072,
    0.5488,
    0.5489,
    0.55044,
    0.54922,
    0.54922,
    0.55066,
    0.55148,
    0.55002,
    0.55118,
    0.55154,
    0.55202,
    0.5511,
    0.55118,
    0.5485,
    0.55128,
    0.55178,
    0.55162,
    0.54992,
    0.55136,
    0.55074,
    0.54992,
    0.55064,
    0.5536,
    0.54978,
    0.55172
  ],
  "test_accuracy": [
    0.1484,
    0.2206,
    0.22749999999999998,
    0.2712,
    0.26420000000000005,
    0.30189999999999995,
    0.2885,
    0.33930000000000005,
    0.3232,
    0.33030000000000004,
    0.3226,
    0.3874,
    0.3987,
    0.3484,
    0.37889999999999996,
    0.404,
    0.40049999999999997,
    0.421,
    0.42190000000000005,
    0.4236,
    0.41500000000000004,
    0.4309,
    0.4354,
    0.4459000000000001,
    0.43150000000000005,
    0.4492999999999999,
    0.43289999999999995,
    0.4638,
    0.44420000000000004,
    0.46769999999999995,
    0.47050000000000003,
    0.4808,
    0.4643999999999999,
    0.471,
    0.4454000000000001,
    0.4716,
    0.484,
    0.4793,
    0.4969,
    0.48369999999999996,
    0.4907,
    0.5014000000000001,
    0.4978999999999999,
    0.49559999999999993,
    0.4965,
    0.4972,
    0.4782,
    0.5202,
    0.5121,
    0.5217,
    0.5025000000000001,
    0.5187,
    0.5235,
    0.5210000000000001,
    0.5180999999999999,
    0.5225000000000001,
    0.5136000000000001,
    0.5253,
    0.5267,
    0.5306,
    0.5297,
    0.5252999999999999,
    0.5277000000000001,
    0.5367999999999999,
    0.5365,
    0.5387,
    0.5340999999999999,
    0.534,
    0.545,
    0.5344,
    0.5386000000000001,
    0.5361,
    0.5337,
    0.545,
    0.5397,
    0.537,
    0.544,
    0.5393,
    0.5454999999999999,
    0.5403,
    0.5388,
    0.5441,
    0.5408999999999999,
    0.5476000000000001,
    0.5453000000000001,
    0.5442000000000001,
    0.5468000000000001,
    0.5457000000000001,
    0.5495,
    0.5448000000000001,
    0.5444,
    0.5483,
    0.5461,
    0.5490999999999999,
    0.5498,
    0.5472000000000001,
    0.5482000000000001,
    0.5488999999999999,
    0.5486,
    0.5492
  ]
}