{
  "setting": "setting_9",
  "train_accuracy": [
    0.1,
    0.10084,
    0.10254,
    0.10506,
    0.10932,
    0.11382,
    0.12444,
    0.12878,
    0.13522,
    0.14046,
    0.14216,
    0.14426,
    0.14724,
    0.15338,
    0.1607,
    0.16934,
    0.17634,
    0.18616,
    0.19568,
    0.2009,
    0.21236,
    0.21742,
    0.22488,
    0.22914,
    0.233,
    0.23794,
    0.23994,
    0.24342,
    0.24696,
    0.25144,
    0.25444,
    0.25602,
    0.25492,
    0.2631,
    0.26286,
    0.26452,
    0.26476,
    0.26594,
    0.26786,
    0.26938,
    0.26966,
    0.27158,
    0.27516,
    0.27612,
    0.27686,
    0.27914,
    0.28058,
    0.28238,
    0.28278,
    0.2866,
    0.2849,
    0.2887,
    0.28828,
    0.28866,
    0.28926,
    0.29144,
    0.29322,
    0.2908,
    0.294,
    0.29552,
    0.29502,
    0.29382,
    0.29604,
    0.29576,
    0.2964,
    0.29688,
    0.29614,
    0.29546,
    0.29882,
    0.29788,
    0.29712,
    0.29872,
    0.29924,
    0.29868,
    0.2993,
    0.29866,
    0.30002,
    0.2982,
    0.29864,
    0.30062,
    0.30084,
    0.301,
    0.3002,
    0.30196,
    0.30172,
    0.30074,
    0.30208,
    0.30382,
    0.30258,
    0.30254,
    0.3023,
    0.29978,
    0.30118,
    0.30384,
    0.30328,
    0.30374,
    0.30462,
    0.3023,
    0.30462,
    0.30366
  ],
  "test_accuracy": [
    0.1,
    0.1018,
    0.1036,
    0.10540000000000001,
    0.11240000000000001,
    0.11840000000000002,
    0.12410000000000002,
    0.1321,
    0.139,
    0.1417,
    0.1446,
    0.1488,
    0.15049999999999997,
    0.15639999999999998,
    0.16909999999999997,
    0.1752,
    0.18319999999999997,
    0.1902,
    0.1985,
    0.21100000000000002,
    0.217,
    0.23110000000000003,
    0.22949999999999998,
    0.24,
    0.2405,
    0.2345,
    0.2479,
    0.25759999999999994,
    0.25880000000000003,
    0.2585,
    0.259,
    0.26370000000000005,
    0.2677,
    0.2683,
    0.27149999999999996,
    0.27290000000000003,
    0.27080000000000004,
    0.27179999999999993,
    0.27620000000000006,
    0.27270000000000005,
    0.2811,
    0.2769,
    0.28450000000000003,
    0.2845,
    0.2856,
    0.2862999999999999,
    0.28600000000000003,
    0.2911,
    0.2842,
    0.2907,
    0.2934,
    0.29279999999999995,
    0.29269999999999996,
    0.29719999999999996,
    0.30439999999999995,
    0.30090000000000006,
    0.29989999999999994,
    0.3027,
    0.3018,
    0.3042,
    0.3067,
    0.30589999999999995,
    0.29910000000000003,
    0.3021,
    0.3016,
    0.3039,
    0.30369999999999997,
    0.30689999999999995,
    0.3031,
    0.3058,
    0.3085,
    0.30300000000000005,
    0.30910000000000004,
    0.3092,
    0.30419999999999997,
    0.30469999999999997,
    0.3056,
    0.3074,
    0.3096,
    0.309,
    0.30800000000000005,
    0.31199999999999994,
    0.30920000000000003,
    0.31059999999999993,
    0.3113,
    0.30789999999999995,
    0.31189999999999996,
    0.31279999999999997,
    0.3068,
    0.3116,
    0.3072,
    0.3145,
    0.3136,
    0.3067,
    0.31479999999999997,
    0.3109,
    0.3135,
    0.3148000000000001,
    0.31260000000000004,
    0.31639999999999996
  ]
}