{
  "setting": "setting_17",
  "train_accuracy": [
    0.10028,
    0.12436,
    0.14718,
    0.16058,
    0.19874,
    0.22322,
    0.24376,
    0.25644,
    0.26852,
    0.27728,
    0.28978,
    0.29892,
    0.30846,
    0.3104,
    0.32134,
    0.3234,
    0.33038,
    0.32772,
    0.33426,
    0.33854,
    0.34512,
    0.34714,
    0.35218,
    0.35776,
    0.35712,
    0.3636,
    0.36628,
    0.36902,
    0.36936,
    0.37528,
    0.37866,
    0.38498,
    0.38296,
    0.38482,
    0.38822,
    0.3908,
    0.39254,
    0.39756,
    0.39894,
    0.40012,
    0.4039,
    0.40416,
    0.40676,
    0.4092,
    0.4087,
    0.41088,
    0.41362,
    0.41488,
    0.41494,
    0.4139,
    0.4165,
    0.41788,
    0.41766,
    0.41852,
    0.42048,
    0.42166,
    0.42176,
    0.42218,
    0.42018,
    0.4243,
    0.42418,
    0.42454,
    0.42446,
    0.4255,
    0.42542,
    0.4252,
    0.4252,
    0.42646,
    0.42678,
    0.42848,
    0.42734,
    0.42774,
    0.42852,
    0.42996,
    0.4277,
    0.42954,
    0.42848,
    0.42992,
    0.43032,
    0.42718,
    0.42912,
    0.43182,
    0.43012,
    0.42874,
    0.43172,
    0.43178,
    0.43036,
    0.43422,
    0.43198,
    0.4307,
    0.43184,
    0.43354,
    0.43302,
    0.43076,
    0.43348,
    0.43094,
    0.43416,
    0.43176,
    0.43286,
    0.43018
  ],
  "test_accuracy": [
    0.1031,
    0.152,
    0.15339999999999998,
    0.1817,
    0.21710000000000002,
    0.2359,
    0.23889999999999997,
    0.26160000000000005,
    0.2728,
    0.29419999999999996,
    0.29610000000000003,
    0.3083,
    0.3169,
    0.3154,
    0.31629999999999997,
    0.30700000000000005,
    0.3407,
    0.34080000000000005,
    0.34879999999999994,
    0.3436,
    0.329,
    0.3506,
    0.3472,
    0.3564,
    0.35379999999999995,
    0.3599,
    0.3676,
    0.3683,
    0.3666,
    0.3711,
    0.3707,
    0.37989999999999996,
    0.38749999999999996,
    0.37079999999999996,
    0.38780000000000003,
    0.4010999999999999,
    0.37870000000000004,
    0.3975000000000001,
    0.4015000000000001,
    0.39780000000000004,
    0.40309999999999996,
    0.4091,
    0.388,
    0.40800000000000003,
    0.40779999999999994,
    0.40750000000000003,
    0.4098,
    0.39859999999999995,
    0.41659999999999997,
    0.41479999999999995,
    0.41550000000000004,
    0.4210999999999999,
    0.421,
    0.4181000000000001,
    0.4183,
    0.42069999999999996,
    0.4223,
    0.4288,
    0.42679999999999996,
    0.42829999999999996,
    0.4285,
    0.4242,
    0.42119999999999996,
    0.42679999999999996,
    0.42989999999999995,
    0.4277,
    0.4349,
    0.429,
    0.43310000000000004,
    0.4311,
    0.42729999999999996,
    0.43,
    0.4312,
    0.43010000000000004,
    0.43050000000000005,
    0.4337,
    0.4351999999999999,
    0.4267,
    0.4293,
    0.4306,
    0.43339999999999995,
    0.4325,
    0.43400000000000005,
    0.43339999999999995,
    0.4385,
    0.4285,
    0.43450000000000005,
    0.43529999999999996,
    0.43739999999999996,
    0.4327,
    0.42919999999999997,
    0.43600000000000005,
    0.437,
    0.434,
    0.43810000000000004,
    0.4353000000000001,
    0.4386,
    0.43439999999999995,
    0.43760000000000004,
    0.43229999999999996
  ]
}