{
  "setting": "setting_4",
  "train_accuracy": [
    0.1,
    0.10064,
    0.10174,
    0.10362,
    0.10756,
    0.11146,
    0.12124,
    0.12658,
    0.13288,
    0.13878,
    0.14098,
    0.14346,
    0.14648,
    0.15274,
    0.16072,
    0.16866,
    0.17592,
    0.18616,
    0.19524,
    0.20058,
    0.21186,
    0.2176,
    0.22506,
    0.22948,
    0.23282,
    0.23776,
    0.23978,
    0.24324,
    0.2462,
    0.25106,
    0.25476,
    0.2559,
    0.2554,
    0.26326,
    0.26268,
    0.26454,
    0.2648,
    0.26612,
    0.26738,
    0.2694,
    0.26974,
    0.27172,
    0.27538,
    0.27636,
    0.27672,
    0.27934,
    0.28082,
    0.28264,
    0.28318,
    0.2866,
    0.28494,
    0.28854,
    0.28842,
    0.2886,
    0.2893,
    0.29152,
    0.29326,
    0.29068,
    0.29382,
    0.2957,
    0.2949,
    0.29394,
    0.29596,
    0.29572,
    0.29602,
    0.29698,
    0.29642,
    0.29516,
    0.29876,
    0.29776,
    0.2971,
    0.29892,
    0.2992,
    0.2982,
    0.29902,
    0.29874,
    0.29942,
    0.29802,
    0.29834,
    0.30034,
    0.30102,
    0.30054,
    0.3003,
    0.30146,
    0.30146,
    0.30064,
    0.30178,
    0.30376,
    0.30224,
    0.3021,
    0.3019,
    0.29954,
    0.30034,
    0.30346,
    0.30304,
    0.3035,
    0.30388,
    0.30174,
    0.30414,
    0.30364
  ],
  "test_accuracy": [
    0.1,
    0.10090000000000002,
    0.10250000000000001,
    0.1045,
    0.10969999999999999,
    0.11579999999999999,
    0.12210000000000001,
    0.1289,
    0.1363,
    0.14,
    0.1433,
    0.1475,
    0.1503,
    0.1556,
    0.16799999999999998,
    0.17529999999999998,
    0.18249999999999997,
    0.1898,
    0.19860000000000003,
    0.2111,
    0.2173,
    0.23170000000000002,
    0.2291,
    0.2403,
    0.24059999999999998,
    0.23429999999999995,
    0.24769999999999998,
    0.25739999999999996,
    0.2582,
    0.2589,
    0.2584,
    0.2634,
    0.26799999999999996,
    0.2682,
    0.2716,
    0.27219999999999994,
    0.2705,
    0.27190000000000003,
    0.2761,
    0.2744,
    0.28079999999999994,
    0.2774,
    0.2845000000000001,
    0.2843,
    0.2871,
    0.28629999999999994,
    0.2867,
    0.2911,
    0.28369999999999995,
    0.2898,
    0.29329999999999995,
    0.2929,
    0.2918,
    0.2975,
    0.30419999999999997,
    0.3009,
    0.3009,
    0.3031,
    0.3014,
    0.30319999999999997,
    0.3064,
    0.3055,
    0.29969999999999997,
    0.3016,
    0.3009,
    0.30419999999999997,
    0.3027,
    0.3071,
    0.3031,
    0.3061,
    0.30800000000000005,
    0.3032,
    0.30870000000000003,
    0.3095,
    0.30469999999999997,
    0.30469999999999997,
    0.3055,
    0.30710000000000004,
    0.3091,
    0.30870000000000003,
    0.3077,
    0.3115,
    0.30860000000000004,
    0.3097,
    0.3113,
    0.30770000000000003,
    0.31179999999999997,
    0.3119,
    0.307,
    0.31120000000000003,
    0.3073,
    0.31510000000000005,
    0.31329999999999997,
    0.3067,
    0.3147,
    0.31100000000000005,
    0.3128,
    0.3142,
    0.31089999999999995,
    0.3166
  ]
}