{
  "setting": "setting_2",
  "train_accuracy": [
    0.10018,
    0.11136,
    0.1416,
    0.15666,
    0.18836,
    0.21718,
    0.23748,
    0.25368,
    0.26512,
    0.27004,
    0.28398,
    0.2939,
    0.30324,
    0.30482,
    0.31732,
    0.31842,
    0.32504,
    0.32356,
    0.33236,
    0.3327,
    0.33854,
    0.34064,
    0.34396,
    0.34954,
    0.34784,
    0.35176,
    0.35572,
    0.35716,
    0.3578,
    0.36164,
    0.36502,
    0.36986,
    0.36792,
    0.3705,
    0.3729,
    0.3752,
    0.37958,
    0.38272,
    0.38158,
    0.38484,
    0.3879,
    0.38982,
    0.3917,
    0.39338,
    0.39304,
    0.39534,
    0.39502,
    0.39944,
    0.39934,
    0.39832,
    0.40032,
    0.39914,
    0.40202,
    0.40154,
    0.40268,
    0.4029,
    0.40532,
    0.40468,
    0.40354,
    0.408,
    0.40798,
    0.40668,
    0.406,
    0.40842,
    0.40844,
    0.4086,
    0.40748,
    0.40836,
    0.4095,
    0.41186,
    0.4086,
    0.41174,
    0.41098,
    0.4142,
    0.40984,
    0.41278,
    0.41152,
    0.4117,
    0.41182,
    0.41152,
    0.412,
    0.41336,
    0.41108,
    0.41038,
    0.41354,
    0.4149,
    0.41272,
    0.4155,
    0.41556,
    0.41382,
    0.41306,
    0.41582,
    0.4155,
    0.41396,
    0.41812,
    0.41462,
    0.41784,
    0.4159,
    0.4159,
    0.41376
  ],
  "test_accuracy": [
    0.1024,
    0.1381,
    0.14850000000000002,
    0.173,
    0.2072,
    0.23399999999999999,
    0.2365,
    0.25360000000000005,
    0.26630000000000004,
    0.2800999999999999,
    0.2891,
    0.3006,
    0.3135,
    0.31089999999999995,
    0.3135,
    0.29819999999999997,
    0.3351,
    0.3335,
    0.3411,
    0.3384999999999999,
    0.3276,
    0.3424,
    0.3423,
    0.34809999999999997,
    0.3464,
    0.3499,
    0.3595,
    0.36210000000000003,
    0.3573,
    0.3595,
    0.3611,
    0.3675,
    0.371,
    0.3632,
    0.374,
    0.3815,
    0.3681,
    0.38070000000000004,
    0.3798,
    0.3877,
    0.3861,
    0.3936,
    0.3787,
    0.3914000000000001,
    0.3875,
    0.3912,
    0.389,
    0.3886,
    0.4016,
    0.39880000000000004,
    0.4022,
    0.40449999999999997,
    0.40700000000000003,
    0.4034000000000001,
    0.39849999999999997,
    0.40780000000000005,
    0.4072,
    0.4096,
    0.41100000000000003,
    0.41200000000000003,
    0.40919999999999995,
    0.41369999999999996,
    0.4046000000000001,
    0.4119999999999999,
    0.4141,
    0.41130000000000005,
    0.4182,
    0.41289999999999993,
    0.4187,
    0.4144,
    0.41150000000000003,
    0.4119,
    0.41770000000000007,
    0.41320000000000007,
    0.4154,
    0.41600000000000004,
    0.4173,
    0.4145,
    0.4161,
    0.4159,
    0.42069999999999996,
    0.4212000000000001,
    0.4144,
    0.41640000000000005,
    0.4201,
    0.41289999999999993,
    0.4191,
    0.42279999999999995,
    0.42489999999999994,
    0.41929999999999995,
    0.4144,
    0.41689999999999994,
    0.4199,
    0.4168,
    0.4258,
    0.4244,
    0.42160000000000003,
    0.4136,
    0.4175,
    0.4183
  ]
}