{
  "setting": "setting_10",
  "train_accuracy": [
    0.09984,
    0.10012,
    0.10086,
    0.10056,
    0.10054,
    0.10054,
    0.10096,
    0.10104,
    0.10148,
    0.10278,
    0.1032,
    0.10414,
    0.10646,
    0.10794,
    0.1124,
    0.1139,
    0.11846,
    0.12398,
    0.12736,
    0.12856,
    0.13134,
    0.13562,
    0.1367,
    0.13898,
    0.1395,
    0.14022,
    0.14118,
    0.14314,
    0.14272,
    0.14466,
    0.14506,
    0.14678,
    0.14746,
    0.14892,
    0.14984,
    0.15162,
    0.15512,
    0.15596,
    0.15842,
    0.161,
    0.1632,
    0.16788,
    0.16938,
    0.17158,
    0.17378,
    0.17664,
    0.17882,
    0.17988,
    0.18252,
    0.18416,
    0.18476,
    0.18732,
    0.18914,
    0.19152,
    0.19426,
    0.19684,
    0.19858,
    0.1998,
    0.20376,
    0.20498,
    0.2059,
    0.20816,
    0.21052,
    0.20902,
    0.21296,
    0.21604,
    0.2147,
    0.21962,
    0.22134,
    0.22284,
    0.22246,
    0.22296,
    0.22354,
    0.22524,
    0.22708,
    0.22846,
    0.22836,
    0.22742,
    0.22884,
    0.22612,
    0.23106,
    0.23122,
    0.23184,
    0.23308,
    0.23278,
    0.23324,
    0.23342,
    0.23094,
    0.23378,
    0.23384,
    0.23524,
    0.2367,
    0.23462,
    0.23614,
    0.2363,
    0.2371,
    0.2358,
    0.23532,
    0.2373,
    0.23748
  ],
  "test_accuracy": [
    0.0996,
    0.10070000000000001,
    0.1001,
    0.0993,
    0.1,
    0.1002,
    0.1008,
    0.10010000000000001,
    0.10149999999999999,
    0.10210000000000001,
    0.10400000000000001,
    0.10429999999999999,
    0.10769999999999999,
    0.10899999999999999,
    0.1129,
    0.11920000000000001,
    0.12069999999999999,
    0.1232,
    0.1269,
    0.1301,
    0.13300000000000003,
    0.13430000000000003,
    0.13640000000000002,
    0.13920000000000002,
    0.13940000000000002,
    0.13920000000000002,
    0.1419,
    0.14279999999999998,
    0.14279999999999998,
    0.14530000000000004,
    0.14730000000000001,
    0.1485,
    0.1476,
    0.14939999999999998,
    0.1535,
    0.1537,
    0.15460000000000002,
    0.1573,
    0.1599,
    0.1637,
    0.16749999999999995,
    0.1699,
    0.1731,
    0.1749,
    0.17619999999999997,
    0.18109999999999998,
    0.179,
    0.18589999999999998,
    0.1874,
    0.188,
    0.18819999999999998,
    0.19,
    0.1942,
    0.19540000000000002,
    0.1974,
    0.1978,
    0.2037,
    0.2069,
    0.20810000000000003,
    0.2096,
    0.21669999999999998,
    0.2145,
    0.21430000000000002,
    0.2192,
    0.22069999999999998,
    0.2242,
    0.22590000000000005,
    0.22970000000000002,
    0.22599999999999998,
    0.22880000000000003,
    0.23290000000000002,
    0.2339,
    0.2325,
    0.2352,
    0.23420000000000002,
    0.233,
    0.236,
    0.2395,
    0.2392,
    0.24100000000000002,
    0.2387,
    0.24299999999999997,
    0.2395,
    0.2415,
    0.2406,
    0.2392,
    0.24349999999999997,
    0.2378,
    0.2399,
    0.2413,
    0.24359999999999998,
    0.24370000000000003,
    0.24430000000000002,
    0.2415,
    0.2415,
    0.24499999999999997,
    0.2425,
    0.2467,
    0.2444,
    0.2474
  ]
}