{
  "setting": "setting_14",
  "train_accuracy": [
    0.09996,
    0.10108,
    0.10336,
    0.10676,
    0.11182,
    0.11696,
    0.12758,
    0.13138,
    0.13782,
    0.1425,
    0.1432,
    0.14478,
    0.14818,
    0.154,
    0.16086,
    0.16956,
    0.17666,
    0.18618,
    0.19602,
    0.20144,
    0.21208,
    0.2176,
    0.2251,
    0.2293,
    0.23338,
    0.23754,
    0.2408,
    0.24402,
    0.24736,
    0.25152,
    0.2549,
    0.25674,
    0.25546,
    0.26336,
    0.26288,
    0.26514,
    0.26504,
    0.26632,
    0.26826,
    0.26958,
    0.26956,
    0.2718,
    0.27532,
    0.27614,
    0.27682,
    0.27924,
    0.28098,
    0.2829,
    0.28314,
    0.2875,
    0.28546,
    0.28958,
    0.2893,
    0.29018,
    0.28996,
    0.2928,
    0.29558,
    0.29292,
    0.29692,
    0.29754,
    0.29834,
    0.29732,
    0.29764,
    0.29926,
    0.29932,
    0.30102,
    0.2997,
    0.2991,
    0.30332,
    0.30092,
    0.30084,
    0.30286,
    0.30334,
    0.3023,
    0.3036,
    0.30202,
    0.30396,
    0.30298,
    0.30266,
    0.30442,
    0.30478,
    0.3055,
    0.30502,
    0.30578,
    0.306,
    0.30486,
    0.30692,
    0.30762,
    0.30754,
    0.30688,
    0.30732,
    0.30474,
    0.30562,
    0.30796,
    0.3072,
    0.3079,
    0.3096,
    0.30618,
    0.3084,
    0.30786
  ],
  "test_accuracy": [
    0.0999,
    0.10210000000000001,
    0.10600000000000001,
    0.10640000000000001,
    0.11610000000000001,
    0.12240000000000002,
    0.12630000000000002,
    0.13419999999999999,
    0.1406,
    0.14240000000000003,
    0.1464,
    0.1502,
    0.15139999999999998,
    0.1569,
    0.16899999999999998,
    0.1762,
    0.1829,
    0.19039999999999999,
    0.19920000000000002,
    0.2103,
    0.2164,
    0.23199999999999998,
    0.229,
    0.23970000000000002,
    0.2406,
    0.23510000000000003,
    0.24900000000000003,
    0.2583,
    0.25939999999999996,
    0.259,
    0.2596,
    0.26289999999999997,
    0.2672,
    0.26870000000000005,
    0.2713,
    0.2727,
    0.2711,
    0.2726,
    0.2766,
    0.2735,
    0.2808,
    0.27669999999999995,
    0.28419999999999995,
    0.2855,
    0.2854,
    0.2864,
    0.28690000000000004,
    0.291,
    0.2853,
    0.2899,
    0.29350000000000004,
    0.29390000000000005,
    0.2945,
    0.2981,
    0.3059,
    0.3046,
    0.30229999999999996,
    0.308,
    0.3039,
    0.3095,
    0.3094,
    0.307,
    0.30279999999999996,
    0.30510000000000004,
    0.30529999999999996,
    0.3075,
    0.30860000000000004,
    0.31029999999999996,
    0.3085,
    0.30820000000000003,
    0.3101,
    0.3095,
    0.31410000000000005,
    0.3131,
    0.30910000000000004,
    0.3105,
    0.30979999999999996,
    0.3123,
    0.3141,
    0.3126,
    0.313,
    0.3161,
    0.313,
    0.3149,
    0.315,
    0.31179999999999997,
    0.31670000000000004,
    0.31720000000000004,
    0.3118,
    0.315,
    0.31050000000000005,
    0.3182,
    0.3182,
    0.31350000000000006,
    0.3191,
    0.31639999999999996,
    0.3166,
    0.3163,
    0.3163,
    0.31900000000000006
  ]
}