{
  "setting": "setting_7",
  "train_accuracy": [
    0.10028,
    0.11516,
    0.1431,
    0.15746,
    0.19198,
    0.21882,
    0.23924,
    0.25444,
    0.26594,
    0.2717,
    0.285,
    0.29504,
    0.30436,
    0.30626,
    0.31794,
    0.31936,
    0.32624,
    0.32406,
    0.33072,
    0.33416,
    0.33976,
    0.34256,
    0.34652,
    0.35244,
    0.35176,
    0.35634,
    0.3595,
    0.36286,
    0.36056,
    0.36768,
    0.36972,
    0.37566,
    0.3734,
    0.37538,
    0.37988,
    0.38218,
    0.38548,
    0.38994,
    0.38972,
    0.39216,
    0.39478,
    0.39664,
    0.4004,
    0.40164,
    0.40156,
    0.40454,
    0.40496,
    0.40754,
    0.4093,
    0.40906,
    0.41016,
    0.41044,
    0.41338,
    0.41136,
    0.41472,
    0.41582,
    0.41676,
    0.41664,
    0.41642,
    0.4195,
    0.42042,
    0.41996,
    0.42084,
    0.42088,
    0.4216,
    0.4224,
    0.42118,
    0.42232,
    0.42264,
    0.4244,
    0.42208,
    0.42486,
    0.42544,
    0.42776,
    0.42348,
    0.4276,
    0.42704,
    0.42542,
    0.42668,
    0.42506,
    0.4271,
    0.42906,
    0.4276,
    0.42484,
    0.42876,
    0.4301,
    0.42804,
    0.4305,
    0.4295,
    0.42756,
    0.42718,
    0.42986,
    0.43008,
    0.42684,
    0.43058,
    0.42968,
    0.43156,
    0.43048,
    0.42942,
    0.4281
  ],
  "test_accuracy": [
    0.10270000000000001,
    0.14489999999999997,
    0.1498,
    0.1736,
    0.21080000000000002,
    0.23499999999999996,
    0.2378,
    0.25680000000000003,
    0.2677,
    0.2863,
    0.29030000000000006,
    0.3014,
    0.3145,
    0.31189999999999996,
    0.31389999999999996,
    0.29910000000000003,
    0.33599999999999997,
    0.3363,
    0.3427,
    0.3384,
    0.32589999999999997,
    0.3471,
    0.344,
    0.3518,
    0.34809999999999997,
    0.3537,
    0.3621,
    0.36419999999999997,
    0.362,
    0.3641,
    0.36450000000000005,
    0.3732,
    0.3773,
    0.3657,
    0.37920000000000004,
    0.3893,
    0.37060000000000004,
    0.38739999999999997,
    0.3899,
    0.3927,
    0.3926,
    0.4021,
    0.3809,
    0.3993,
    0.39790000000000003,
    0.40069999999999995,
    0.3969,
    0.39280000000000004,
    0.4088,
    0.41080000000000005,
    0.4128,
    0.41479999999999995,
    0.41690000000000005,
    0.41180000000000005,
    0.4074000000000001,
    0.4173,
    0.4208,
    0.42090000000000005,
    0.4262,
    0.4234,
    0.42160000000000003,
    0.42190000000000005,
    0.4178,
    0.4244,
    0.42699999999999994,
    0.4232,
    0.4311,
    0.4253,
    0.42910000000000004,
    0.4255999999999999,
    0.4257000000000001,
    0.4239,
    0.42779999999999996,
    0.42610000000000003,
    0.43019999999999997,
    0.4302,
    0.43339999999999995,
    0.4250999999999999,
    0.4309,
    0.42469999999999997,
    0.4327,
    0.4343,
    0.42960000000000004,
    0.43099999999999994,
    0.4366,
    0.42750000000000005,
    0.43289999999999995,
    0.43579999999999997,
    0.43479999999999996,
    0.4332,
    0.4305,
    0.43019999999999997,
    0.43479999999999996,
    0.4338,
    0.44000000000000006,
    0.43400000000000005,
    0.43389999999999995,
    0.4281,
    0.4343,
    0.4326
  ]
}