{
  "setting": "setting_20",
  "train_accuracy": [
    0.09986,
    0.1002,
    0.1012,
    0.10112,
    0.10118,
    0.10082,
    0.1016,
    0.10126,
    0.1018,
    0.10304,
    0.10398,
    0.10486,
    0.106,
    0.107,
    0.10744,
    0.10908,
    0.1123,
    0.11542,
    0.119,
    0.11958,
    0.12174,
    0.12516,
    0.12704,
    0.12934,
    0.13162,
    0.13214,
    0.13378,
    0.13508,
    0.13568,
    0.13656,
    0.13764,
    0.13962,
    0.14008,
    0.13976,
    0.14018,
    0.141,
    0.14288,
    0.14178,
    0.1419,
    0.1429,
    0.14188,
    0.14382,
    0.14358,
    0.1446,
    0.14482,
    0.14536,
    0.14498,
    0.14526,
    0.14626,
    0.1465,
    0.14646,
    0.14624,
    0.14714,
    0.14786,
    0.14758,
    0.14828,
    0.1471,
    0.14842,
    0.14712,
    0.14884,
    0.14954,
    0.14952,
    0.14884,
    0.14976,
    0.14978,
    0.14974,
    0.15002,
    0.15068,
    0.15046,
    0.15006,
    0.15152,
    0.15046,
    0.1515,
    0.1515,
    0.15122,
    0.152,
    0.15134,
    0.15166,
    0.15252,
    0.1517,
    0.15312,
    0.15206,
    0.1522,
    0.15244,
    0.15266,
    0.1524,
    0.1529,
    0.15354,
    0.15376,
    0.15274,
    0.153,
    0.15352,
    0.15352,
    0.1534,
    0.15362,
    0.15436,
    0.15336,
    0.15318,
    0.15416,
    0.15368
  ],
  "test_accuracy": [
    0.0995,
    0.10110000000000001,
    0.1002,
    0.1,
    0.1,
    0.0999,
    0.1011,
    0.10030000000000001,
    0.1022,
    0.1028,
    0.10429999999999999,
    0.1042,
    0.10590000000000002,
    0.10569999999999999,
    0.10800000000000001,
    0.1113,
    0.1127,
    0.11560000000000001,
    0.11699999999999999,
    0.1197,
    0.1216,
    0.1254,
    0.12790000000000004,
    0.1305,
    0.13010000000000002,
    0.1308,
    0.1318,
    0.1359,
    0.1347,
    0.1361,
    0.1376,
    0.1396,
    0.1379,
    0.1414,
    0.1427,
    0.14440000000000003,
    0.14250000000000002,
    0.1397,
    0.14309999999999998,
    0.1414,
    0.14420000000000002,
    0.1452,
    0.145,
    0.144,
    0.14529999999999998,
    0.1452,
    0.1465,
    0.14750000000000002,
    0.14700000000000002,
    0.1447,
    0.14709999999999998,
    0.1485,
    0.1475,
    0.1482,
    0.14820000000000003,
    0.1477,
    0.14909999999999998,
    0.1483,
    0.1497,
    0.1505,
    0.14920000000000003,
    0.1487,
    0.1501,
    0.15089999999999998,
    0.1507,
    0.15209999999999999,
    0.1509,
    0.15089999999999998,
    0.15109999999999998,
    0.15109999999999998,
    0.1516,
    0.1506,
    0.15259999999999999,
    0.15050000000000002,
    0.1518,
    0.15199999999999997,
    0.1508,
    0.1538,
    0.1518,
    0.15130000000000002,
    0.15139999999999998,
    0.15299999999999997,
    0.1548,
    0.1537,
    0.1515,
    0.1525,
    0.1528,
    0.1545,
    0.1517,
    0.15369999999999998,
    0.15389999999999998,
    0.1534,
    0.15389999999999998,
    0.1549,
    0.1529,
    0.15309999999999999,
    0.15449999999999997,
    0.15519999999999998,
    0.1525,
    0.15299999999999997
  ]
}