{
  "setting": "setting_8",
  "train_accuracy": [
    0.09988,
    0.10326,
    0.10462,
    0.11766,
    0.13098,
    0.1405,
    0.14894,
    0.16184,
    0.17916,
    0.19302,
    0.2094,
    0.2211,
    0.2328,
    0.23788,
    0.24768,
    0.25344,
    0.25974,
    0.26652,
    0.2688,
    0.27094,
    0.27904,
    0.2822,
    0.2859,
    0.29206,
    0.28938,
    0.29886,
    0.2972,
    0.30066,
    0.30482,
    0.30906,
    0.30962,
    0.3122,
    0.31268,
    0.31532,
    0.31648,
    0.31682,
    0.32176,
    0.32214,
    0.31944,
    0.3241,
    0.32484,
    0.32686,
    0.32968,
    0.32822,
    0.33026,
    0.33066,
    0.33174,
    0.3333,
    0.33458,
    0.3341,
    0.33408,
    0.33722,
    0.33672,
    0.33854,
    0.33802,
    0.33784,
    0.34046,
    0.3408,
    0.34032,
    0.3413,
    0.34178,
    0.34316,
    0.34294,
    0.34674,
    0.34306,
    0.34484,
    0.3454,
    0.34564,
    0.34572,
    0.34758,
    0.34666,
    0.34764,
    0.34622,
    0.34628,
    0.34906,
    0.34808,
    0.34896,
    0.34688,
    0.34794,
    0.35052,
    0.3496,
    0.35162,
    0.35022,
    0.35096,
    0.35124,
    0.34982,
    0.3517,
    0.35086,
    0.35166,
    0.35096,
    0.3514,
    0.35094,
    0.35438,
    0.35076,
    0.35408,
    0.3525,
    0.35142,
    0.35222,
    0.35316,
    0.35316
  ],
  "test_accuracy": [
    0.0998,
    0.1044,
    0.10740000000000001,
    0.12250000000000001,
    0.13540000000000002,
    0.14609999999999998,
    0.1537,
    0.17209999999999998,
    0.18770000000000003,
    0.20820000000000002,
    0.2205,
    0.2343,
    0.23440000000000003,
    0.24500000000000002,
    0.2577,
    0.2673,
    0.262,
    0.26830000000000004,
    0.27470000000000006,
    0.2665,
    0.28890000000000005,
    0.29179999999999995,
    0.2803,
    0.2907,
    0.3046,
    0.3074,
    0.3105,
    0.31310000000000004,
    0.31050000000000005,
    0.31239999999999996,
    0.32120000000000004,
    0.32230000000000003,
    0.31930000000000003,
    0.3241,
    0.32469999999999993,
    0.3105,
    0.3265,
    0.32780000000000004,
    0.3294,
    0.32689999999999997,
    0.3319,
    0.32649999999999996,
    0.3356,
    0.33299999999999996,
    0.3377,
    0.33670000000000005,
    0.33890000000000003,
    0.3376,
    0.3398,
    0.3363,
    0.3401,
    0.3405,
    0.3438,
    0.3424,
    0.34619999999999995,
    0.34659999999999996,
    0.3504,
    0.3471,
    0.352,
    0.3508,
    0.3558,
    0.34950000000000003,
    0.3516,
    0.34909999999999997,
    0.3519,
    0.347,
    0.3525,
    0.35150000000000003,
    0.35609999999999997,
    0.3517,
    0.3534,
    0.3539,
    0.3549,
    0.35269999999999996,
    0.3506,
    0.3558,
    0.3576,
    0.3546,
    0.35860000000000003,
    0.3604,
    0.3542,
    0.358,
    0.3566,
    0.357,
    0.3577,
    0.3593,
    0.3595,
    0.36049999999999993,
    0.3599,
    0.3578,
    0.35690000000000005,
    0.35829999999999995,
    0.3638,
    0.3649,
    0.36079999999999995,
    0.3591,
    0.364,
    0.3601,
    0.3609,
    0.35869999999999996
  ]
}