{
  "setting": "setting_19",
  "train_accuracy": [
    0.09998,
    0.1012,
    0.10438,
    0.10862,
    0.11312,
    0.11844,
    0.12832,
    0.13088,
    0.13738,
    0.14202,
    0.1432,
    0.14476,
    0.14584,
    0.14964,
    0.15332,
    0.15942,
    0.16744,
    0.17536,
    0.18376,
    0.1883,
    0.19916,
    0.20434,
    0.21268,
    0.2182,
    0.22434,
    0.22922,
    0.23212,
    0.2353,
    0.23902,
    0.24498,
    0.24688,
    0.24808,
    0.24836,
    0.25728,
    0.25618,
    0.25874,
    0.2588,
    0.26118,
    0.26204,
    0.26346,
    0.2645,
    0.2664,
    0.26966,
    0.27052,
    0.27168,
    0.27372,
    0.27538,
    0.27556,
    0.27654,
    0.28082,
    0.27984,
    0.28514,
    0.28522,
    0.28612,
    0.28632,
    0.28876,
    0.29106,
    0.2897,
    0.29296,
    0.29496,
    0.29456,
    0.29436,
    0.29554,
    0.29634,
    0.29626,
    0.29864,
    0.29648,
    0.29634,
    0.30032,
    0.29898,
    0.29878,
    0.30074,
    0.3014,
    0.30108,
    0.30176,
    0.30048,
    0.3027,
    0.30174,
    0.30084,
    0.30292,
    0.3031,
    0.30432,
    0.30364,
    0.30478,
    0.30476,
    0.30392,
    0.30574,
    0.30686,
    0.30676,
    0.30544,
    0.30624,
    0.30366,
    0.30522,
    0.30692,
    0.30584,
    0.30672,
    0.30852,
    0.30548,
    0.30732,
    0.30672
  ],
  "test_accuracy": [
    0.0999,
    0.10230000000000002,
    0.10769999999999999,
    0.10740000000000001,
    0.11829999999999999,
    0.123,
    0.1274,
    0.13279999999999997,
    0.14130000000000004,
    0.14170000000000002,
    0.1459,
    0.1472,
    0.149,
    0.151,
    0.1582,
    0.1658,
    0.1729,
    0.1788,
    0.18660000000000002,
    0.196,
    0.2056,
    0.2153,
    0.219,
    0.2257,
    0.23409999999999997,
    0.22550000000000003,
    0.23839999999999995,
    0.2509,
    0.2508,
    0.2516,
    0.2499,
    0.25670000000000004,
    0.25830000000000003,
    0.2615,
    0.2652,
    0.26660000000000006,
    0.26680000000000004,
    0.2675,
    0.27330000000000004,
    0.27080000000000004,
    0.2737,
    0.2754,
    0.2768,
    0.27949999999999997,
    0.2796,
    0.2801,
    0.2804,
    0.28240000000000004,
    0.2796,
    0.2803999999999999,
    0.289,
    0.2888,
    0.2888,
    0.2920999999999999,
    0.303,
    0.2995,
    0.2969,
    0.3028,
    0.3005,
    0.30379999999999996,
    0.3052,
    0.3066,
    0.2966,
    0.3025,
    0.30260000000000004,
    0.3016,
    0.304,
    0.3086,
    0.30619999999999997,
    0.30670000000000003,
    0.3094,
    0.3056,
    0.3113,
    0.31090000000000007,
    0.3073,
    0.3086,
    0.3076,
    0.3109,
    0.3135,
    0.3121,
    0.3109,
    0.315,
    0.31210000000000004,
    0.3135,
    0.3139,
    0.31,
    0.3155,
    0.3165,
    0.3115,
    0.3144,
    0.3097,
    0.31789999999999996,
    0.3171,
    0.3117,
    0.3182,
    0.31379999999999997,
    0.3162,
    0.31700000000000006,
    0.3152,
    0.3182
  ]
}