{
  "setting": "setting_13",
  "train_accuracy": [
    0.09992,
    0.10336,
    0.10504,
    0.1178,
    0.1309,
    0.14098,
    0.15012,
    0.16292,
    0.17958,
    0.193,
    0.2095,
    0.22074,
    0.23318,
    0.2378,
    0.24704,
    0.25262,
    0.25912,
    0.2652,
    0.2667,
    0.26894,
    0.27518,
    0.27862,
    0.28414,
    0.2896,
    0.2882,
    0.2957,
    0.29504,
    0.2975,
    0.3021,
    0.30592,
    0.30518,
    0.30896,
    0.31176,
    0.31172,
    0.31194,
    0.31226,
    0.31798,
    0.3183,
    0.31424,
    0.31888,
    0.32042,
    0.32274,
    0.32484,
    0.3247,
    0.32506,
    0.32584,
    0.32612,
    0.32828,
    0.33004,
    0.3294,
    0.3283,
    0.33158,
    0.33106,
    0.33202,
    0.33264,
    0.33318,
    0.33508,
    0.33466,
    0.33504,
    0.3359,
    0.33562,
    0.33642,
    0.33662,
    0.34018,
    0.33716,
    0.33952,
    0.339,
    0.3385,
    0.33868,
    0.34066,
    0.34024,
    0.34012,
    0.33976,
    0.34008,
    0.3429,
    0.34088,
    0.34126,
    0.34086,
    0.3415,
    0.34416,
    0.34274,
    0.3439,
    0.34444,
    0.34396,
    0.34496,
    0.34284,
    0.34344,
    0.3438,
    0.34392,
    0.34406,
    0.3438,
    0.34334,
    0.34668,
    0.34352,
    0.34622,
    0.34564,
    0.34448,
    0.3447,
    0.34476,
    0.34636
  ],
  "test_accuracy": [
    0.0998,
    0.10500000000000001,
    0.10629999999999999,
    0.1227,
    0.1361,
    0.1462,
    0.15539999999999998,
    0.1735,
    0.1878,
    0.2097,
    0.22010000000000002,
    0.2358,
    0.2338,
    0.24500000000000002,
    0.2589,
    0.2666,
    0.262,
    0.26689999999999997,
    0.2734,
    0.27270000000000005,
    0.2834,
    0.292,
    0.28189999999999993,
    0.292,
    0.29979999999999996,
    0.30289999999999995,
    0.3082,
    0.3116,
    0.30779999999999996,
    0.3104,
    0.317,
    0.31620000000000004,
    0.3187,
    0.3209,
    0.323,
    0.30910000000000004,
    0.3218,
    0.32470000000000004,
    0.3249,
    0.32180000000000003,
    0.3285,
    0.32330000000000003,
    0.333,
    0.3302,
    0.33270000000000005,
    0.33290000000000003,
    0.3345,
    0.33199999999999996,
    0.3352,
    0.333,
    0.33920000000000006,
    0.3346,
    0.3393,
    0.3396,
    0.3429,
    0.3412,
    0.34509999999999996,
    0.3424,
    0.3473,
    0.3454,
    0.3525,
    0.34340000000000004,
    0.3443,
    0.34290000000000004,
    0.3456,
    0.34149999999999997,
    0.3435,
    0.34340000000000004,
    0.3519,
    0.3477,
    0.3476,
    0.35,
    0.3478,
    0.3472,
    0.34340000000000004,
    0.349,
    0.3498,
    0.35009999999999997,
    0.3541,
    0.3556,
    0.3485,
    0.349,
    0.3504,
    0.35069999999999996,
    0.3516,
    0.3533,
    0.354,
    0.3529,
    0.3539,
    0.3527,
    0.3512,
    0.34930000000000005,
    0.3536,
    0.35769999999999996,
    0.35350000000000004,
    0.35229999999999995,
    0.3572,
    0.35300000000000004,
    0.3518,
    0.354
  ]
}