{
  "setting": "setting_28",
  "train_accuracy": [
    0.10002,
    0.10488,
    0.10638,
    0.12002,
    0.13202,
    0.14312,
    0.154,
    0.16596,
    0.18088,
    0.19488,
    0.21052,
    0.22088,
    0.23408,
    0.23924,
    0.2495,
    0.2546,
    0.25972,
    0.26626,
    0.2685,
    0.2713,
    0.27726,
    0.28022,
    0.2859,
    0.2914,
    0.28968,
    0.29748,
    0.29668,
    0.298,
    0.30214,
    0.30736,
    0.30704,
    0.30978,
    0.3132,
    0.31276,
    0.31306,
    0.31322,
    0.3191,
    0.31924,
    0.31566,
    0.32208,
    0.3215,
    0.32398,
    0.3255,
    0.3258,
    0.32714,
    0.32808,
    0.32722,
    0.32992,
    0.33222,
    0.33134,
    0.3304,
    0.33302,
    0.33346,
    0.33526,
    0.33518,
    0.33612,
    0.3378,
    0.3386,
    0.33838,
    0.3385,
    0.34044,
    0.34014,
    0.3401,
    0.34402,
    0.34112,
    0.34224,
    0.34364,
    0.3428,
    0.34328,
    0.34506,
    0.34468,
    0.34524,
    0.34476,
    0.34594,
    0.34598,
    0.3455,
    0.3465,
    0.34438,
    0.34494,
    0.34784,
    0.34758,
    0.3491,
    0.34896,
    0.34846,
    0.34798,
    0.34764,
    0.34824,
    0.34824,
    0.34856,
    0.34832,
    0.34804,
    0.34914,
    0.35088,
    0.349,
    0.3507,
    0.35066,
    0.34932,
    0.35062,
    0.34986,
    0.3512
  ],
  "test_accuracy": [
    0.0996,
    0.10859999999999999,
    0.1093,
    0.1254,
    0.1383,
    0.1511,
    0.1573,
    0.175,
    0.1899,
    0.21030000000000001,
    0.2193,
    0.23859999999999998,
    0.23629999999999995,
    0.2476,
    0.26209999999999994,
    0.2692,
    0.2629,
    0.2686,
    0.2751,
    0.2725,
    0.28430000000000005,
    0.2940999999999999,
    0.2823,
    0.29390000000000005,
    0.302,
    0.30479999999999996,
    0.3087000000000001,
    0.31189999999999996,
    0.30920000000000003,
    0.3102,
    0.32009999999999994,
    0.31770000000000004,
    0.3194,
    0.3197,
    0.3241,
    0.30800000000000005,
    0.3234,
    0.3277,
    0.3275,
    0.32820000000000005,
    0.32939999999999997,
    0.3238,
    0.33330000000000004,
    0.33050000000000007,
    0.33330000000000004,
    0.33399999999999996,
    0.3361,
    0.3362,
    0.3357,
    0.33590000000000003,
    0.34029999999999994,
    0.33510000000000006,
    0.3418,
    0.34290000000000004,
    0.3459,
    0.34240000000000004,
    0.34719999999999995,
    0.34240000000000004,
    0.3506,
    0.3469,
    0.3539,
    0.34509999999999996,
    0.3494,
    0.3464,
    0.3494999999999999,
    0.34540000000000004,
    0.34839999999999993,
    0.3457,
    0.35439999999999994,
    0.3515,
    0.35039999999999993,
    0.35609999999999997,
    0.3532,
    0.351,
    0.3479,
    0.3529,
    0.35350000000000004,
    0.35520000000000007,
    0.3583,
    0.3598,
    0.3491000000000001,
    0.35619999999999996,
    0.3548,
    0.3535,
    0.35509999999999997,
    0.3588,
    0.3586,
    0.3599,
    0.35869999999999996,
    0.3536,
    0.35559999999999997,
    0.3525,
    0.3589,
    0.36280000000000007,
    0.3598,
    0.3569,
    0.36,
    0.3581,
    0.35700000000000004,
    0.3581
  ]
}