{
  "setting": "setting_18",
  "train_accuracy": [
    0.09994,
    0.10388,
    0.10536,
    0.11856,
    0.13128,
    0.14152,
    0.1509,
    0.16374,
    0.17976,
    0.19302,
    0.20972,
    0.2202,
    0.2333,
    0.23786,
    0.24814,
    0.25306,
    0.25926,
    0.26534,
    0.26716,
    0.26958,
    0.27558,
    0.27902,
    0.28434,
    0.29034,
    0.28864,
    0.29652,
    0.2952,
    0.29802,
    0.3018,
    0.3065,
    0.3061,
    0.30934,
    0.3122,
    0.31226,
    0.31198,
    0.31268,
    0.31814,
    0.3186,
    0.31468,
    0.31938,
    0.32076,
    0.32356,
    0.32544,
    0.32518,
    0.3259,
    0.32576,
    0.3268,
    0.3292,
    0.33004,
    0.32916,
    0.32832,
    0.33152,
    0.3309,
    0.33168,
    0.3322,
    0.3328,
    0.3345,
    0.3338,
    0.3344,
    0.33518,
    0.33556,
    0.33574,
    0.33528,
    0.33926,
    0.33642,
    0.33898,
    0.3381,
    0.33696,
    0.3379,
    0.3396,
    0.3389,
    0.3389,
    0.33882,
    0.33902,
    0.34184,
    0.33946,
    0.33952,
    0.33912,
    0.33942,
    0.34256,
    0.34124,
    0.34256,
    0.343,
    0.34214,
    0.34378,
    0.34114,
    0.3414,
    0.34146,
    0.3424,
    0.34222,
    0.34194,
    0.34212,
    0.34442,
    0.34172,
    0.34408,
    0.34342,
    0.3423,
    0.3431,
    0.34304,
    0.34446
  ],
  "test_accuracy": [
    0.0998,
    0.10569999999999999,
    0.10740000000000001,
    0.12350000000000001,
    0.13649999999999998,
    0.1484,
    0.15549999999999997,
    0.17379999999999998,
    0.1879,
    0.21010000000000004,
    0.2197,
    0.23479999999999998,
    0.23369999999999996,
    0.24569999999999997,
    0.2599,
    0.26570000000000005,
    0.26230000000000003,
    0.26860000000000006,
    0.27399999999999997,
    0.27149999999999996,
    0.2842,
    0.2924,
    0.2808999999999999,
    0.2934,
    0.3008,
    0.3035,
    0.3087,
    0.31210000000000004,
    0.309,
    0.3109,
    0.3191,
    0.3174,
    0.31870000000000004,
    0.31980000000000003,
    0.3231,
    0.30720000000000003,
    0.32209999999999994,
    0.3247,
    0.32589999999999997,
    0.32270000000000004,
    0.3292,
    0.3231,
    0.3343,
    0.32870000000000005,
    0.3327,
    0.33249999999999996,
    0.3351,
    0.3337,
    0.3352,
    0.3336,
    0.3394,
    0.3339,
    0.3396,
    0.34079999999999994,
    0.3415,
    0.34029999999999994,
    0.34480000000000005,
    0.3425,
    0.3471,
    0.34409999999999996,
    0.35150000000000003,
    0.34440000000000004,
    0.3437,
    0.34259999999999996,
    0.34720000000000006,
    0.3407,
    0.3428,
    0.3428,
    0.3503,
    0.3465,
    0.34659999999999996,
    0.34970000000000007,
    0.3472,
    0.34550000000000003,
    0.3431,
    0.3476,
    0.3489,
    0.34900000000000003,
    0.35319999999999996,
    0.35309999999999997,
    0.3458,
    0.3479,
    0.3499,
    0.3496,
    0.35119999999999996,
    0.3534,
    0.35350000000000004,
    0.351,
    0.3527,
    0.351,
    0.34920000000000007,
    0.3484,
    0.35130000000000006,
    0.35530000000000006,
    0.35279999999999995,
    0.3508,
    0.3545999999999999,
    0.35150000000000003,
    0.3501,
    0.35209999999999997
  ]
}