{
  "setting": "setting_24",
  "train_accuracy": [
    0.09998,
    0.10122,
    0.10532,
    0.11086,
    0.11628,
    0.12272,
    0.1325,
    0.13604,
    0.14192,
    0.14518,
    0.14558,
    0.1472,
    0.1492,
    0.15432,
    0.16188,
    0.17024,
    0.17742,
    0.18686,
    0.19618,
    0.2015,
    0.21242,
    0.21722,
    0.2255,
    0.23038,
    0.23358,
    0.23774,
    0.24124,
    0.24506,
    0.24768,
    0.25142,
    0.25466,
    0.25726,
    0.25638,
    0.26284,
    0.26276,
    0.26458,
    0.2646,
    0.26642,
    0.26806,
    0.27,
    0.26936,
    0.27182,
    0.27588,
    0.27628,
    0.27666,
    0.27934,
    0.28064,
    0.28298,
    0.28312,
    0.28728,
    0.28556,
    0.28954,
    0.28934,
    0.28976,
    0.28982,
    0.29256,
    0.295,
    0.2924,
    0.29664,
    0.29696,
    0.29794,
    0.29678,
    0.29738,
    0.29864,
    0.2984,
    0.30164,
    0.29958,
    0.2992,
    0.30288,
    0.30118,
    0.30086,
    0.30312,
    0.30344,
    0.3027,
    0.30346,
    0.30208,
    0.30494,
    0.30266,
    0.3031,
    0.30446,
    0.30488,
    0.3059,
    0.305,
    0.30654,
    0.3063,
    0.30442,
    0.30736,
    0.30828,
    0.30798,
    0.3066,
    0.30714,
    0.30498,
    0.30592,
    0.30796,
    0.30746,
    0.30794,
    0.30964,
    0.3063,
    0.3083,
    0.30786
  ],
  "test_accuracy": [
    0.0999,
    0.1036,
    0.1082,
    0.1091,
    0.12149999999999998,
    0.127,
    0.1324,
    0.13749999999999998,
    0.146,
    0.14679999999999999,
    0.1477,
    0.1509,
    0.1527,
    0.15719999999999998,
    0.1704,
    0.1764,
    0.18309999999999998,
    0.19180000000000003,
    0.19980000000000003,
    0.21020000000000003,
    0.21590000000000004,
    0.23040000000000002,
    0.2285,
    0.2393,
    0.24080000000000004,
    0.23500000000000001,
    0.24939999999999998,
    0.2556999999999999,
    0.2602,
    0.2596,
    0.26060000000000005,
    0.26280000000000003,
    0.2659,
    0.268,
    0.27249999999999996,
    0.2728,
    0.2713,
    0.272,
    0.2771,
    0.2745,
    0.28099999999999997,
    0.2757,
    0.28359999999999996,
    0.28650000000000003,
    0.28520000000000006,
    0.2865,
    0.28759999999999997,
    0.2894,
    0.28590000000000004,
    0.2909,
    0.2952,
    0.29379999999999995,
    0.2945,
    0.29779999999999995,
    0.3039,
    0.3049,
    0.3013,
    0.3069,
    0.30199999999999994,
    0.308,
    0.31,
    0.3067,
    0.3005,
    0.3056,
    0.305,
    0.3074,
    0.3088,
    0.3089,
    0.30829999999999996,
    0.3088,
    0.31029999999999996,
    0.3099,
    0.3153,
    0.31389999999999996,
    0.3096,
    0.3104,
    0.31020000000000003,
    0.3122,
    0.3148,
    0.31389999999999996,
    0.3136,
    0.3165,
    0.3128,
    0.3149,
    0.3142,
    0.3121,
    0.3162,
    0.31710000000000005,
    0.31279999999999997,
    0.3147,
    0.3107,
    0.3185,
    0.3175,
    0.31420000000000003,
    0.31930000000000003,
    0.3153,
    0.31710000000000005,
    0.31729999999999997,
    0.3162,
    0.3189000000000001
  ]
}