{
  "setting": "setting_12",
  "train_accuracy": [
    0.10032,
    0.11984,
    0.14484,
    0.15886,
    0.196,
    0.22054,
    0.2405,
    0.25524,
    0.26674,
    0.27444,
    0.28694,
    0.29664,
    0.30674,
    0.30822,
    0.31996,
    0.32096,
    0.32808,
    0.32576,
    0.33424,
    0.33644,
    0.34182,
    0.3436,
    0.3484,
    0.35308,
    0.3523,
    0.35682,
    0.3598,
    0.36218,
    0.36198,
    0.36814,
    0.36992,
    0.37702,
    0.3747,
    0.37632,
    0.37886,
    0.38092,
    0.3853,
    0.38876,
    0.3867,
    0.39072,
    0.39434,
    0.3941,
    0.39628,
    0.3988,
    0.39668,
    0.40172,
    0.40162,
    0.40426,
    0.40448,
    0.40258,
    0.40424,
    0.4054,
    0.40688,
    0.40542,
    0.40816,
    0.40902,
    0.41036,
    0.40904,
    0.4093,
    0.4117,
    0.41188,
    0.41226,
    0.41136,
    0.41302,
    0.41282,
    0.41362,
    0.41336,
    0.41398,
    0.41436,
    0.4172,
    0.41528,
    0.41588,
    0.41624,
    0.4191,
    0.41418,
    0.41758,
    0.41714,
    0.4172,
    0.41698,
    0.41736,
    0.41722,
    0.41896,
    0.41798,
    0.41634,
    0.4192,
    0.42044,
    0.41894,
    0.42104,
    0.4213,
    0.41798,
    0.41766,
    0.42168,
    0.42024,
    0.41874,
    0.42224,
    0.42022,
    0.42384,
    0.42144,
    0.42106,
    0.41902
  ],
  "test_accuracy": [
    0.10290000000000002,
    0.1493,
    0.15139999999999998,
    0.17589999999999997,
    0.21270000000000003,
    0.2344,
    0.2392,
    0.2593,
    0.2696,
    0.28989999999999994,
    0.2945,
    0.30419999999999997,
    0.3165,
    0.3144,
    0.3155,
    0.3038,
    0.3375,
    0.3369,
    0.34369999999999995,
    0.3414,
    0.3303,
    0.3471,
    0.346,
    0.35330000000000006,
    0.34829999999999994,
    0.3539,
    0.363,
    0.364,
    0.3601,
    0.364,
    0.36360000000000003,
    0.3765,
    0.3793,
    0.3694,
    0.37839999999999996,
    0.3889,
    0.37170000000000003,
    0.38630000000000003,
    0.3863,
    0.393,
    0.3921,
    0.39910000000000007,
    0.38500000000000006,
    0.398,
    0.3944,
    0.3969,
    0.39660000000000006,
    0.392,
    0.4065,
    0.40549999999999997,
    0.4067,
    0.41,
    0.41200000000000003,
    0.40750000000000003,
    0.4022,
    0.40919999999999995,
    0.41369999999999996,
    0.41389999999999993,
    0.4152,
    0.4141,
    0.4159,
    0.4175,
    0.4119,
    0.4165,
    0.41819999999999996,
    0.4143,
    0.4234,
    0.41899999999999993,
    0.4201,
    0.4208,
    0.41800000000000004,
    0.4157,
    0.4213,
    0.41800000000000004,
    0.4184,
    0.421,
    0.4231,
    0.4189,
    0.4202,
    0.41900000000000004,
    0.4227,
    0.42569999999999997,
    0.4206,
    0.421,
    0.4241999999999999,
    0.42089999999999994,
    0.42299999999999993,
    0.4248,
    0.43019999999999997,
    0.42610000000000003,
    0.41720000000000007,
    0.4236,
    0.4248,
    0.4213,
    0.43079999999999996,
    0.4277,
    0.42589999999999995,
    0.4192,
    0.42300000000000004,
    0.4229
  ]
}