{
  "setting": "setting_27",
  "train_accuracy": [
    0.11198201378765792,
    0.1146241420675413,
    0.10132713799805637,
    0.09989978134110787,
    0.10005637299562682,
    0.09998329689018465,
    0.1000981307701652,
    0.10000417577745384,
    0.09997285744655005,
    0.09994153911564627,
    0.09996241800291544,
    0.1001190096574344,
    0.10000417577745384,
    0.10008769132653061,
    0.10004593355199222,
    0.09993109967201165,
    0.09997285744655005,
    0.10005827107628765,
    0.09995197855928085,
    0.09994248815597667,
    0.09994248815597667,
    0.09995102951895043,
    0.10002125850340136,
    0.10025851858600583,
    0.10013229622206025,
    0.0998105715500486,
    0.10039233327259477,
    0.10057265093537414,
    0.100331594691448,
    0.10055082300777454,
    0.1004635112973761,
    0.10106140670553937,
    0.10168302812196307,
    0.10163083090379009,
    0.10222398111030126,
    0.10483289297862003,
    0.10990171738338193,
    0.11297565901360544,
    0.11647761783284742,
    0.11532643191205054,
    0.11664369989067054,
    0.1231360847910593,
    0.13041142796404276,
    0.1348557838313897,
    0.13466692480563655,
    0.1388901542759961,
    0.14911416575558795,
    0.15855901512390672,
    0.16755686649659865,
    0.18274435890427598
  ],
  "test_accuracy": [
    0.10190000000000002,
    0.11389999999999997,
    0.09999999999999999,
    0.09999999999999999,
    0.09999999999999999,
    0.09999999999999999,
    0.09999999999999999,
    0.09999999999999999,
    0.09999999999999999,
    0.09999999999999999,
    0.09999999999999999,
    0.09999999999999999,
    0.09999999999999999,
    0.09999999999999999,
    0.09999999999999999,
    0.09999999999999999,
    0.09999999999999999,
    0.09999999999999999,
    0.09999999999999999,
    0.09999999999999999,
    0.09999999999999999,
    0.09999999999999999,
    0.1002,
    0.10030000000000001,
    0.10010000000000001,
    0.1004,
    0.10070000000000001,
    0.1008,
    0.1,
    0.1004,
    0.1008,
    0.10070000000000001,
    0.10250000000000001,
    0.1025,
    0.1022,
    0.1096,
    0.1131,
    0.11539999999999999,
    0.1197,
    0.11720000000000001,
    0.12220000000000002,
    0.12800000000000003,
    0.131,
    0.1335,
    0.13199999999999998,
    0.1452,
    0.15419999999999998,
    0.1596,
    0.17880000000000001,
    0.18029999999999996
  ]
}