{
  "setting": "setting_24",
  "train_accuracy": [
    0.10937536851415094,
    0.0999778891509434,
    0.09989497346698113,
    0.10019899764150944,
    0.09970150353773585,
    0.10022663620283019,
    0.0997291420990566,
    0.10014372051886791,
    0.10025427476415094,
    0.09970150353773585,
    0.09983969634433962,
    0.0999211379716981,
    0.09998931308962264,
    0.10025759139150944,
    0.09983969634433962,
    0.10008844339622641,
    0.09959094929245284,
    0.10012271521226415,
    0.09995356721698113,
    0.09958763266509435,
    0.09980063384433961,
    0.09987544221698114,
    0.10002505896226416,
    0.10006412146226415,
    0.09963001179245284,
    0.10000405365566038,
    0.10000552771226415,
    0.10066922169811321,
    0.10019752358490566,
    0.10002690153301887,
    0.09966760023584906,
    0.10029186320754717,
    0.10030955188679246,
    0.09991782134433962,
    0.09994545990566038,
    0.10020563089622642,
    0.10032466096698114,
    0.10027564858490566,
    0.10128500884433961,
    0.10159087558962264,
    0.10355505601415095,
    0.11122567806603774,
    0.12197744693396226,
    0.14844966096698115,
    0.1757440300707547,
    0.18003685141509432,
    0.2076908903301887,
    0.21915905070754718,
    0.20838185436320752,
    0.20635060436320754
  ],
  "test_accuracy": [
    0.1,
    0.1,
    0.1,
    0.1,
    0.1,
    0.1,
    0.1,
    0.1,
    0.1,
    0.1,
    0.1,
    0.10010000000000001,
    0.10030000000000001,
    0.0999,
    0.1,
    0.1,
    0.10010000000000001,
    0.10010000000000001,
    0.0998,
    0.1,
    0.10010000000000001,
    0.1,
    0.1,
    0.10010000000000001,
    0.0999,
    0.10010000000000001,
    0.0998,
    0.0998,
    0.10030000000000001,
    0.1004,
    0.0997,
    0.10070000000000001,
    0.1002,
    0.10010000000000001,
    0.1,
    0.1005,
    0.1005,
    0.1004,
    0.1028,
    0.10210000000000001,
    0.1079,
    0.1166,
    0.1406,
    0.1609,
    0.1717,
    0.1924,
    0.2063,
    0.2162,
    0.1984,
    0.20530000000000004
  ]
}