{
  "setting": "setting_14",
  "train_accuracy": [
    0.11187536851415095,
    0.0999974204009434,
    0.09989497346698113,
    0.10019899764150944,
    0.09970150353773585,
    0.10022663620283019,
    0.0997291420990566,
    0.10014372051886791,
    0.10025427476415094,
    0.09970150353773585,
    0.09983969634433962,
    0.0997844192216981,
    0.09995025058962265,
    0.10019899764150944,
    0.09983969634433962,
    0.10008844339622641,
    0.09959094929245284,
    0.1000331662735849,
    0.09993403596698114,
    0.1004160524764151,
    0.10129311615566039,
    0.1030671432783019,
    0.10462780070754717,
    0.10595408313679246,
    0.10737728478773585,
    0.11803250294811321,
    0.12807598761792455,
    0.1304061025943396,
    0.13749963148584907,
    0.1509043337264151,
    0.16573186910377358,
    0.1810104658018868,
    0.20651164504716982,
    0.2121086379716981,
    0.2431928066037736,
    0.25745393573113207,
    0.253366008254717,
    0.255221108490566,
    0.2573802329009434,
    0.2580512971698113,
    0.25490197523584907,
    0.26270084021226414,
    0.2668971108490566,
    0.26422317216981134,
    0.2651606721698113,
    0.26648732311320755,
    0.27138819280660376,
    0.27036740860849057,
    0.26970997936320756,
    0.26982200766509434
  ],
  "test_accuracy": [
    0.10010000000000001,
    0.1,
    0.1,
    0.1,
    0.1,
    0.1,
    0.1,
    0.1,
    0.1,
    0.1,
    0.1,
    0.1,
    0.1,
    0.1,
    0.1,
    0.1,
    0.1,
    0.1,
    0.1,
    0.1004,
    0.10170000000000001,
    0.1016,
    0.10550000000000001,
    0.1081,
    0.10590000000000002,
    0.12269999999999999,
    0.1389,
    0.12490000000000001,
    0.1423,
    0.1601,
    0.16310000000000002,
    0.2057,
    0.192,
    0.2217,
    0.2536,
    0.2549,
    0.24530000000000002,
    0.25060000000000004,
    0.2655,
    0.2466,
    0.24980000000000002,
    0.2644,
    0.259,
    0.2552,
    0.2556,
    0.2695,
    0.27440000000000003,
    0.26870000000000005,
    0.27010000000000006,
    0.2694
  ]
}