{
  "setting": "setting_6",
  "train_accuracy": [
    0.10087292729591836,
    0.13018973214285715,
    0.1581592793367347,
    0.16501913265306123,
    0.1502032844387755,
    0.15472735969387755,
    0.16721141581632654,
    0.16910873724489797,
    0.1865832270408163,
    0.1919563137755102,
    0.1914779974489796,
    0.19413663903061223,
    0.2005301339285714,
    0.21616310586734697,
    0.21861846301020407,
    0.22716039540816327,
    0.22943638392857144,
    0.22244499362244896,
    0.22389588647959185,
    0.214859693877551,
    0.21213329081632654,
    0.21072624362244896,
    0.21643415178571426,
    0.21791294642857142,
    0.22117346938775512,
    0.22004145408163264,
    0.2243861607142857,
    0.23030532525510203,
    0.22789779974489796,
    0.23197544642857143,
    0.23580596301020407,
    0.2290098852040816,
    0.23761160714285715,
    0.23967633928571427,
    0.24110331632653062,
    0.24083227040816327,
    0.2425701530612245,
    0.24176897321428573,
    0.23874362244897962,
    0.23791055484693877,
    0.24094786352040815,
    0.24685905612244896,
    0.24742506377551018,
    0.2461296237244898,
    0.24567123724489795,
    0.24711415816326532,
    0.2504902742346939,
    0.2508091517857143,
    0.25216836734693876,
    0.24930644132653063
  ],
  "test_accuracy": [
    0.11680000000000001,
    0.16240000000000002,
    0.17429999999999998,
    0.1674,
    0.1606,
    0.135,
    0.1723,
    0.1779,
    0.19419999999999998,
    0.1893,
    0.20379999999999998,
    0.19080000000000003,
    0.20940000000000003,
    0.22550000000000003,
    0.2307,
    0.23209999999999997,
    0.22290000000000001,
    0.231,
    0.21959999999999996,
    0.2082,
    0.21539999999999998,
    0.21259999999999998,
    0.22360000000000002,
    0.2102,
    0.2217,
    0.23159999999999997,
    0.23320000000000002,
    0.23500000000000001,
    0.23359999999999997,
    0.23770000000000002,
    0.23759999999999998,
    0.2367,
    0.2374,
    0.24559999999999998,
    0.24500000000000002,
    0.24100000000000002,
    0.24959999999999996,
    0.24369999999999997,
    0.2408,
    0.2426,
    0.24969999999999998,
    0.2486,
    0.25270000000000004,
    0.2502,
    0.24910000000000004,
    0.25129999999999997,
    0.2593,
    0.263,
    0.2529,
    0.2551
  ]
}