{
  "setting": "setting_7",
  "train_accuracy": [
    0.09691979470359573,
    0.1190609056122449,
    0.11388673773080661,
    0.11273744989067054,
    0.10067419825072886,
    0.10000417577745384,
    0.09995197855928085,
    0.09995197855928085,
    0.09993109967201165,
    0.10000417577745384,
    0.09995197855928085,
    0.10003549410835763,
    0.1001190096574344,
    0.09997285744655005,
    0.09998329689018465,
    0.10007725188289603,
    0.09993109967201165,
    0.10001081905976676,
    0.1001133154154519,
    0.10055272108843537,
    0.10066186072643343,
    0.10168207908163265,
    0.10193737093051507,
    0.10145905460398445,
    0.10101775085034015,
    0.10458993865403303,
    0.10982769223760933,
    0.12230662354227406,
    0.13573649325801748,
    0.16673594661078717,
    0.19288485483479106,
    0.22127254919825073,
    0.24629020134839652,
    0.249925025813897,
    0.2560814504373178,
    0.2546208773688047,
    0.2544642857142857,
    0.25503370991253643,
    0.2590528957118562,
    0.2636889577259475,
    0.26708747114917397,
    0.26947525662050537,
    0.2699222546161322,
    0.27052109906462585,
    0.2635978498542274,
    0.2691174684159378,
    0.27134961127308066,
    0.2698966305272109,
    0.2703208515549077,
    0.2731698706268222
  ],
  "test_accuracy": [
    0.0794,
    0.11850000000000001,
    0.11179999999999998,
    0.0995,
    0.1,
    0.1,
    0.1,
    0.1,
    0.1,
    0.1,
    0.1,
    0.1,
    0.1,
    0.1,
    0.1,
    0.1,
    0.1,
    0.1002,
    0.1002,
    0.10110000000000001,
    0.10110000000000001,
    0.1021,
    0.10300000000000001,
    0.1005,
    0.10350000000000001,
    0.10800000000000001,
    0.1137,
    0.1342,
    0.13999999999999999,
    0.1806,
    0.20540000000000003,
    0.23439999999999994,
    0.24909999999999996,
    0.25880000000000003,
    0.2584,
    0.25860000000000005,
    0.2585,
    0.27140000000000003,
    0.26940000000000003,
    0.2716,
    0.2764,
    0.2692,
    0.2718,
    0.27219999999999994,
    0.2684,
    0.2778,
    0.2727,
    0.27549999999999997,
    0.2793,
    0.27609999999999996
  ]
}