{
  "setting": "setting_5",
  "train_accuracy": [
    0.10847674675707547,
    0.10716072602957184,
    0.10080562862844702,
    0.09929507495010885,
    0.09972666171534833,
    0.10080562862844702,
    0.10001438622550798,
    0.10008631735304789,
    0.10030211073566764,
    0.10037404186320754,
    0.09987052397042816,
    0.09972666171534833,
    0.10080562862844702,
    0.10051790411828737,
    0.10008631735304789,
    0.09965473058780841,
    0.10075247754898403,
    0.09974544176342524,
    0.10005513538642961,
    0.09970185787826559,
    0.10071562613388971,
    0.10020289538733672,
    0.10137328215711175,
    0.10552225541999274,
    0.10913794618559505,
    0.11525669845337447,
    0.11888727152122641,
    0.12997635839985486,
    0.15533509275217708,
    0.16373827841527577,
    0.19256458919176345,
    0.22653486143867924,
    0.2578011611030479,
    0.28967090268958634,
    0.3191725865157838,
    0.314828017280479,
    0.3185478841618287,
    0.3278401102140784,
    0.32984992969883886,
    0.3292613700789187,
    0.33762061751632805,
    0.3403540003628447,
    0.3394957875997823,
    0.3362564064767779,
    0.34247401975235847,
    0.34478680039005805,
    0.34588667339441215,
    0.3496419743287373,
    0.3434551886792453,
    0.3461184121008708
  ],
  "test_accuracy": [
    0.11699999999999999,
    0.1,
    0.1,
    0.1,
    0.1,
    0.1,
    0.1,
    0.1,
    0.1,
    0.1,
    0.1,
    0.1,
    0.1,
    0.1,
    0.1,
    0.10010000000000001,
    0.1,
    0.1,
    0.1004,
    0.1,
    0.101,
    0.10250000000000001,
    0.1012,
    0.10289999999999999,
    0.11460000000000001,
    0.11599999999999999,
    0.11480000000000001,
    0.13409999999999997,
    0.1472,
    0.1643,
    0.2138,
    0.24969999999999998,
    0.27220000000000005,
    0.3099,
    0.3166,
    0.32230000000000003,
    0.3128,
    0.32889999999999997,
    0.321,
    0.3357,
    0.3371,
    0.33540000000000003,
    0.34010000000000007,
    0.3298,
    0.343,
    0.34900000000000003,
    0.3541,
    0.33999999999999997,
    0.3447,
    0.3511
  ]
}