{
  "setting": "setting_8",
  "train_accuracy": [
    0.12829105698883328,
    0.10285342763284559,
    0.10002978195995378,
    0.10001323642664613,
    0.09995532706006931,
    0.0999801453600308,
    0.1000049636599923,
    0.1000049636599923,
    0.10001737280997305,
    0.09999255451001154,
    0.09997600897670389,
    0.10001323642664613,
    0.09998428174335772,
    0.09993050876010781,
    0.10006287302656912,
    0.10005046387658836,
    0.09996773621005006,
    0.09998841812668464,
    0.10004407128417404,
    0.10023998543993069,
    0.10009145167500963,
    0.10020050178090104,
    0.10054946211975356,
    0.10083712877839815,
    0.10142975969869081,
    0.10137673878513669,
    0.10192574966307277,
    0.10282146467077398,
    0.10459446897862919,
    0.10510023584905659,
    0.10511941362629958,
    0.10836459436368888,
    0.11733979411340009,
    0.12633868405852908,
    0.1459267153205622,
    0.1903221415335002,
    0.23889982732479784,
    0.27019833582017716,
    0.28021251985463996,
    0.2827789576915672,
    0.283206885348479,
    0.2816643904023874,
    0.2835141058192145,
    0.2865675087841741,
    0.2886616468521371,
    0.29283036917597227,
    0.29211139054678475,
    0.29596988412110126,
    0.2961586536147478,
    0.2982181964767039
  ],
  "test_accuracy": [
    0.1106,
    0.1,
    0.1,
    0.1,
    0.1,
    0.1,
    0.1,
    0.1,
    0.1,
    0.1,
    0.1,
    0.1,
    0.1,
    0.1,
    0.1,
    0.1,
    0.1,
    0.1,
    0.10010000000000001,
    0.1002,
    0.10010000000000001,
    0.10030000000000001,
    0.1006,
    0.1005,
    0.1016,
    0.10130000000000002,
    0.10250000000000001,
    0.10569999999999999,
    0.10619999999999999,
    0.10600000000000001,
    0.10880000000000001,
    0.1072,
    0.12320000000000002,
    0.13220000000000004,
    0.1663,
    0.2212,
    0.25770000000000004,
    0.274,
    0.2868,
    0.2861,
    0.27490000000000003,
    0.2814,
    0.2823,
    0.2867,
    0.2874,
    0.28890000000000005,
    0.2905,
    0.289,
    0.2989,
    0.30119999999999997
  ]
}