{
  "setting": "setting_23",
  "train_accuracy": [
    0.11114085964574509,
    0.09996359982672315,
    0.10002978195995378,
    0.10001323642664613,
    0.09995532706006931,
    0.0999801453600308,
    0.1000049636599923,
    0.1000049636599923,
    0.10001737280997305,
    0.09999255451001154,
    0.09997600897670389,
    0.10001323642664613,
    0.09998428174335772,
    0.09993050876010781,
    0.10006287302656912,
    0.10005046387658836,
    0.09996773621005006,
    0.10000834797362342,
    0.10000421159029649,
    0.10002075712360417,
    0.09997187259337698,
    0.09994141377069696,
    0.10012679895071236,
    0.10011551790527531,
    0.10064835928475163,
    0.10073484729976898,
    0.10066603292260301,
    0.10083111222083173,
    0.10123722985656526,
    0.10155272309395455,
    0.10201787820080863,
    0.1036769439497497,
    0.10492199533115133,
    0.10319223503080478,
    0.10519725283981517,
    0.10832285449557182,
    0.11077610584328071,
    0.1144149950664228,
    0.11513811007893723,
    0.11636473575279169,
    0.11993142628513669,
    0.12339733947824413,
    0.1256042880005776,
    0.1326045527291105,
    0.14170008363015016,
    0.14828821416538313,
    0.15293713298998846,
    0.15622029324701578,
    0.1702723394782441,
    0.18168198883326916
  ],
  "test_accuracy": [
    0.10030000000000001,
    0.1,
    0.1,
    0.1,
    0.1,
    0.1,
    0.1,
    0.1,
    0.1,
    0.1,
    0.1,
    0.1,
    0.1,
    0.1,
    0.1,
    0.1,
    0.1,
    0.1002,
    0.1,
    0.1,
    0.1,
    0.10010000000000001,
    0.10030000000000001,
    0.10010000000000001,
    0.1008,
    0.1015,
    0.1005,
    0.1018,
    0.1012,
    0.10210000000000001,
    0.1016,
    0.1038,
    0.1042,
    0.10250000000000001,
    0.1062,
    0.1103,
    0.11069999999999998,
    0.1122,
    0.1159,
    0.1149,
    0.12569999999999998,
    0.12149999999999998,
    0.1321,
    0.1399,
    0.13680000000000003,
    0.15399999999999997,
    0.15889999999999999,
    0.1607,
    0.1842,
    0.1792
  ]
}