{
  "setting": "setting_28",
  "train_accuracy": [
    0.10947088888621485,
    0.09996359982672315,
    0.10002978195995378,
    0.10001323642664613,
    0.09995532706006931,
    0.0999801453600308,
    0.1000049636599923,
    0.1000049636599923,
    0.10001737280997305,
    0.09999255451001154,
    0.09997600897670389,
    0.10001323642664613,
    0.09998428174335772,
    0.09993050876010781,
    0.10006287302656912,
    0.10005046387658836,
    0.09996773621005006,
    0.1001121335916442,
    0.1001877165960724,
    0.1003994242154409,
    0.10011138152194841,
    0.10014071224008471,
    0.10054532573642665,
    0.10063369392568347,
    0.10118232876877167,
    0.10049982551983057,
    0.10071002899980747,
    0.10091496799191374,
    0.10152452048036195,
    0.10178774487389296,
    0.10213332089911437,
    0.10163582679534078,
    0.10196824160088563,
    0.10158957450904889,
    0.10210323811128225,
    0.1021953666490181,
    0.10300346553715826,
    0.10383976703889103,
    0.10408306158548325,
    0.10419023151713515,
    0.1064174859212553,
    0.10777083533885251,
    0.10781633555544859,
    0.11211366179726608,
    0.11463497545244514,
    0.11878677620812475,
    0.12273702228532923,
    0.12435133988737004,
    0.13560079839718908,
    0.149440760974201
  ],
  "test_accuracy": [
    0.0999,
    0.1,
    0.1,
    0.1,
    0.1,
    0.1,
    0.1,
    0.1,
    0.1,
    0.1,
    0.1,
    0.1,
    0.1,
    0.1,
    0.1,
    0.1,
    0.1,
    0.10010000000000001,
    0.10010000000000001,
    0.1005,
    0.1004,
    0.1006,
    0.1004,
    0.1006,
    0.10110000000000001,
    0.10090000000000002,
    0.1004,
    0.10130000000000002,
    0.1006,
    0.101,
    0.10190000000000002,
    0.1014,
    0.1022,
    0.1016,
    0.10200000000000001,
    0.10200000000000001,
    0.1022,
    0.1031,
    0.10330000000000002,
    0.10300000000000001,
    0.1112,
    0.1096,
    0.10939999999999998,
    0.1233,
    0.1101,
    0.1325,
    0.1369,
    0.1367,
    0.13530000000000003,
    0.15109999999999998
  ]
}