{
  "setting": "setting_26",
  "train_accuracy": [
    0.10787228954081633,
    0.11165497448979592,
    0.13488520408163265,
    0.13735251913265306,
    0.15747767857142858,
    0.16075813137755102,
    0.15553651147959183,
    0.14782764668367346,
    0.15800781249999998,
    0.1637157206632653,
    0.17672991071428573,
    0.1793566645408163,
    0.16726323341836735,
    0.16405054209183673,
    0.16798867984693877,
    0.17190688775510204,
    0.17530691964285716,
    0.17232142857142857,
    0.17421875,
    0.19469068877551018,
    0.19982063137755104,
    0.18796237244897962,
    0.1832908163265306,
    0.1920360331632653,
    0.19834183673469388,
    0.20803571428571427,
    0.21084582270408161,
    0.20587133290816326,
    0.20423708545918365,
    0.20128746811224488,
    0.20759327168367347,
    0.20906808035714286,
    0.20340401785714285,
    0.20047433035714285,
    0.2023796237244898,
    0.2000996492346939,
    0.2094188456632653,
    0.20363121811224488,
    0.20224011479591839,
    0.20325255102040815,
    0.2028499681122449,
    0.20438058035714285,
    0.21179448341836735,
    0.21083386479591834,
    0.20978954081632653,
    0.20676419005102042,
    0.21196189413265307,
    0.21314174107142858,
    0.21471619897959185,
    0.21246811224489795
  ],
  "test_accuracy": [
    0.10540000000000001,
    0.11179999999999998,
    0.1223,
    0.15360000000000001,
    0.15619999999999998,
    0.16469999999999999,
    0.15789999999999998,
    0.1371,
    0.1684,
    0.1588,
    0.1787,
    0.18860000000000002,
    0.17170000000000002,
    0.16849999999999998,
    0.1738,
    0.1777,
    0.182,
    0.17249999999999996,
    0.18780000000000002,
    0.19790000000000002,
    0.1945,
    0.1896,
    0.18169999999999997,
    0.19529999999999997,
    0.2022,
    0.21540000000000004,
    0.2081,
    0.1995,
    0.1924,
    0.20600000000000002,
    0.21070000000000003,
    0.2131,
    0.2029,
    0.20800000000000002,
    0.2077,
    0.20990000000000003,
    0.2191,
    0.1998,
    0.2036,
    0.20600000000000002,
    0.2051,
    0.21800000000000003,
    0.22290000000000001,
    0.2182,
    0.2186,
    0.2057,
    0.2232,
    0.21200000000000002,
    0.2193,
    0.21670000000000003
  ]
}