{
  "setting": "setting_25",
  "train_accuracy": [
    0.10606723115475326,
    0.10037723092797533,
    0.10080562862844702,
    0.09943893720518868,
    0.1001582484805878,
    0.0995108683327286,
    0.10058983524582729,
    0.09994245509796808,
    0.10030211073566764,
    0.0995827994602685,
    0.09886348818486937,
    0.09972666171534833,
    0.09922314382256894,
    0.09987052397042816,
    0.10044597299074745,
    0.0995108683327286,
    0.10044597299074745,
    0.0995827994602685,
    0.10037404186320754,
    0.10023017960812773,
    0.10044597299074745,
    0.1006617663733672,
    0.1001582484805878,
    0.10001438622550798,
    0.1001582484805878,
    0.0990073504399492,
    0.10102142201106677,
    0.10030211073566764,
    0.09979859284288825,
    0.09922314382256894,
    0.10008631735304789,
    0.10051790411828737,
    0.10051790411828737,
    0.09881033710540639,
    0.09979859284288825,
    0.09979859284288825,
    0.09943893720518868,
    0.09949527734941944,
    0.09951405739749636,
    0.10084956685413643,
    0.10094346709452105,
    0.10134458057420173,
    0.10208975870827287,
    0.10099732685504355,
    0.10246748571298984,
    0.10309750317489115,
    0.10415024888878809,
    0.11065842139876633,
    0.11953465166908563,
    0.1476558247913643
  ],
  "test_accuracy": [
    0.10230000000000002,
    0.1,
    0.1,
    0.1,
    0.1,
    0.1,
    0.1,
    0.1,
    0.1,
    0.1,
    0.1,
    0.1,
    0.1,
    0.1,
    0.1,
    0.1,
    0.1,
    0.1,
    0.1,
    0.1,
    0.1,
    0.1,
    0.1,
    0.1,
    0.1,
    0.1,
    0.1,
    0.1,
    0.1,
    0.1,
    0.1,
    0.1,
    0.1,
    0.1,
    0.1,
    0.1,
    0.1,
    0.1002,
    0.10030000000000001,
    0.10030000000000001,
    0.10070000000000001,
    0.10210000000000001,
    0.10250000000000001,
    0.1026,
    0.10170000000000001,
    0.10290000000000002,
    0.10710000000000001,
    0.1127,
    0.1323,
    0.1709
  ]
}