{
  "setting": "setting_15",
  "train_accuracy": [
    0.11469365135159652,
    0.1004335710722061,
    0.10080562862844702,
    0.09943893720518868,
    0.1001582484805878,
    0.0995108683327286,
    0.10058983524582729,
    0.09994245509796808,
    0.10030211073566764,
    0.0995827994602685,
    0.09886348818486937,
    0.09972666171534833,
    0.09922314382256894,
    0.09987052397042816,
    0.10046475303882438,
    0.09952964838080552,
    0.10037404186320754,
    0.0995827994602685,
    0.10043038200743831,
    0.10039920004082004,
    0.10076204474328737,
    0.10093708896498549,
    0.10071243706912192,
    0.10111603093251088,
    0.10105012359397678,
    0.09951122267325835,
    0.10149092321298984,
    0.10048991121643687,
    0.10153238105497096,
    0.10284450403664731,
    0.1019203839350508,
    0.10668342933599419,
    0.11429395523403482,
    0.13392264887971697,
    0.16874227537645137,
    0.1981309245736575,
    0.22313283801251815,
    0.22852590087536287,
    0.22667766067216982,
    0.21955506168359942,
    0.22825270432692307,
    0.24030063667906384,
    0.23815368740928883,
    0.24235262268686503,
    0.24368742346244557,
    0.24168752551251815,
    0.2551198663144049,
    0.25522085336538464,
    0.24988483932783018,
    0.24900394877086357
  ],
  "test_accuracy": [
    0.10130000000000002,
    0.1,
    0.1,
    0.1,
    0.1,
    0.1,
    0.1,
    0.1,
    0.1,
    0.1,
    0.1,
    0.1,
    0.1,
    0.1,
    0.1,
    0.1,
    0.1,
    0.0997,
    0.1005,
    0.10030000000000001,
    0.0997,
    0.1004,
    0.1,
    0.1004,
    0.10070000000000001,
    0.10030000000000001,
    0.1004,
    0.10110000000000001,
    0.10230000000000002,
    0.10190000000000002,
    0.1026,
    0.1052,
    0.1389,
    0.16159999999999997,
    0.1947,
    0.20620000000000002,
    0.2217,
    0.2313,
    0.2279,
    0.23339999999999997,
    0.2272,
    0.2367,
    0.2435,
    0.23609999999999998,
    0.2425,
    0.26420000000000005,
    0.25680000000000003,
    0.25270000000000004,
    0.25,
    0.2509
  ]
}