{
  "setting": "setting_2",
  "train_accuracy": [
    0.13408326500242954,
    0.15115934766763847,
    0.15021505253887268,
    0.14444583637026237,
    0.11513472576530612,
    0.10976885173712342,
    0.10089532464771622,
    0.10006396531827016,
    0.09997285744655005,
    0.09994153911564627,
    0.09996241800291544,
    0.1001190096574344,
    0.10000417577745384,
    0.10008769132653061,
    0.10004593355199222,
    0.09993109967201165,
    0.10019208576287658,
    0.10297846817298348,
    0.10820483327259477,
    0.1135090196793003,
    0.12907423013848396,
    0.14940836825801748,
    0.1751055332847425,
    0.19437105199222546,
    0.20226422042031098,
    0.2189787187196307,
    0.24452973153547133,
    0.2537885689990282,
    0.24864571944849367,
    0.25471103620019436,
    0.2543731778425656,
    0.26156690354713313,
    0.26046791484450926,
    0.26231095116618075,
    0.2679909575437318,
    0.2643902985301263,
    0.2639594342201166,
    0.26817032616618075,
    0.26727633017492713,
    0.2678580918974733,
    0.2760862715621963,
    0.27666518616375124,
    0.27685214710884354,
    0.2752995171282799,
    0.2732932458697765,
    0.27670789297862003,
    0.27951800139698735,
    0.2807147412536443,
    0.2797903759718173,
    0.27717766794217685
  ],
  "test_accuracy": [
    0.14010000000000003,
    0.15539999999999998,
    0.16099999999999998,
    0.11520000000000001,
    0.1167,
    0.1048,
    0.10010000000000001,
    0.09999999999999999,
    0.09999999999999999,
    0.09999999999999999,
    0.09999999999999999,
    0.09999999999999999,
    0.09999999999999999,
    0.09999999999999999,
    0.09999999999999999,
    0.09999999999999999,
    0.10090000000000002,
    0.1032,
    0.11180000000000001,
    0.11829999999999999,
    0.13830000000000003,
    0.16699999999999998,
    0.19219999999999998,
    0.1978,
    0.21900000000000003,
    0.22769999999999996,
    0.24780000000000002,
    0.2529,
    0.2506,
    0.25529999999999997,
    0.2632,
    0.2589,
    0.268,
    0.26960000000000006,
    0.27,
    0.26359999999999995,
    0.26159999999999994,
    0.2731,
    0.2712,
    0.26820000000000005,
    0.279,
    0.2794,
    0.27790000000000004,
    0.2767,
    0.27590000000000003,
    0.28550000000000003,
    0.285,
    0.2851,
    0.2805,
    0.28639999999999993
  ]
}