{
  "setting": "setting_11",
  "train_accuracy": [
    0.11231664540816327,
    0.10771285076530612,
    0.13951690051020407,
    0.1510921556122449,
    0.16764987244897958,
    0.15847417091836735,
    0.16548947704081635,
    0.16095742984693878,
    0.1790417729591837,
    0.17757095025510203,
    0.18455835459183673,
    0.19114716198979592,
    0.1804089604591837,
    0.1719347895408163,
    0.17830835459183672,
    0.18686623086734697,
    0.18183195153061224,
    0.18341836734693878,
    0.18480548469387753,
    0.19726961096938778,
    0.20466757015306122,
    0.1869499362244898,
    0.18238998724489797,
    0.19416454081632653,
    0.2025829081632653,
    0.20966996173469388,
    0.21256776147959183,
    0.21352439413265303,
    0.21462452168367346,
    0.21576849489795918,
    0.2154815051020408,
    0.2168765943877551,
    0.2205516581632653,
    0.2187858737244898,
    0.2193439094387755,
    0.21921635841836734,
    0.22439811862244896,
    0.22286750637755104,
    0.2206234056122449,
    0.2205436862244898,
    0.2214485012755102,
    0.22454161352040816,
    0.23084343112244896,
    0.23189174107142857,
    0.231640625,
    0.23272082270408162,
    0.23360172193877551,
    0.23223054846938776,
    0.2372329400510204,
    0.23720105229591834
  ],
  "test_accuracy": [
    0.1096,
    0.1115,
    0.14179999999999998,
    0.1736,
    0.16229999999999997,
    0.16309999999999997,
    0.17379999999999998,
    0.16040000000000001,
    0.1874,
    0.1727,
    0.1905,
    0.1942,
    0.17329999999999998,
    0.1793,
    0.1915,
    0.19329999999999997,
    0.1856,
    0.1823,
    0.195,
    0.20070000000000002,
    0.2041,
    0.1861,
    0.1859,
    0.19780000000000003,
    0.21280000000000002,
    0.2209,
    0.2068,
    0.2111,
    0.2223,
    0.2178,
    0.21590000000000004,
    0.223,
    0.22200000000000003,
    0.22479999999999997,
    0.2226,
    0.2238,
    0.23280000000000003,
    0.217,
    0.22240000000000001,
    0.22490000000000002,
    0.21800000000000003,
    0.2277,
    0.23420000000000002,
    0.23520000000000002,
    0.2459,
    0.23689999999999997,
    0.236,
    0.2351,
    0.24560000000000004,
    0.23620000000000002
  ]
}