{
  "setting": "setting_20",
  "train_accuracy": [
    0.11276851925344702,
    0.10047113116835994,
    0.10080562862844702,
    0.09943893720518868,
    0.1001582484805878,
    0.0995108683327286,
    0.10058983524582729,
    0.09994245509796808,
    0.10030211073566764,
    0.0995827994602685,
    0.09886348818486937,
    0.09972666171534833,
    0.09922314382256894,
    0.09987052397042816,
    0.10044597299074745,
    0.0995108683327286,
    0.10044597299074745,
    0.0995827994602685,
    0.10035526181513063,
    0.10024895965620464,
    0.10046475303882438,
    0.1006617663733672,
    0.1001582484805878,
    0.10003316627358491,
    0.1001582484805878,
    0.09902613048802612,
    0.10102142201106677,
    0.10030211073566764,
    0.09979859284288825,
    0.09922314382256894,
    0.10008631735304789,
    0.10061180435867198,
    0.10059302431059505,
    0.09886667724963716,
    0.09979859284288825,
    0.0998361529390421,
    0.09964551773403482,
    0.1000710807102685,
    0.1004123106404209,
    0.10219854125090712,
    0.10131906805605952,
    0.10177014355043543,
    0.10304116303066038,
    0.10215850077104499,
    0.10672701322115384,
    0.12095697455551524,
    0.11365862266418722,
    0.12006651680424528,
    0.11778917021952105,
    0.12075889819938317
  ],
  "test_accuracy": [
    0.1002,
    0.1,
    0.1,
    0.1,
    0.1,
    0.1,
    0.1,
    0.1,
    0.1,
    0.1,
    0.1,
    0.1,
    0.1,
    0.1,
    0.1,
    0.1,
    0.1,
    0.10010000000000001,
    0.1,
    0.10010000000000001,
    0.1,
    0.1,
    0.10010000000000001,
    0.10010000000000001,
    0.1,
    0.10010000000000001,
    0.1,
    0.10010000000000001,
    0.1,
    0.1,
    0.1,
    0.1,
    0.10010000000000001,
    0.10010000000000001,
    0.1,
    0.1,
    0.1005,
    0.1008,
    0.10090000000000002,
    0.10130000000000002,
    0.1016,
    0.1015,
    0.10200000000000001,
    0.10230000000000002,
    0.1109,
    0.11440000000000002,
    0.11699999999999999,
    0.1177,
    0.12010000000000001,
    0.1206
  ]
}