{
  "setting": "setting_1",
  "train_accuracy": [
    0.11042729591836735,
    0.12335778061224491,
    0.14566326530612245,
    0.16589205994897957,
    0.17744339923469388,
    0.16301817602040816,
    0.17649075255102042,
    0.17649872448979592,
    0.2003467793367347,
    0.2034359056122449,
    0.21192602040816327,
    0.21146364795918365,
    0.20836654974489796,
    0.2146484375,
    0.2159717793367347,
    0.22252072704081635,
    0.22319036989795918,
    0.22439413265306124,
    0.22364477040816327,
    0.22972735969387753,
    0.22661033163265307,
    0.21847895408163265,
    0.2140983737244898,
    0.22130500637755104,
    0.22869897959183674,
    0.22840800382653062,
    0.22710060586734693,
    0.22482461734693876,
    0.23005420918367347,
    0.2331234056122449,
    0.23645567602040815,
    0.23973214285714284,
    0.2412029655612245,
    0.24157764668367346,
    0.24228714923469388,
    0.2450215242346939,
    0.2460060586734694,
    0.2508968431122449,
    0.25051817602040816,
    0.24760443239795918,
    0.24752869897959184,
    0.24779575892857142,
    0.2537109375,
    0.25532924107142857,
    0.25843032525510207,
    0.2579719387755102,
    0.2605189732142857,
    0.2617825255102041,
    0.26747448979591837,
    0.2702248086734694
  ],
  "test_accuracy": [
    0.12430000000000001,
    0.1202,
    0.1564,
    0.194,
    0.1838,
    0.17070000000000002,
    0.18780000000000002,
    0.18109999999999998,
    0.2141,
    0.20529999999999998,
    0.21210000000000004,
    0.2101,
    0.21100000000000002,
    0.22260000000000005,
    0.21750000000000003,
    0.2205,
    0.2242,
    0.2252,
    0.22640000000000002,
    0.2234,
    0.22820000000000001,
    0.21749999999999997,
    0.2189,
    0.23389999999999994,
    0.2339,
    0.23399999999999999,
    0.2279,
    0.2299,
    0.24180000000000001,
    0.23759999999999998,
    0.24219999999999997,
    0.24889999999999998,
    0.2529,
    0.2447,
    0.2488,
    0.25429999999999997,
    0.2568,
    0.2572,
    0.25549999999999995,
    0.24980000000000002,
    0.25329999999999997,
    0.2578,
    0.257,
    0.26369999999999993,
    0.2651,
    0.2691,
    0.2685,
    0.2768,
    0.2779,
    0.2746
  ]
}