{
  "setting": "setting_16",
  "train_accuracy": [
    0.11039142219387756,
    0.10776865433673469,
    0.1374641262755102,
    0.14345503826530612,
    0.16183035714285715,
    0.15919164540816327,
    0.16573262117346937,
    0.15547672193877551,
    0.17247688137755104,
    0.17237723214285716,
    0.1794323979591837,
    0.18714126275510204,
    0.17653061224489797,
    0.1633968431122449,
    0.17120535714285715,
    0.18014987244897962,
    0.17368064413265308,
    0.18014190051020407,
    0.18054448341836735,
    0.19731744260204082,
    0.2037547831632653,
    0.1907645089285714,
    0.18272082270408166,
    0.19389748086734693,
    0.19791932397959183,
    0.20446029974489796,
    0.21272321428571428,
    0.21442522321428573,
    0.21356026785714285,
    0.21444116709183672,
    0.21664142219387755,
    0.2134685905612245,
    0.21618303571428574,
    0.2135642538265306,
    0.2111328125,
    0.21032764668367346,
    0.21753029336734692,
    0.21424585459183673,
    0.21301817602040815,
    0.210921556122449,
    0.21458067602040815,
    0.21217315051020408,
    0.22052375637755103,
    0.21928411989795918,
    0.21937579719387754,
    0.21829958545918365,
    0.2217673788265306,
    0.21998963647959185,
    0.22421875,
    0.22384406887755104
  ],
  "test_accuracy": [
    0.1044,
    0.1106,
    0.13090000000000002,
    0.16469999999999999,
    0.1625,
    0.1691,
    0.1698,
    0.15339999999999998,
    0.18080000000000002,
    0.1666,
    0.1854,
    0.197,
    0.17170000000000002,
    0.1704,
    0.1844,
    0.18860000000000002,
    0.1803,
    0.1768,
    0.194,
    0.2003,
    0.1992,
    0.18839999999999998,
    0.1865,
    0.2011,
    0.203,
    0.2178,
    0.2071,
    0.21149999999999997,
    0.2189,
    0.2166,
    0.21700000000000003,
    0.21949999999999997,
    0.2177,
    0.2202,
    0.21790000000000004,
    0.2162,
    0.22400000000000003,
    0.21210000000000004,
    0.21280000000000002,
    0.2138,
    0.213,
    0.21939999999999998,
    0.2237,
    0.221,
    0.2383,
    0.21939999999999998,
    0.22610000000000002,
    0.21959999999999996,
    0.23090000000000002,
    0.2243
  ]
}