{
  "setting": "setting_10",
  "train_accuracy": [
    0.11796456878174891,
    0.10161671410105225,
    0.10080562862844702,
    0.09943893720518868,
    0.1001582484805878,
    0.0995108683327286,
    0.10058983524582729,
    0.09994245509796808,
    0.10030211073566764,
    0.0995827994602685,
    0.09886348818486937,
    0.09972666171534833,
    0.09922314382256894,
    0.09987052397042816,
    0.10044597299074745,
    0.09958598852503629,
    0.1004835330869013,
    0.0997298507801161,
    0.10067452263243831,
    0.10026773970428157,
    0.10108130556059505,
    0.10133465903936865,
    0.10081555016328012,
    0.10163265942489115,
    0.10177014355043543,
    0.09973658325018143,
    0.10359393425707547,
    0.1024146889740566,
    0.10943771827376633,
    0.12380480939314223,
    0.13422242096788825,
    0.1811023817353048,
    0.2102483076696299,
    0.24264495362391145,
    0.24860354397224238,
    0.24954006599238027,
    0.2528910643822569,
    0.25133940720246734,
    0.2510070357855588,
    0.25107613218886066,
    0.2557835461266328,
    0.26360171557510886,
    0.26657286091709,
    0.27491935209542817,
    0.2749416755488026,
    0.27703937148494195,
    0.2816975320890784,
    0.2811943685368287,
    0.27911013754082004,
    0.28194131837354863
  ],
  "test_accuracy": [
    0.10450000000000001,
    0.1,
    0.1,
    0.1,
    0.1,
    0.1,
    0.1,
    0.1,
    0.1,
    0.1,
    0.1,
    0.1,
    0.1,
    0.1,
    0.1,
    0.1002,
    0.1,
    0.10030000000000001,
    0.1,
    0.10070000000000001,
    0.101,
    0.1005,
    0.1012,
    0.10130000000000002,
    0.1014,
    0.1008,
    0.1066,
    0.1016,
    0.11779999999999999,
    0.12179999999999999,
    0.1528,
    0.19219999999999998,
    0.24300000000000005,
    0.24889999999999998,
    0.2509,
    0.25389999999999996,
    0.253,
    0.244,
    0.2551,
    0.24969999999999998,
    0.25570000000000004,
    0.2718,
    0.26749999999999996,
    0.26400000000000007,
    0.27240000000000003,
    0.27599999999999997,
    0.2787,
    0.2708,
    0.2776,
    0.2872
  ]
}