{
  "setting": "setting_24",
  "train_accuracy": [
    0.10060583726415094,
    0.0999778891509434,
    0.09989497346698113,
    0.10019899764150944,
    0.09970150353773585,
    0.10022663620283019,
    0.0997291420990566,
    0.10014372051886791,
    0.10025427476415094,
    0.09970150353773585,
    0.09983969634433962,
    0.0997844192216981,
    0.09995025058962265,
    0.10019899764150944,
    0.09983969634433962,
    0.10008844339622641,
    0.09959094929245284,
    0.1000331662735849,
    0.09989497346698113,
    0.09964622641509434,
    0.09983969634433962,
    0.09989497346698113,
    0.10000552771226415,
    0.10000552771226415,
    0.09959094929245284,
    0.09986733490566038,
    0.10000552771226415,
    0.1003371904481132,
    0.10006080483490566,
    0.09975678066037735,
    0.0994251179245283,
    0.10011608195754716,
    0.1003371904481132,
    0.09983969634433962,
    0.09986733490566038,
    0.1000493808962264,
    0.09991118808962264,
    0.0999583579009434,
    0.09970297759433962,
    0.09912183077830189,
    0.09963775058962264,
    0.10087448408018869,
    0.10525759139150943,
    0.1094844487028302,
    0.1144369103773585,
    0.1133840654481132,
    0.11466133549528301,
    0.11792084316037736,
    0.12117703419811321,
    0.12209131780660379
  ],
  "test_accuracy": [
    0.1,
    0.1,
    0.1,
    0.1,
    0.1,
    0.1,
    0.1,
    0.1,
    0.1,
    0.1,
    0.1,
    0.1,
    0.1,
    0.1,
    0.1,
    0.1,
    0.1,
    0.1,
    0.1,
    0.1,
    0.1,
    0.1,
    0.1,
    0.1,
    0.1,
    0.1,
    0.1,
    0.1,
    0.1,
    0.1,
    0.1,
    0.1,
    0.1,
    0.1,
    0.1,
    0.1,
    0.0999,
    0.10030000000000001,
    0.1002,
    0.0999,
    0.10030000000000001,
    0.1005,
    0.10690000000000002,
    0.1126,
    0.1173,
    0.11610000000000001,
    0.11560000000000001,
    0.1125,
    0.11700000000000002,
    0.1143
  ]
}