{
  "setting": "setting_11",
  "train_accuracy": [
    0.10224011479591837,
    0.11660953443877552,
    0.121875,
    0.11997369260204083,
    0.14858099489795917,
    0.14121492346938777,
    0.1528340242346939,
    0.1486248405612245,
    0.15334024234693877,
    0.1646125637755102,
    0.18229033801020408,
    0.1904376594387755,
    0.17566964285714284,
    0.16647799744897962,
    0.16680086096938776,
    0.17258051658163265,
    0.16900111607142856,
    0.16491549744897957,
    0.170328443877551,
    0.1789341517857143,
    0.19451132015306122,
    0.17515943877551018,
    0.1724250637755102,
    0.17842394770408165,
    0.18819355867346937,
    0.18542729591836735,
    0.18642378826530612,
    0.18458227040816327,
    0.1752989477040816,
    0.18511639030612245,
    0.19476642219387755,
    0.1894889987244898,
    0.18995535714285716,
    0.18654735331632655,
    0.19407684948979592,
    0.20351163903061223,
    0.20459980867346939,
    0.1982421875,
    0.19100366709183672,
    0.19348692602040815,
    0.1933235012755102,
    0.2026307397959184,
    0.1984813456632653,
    0.19623325892857144,
    0.19839764030612245,
    0.1999720982142857,
    0.19563536352040817,
    0.19794722576530613,
    0.1902861926020408,
    0.19064094387755104
  ],
  "test_accuracy": [
    0.089,
    0.1015,
    0.11180000000000001,
    0.1354,
    0.13040000000000002,
    0.157,
    0.1444,
    0.1432,
    0.15589999999999998,
    0.1754,
    0.19,
    0.19070000000000004,
    0.1868,
    0.15460000000000002,
    0.16749999999999998,
    0.1576,
    0.15969999999999998,
    0.17339999999999997,
    0.1805,
    0.18649999999999997,
    0.19119999999999998,
    0.174,
    0.1726,
    0.1816,
    0.1766,
    0.194,
    0.1805,
    0.16879999999999998,
    0.1756,
    0.1941,
    0.2045,
    0.194,
    0.179,
    0.18480000000000002,
    0.20600000000000002,
    0.2091,
    0.21039999999999998,
    0.19319999999999998,
    0.1765,
    0.1922,
    0.19540000000000002,
    0.1991,
    0.1983,
    0.2004,
    0.19390000000000002,
    0.1981,
    0.19619999999999999,
    0.19740000000000002,
    0.1836,
    0.17959999999999998
  ]
}