{
  "setting": "setting_3",
  "train_accuracy": [
    0.1037799774980747,
    0.10010386082499037,
    0.10007941855987679,
    0.09998428174335772,
    0.10002150919329995,
    0.09998841812668464,
    0.09991809961012708,
    0.09997187259337698,
    0.09998428174335772,
    0.09996773621005006,
    0.10002150919329995,
    0.10000082727666539,
    0.09999255451001154,
    0.09993464514343474,
    0.09998428174335772,
    0.10002564557662688,
    0.10002150919329995,
    0.10002150919329995,
    0.09996773621005006,
    0.09998428174335772,
    0.09994291791008857,
    0.09991396322680016,
    0.10007114579322296,
    0.10000910004331923,
    0.10000007520696959,
    0.09993802945706586,
    0.10028285341259144,
    0.10035505210338852,
    0.10053554883038121,
    0.10071642159222179,
    0.10100220807662688,
    0.1015876943348094,
    0.10130115578070852,
    0.10313808601270698,
    0.10598053342799384,
    0.10667168547843665,
    0.104385393603196,
    0.10563345326338082,
    0.10756740048613786,
    0.11034516990758567,
    0.11179064786291876,
    0.11579917934154794,
    0.11397804257316134,
    0.1171619296303427,
    0.12904312668463613,
    0.12899837853773585,
    0.13345514355506352,
    0.14408489663554103,
    0.15311988592606854,
    0.17014900004813246
  ],
  "test_accuracy": [
    0.10229999999999999,
    0.09999999999999999,
    0.09999999999999999,
    0.09999999999999999,
    0.09999999999999999,
    0.09999999999999999,
    0.09999999999999999,
    0.09999999999999999,
    0.09999999999999999,
    0.09999999999999999,
    0.09999999999999999,
    0.09999999999999999,
    0.09999999999999999,
    0.09999999999999999,
    0.09999999999999999,
    0.09999999999999999,
    0.09999999999999999,
    0.09999999999999999,
    0.09999999999999999,
    0.09999999999999999,
    0.09999999999999999,
    0.09999999999999999,
    0.09999999999999999,
    0.09999999999999999,
    0.10010000000000001,
    0.10010000000000001,
    0.1,
    0.1008,
    0.1006,
    0.10070000000000001,
    0.1006,
    0.1015,
    0.10130000000000002,
    0.1034,
    0.10640000000000001,
    0.1069,
    0.10329999999999999,
    0.10540000000000001,
    0.1109,
    0.11000000000000001,
    0.11320000000000001,
    0.1153,
    0.10869999999999999,
    0.119,
    0.12910000000000002,
    0.14009999999999997,
    0.13620000000000002,
    0.14799999999999996,
    0.16299999999999998,
    0.17419999999999997
  ]
}