{
  "setting": "setting_19",
  "train_accuracy": [
    0.10150427476415094,
    0.0999778891509434,
    0.09989497346698113,
    0.10019899764150944,
    0.09970150353773585,
    0.10022663620283019,
    0.0997291420990566,
    0.10014372051886791,
    0.10025427476415094,
    0.09970150353773585,
    0.09983969634433962,
    0.0997844192216981,
    0.09995025058962265,
    0.10019899764150944,
    0.09983969634433962,
    0.10008844339622641,
    0.09959094929245284,
    0.1000331662735849,
    0.09989497346698113,
    0.09964622641509434,
    0.09983969634433962,
    0.09989497346698113,
    0.10000552771226415,
    0.10000552771226415,
    0.09959094929245284,
    0.09986733490566038,
    0.10000552771226415,
    0.1003371904481132,
    0.10006080483490566,
    0.09975678066037735,
    0.0994251179245283,
    0.10011608195754716,
    0.1003371904481132,
    0.09983969634433962,
    0.09986733490566038,
    0.10008844339622641,
    0.0999226120283019,
    0.0999778891509434,
    0.09983969634433962,
    0.0999226120283019,
    0.10008033608490566,
    0.10027712264150944,
    0.09983158903301886,
    0.10033608490566039,
    0.10030844634433961,
    0.10061247051886792,
    0.10121462264150943,
    0.10028891509433961,
    0.10105210790094339,
    0.10108158903301886
  ],
  "test_accuracy": [
    0.1,
    0.1,
    0.1,
    0.1,
    0.1,
    0.1,
    0.1,
    0.1,
    0.1,
    0.1,
    0.1,
    0.1,
    0.1,
    0.1,
    0.1,
    0.1,
    0.1,
    0.1,
    0.1,
    0.1,
    0.1,
    0.1,
    0.1,
    0.1,
    0.1,
    0.1,
    0.1,
    0.1,
    0.1,
    0.1,
    0.1,
    0.1,
    0.1,
    0.1,
    0.1,
    0.1,
    0.1,
    0.1,
    0.1,
    0.1,
    0.0999,
    0.1,
    0.10010000000000001,
    0.1006,
    0.1004,
    0.10110000000000001,
    0.1004,
    0.10130000000000002,
    0.10010000000000001,
    0.10250000000000001
  ]
}