{
  "setting": "setting_2",
  "train_accuracy": [
    0.1001825953595724,
    0.10685909408406219,
    0.10002505466472304,
    0.10002505466472304,
    0.09998329689018465,
    0.09996241800291544,
    0.10003549410835763,
    0.10002505466472304,
    0.09999373633381925,
    0.09996241800291544,
    0.10005637299562682,
    0.10004593355199222,
    0.10002505466472304,
    0.1000981307701652,
    0.09995197855928085,
    0.09994153911564627,
    0.09994153911564627,
    0.10004593355199222,
    0.09994153911564627,
    0.09996241800291544,
    0.10003549410835763,
    0.09994059007531585,
    0.10030597060252672,
    0.10027560131195336,
    0.1001617164723032,
    0.1005650586127308,
    0.1007719494047619,
    0.10105950862487852,
    0.10088678328474247,
    0.10123033588435373,
    0.10167923196064141,
    0.10264915117832847,
    0.10328311011904762,
    0.10748356262147717,
    0.1120019436345967,
    0.1130107735058309,
    0.11469152393100097,
    0.11472663842322643,
    0.1178024781341108,
    0.1237634004494655,
    0.1340490995505345,
    0.13894519861516033,
    0.14426456966715256,
    0.14709270985179784,
    0.14904868197278912,
    0.1585419323979592,
    0.1749631772351798,
    0.1873405612244898,
    0.19979481748056366,
    0.20463017796404276
  ],
  "test_accuracy": [
    0.0994,
    0.1,
    0.1,
    0.1,
    0.1,
    0.1,
    0.1,
    0.1,
    0.1,
    0.1,
    0.1,
    0.1,
    0.1,
    0.1,
    0.1,
    0.1,
    0.1,
    0.1,
    0.1,
    0.1,
    0.1,
    0.1,
    0.10030000000000001,
    0.1004,
    0.101,
    0.1005,
    0.10130000000000002,
    0.1008,
    0.1006,
    0.10110000000000001,
    0.1014,
    0.10450000000000001,
    0.1034,
    0.1078,
    0.1153,
    0.1101,
    0.12079999999999999,
    0.11500000000000002,
    0.11839999999999999,
    0.1246,
    0.13810000000000003,
    0.1471,
    0.13930000000000003,
    0.15489999999999998,
    0.1512,
    0.17109999999999997,
    0.1787,
    0.19219999999999998,
    0.2028,
    0.20779999999999998
  ]
}