{
  "setting": "setting_1",
  "train_accuracy": [
    0.09626913265306122,
    0.11356823979591836,
    0.14561941964285716,
    0.1285514987244898,
    0.12419483418367348,
    0.1505141900510204,
    0.17118941326530612,
    0.16556521045918365,
    0.17470503826530612,
    0.18586973852040817,
    0.18099091198979592,
    0.17686144770408166,
    0.1781329719387755,
    0.17639508928571426,
    0.1932079081632653,
    0.1943718112244898,
    0.2045360331632653,
    0.20037866709183674,
    0.19905532525510203,
    0.1835140306122449,
    0.17122130102040817,
    0.16570073341836736,
    0.1753826530612245,
    0.18023357780612245,
    0.1840880102040816,
    0.17947225765306124,
    0.18113839285714284,
    0.19168526785714285,
    0.1898357780612245,
    0.18897879464285716,
    0.18923389668367346,
    0.18909438775510204,
    0.20223214285714286,
    0.1861248405612245,
    0.19827407525510204,
    0.19630899234693877,
    0.1977558992346939,
    0.19353475765306122,
    0.19577088647959184,
    0.19620535714285714,
    0.19908721301020407,
    0.1962093431122449,
    0.19075255102040817,
    0.18894690688775512,
    0.19114716198979592,
    0.19137834821428573,
    0.18705357142857143,
    0.1914660395408163,
    0.18921795280612247,
    0.1865872130102041
  ],
  "test_accuracy": [
    0.1125,
    0.15829999999999997,
    0.12289999999999998,
    0.12279999999999999,
    0.1439,
    0.16369999999999998,
    0.15050000000000002,
    0.1556,
    0.18539999999999998,
    0.1802,
    0.1755,
    0.1769,
    0.18560000000000001,
    0.1889,
    0.1873,
    0.1997,
    0.2101,
    0.19460000000000002,
    0.19999999999999998,
    0.1722,
    0.1794,
    0.16570000000000001,
    0.1719,
    0.18,
    0.179,
    0.17729999999999999,
    0.19240000000000002,
    0.189,
    0.19490000000000002,
    0.20260000000000003,
    0.185,
    0.1998,
    0.19790000000000002,
    0.2056,
    0.195,
    0.2031,
    0.2105,
    0.1983,
    0.20260000000000003,
    0.20020000000000002,
    0.19920000000000002,
    0.1983,
    0.1885,
    0.20029999999999998,
    0.19160000000000002,
    0.1797,
    0.1945,
    0.19990000000000002,
    0.20410000000000003,
    0.1861
  ]
}