{
  "setting": "setting_14",
  "train_accuracy": [
    0.10498083726415094,
    0.0999778891509434,
    0.09989497346698113,
    0.10019899764150944,
    0.09970150353773585,
    0.10022663620283019,
    0.0997291420990566,
    0.10014372051886791,
    0.10025427476415094,
    0.09970150353773585,
    0.09983969634433962,
    0.0997844192216981,
    0.09995025058962265,
    0.10019899764150944,
    0.09983969634433962,
    0.10008844339622641,
    0.09959094929245284,
    0.1000331662735849,
    0.09989497346698113,
    0.09964622641509434,
    0.09983969634433962,
    0.09989497346698113,
    0.10000552771226415,
    0.10000552771226415,
    0.09959094929245284,
    0.09986733490566038,
    0.10000552771226415,
    0.1003371904481132,
    0.10006080483490566,
    0.09975678066037735,
    0.0994251179245283,
    0.10011608195754716,
    0.1003371904481132,
    0.09983969634433962,
    0.09986733490566038,
    0.10008844339622641,
    0.0999226120283019,
    0.0999778891509434,
    0.09983969634433962,
    0.0999226120283019,
    0.10008033608490566,
    0.10025759139150944,
    0.09985112028301886,
    0.10025464327830189,
    0.10107016509433961,
    0.10106979658018869,
    0.1015938237028302,
    0.1011140182783019,
    0.10251695165094339,
    0.10202572228773585
  ],
  "test_accuracy": [
    0.1,
    0.1,
    0.1,
    0.1,
    0.1,
    0.1,
    0.1,
    0.1,
    0.1,
    0.1,
    0.1,
    0.1,
    0.1,
    0.1,
    0.1,
    0.1,
    0.1,
    0.1,
    0.1,
    0.1,
    0.1,
    0.1,
    0.1,
    0.1,
    0.1,
    0.1,
    0.1,
    0.1,
    0.1,
    0.1,
    0.1,
    0.1,
    0.1,
    0.1,
    0.1,
    0.1,
    0.1,
    0.1,
    0.1,
    0.1,
    0.1,
    0.10010000000000001,
    0.10010000000000001,
    0.1005,
    0.101,
    0.1012,
    0.10030000000000001,
    0.10370000000000001,
    0.1034,
    0.1036
  ]
}