{
  "setting": "setting_7",
  "train_accuracy": [
    0.10491830660835763,
    0.10342167000728864,
    0.10002505466472304,
    0.09999373633381925,
    0.10006681243926141,
    0.09997285744655005,
    0.09995197855928085,
    0.09995197855928085,
    0.09999373633381925,
    0.09995197855928085,
    0.09997285744655005,
    0.09999373633381925,
    0.10005637299562682,
    0.09992066022837706,
    0.09995197855928085,
    0.10003549410835763,
    0.10005637299562682,
    0.10001461522108843,
    0.09995197855928085,
    0.09991022078474247,
    0.10004593355199222,
    0.10002505466472304,
    0.10001461522108843,
    0.09995102951895043,
    0.09996241800291544,
    0.09993109967201165,
    0.09988839285714286,
    0.10000322673712342,
    0.10010382501214772,
    0.10034962645772594,
    0.10049482962827988,
    0.10078428692905733,
    0.10123223396501457,
    0.10133188319970846,
    0.10128348214285714,
    0.1019070016399417,
    0.10255234906462586,
    0.10351372691933916,
    0.10429478711127309,
    0.10598692602040816,
    0.10695020195578231,
    0.10995771076287658,
    0.11117343142614189,
    0.1155418640670554,
    0.1183073675898931,
    0.1203876639941691,
    0.12144679300291544,
    0.1261094281462585,
    0.1255400039480078,
    0.12997107325072887
  ],
  "test_accuracy": [
    0.1024,
    0.10010000000000001,
    0.1,
    0.1,
    0.1,
    0.1,
    0.1,
    0.1,
    0.1,
    0.1,
    0.1,
    0.1,
    0.1,
    0.1,
    0.1,
    0.1,
    0.1,
    0.1,
    0.1,
    0.1,
    0.1,
    0.1,
    0.1,
    0.1002,
    0.10010000000000001,
    0.1,
    0.1002,
    0.1002,
    0.1,
    0.1005,
    0.10010000000000001,
    0.10130000000000002,
    0.1006,
    0.10190000000000002,
    0.10070000000000001,
    0.10250000000000001,
    0.1032,
    0.1056,
    0.1042,
    0.1083,
    0.1068,
    0.11179999999999998,
    0.1115,
    0.11439999999999999,
    0.1143,
    0.1189,
    0.12310000000000001,
    0.1262,
    0.12919999999999998,
    0.13470000000000001
  ]
}