{
  "setting": "setting_29",
  "train_accuracy": [
    0.09947302476415094,
    0.0999778891509434,
    0.09989497346698113,
    0.10019899764150944,
    0.09970150353773585,
    0.10022663620283019,
    0.0997291420990566,
    0.10014372051886791,
    0.10025427476415094,
    0.09970150353773585,
    0.09983969634433962,
    0.0997844192216981,
    0.09995025058962265,
    0.10019899764150944,
    0.09983969634433962,
    0.10008844339622641,
    0.09959094929245284,
    0.1000331662735849,
    0.09989497346698113,
    0.09964622641509434,
    0.09983969634433962,
    0.09989497346698113,
    0.10000552771226415,
    0.10000552771226415,
    0.09959094929245284,
    0.09986733490566038,
    0.10000552771226415,
    0.1003371904481132,
    0.10006080483490566,
    0.09975678066037735,
    0.0994251179245283,
    0.10011608195754716,
    0.1003371904481132,
    0.09983969634433962,
    0.09986733490566038,
    0.10008844339622641,
    0.0999226120283019,
    0.0999974204009434,
    0.09981537441037736,
    0.10115308077830189,
    0.1019862912735849,
    0.10490455483490566,
    0.10544848172169811,
    0.10806861733490565,
    0.10801334021226415,
    0.10724167158018869,
    0.110612102004717,
    0.11048828125,
    0.12431603773584905,
    0.13673459610849056
  ],
  "test_accuracy": [
    0.1,
    0.1,
    0.1,
    0.1,
    0.1,
    0.1,
    0.1,
    0.1,
    0.1,
    0.1,
    0.1,
    0.1,
    0.1,
    0.1,
    0.1,
    0.1,
    0.1,
    0.1,
    0.1,
    0.1,
    0.1,
    0.1,
    0.1,
    0.1,
    0.1,
    0.1,
    0.1,
    0.1,
    0.1,
    0.1,
    0.1,
    0.1,
    0.1,
    0.1,
    0.1,
    0.1,
    0.1,
    0.1004,
    0.101,
    0.10310000000000001,
    0.10270000000000001,
    0.1,
    0.10290000000000002,
    0.10969999999999999,
    0.10790000000000002,
    0.1062,
    0.1106,
    0.1142,
    0.12789999999999999,
    0.1416
  ]
}