{
  "setting": "setting_22",
  "train_accuracy": [
    0.10021296465014579,
    0.1058929710276968,
    0.10002505466472304,
    0.09999373633381925,
    0.10006681243926141,
    0.09997285744655005,
    0.09995197855928085,
    0.09995197855928085,
    0.09999373633381925,
    0.09995197855928085,
    0.09997285744655005,
    0.09999373633381925,
    0.10005637299562682,
    0.09992066022837706,
    0.09995197855928085,
    0.10003549410835763,
    0.10005637299562682,
    0.10001461522108843,
    0.09995197855928085,
    0.09991022078474247,
    0.10004593355199222,
    0.10002505466472304,
    0.10001461522108843,
    0.09993109967201165,
    0.09996241800291544,
    0.09993109967201165,
    0.09986846301020408,
    0.09998329689018465,
    0.10000417577745384,
    0.10015032798833819,
    0.10005637299562682,
    0.10006681243926141,
    0.10004593355199222,
    0.10005637299562682,
    0.10008769132653061,
    0.09999373633381925,
    0.09992066022837706,
    0.10003549410835763,
    0.09992066022837706,
    0.10004593355199222,
    0.09997285744655005,
    0.09995197855928085,
    0.09995197855928085,
    0.10003549410835763,
    0.09993109967201165,
    0.10003549410835763,
    0.10011711157677357,
    0.10013704142371235,
    0.1000440354713314,
    0.10005352587463558
  ],
  "test_accuracy": [
    0.10070000000000001,
    0.10010000000000001,
    0.1,
    0.1,
    0.1,
    0.1,
    0.1,
    0.1,
    0.1,
    0.1,
    0.1,
    0.1,
    0.1,
    0.1,
    0.1,
    0.1,
    0.1,
    0.1,
    0.1,
    0.1,
    0.1,
    0.1,
    0.1,
    0.1,
    0.1,
    0.1,
    0.1,
    0.1,
    0.1,
    0.1,
    0.1,
    0.1,
    0.1,
    0.1,
    0.1,
    0.1,
    0.1,
    0.1,
    0.1,
    0.1,
    0.1,
    0.1,
    0.1,
    0.1,
    0.1,
    0.0999,
    0.1,
    0.1,
    0.1,
    0.1
  ]
}