{
  "setting": "setting_6",
  "train_accuracy": [
    0.10434869260204083,
    0.11432557397959182,
    0.1271922831632653,
    0.1253627232142857,
    0.15238360969387754,
    0.14832987882653062,
    0.15354352678571428,
    0.14915497448979592,
    0.15587531887755102,
    0.17038026147959184,
    0.1798469387755102,
    0.18323501275510204,
    0.17335379464285716,
    0.16583227040816326,
    0.16869419642857142,
    0.17704081632653063,
    0.17421476403061223,
    0.16699617346938778,
    0.16712372448979593,
    0.17315848214285715,
    0.17999441964285715,
    0.169905931122449,
    0.1684550382653061,
    0.17703683035714285,
    0.19182876275510205,
    0.19928651147959184,
    0.1962252869897959,
    0.19331951530612246,
    0.18837691326530612,
    0.19646843112244897,
    0.20296954719387755,
    0.19489795918367347,
    0.19577487244897962,
    0.19109135841836736,
    0.19339126275510204,
    0.20225605867346938,
    0.2093311543367347,
    0.2022361288265306,
    0.20341597576530612,
    0.2045838647959184,
    0.20674426020408165,
    0.21211734693877551,
    0.21346460459183672,
    0.20709901147959184,
    0.20326052295918365,
    0.19708227040816326,
    0.1983298788265306,
    0.2001076211734694,
    0.20092075892857142,
    0.19777582908163266
  ],
  "test_accuracy": [
    0.0923,
    0.1022,
    0.12290000000000001,
    0.1455,
    0.1518,
    0.16309999999999997,
    0.1446,
    0.1393,
    0.15889999999999999,
    0.15360000000000001,
    0.1958,
    0.177,
    0.1735,
    0.1572,
    0.1675,
    0.18119999999999997,
    0.16219999999999998,
    0.1635,
    0.178,
    0.17509999999999998,
    0.1817,
    0.16970000000000002,
    0.1678,
    0.1789,
    0.19219999999999998,
    0.1955,
    0.207,
    0.1835,
    0.185,
    0.20340000000000003,
    0.20390000000000003,
    0.196,
    0.1789,
    0.191,
    0.2077,
    0.21460000000000004,
    0.21059999999999998,
    0.20190000000000002,
    0.19519999999999998,
    0.20420000000000002,
    0.20940000000000003,
    0.21679999999999996,
    0.21880000000000002,
    0.20529999999999998,
    0.20380000000000004,
    0.18950000000000003,
    0.2011,
    0.1951,
    0.19390000000000002,
    0.1915
  ]
}