{
  "setting": "setting_8",
  "train_accuracy": [
    0.10597376480073162,
    0.10014372051886791,
    0.10007941855987679,
    0.09998428174335772,
    0.10002150919329995,
    0.09998841812668464,
    0.09991809961012708,
    0.09997187259337698,
    0.09998428174335772,
    0.09996773621005006,
    0.10002150919329995,
    0.10000082727666539,
    0.09999255451001154,
    0.09993464514343474,
    0.09998428174335772,
    0.10002564557662688,
    0.10002150919329995,
    0.10002150919329995,
    0.09996773621005006,
    0.09998428174335772,
    0.09994291791008857,
    0.09991396322680016,
    0.10007114579322296,
    0.10000910004331923,
    0.0999801453600308,
    0.09991809961012708,
    0.10007941855987679,
    0.10009182770985754,
    0.10000910004331923,
    0.1000587366432422,
    0.10002150919329995,
    0.100029029890258,
    0.10001737280997305,
    0.10001662074027724,
    0.10002489350693107,
    0.10000684383423179,
    0.10010386082499037,
    0.1001361998219099,
    0.10051486691374663,
    0.10114848563246052,
    0.10076380198305739,
    0.10158355795148248,
    0.1026969971361186,
    0.10428837661243744,
    0.10616065412013863,
    0.10787537302656912,
    0.10989994464767039,
    0.11493467522622255,
    0.12260014560069311,
    0.13354501588371198
  ],
  "test_accuracy": [
    0.12320000000000002,
    0.09999999999999999,
    0.09999999999999999,
    0.09999999999999999,
    0.09999999999999999,
    0.09999999999999999,
    0.09999999999999999,
    0.09999999999999999,
    0.09999999999999999,
    0.09999999999999999,
    0.09999999999999999,
    0.09999999999999999,
    0.09999999999999999,
    0.09999999999999999,
    0.09999999999999999,
    0.09999999999999999,
    0.09999999999999999,
    0.09999999999999999,
    0.09999999999999999,
    0.09999999999999999,
    0.09999999999999999,
    0.09999999999999999,
    0.09999999999999999,
    0.09999999999999999,
    0.09999999999999999,
    0.09999999999999999,
    0.09999999999999999,
    0.09999999999999999,
    0.09999999999999999,
    0.09999999999999999,
    0.09999999999999999,
    0.09999999999999999,
    0.09999999999999999,
    0.09999999999999999,
    0.09999999999999999,
    0.1002,
    0.09999999999999999,
    0.09999999999999999,
    0.1008,
    0.1012,
    0.10030000000000001,
    0.1031,
    0.10229999999999999,
    0.10629999999999999,
    0.10550000000000001,
    0.11100000000000002,
    0.11040000000000001,
    0.11620000000000001,
    0.127,
    0.13479999999999998
  ]
}