{
  "setting": "setting_12",
  "train_accuracy": [
    0.1029632835276968,
    0.11203231292517006,
    0.10050337099125364,
    0.09999373633381925,
    0.10006681243926141,
    0.09997285744655005,
    0.09995197855928085,
    0.09995197855928085,
    0.09999373633381925,
    0.09995197855928085,
    0.09997285744655005,
    0.09999373633381925,
    0.10005637299562682,
    0.09992066022837706,
    0.09995197855928085,
    0.10003549410835763,
    0.10005637299562682,
    0.10001461522108843,
    0.09995197855928085,
    0.09991022078474247,
    0.10004593355199222,
    0.10002505466472304,
    0.10001461522108843,
    0.09993109967201165,
    0.09996241800291544,
    0.09993109967201165,
    0.09986846301020408,
    0.09998329689018465,
    0.10000417577745384,
    0.10015032798833819,
    0.1000763028425656,
    0.10016646167395529,
    0.10016551263362487,
    0.10020632136783285,
    0.10016741071428571,
    0.10027275419096211,
    0.10024997722303207,
    0.10083268798590865,
    0.10133662840136055,
    0.10146000364431487,
    0.10152833454810496,
    0.10266243774295432,
    0.1033296130952381,
    0.10393415178571429,
    0.10385822855928085,
    0.10564716958211856,
    0.10711153881195336,
    0.10760978498542274,
    0.10608277909378037,
    0.10684201135811466
  ],
  "test_accuracy": [
    0.1004,
    0.1157,
    0.1,
    0.1,
    0.1,
    0.1,
    0.1,
    0.1,
    0.1,
    0.1,
    0.1,
    0.1,
    0.1,
    0.1,
    0.1,
    0.1,
    0.1,
    0.1,
    0.1,
    0.1,
    0.1,
    0.1,
    0.1,
    0.1,
    0.1,
    0.1,
    0.1,
    0.1,
    0.1,
    0.1,
    0.1,
    0.10010000000000001,
    0.10010000000000001,
    0.1002,
    0.1,
    0.1006,
    0.1006,
    0.1014,
    0.1008,
    0.1024,
    0.10230000000000002,
    0.1034,
    0.10200000000000001,
    0.1058,
    0.1048,
    0.10470000000000002,
    0.1066,
    0.1075,
    0.1091,
    0.1078
  ]
}