{
  "setting": "setting_16",
  "train_accuracy": [
    0.1026108099489796,
    0.11847895408163266,
    0.1182437818877551,
    0.11744658801020408,
    0.14428810586734694,
    0.1322983099489796,
    0.15357940051020408,
    0.1506935586734694,
    0.16111686862244898,
    0.15776466836734693,
    0.18253348214285714,
    0.18567841198979593,
    0.17824856505102038,
    0.17149633290816327,
    0.1721500318877551,
    0.19194435586734693,
    0.17171157525510203,
    0.1585060586734694,
    0.1723652742346939,
    0.1877391581632653,
    0.19860889668367346,
    0.17409917091836735,
    0.16279097576530613,
    0.17503188775510203,
    0.1754344706632653,
    0.17350924744897958,
    0.17485251913265307,
    0.1762157206632653,
    0.16909279336734692,
    0.1768375318877551,
    0.18992346938775512,
    0.19220742984693878,
    0.1847576530612245,
    0.17467713647959185,
    0.18180803571428572,
    0.18677455357142858,
    0.18825733418367346,
    0.18093510841836735,
    0.17379623724489796,
    0.18449457908163266,
    0.18560267857142856,
    0.18950095663265307,
    0.18691804846938775,
    0.18306361607142857,
    0.18712133290816327,
    0.18989158163265307,
    0.18394451530612246,
    0.18917012117346937,
    0.18537547831632653,
    0.18463807397959184
  ],
  "test_accuracy": [
    0.0987,
    0.1058,
    0.1103,
    0.12879999999999997,
    0.12589999999999998,
    0.14740000000000003,
    0.14880000000000002,
    0.1548,
    0.148,
    0.1712,
    0.1855,
    0.1796,
    0.19619999999999999,
    0.1487,
    0.1793,
    0.17970000000000003,
    0.155,
    0.17259999999999998,
    0.1819,
    0.20250000000000004,
    0.19119999999999998,
    0.16809999999999997,
    0.1679,
    0.1632,
    0.1628,
    0.1818,
    0.1837,
    0.1648,
    0.1714,
    0.18319999999999997,
    0.198,
    0.1844,
    0.1755,
    0.1763,
    0.17709999999999998,
    0.1983,
    0.18860000000000002,
    0.16539999999999996,
    0.16729999999999998,
    0.1833,
    0.19080000000000003,
    0.17749999999999996,
    0.1946,
    0.1752,
    0.1794,
    0.191,
    0.1838,
    0.1854,
    0.1848,
    0.17819999999999997
  ]
}