{
  "setting": "setting_8",
  "train_accuracy": [
    0.09966517857142858,
    0.11029974489795917,
    0.13010204081632654,
    0.13405612244897958,
    0.1240593112244898,
    0.12382413903061225,
    0.12220184948979593,
    0.11881776147959185,
    0.11841916454081633,
    0.12132095025510203,
    0.12111367984693877,
    0.12301897321428572,
    0.1240314094387755,
    0.12379623724489797,
    0.12498007015306123,
    0.12449776785714287,
    0.12637117346938775,
    0.1265545280612245,
    0.1281449298469388,
    0.12938456632653061,
    0.130452806122449,
    0.13173628826530612,
    0.13390864158163265,
    0.13366948341836735,
    0.13521205357142857,
    0.13479751275510204,
    0.13660714285714284,
    0.1386001275510204,
    0.13974011479591839,
    0.13960857780612246,
    0.14213966836734693,
    0.14317602040816327,
    0.14411272321428573,
    0.14495376275510205,
    0.1467873086734694,
    0.14797114158163266,
    0.14896364795918365,
    0.14878826530612246,
    0.1493781887755102,
    0.14865672831632654,
    0.1498684630102041,
    0.15173788265306123,
    0.15081313775510205,
    0.1532764668367347,
    0.15098453443877552,
    0.15385841836734693,
    0.15306919642857142,
    0.1539500956632653,
    0.15269451530612246,
    0.15385443239795918
  ],
  "test_accuracy": [
    0.0988,
    0.11739999999999999,
    0.139,
    0.12720000000000004,
    0.1257,
    0.1251,
    0.1206,
    0.119,
    0.1202,
    0.12350000000000001,
    0.12279999999999999,
    0.127,
    0.1289,
    0.12869999999999998,
    0.1286,
    0.12890000000000001,
    0.12960000000000002,
    0.13120000000000004,
    0.1315,
    0.1341,
    0.1367,
    0.13559999999999997,
    0.1352,
    0.1364,
    0.1387,
    0.1404,
    0.1382,
    0.14020000000000002,
    0.13979999999999998,
    0.1446,
    0.1456,
    0.1422,
    0.14740000000000003,
    0.1514,
    0.1499,
    0.1486,
    0.15209999999999999,
    0.1498,
    0.15050000000000002,
    0.1522,
    0.15410000000000001,
    0.1519,
    0.151,
    0.156,
    0.15609999999999996,
    0.15610000000000002,
    0.153,
    0.15309999999999999,
    0.1568,
    0.156
  ]
}