{
  "setting": "setting_19",
  "train_accuracy": [
    0.09986561588921283,
    0.09964448949222546,
    0.09974603680758018,
    0.09959798651603499,
    0.09961127308066084,
    0.09973369928328475,
    0.0996938395894072,
    0.09959419035471331,
    0.09921552326287658,
    0.0995201652089407,
    0.10027655035228378,
    0.0996463875728863,
    0.09945468142614189,
    0.09919559341593781,
    0.09955338162050534,
    0.0994233630952381,
    0.09917756164965985,
    0.09904279792274052,
    0.09950498056365403,
    0.0994451910228377,
    0.09959798651603499,
    0.09989313805879495,
    0.09945468142614189,
    0.09996811224489796,
    0.09998709305150631,
    0.09992920159135082,
    0.10007440476190475,
    0.0999595708819242,
    0.09980108114674441,
    0.09943854774052478,
    0.10006301627793975,
    0.09959419035471331,
    0.10027275419096211,
    0.09968814534742468,
    0.10036955630466472,
    0.0996834001457726,
    0.09999088921282798,
    0.10018164631924198,
    0.10063149143586006,
    0.10042649872448979,
    0.10039233327259477,
    0.09994723335762876,
    0.10051001427356657,
    0.09996336704324586,
    0.10058214133867834,
    0.10047110362001944,
    0.10049957482993198,
    0.1009940248420797,
    0.10040467079689018,
    0.10075486667881439
  ],
  "test_accuracy": [
    0.0995,
    0.0992,
    0.0986,
    0.0992,
    0.0999,
    0.0995,
    0.0989,
    0.1,
    0.0995,
    0.10010000000000001,
    0.0992,
    0.0989,
    0.0994,
    0.0986,
    0.0989,
    0.0988,
    0.0995,
    0.0994,
    0.0986,
    0.0997,
    0.09809999999999999,
    0.1006,
    0.0984,
    0.099,
    0.0994,
    0.0986,
    0.0998,
    0.0992,
    0.0988,
    0.0993,
    0.0991,
    0.0992,
    0.0989,
    0.0992,
    0.0993,
    0.0974,
    0.0996,
    0.10030000000000001,
    0.10049999999999999,
    0.1,
    0.0992,
    0.099,
    0.1006,
    0.0999,
    0.10010000000000001,
    0.0996,
    0.0986,
    0.10030000000000001,
    0.10090000000000002,
    0.0999
  ]
}