{
  "setting": "setting_21",
  "train_accuracy": [
    0.16102541560102301,
    0.21783088235294118,
    0.2281609654731458,
    0.2288802749360614,
    0.2394101662404092,
    0.23117806905370844,
    0.2402293797953964,
    0.2203684462915601,
    0.23735214194373402,
    0.24046914961636828,
    0.23183743606138107,
    0.23849104859335038,
    0.24348625319693096,
    0.24340632992327366,
    0.25103900255754474,
    0.25663363171355497,
    0.2554347826086957,
    0.2417279411764706,
    0.2559343030690537,
    0.26278772378516624,
    0.266304347826087,
    0.26926150895140666,
    0.2712595907928389,
    0.27491608056265987,
    0.2795516304347826,
    0.2811500959079284,
    0.2733975383631714,
    0.2743566176470588,
    0.28558583759590794,
    0.28856297953964194,
    0.2865648976982097,
    0.2921395460358056,
    0.2976542519181586,
    0.2962755754475703,
    0.2957960358056266,
    0.30898337595907927,
    0.3044876918158568,
    0.29899296675191817,
    0.3100423593350384,
    0.30994245524296676,
    0.31389865728900257,
    0.31377877237851665,
    0.3156170076726343,
    0.3169757033248082,
    0.31981297953964194,
    0.32289002557544755,
    0.3225303708439898,
    0.3289442135549872,
    0.3281449808184143,
    0.3273057864450128
  ],
  "test_accuracy": [
    0.2124,
    0.23760000000000003,
    0.22759999999999997,
    0.2354,
    0.2543,
    0.2169,
    0.21760000000000002,
    0.2234,
    0.25670000000000004,
    0.24009999999999998,
    0.2291,
    0.23760000000000003,
    0.24089999999999998,
    0.2555,
    0.2633,
    0.2639,
    0.2599,
    0.2466,
    0.27530000000000004,
    0.2781,
    0.2681,
    0.269,
    0.2805,
    0.2781,
    0.2814,
    0.2845,
    0.2785,
    0.2806,
    0.2922,
    0.2794,
    0.2801,
    0.29389999999999994,
    0.2952,
    0.2906,
    0.2987,
    0.305,
    0.3029,
    0.2978,
    0.3144,
    0.312,
    0.3222,
    0.3183,
    0.309,
    0.31090000000000007,
    0.3174,
    0.3265,
    0.32650000000000007,
    0.32280000000000003,
    0.33209999999999995,
    0.32480000000000003
  ]
}