{
  "setting": "setting_6",
  "train_accuracy": [
    0.11343110613810742,
    0.1268981777493606,
    0.13103420716112532,
    0.1456401854219949,
    0.16030610613810742,
    0.1750119884910486,
    0.20100703324808183,
    0.21031809462915602,
    0.21287563938618925,
    0.20820012787723785,
    0.21161684782608695,
    0.21775095907928388,
    0.22480418797953963,
    0.22472426470588236,
    0.21783088235294118,
    0.21962915601023017,
    0.23029891304347827,
    0.22712196291560102,
    0.23255674552429667,
    0.2417479219948849,
    0.2426470588235294,
    0.24898097826086957,
    0.2501998081841432,
    0.2532368925831202,
    0.25255754475703324,
    0.2526974104859335,
    0.25607416879795397,
    0.2552149936061381,
    0.25425591432225064,
    0.25821211636828645,
    0.25831202046035806,
    0.25595428388746805,
    0.2637468030690537,
    0.26448609335038364,
    0.25867167519181583,
    0.260789641943734,
    0.26350703324808183,
    0.26648417519181583,
    0.26448609335038364,
    0.267423273657289,
    0.26906170076726343,
    0.26936141304347827,
    0.267423273657289,
    0.2672634271099744,
    0.2694613171355499,
    0.2689617966751918,
    0.27151934143222506,
    0.2718190537084399,
    0.2713794757033248,
    0.27385709718670076
  ],
  "test_accuracy": [
    0.11179999999999998,
    0.11910000000000001,
    0.1396,
    0.16240000000000002,
    0.17170000000000002,
    0.1992,
    0.21969999999999995,
    0.2204,
    0.221,
    0.2213,
    0.22359999999999997,
    0.22929999999999998,
    0.23559999999999998,
    0.22209999999999996,
    0.22659999999999997,
    0.23679999999999995,
    0.2378,
    0.2383,
    0.2557,
    0.2593,
    0.2567,
    0.25670000000000004,
    0.2712,
    0.2666,
    0.2731,
    0.2665,
    0.27440000000000003,
    0.26410000000000006,
    0.26630000000000004,
    0.2721,
    0.2744000000000001,
    0.2704,
    0.27769999999999995,
    0.2781,
    0.2729,
    0.277,
    0.27660000000000007,
    0.2791,
    0.2791,
    0.2823,
    0.2771,
    0.27999999999999997,
    0.2752,
    0.2859,
    0.27880000000000005,
    0.27999999999999997,
    0.2795,
    0.2846,
    0.2811,
    0.2806
  ]
}