{
  "setting": "setting_9",
  "train_accuracy": [
    0.09990547558309039,
    0.10017405399659864,
    0.10514038204567541,
    0.11678320881924198,
    0.12909510902575316,
    0.1363524204324587,
    0.13871173469387754,
    0.13327563168124393,
    0.12806540026724975,
    0.12577726403061223,
    0.12317594448493684,
    0.12204753553206997,
    0.12188335155490768,
    0.12017128279883381,
    0.1197508579324587,
    0.11930765609815354,
    0.11923932519436345,
    0.11915960580660835,
    0.1198144436345967,
    0.12051768251943636,
    0.12023391946064141,
    0.11997483145043732,
    0.12084605047376093,
    0.12169733965014579,
    0.12047117954324586,
    0.12089160440962099,
    0.12096278243440234,
    0.12216521653304178,
    0.12188145347424684,
    0.12176946671525753,
    0.12199913447521867,
    0.12160528273809525,
    0.1219004342808552,
    0.12095803723275024,
    0.1220285547254616,
    0.12297759505587949,
    0.12324047922740523,
    0.12267390215014579,
    0.12244138726919339,
    0.12268908679543246,
    0.12260367316569484,
    0.12390575649902819,
    0.12315696367832847,
    0.12319587433187562,
    0.12326230715500486,
    0.12292634687803693,
    0.1239437181122449,
    0.1245966578595724,
    0.1236362290451895,
    0.12432807944606415
  ],
  "test_accuracy": [
    0.0991,
    0.1,
    0.10840000000000001,
    0.12090000000000001,
    0.1338,
    0.1393,
    0.14020000000000002,
    0.12919999999999998,
    0.12700000000000003,
    0.126,
    0.1233,
    0.124,
    0.12210000000000001,
    0.1212,
    0.1212,
    0.11949999999999998,
    0.1222,
    0.12160000000000001,
    0.1206,
    0.12200000000000003,
    0.1232,
    0.1227,
    0.12390000000000001,
    0.1242,
    0.12279999999999999,
    0.1237,
    0.12279999999999999,
    0.12410000000000002,
    0.1243,
    0.1246,
    0.1242,
    0.12410000000000002,
    0.1251,
    0.1251,
    0.1255,
    0.125,
    0.12490000000000001,
    0.12530000000000002,
    0.1251,
    0.12519999999999998,
    0.12309999999999999,
    0.1262,
    0.1243,
    0.1259,
    0.1285,
    0.127,
    0.1271,
    0.12569999999999998,
    0.1283,
    0.1275
  ]
}