{
  "setting": "setting_13",
  "train_accuracy": [
    0.0998844068877551,
    0.09944595025510204,
    0.09978874362244898,
    0.10014748086734694,
    0.09997608418367346,
    0.1,
    0.10137117346938775,
    0.1045280612244898,
    0.10609853316326531,
    0.11020408163265306,
    0.1131138392857143,
    0.11765385841836734,
    0.12142458545918368,
    0.12494021045918367,
    0.12985491071428573,
    0.13307158801020408,
    0.1373405612244898,
    0.13694595025510203,
    0.1370655293367347,
    0.13437898596938777,
    0.1369937818877551,
    0.13483338647959184,
    0.13622050382653061,
    0.1348094706632653,
    0.13360570790816326,
    0.13102678571428572,
    0.1314453125,
    0.1325294961734694,
    0.13161670918367346,
    0.13075175382653062,
    0.12899792729591839,
    0.12791374362244898,
    0.1294842155612245,
    0.12919722576530612,
    0.1277702487244898,
    0.12809709821428572,
    0.1265186543367347,
    0.12588089923469387,
    0.12639508928571427,
    0.12512755102040815,
    0.12627152423469387,
    0.1256138392857143,
    0.12515545280612245,
    0.12525111607142858,
    0.12450573979591836,
    0.12466517857142857,
    0.12463727678571429,
    0.12538265306122448,
    0.1240154655612245,
    0.12446986607142857
  ],
  "test_accuracy": [
    0.0992,
    0.099,
    0.0989,
    0.0984,
    0.0987,
    0.0997,
    0.1014,
    0.1038,
    0.1066,
    0.1102,
    0.1142,
    0.1167,
    0.12250000000000001,
    0.1266,
    0.1306,
    0.1336,
    0.135,
    0.13360000000000002,
    0.1378,
    0.13730000000000003,
    0.1367,
    0.14020000000000002,
    0.1358,
    0.135,
    0.1376,
    0.13679999999999998,
    0.1318,
    0.13209999999999997,
    0.1306,
    0.1298,
    0.1319,
    0.1313,
    0.1305,
    0.13069999999999998,
    0.1297,
    0.1289,
    0.1283,
    0.1299,
    0.1265,
    0.1292,
    0.1279,
    0.1276,
    0.1255,
    0.12840000000000001,
    0.12669999999999998,
    0.1285,
    0.1255,
    0.12710000000000005,
    0.1266,
    0.1268
  ]
}