{
  "setting": "setting_27",
  "train_accuracy": [
    0.15964673913043478,
    0.2221787084398977,
    0.23771179667519182,
    0.2572690217391304,
    0.26396259590792837,
    0.2676750319693095,
    0.2746123721227621,
    0.2821731138107417,
    0.28398337595907924,
    0.29552030051150896,
    0.2935701726342711,
    0.29088874680306903,
    0.29749040920716113,
    0.2992007672634271,
    0.29189578005115085,
    0.2990848785166241,
    0.3032169117647059,
    0.31785086317135547,
    0.3123641304347826,
    0.31496962915601023,
    0.3110693734015345,
    0.3092710997442455,
    0.310613810741688,
    0.30745684143222507,
    0.31586077365728904,
    0.3227261828644501,
    0.32770540281329924,
    0.3337955562659846,
    0.3386229219948849,
    0.3378916240409207,
    0.3422314578005115,
    0.3430666560102302,
    0.3455642583120204,
    0.34528053069053705,
    0.34633152173913045,
    0.3486213235294118,
    0.3526454603580563,
    0.3552389705882353,
    0.35454763427109975,
    0.35710917519181584,
    0.3620804028132993,
    0.35696930946291555,
    0.364945652173913,
    0.3619085677749361,
    0.3648257672634271,
    0.36653612531969315,
    0.37249840153452685,
    0.36951326726342715,
    0.3743406329923274,
    0.37304187979539644
  ],
  "test_accuracy": [
    0.2088,
    0.2424,
    0.2529,
    0.2693,
    0.26589999999999997,
    0.2821,
    0.2862,
    0.2782,
    0.2987000000000001,
    0.30450000000000005,
    0.2841,
    0.2964,
    0.29800000000000004,
    0.2882,
    0.29799999999999993,
    0.3085,
    0.3201,
    0.3292,
    0.3226,
    0.3198,
    0.30250000000000005,
    0.3144,
    0.3081,
    0.31539999999999996,
    0.315,
    0.3185,
    0.34009999999999996,
    0.33890000000000003,
    0.33859999999999996,
    0.3375,
    0.3517,
    0.3439,
    0.34110000000000007,
    0.3503,
    0.3494,
    0.3556,
    0.3581,
    0.36740000000000006,
    0.3599,
    0.3591,
    0.3625,
    0.36240000000000006,
    0.36579999999999996,
    0.36819999999999997,
    0.3661,
    0.365,
    0.37270000000000003,
    0.37079999999999996,
    0.3739,
    0.37170000000000003
  ]
}