{
  "setting": "setting_7",
  "train_accuracy": [
    0.10455962276214834,
    0.12794916879795398,
    0.12466032608695653,
    0.1263946611253197,
    0.13414721867007673,
    0.14185981457800512,
    0.14003756393861894,
    0.14030131074168797,
    0.1447050831202046,
    0.15124680306905372,
    0.1565856777493606,
    0.1622282608695652,
    0.1747282608695652,
    0.18871483375959078,
    0.2010589833759591,
    0.20200607416879796,
    0.20381633631713555,
    0.21004235933503837,
    0.20967471227621481,
    0.21005434782608695,
    0.2111293158567775,
    0.21384271099744245,
    0.21490569053708442,
    0.21860613810741686,
    0.2204923273657289,
    0.22191895780051152,
    0.21633631713554988,
    0.22015265345268545,
    0.2220428388746803,
    0.2224224744245524,
    0.22582320971867006,
    0.22500799232736574,
    0.22858056265984655,
    0.22533967391304346,
    0.228980179028133,
    0.22621083759590793,
    0.22544757033248083,
    0.22546755115089515,
    0.2280330882352941,
    0.22840872762148337,
    0.22965153452685422,
    0.23228900255754475,
    0.23278852301790282,
    0.2309822570332481,
    0.23017503196930944,
    0.22832880434782607,
    0.23192135549872125,
    0.23158567774936062,
    0.2320372442455243,
    0.23125399616368286
  ],
  "test_accuracy": [
    0.11879999999999999,
    0.1212,
    0.12890000000000001,
    0.1364,
    0.1466,
    0.1403,
    0.14130000000000004,
    0.14389999999999997,
    0.1508,
    0.1568,
    0.1588,
    0.1797,
    0.1956,
    0.20260000000000003,
    0.21350000000000002,
    0.20660000000000003,
    0.2204,
    0.2242,
    0.21539999999999998,
    0.2186,
    0.22519999999999998,
    0.2264,
    0.22880000000000003,
    0.23230000000000003,
    0.2378,
    0.22820000000000001,
    0.22649999999999998,
    0.2351,
    0.2334,
    0.23529999999999998,
    0.238,
    0.2352,
    0.2332,
    0.23600000000000004,
    0.23620000000000002,
    0.2355,
    0.23369999999999996,
    0.23840000000000003,
    0.23640000000000003,
    0.23900000000000002,
    0.24029999999999996,
    0.23889999999999997,
    0.238,
    0.2408,
    0.2385,
    0.23739999999999997,
    0.23650000000000002,
    0.23879999999999998,
    0.2364,
    0.23679999999999998
  ]
}