{
  "setting": "setting_30",
  "train_accuracy": [
    0.12125995740277244,
    0.12402945405756642,
    0.1276645829322295,
    0.14137857383519445,
    0.16790520011070467,
    0.19242492840296496,
    0.20616636984982672,
    0.21348739230361957,
    0.21527355783115132,
    0.21939414769445512,
    0.22186206440123218,
    0.22765901761648055,
    0.22662529781959953,
    0.2322116715200231,
    0.2327377442722372,
    0.23433551634097033,
    0.23792401689449366,
    0.24213861546977283,
    0.2420009867154409,
    0.24339569996630728,
    0.24617873387562572,
    0.2475952571476704,
    0.24574817397477858,
    0.24706429594243356,
    0.2525615493839045,
    0.2528296622304582,
    0.2535539053475164,
    0.25375169967751254,
    0.25753912266557566,
    0.2552479423373123,
    0.2577124747304582,
    0.2592643705477474,
    0.25906319190412014,
    0.25917337011455527,
    0.2620233382268002,
    0.2604909962216018,
    0.2607121047121679,
    0.2616822746197536,
    0.26357937042741625,
    0.2643325682277628,
    0.2654272056700039,
    0.2665094339622642,
    0.26744049624566807,
    0.26666097600596844,
    0.26861598118020796,
    0.2672009620475549,
    0.2671885528975741,
    0.269054437812861,
    0.26949026220157873,
    0.2705781310165576
  ],
  "test_accuracy": [
    0.1269,
    0.128,
    0.1354,
    0.159,
    0.1847,
    0.2152,
    0.2186,
    0.2251,
    0.22999999999999998,
    0.23289999999999997,
    0.23470000000000005,
    0.2431,
    0.2379,
    0.24169999999999997,
    0.2374,
    0.24889999999999998,
    0.253,
    0.2445,
    0.2534,
    0.2549,
    0.2585,
    0.25620000000000004,
    0.25329999999999997,
    0.2567,
    0.26720000000000005,
    0.26349999999999996,
    0.2632,
    0.2678,
    0.26820000000000005,
    0.26890000000000003,
    0.2737,
    0.2686,
    0.2686,
    0.27290000000000003,
    0.27149999999999996,
    0.27519999999999994,
    0.2705,
    0.27390000000000003,
    0.2775,
    0.2718,
    0.28049999999999997,
    0.2754,
    0.2759,
    0.2792,
    0.2748,
    0.2827,
    0.2822,
    0.2792,
    0.28359999999999996,
    0.2815
  ]
}