{
  "setting": "setting_4",
  "train_accuracy": [
    0.0995676172254616,
    0.10643677113702624,
    0.1300261175898931,
    0.13356224186103013,
    0.13249362244897958,
    0.12565768494897958,
    0.12208454810495627,
    0.11966354622206025,
    0.11902579112001944,
    0.12176187439261418,
    0.12270806760204081,
    0.12335531310738582,
    0.12465265123906705,
    0.12394751427356657,
    0.1262470389941691,
    0.1268050747084548,
    0.128576933005345,
    0.12975374301506315,
    0.13211590439747328,
    0.13282009232264333,
    0.13538439929543247,
    0.13675860969387754,
    0.14043803905490768,
    0.14127983782798834,
    0.1450712539480078,
    0.14544137967687076,
    0.15056619746112732,
    0.1517971027696793,
    0.15185879039115646,
    0.15386411260932945,
    0.15352435617103985,
    0.15738315415451895,
    0.15851251214771622,
    0.16087657161078717,
    0.1645550519314869,
    0.16916454081632654,
    0.1695821185617104,
    0.17251939838435376,
    0.17565597667638486,
    0.17997790634110788,
    0.18119742316569484,
    0.18239511206268222,
    0.1834343112244898,
    0.18684326409135082,
    0.1869742316569485,
    0.1902218476676385,
    0.189123808005345,
    0.1918570441569485,
    0.19122688137755103,
    0.19046480199222546
  ],
  "test_accuracy": [
    0.0998,
    0.11869999999999999,
    0.132,
    0.1381,
    0.1322,
    0.1224,
    0.1213,
    0.12040000000000002,
    0.1216,
    0.1248,
    0.1242,
    0.127,
    0.1303,
    0.131,
    0.1315,
    0.1321,
    0.13319999999999999,
    0.1338,
    0.13599999999999998,
    0.13679999999999998,
    0.142,
    0.141,
    0.14170000000000002,
    0.14539999999999997,
    0.14899999999999997,
    0.14520000000000002,
    0.1492,
    0.1507,
    0.15030000000000002,
    0.158,
    0.1584,
    0.1608,
    0.16040000000000001,
    0.16799999999999998,
    0.1745,
    0.1728,
    0.178,
    0.18019999999999997,
    0.1837,
    0.18549999999999997,
    0.19039999999999999,
    0.18960000000000002,
    0.1889,
    0.1965,
    0.19329999999999997,
    0.1961,
    0.19619999999999999,
    0.1937,
    0.20020000000000002,
    0.2008
  ]
}