{
  "setting": "setting_1",
  "train_accuracy": [
    0.11235214194373401,
    0.1391863810741688,
    0.17211476982097187,
    0.2085997442455243,
    0.21958919437340155,
    0.2293598145780051,
    0.22588315217391305,
    0.2341951726342711,
    0.2386708759590793,
    0.23583359974424553,
    0.24586397058823528,
    0.24696291560102301,
    0.25277733375959077,
    0.2567335358056266,
    0.25605418797953966,
    0.2611293158567775,
    0.26162883631713557,
    0.2569733056265985,
    0.2634670716112532,
    0.26830242966751916,
    0.27239849744245526,
    0.27211876598465473,
    0.2746962915601023,
    0.2773137787723785,
    0.2774736253196931,
    0.2782328964194373,
    0.2835078324808184,
    0.28334798593350385,
    0.2804507672634271,
    0.2825087915601023,
    0.28540601023017903,
    0.2829483695652174,
    0.2869844948849105,
    0.2857456841432225,
    0.28550591432225064,
    0.28614530051150894,
    0.2913802749360614,
    0.2916000639386189,
    0.2922394501278772,
    0.29347826086956524,
    0.2960957480818414,
    0.2942774936061381,
    0.29171994884910485,
    0.2961556905370844,
    0.298673273657289,
    0.29581601662404094,
    0.29511668797953966,
    0.29571611253196933,
    0.29727461636828645,
    0.297554347826087
  ],
  "test_accuracy": [
    0.11979999999999999,
    0.1554,
    0.20949999999999996,
    0.2274,
    0.23569999999999997,
    0.23409999999999997,
    0.2378,
    0.23539999999999997,
    0.2448,
    0.2511,
    0.25759999999999994,
    0.263,
    0.265,
    0.2716,
    0.26130000000000003,
    0.2661,
    0.2751,
    0.2656,
    0.2745000000000001,
    0.2806,
    0.27390000000000003,
    0.2771,
    0.2896,
    0.2891,
    0.2943,
    0.28779999999999994,
    0.29389999999999994,
    0.28690000000000004,
    0.2877,
    0.2948,
    0.2985,
    0.2922,
    0.3019,
    0.2966,
    0.2874,
    0.30010000000000003,
    0.30510000000000004,
    0.29710000000000003,
    0.3061,
    0.30419999999999997,
    0.3075,
    0.2952,
    0.3004,
    0.31020000000000003,
    0.306,
    0.3014,
    0.3047,
    0.3089,
    0.3034,
    0.3055
  ]
}