{
  "setting": "setting_3",
  "train_accuracy": [
    0.10181760204081633,
    0.12954001913265306,
    0.1340640943877551,
    0.11989397321428572,
    0.11971460459183673,
    0.12548230229591836,
    0.13303172831632654,
    0.13553890306122449,
    0.14304448341836734,
    0.14940210459183673,
    0.15290577168367347,
    0.15434470663265307,
    0.15526945153061225,
    0.15998485331632653,
    0.1739237882653061,
    0.18829719387755103,
    0.19461894132653063,
    0.19802295918367346,
    0.20256297831632653,
    0.20518574617346938,
    0.20603475765306123,
    0.20774872448979592,
    0.21204958545918365,
    0.21741470025510204,
    0.21556122448979592,
    0.2154296875,
    0.21434151785714284,
    0.21375956632653062,
    0.21645408163265303,
    0.21604751275510203,
    0.21781728316326532,
    0.21884167729591839,
    0.2194953762755102,
    0.2185028698979592,
    0.21926419005102038,
    0.22203842474489796,
    0.2207908163265306,
    0.2206154336734694,
    0.22116151147959184,
    0.2194156568877551,
    0.2202128507653061,
    0.22111766581632653,
    0.2221619897959184,
    0.22478874362244897,
    0.22175542091836734,
    0.22262834821428573,
    0.22263233418367345,
    0.22468510841836734,
    0.22437420280612247,
    0.2259247448979592
  ],
  "test_accuracy": [
    0.11739999999999999,
    0.13890000000000002,
    0.1223,
    0.11979999999999999,
    0.12680000000000002,
    0.1315,
    0.135,
    0.1424,
    0.14689999999999998,
    0.15309999999999999,
    0.1528,
    0.15789999999999998,
    0.16049999999999998,
    0.17279999999999998,
    0.1852,
    0.20140000000000002,
    0.2036,
    0.2031,
    0.20669999999999997,
    0.21380000000000005,
    0.2172,
    0.21800000000000003,
    0.2251,
    0.22480000000000003,
    0.22799999999999998,
    0.2279,
    0.22360000000000002,
    0.22479999999999997,
    0.2258,
    0.2318,
    0.2313,
    0.2293,
    0.22879999999999998,
    0.2294,
    0.23280000000000003,
    0.23149999999999996,
    0.22960000000000003,
    0.23409999999999997,
    0.23020000000000002,
    0.2305,
    0.22349999999999998,
    0.2294,
    0.2334,
    0.23419999999999996,
    0.2319,
    0.2313,
    0.2312,
    0.23259999999999997,
    0.23500000000000001,
    0.23149999999999998
  ]
}