{
  "setting": "setting_10",
  "train_accuracy": [
    0.0997973924239507,
    0.09986056627839815,
    0.09968345386503658,
    0.100265555809588,
    0.10291208906911821,
    0.10507203323546399,
    0.11455375192529842,
    0.11968286725067387,
    0.12580621871390066,
    0.13067173361089718,
    0.13469831476222566,
    0.1368266720013477,
    0.1384857377502888,
    0.13601293259048902,
    0.13622501624470543,
    0.13230861330381208,
    0.1307845440652676,
    0.1288521009819022,
    0.12794548096361186,
    0.1266425202156334,
    0.12630709713130536,
    0.12446941482961109,
    0.1237854074412784,
    0.12279718786099346,
    0.12305289155756642,
    0.12215040792260301,
    0.12224742491336157,
    0.12159124410377357,
    0.12134456524355025,
    0.12164276087793607,
    0.12119189509530227,
    0.12096777832595301,
    0.12107645239699653,
    0.12045110644493646,
    0.11997617443203698,
    0.12060791297651137,
    0.12032062235271468,
    0.12013636527724297,
    0.12055000360993454,
    0.12056842931748171,
    0.12007507159703504,
    0.12055150774932613,
    0.12044697006160955,
    0.12012132388332693,
    0.12068838443396225,
    0.12028753128609934,
    0.12064288421736619,
    0.12019427464381979,
    0.12080645937620331,
    0.12023864675587215
  ],
  "test_accuracy": [
    0.0995,
    0.0988,
    0.0995,
    0.1005,
    0.1024,
    0.1069,
    0.1149,
    0.1222,
    0.12710000000000002,
    0.13310000000000002,
    0.1388,
    0.1389,
    0.13999999999999999,
    0.1402,
    0.13640000000000002,
    0.1331,
    0.1323,
    0.1295,
    0.1296,
    0.1278,
    0.1278,
    0.1264,
    0.12479999999999998,
    0.1266,
    0.12410000000000002,
    0.12450000000000001,
    0.12290000000000001,
    0.123,
    0.12260000000000001,
    0.1223,
    0.12249999999999998,
    0.12380000000000002,
    0.12179999999999999,
    0.121,
    0.1222,
    0.1226,
    0.12179999999999999,
    0.12320000000000002,
    0.12169999999999999,
    0.12229999999999999,
    0.12079999999999999,
    0.12209999999999999,
    0.1207,
    0.121,
    0.1213,
    0.12179999999999999,
    0.122,
    0.122,
    0.12050000000000001,
    0.1224
  ]
}