{
  "setting": "setting_25",
  "train_accuracy": [
    0.10682585976607624,
    0.12375194033981517,
    0.11950387466307277,
    0.12171571163842897,
    0.125873528951675,
    0.12981888657585675,
    0.14135413157008087,
    0.14823857756546016,
    0.16599757532730072,
    0.17964538409703504,
    0.19044134458028492,
    0.1984877382556796,
    0.20242895949653447,
    0.2065566940219484,
    0.21218894397381594,
    0.21202988123315364,
    0.21286956704851753,
    0.22063619079707356,
    0.2195216235078937,
    0.21874059912880245,
    0.21973445923180593,
    0.22165787747882174,
    0.22591760023584906,
    0.2222512604688102,
    0.22173496462264153,
    0.22151197595783595,
    0.22380428439064307,
    0.2258247196284174,
    0.22414384385829805,
    0.22518583642183287,
    0.22770639800731612,
    0.22637749085483247,
    0.22784477883134385,
    0.22562805340296496,
    0.2266151448787062,
    0.22944819142279552,
    0.22987198269638043,
    0.23210901400654602,
    0.23012430207932227,
    0.2323440357864844,
    0.23265351246630728,
    0.2327915172554871,
    0.23530831849249134,
    0.2357719694599538,
    0.2355380757845591,
    0.2373088238833269,
    0.23768260252214093,
    0.2361416117154409,
    0.23766868923276857,
    0.23771832583269156
  ],
  "test_accuracy": [
    0.1288,
    0.11779999999999999,
    0.12090000000000001,
    0.12700000000000003,
    0.1326,
    0.1329,
    0.1476,
    0.1583,
    0.1759,
    0.1925,
    0.19970000000000002,
    0.2149,
    0.2193,
    0.21990000000000004,
    0.22269999999999998,
    0.2266,
    0.2259,
    0.22760000000000002,
    0.22749999999999998,
    0.2299,
    0.2298,
    0.23240000000000002,
    0.23729999999999998,
    0.22549999999999998,
    0.2334,
    0.225,
    0.23290000000000002,
    0.23610000000000003,
    0.23920000000000002,
    0.2338,
    0.2364,
    0.2385,
    0.2374,
    0.2344,
    0.2371,
    0.2345,
    0.2386,
    0.24100000000000002,
    0.23770000000000002,
    0.2454,
    0.2378,
    0.23979999999999996,
    0.2405,
    0.2448,
    0.24450000000000002,
    0.24569999999999997,
    0.2476,
    0.24409999999999998,
    0.24289999999999998,
    0.2445
  ]
}