{
  "setting": "setting_23",
  "train_accuracy": [
    0.11762197066326531,
    0.13643973214285715,
    0.189437181122449,
    0.20436862244897958,
    0.21454480229591838,
    0.21805245535714285,
    0.22217793367346939,
    0.22879464285714285,
    0.23369339923469387,
    0.23801817602040815,
    0.2403300382653061,
    0.24861288265306122,
    0.24965720663265303,
    0.25478714923469387,
    0.25767299107142855,
    0.26442920918367346,
    0.2683952487244898,
    0.27166772959183677,
    0.2753308354591837,
    0.27754304846938777,
    0.27724011479591837,
    0.2778061224489796,
    0.2832469706632653,
    0.28090322066326534,
    0.2852997448979592,
    0.2859016262755102,
    0.2872847576530612,
    0.28659119897959184,
    0.28716517857142854,
    0.28872369260204084,
    0.29197225765306123,
    0.2944276147959184,
    0.29384566326530615,
    0.29359853316326534,
    0.29269770408163265,
    0.29341916454081635,
    0.2951092155612245,
    0.29555564413265306,
    0.29660395408163265,
    0.2966198979591837,
    0.29622130102040817,
    0.2938376913265306,
    0.2978555484693878,
    0.30179368622448977,
    0.2987563775510204,
    0.29762436224489797,
    0.30057796556122446,
    0.2987404336734694,
    0.29935825892857143,
    0.30012755102040817
  ],
  "test_accuracy": [
    0.12610000000000002,
    0.1813,
    0.21109999999999998,
    0.2044,
    0.21620000000000003,
    0.22929999999999998,
    0.2258,
    0.23699999999999996,
    0.2351,
    0.25,
    0.2475,
    0.2532,
    0.26250000000000007,
    0.2658,
    0.2738,
    0.26870000000000005,
    0.2821,
    0.2826000000000001,
    0.28070000000000006,
    0.2886,
    0.2981,
    0.2891,
    0.2935,
    0.29910000000000003,
    0.29169999999999996,
    0.2927,
    0.3015,
    0.3016,
    0.2978,
    0.2972,
    0.30169999999999997,
    0.297,
    0.3009,
    0.3052,
    0.29450000000000004,
    0.306,
    0.30529999999999996,
    0.3065,
    0.3034,
    0.30519999999999997,
    0.3048,
    0.3062,
    0.30489999999999995,
    0.3063,
    0.31110000000000004,
    0.31120000000000003,
    0.3063,
    0.3102,
    0.3091,
    0.30979999999999996
  ]
}