{
  "setting": "setting_11",
  "train_accuracy": [
    0.09916480179028132,
    0.09910485933503836,
    0.10789641943734016,
    0.11786684782608696,
    0.1280570652173913,
    0.12418078644501279,
    0.12210278132992328,
    0.12156329923273658,
    0.12024456521739131,
    0.12058423913043478,
    0.11994485294117647,
    0.12196291560102301,
    0.12314178388746803,
    0.12290201406649616,
    0.1215033567774936,
    0.12166320332480818,
    0.12180306905370844,
    0.12206281969309463,
    0.12394101662404092,
    0.12456042199488492,
    0.12547953964194372,
    0.12663842710997442,
    0.12685821611253198,
    0.12703804347826086,
    0.12797714194373402,
    0.12807704603580564,
    0.12987531969309463,
    0.13125399616368286,
    0.13019501278772377,
    0.1327925191815857,
    0.13217311381074168,
    0.13231297953964194,
    0.13217311381074168,
    0.1328125,
    0.13423113810741688,
    0.1348705242966752,
    0.1331721547314578,
    0.1356897378516624,
    0.1347106777493606,
    0.13501039002557544,
    0.13473065856777494,
    0.1354899296675192,
    0.13762787723785166,
    0.13656889386189258,
    0.13766783887468031,
    0.13732816496163683,
    0.13740808823529413,
    0.1382872442455243,
    0.1385669757033248,
    0.13806745524296676
  ],
  "test_accuracy": [
    0.0992,
    0.1016,
    0.10969999999999999,
    0.1309,
    0.12449999999999999,
    0.1232,
    0.1251,
    0.1203,
    0.12179999999999999,
    0.123,
    0.12229999999999999,
    0.1256,
    0.1286,
    0.1264,
    0.1261,
    0.1238,
    0.12600000000000003,
    0.1265,
    0.1295,
    0.12940000000000002,
    0.1319,
    0.131,
    0.1307,
    0.1326,
    0.1363,
    0.13499999999999998,
    0.13279999999999997,
    0.1343,
    0.13369999999999999,
    0.1359,
    0.1356,
    0.13719999999999996,
    0.1366,
    0.13740000000000002,
    0.13699999999999998,
    0.1376,
    0.13740000000000002,
    0.1373,
    0.1377,
    0.1399,
    0.1401,
    0.14040000000000002,
    0.14150000000000001,
    0.14310000000000003,
    0.14199999999999996,
    0.14200000000000002,
    0.1421,
    0.1397,
    0.14150000000000001,
    0.14499999999999996
  ]
}