{
  "setting": "setting_5",
  "train_accuracy": [
    0.09974173926646131,
    0.10039115144878706,
    0.10405711518097806,
    0.11283677680978052,
    0.1286396412928379,
    0.1348145095302272,
    0.13453699581247594,
    0.13603361450712362,
    0.13480059624085483,
    0.13034871967654985,
    0.12670983045340778,
    0.12348382749326146,
    0.12216507328167116,
    0.12145850380246438,
    0.12052142496149403,
    0.11997805460627647,
    0.11971370210820177,
    0.11964789600981902,
    0.1204029739844051,
    0.12061054522044667,
    0.1205665491432422,
    0.12074253345206007,
    0.12074366155660378,
    0.12123100271948402,
    0.12142202842221794,
    0.12070304979303041,
    0.12108810947728148,
    0.12130056916634578,
    0.12137690424046978,
    0.12122837047554871,
    0.12137464803138236,
    0.12147843364940315,
    0.12178640618983443,
    0.1210963822439353,
    0.1214351896418945,
    0.12245800442818637,
    0.1217273687187139,
    0.12242077697824413,
    0.12345374470542934,
    0.12257871161436272,
    0.12243168198883327,
    0.12243318612822489,
    0.12255614952348863,
    0.12221395781189835,
    0.12244634734790143,
    0.12342065363881402,
    0.12416708281189835,
    0.1237617172458606,
    0.12329355386022332,
    0.12296565147285331
  ],
  "test_accuracy": [
    0.0992,
    0.0995,
    0.10529999999999999,
    0.1212,
    0.1325,
    0.13710000000000003,
    0.13599999999999998,
    0.1379,
    0.13320000000000004,
    0.13079999999999997,
    0.1272,
    0.12469999999999999,
    0.12290000000000001,
    0.1224,
    0.12250000000000001,
    0.12090000000000001,
    0.12220000000000002,
    0.12210000000000001,
    0.12090000000000001,
    0.12200000000000003,
    0.1237,
    0.12350000000000001,
    0.124,
    0.12440000000000002,
    0.12350000000000001,
    0.1234,
    0.1227,
    0.12410000000000002,
    0.1237,
    0.1247,
    0.12450000000000001,
    0.1244,
    0.12430000000000001,
    0.12440000000000002,
    0.12580000000000002,
    0.12569999999999998,
    0.12480000000000002,
    0.1264,
    0.1248,
    0.12410000000000002,
    0.12399999999999997,
    0.1253,
    0.12400000000000003,
    0.1258,
    0.12600000000000003,
    0.12620000000000003,
    0.1255,
    0.1254,
    0.1256,
    0.12639999999999998
  ]
}