{
  "setting": "setting_22",
  "train_accuracy": [
    0.13190936700767264,
    0.19473705242966755,
    0.2271699168797954,
    0.23926230818414324,
    0.2552070012787724,
    0.26323529411764707,
    0.27267023657289,
    0.28138187340153453,
    0.2885989450127877,
    0.29173193734015346,
    0.29323849104859334,
    0.28921435421994884,
    0.28952205882352944,
    0.2928428708439898,
    0.2932544757033248,
    0.28822730179028133,
    0.2921954923273657,
    0.3027054028132992,
    0.30405210997442456,
    0.30430786445012786,
    0.3134750639386189,
    0.3172674232736573,
    0.31473385549872124,
    0.3154571611253197,
    0.3183224104859335,
    0.32235853580562657,
    0.3261468989769821,
    0.33008312020460356,
    0.3310262148337596,
    0.3332360933503836,
    0.33612132352941176,
    0.3350943094629156,
    0.3356058184143223,
    0.3371683184143222,
    0.34095268542199486,
    0.3411325127877238,
    0.3425351662404092,
    0.34752237851662404,
    0.34517263427109973,
    0.34687899616368284,
    0.349764226342711,
    0.3496083759590793,
    0.35057544757033243,
    0.34837356138107417,
    0.35210997442455244,
    0.3503516624040921,
    0.35266144501278773,
    0.3533128196930946,
    0.3551270780051151,
    0.3595708120204603
  ],
  "test_accuracy": [
    0.18430000000000002,
    0.22559999999999997,
    0.24619999999999997,
    0.255,
    0.2697,
    0.2794,
    0.2941,
    0.2861,
    0.2959,
    0.2981,
    0.29569999999999996,
    0.2963,
    0.2952,
    0.3061,
    0.29810000000000003,
    0.2839,
    0.3105,
    0.3123,
    0.31329999999999997,
    0.3191,
    0.3101,
    0.32849999999999996,
    0.3214,
    0.31829999999999997,
    0.32880000000000004,
    0.32420000000000004,
    0.3382,
    0.3347,
    0.34120000000000006,
    0.3379,
    0.3415,
    0.33959999999999996,
    0.3394,
    0.34290000000000004,
    0.347,
    0.3444,
    0.3533,
    0.3518,
    0.354,
    0.3552,
    0.3598,
    0.351,
    0.3606,
    0.356,
    0.3566,
    0.3579,
    0.3545,
    0.3549,
    0.3589,
    0.3609
  ]
}