{
  "setting": "setting_2",
  "train_accuracy": [
    0.10919117647058824,
    0.1228860294117647,
    0.13550591432225065,
    0.14672314578005113,
    0.1551790281329923,
    0.16470188618925832,
    0.18250079923273657,
    0.209522858056266,
    0.21321131713554986,
    0.22033248081841433,
    0.22328964194373402,
    0.22472026854219948,
    0.22283807544757034,
    0.22525175831202046,
    0.2306106138107417,
    0.2312140345268542,
    0.2308783567774936,
    0.2312180306905371,
    0.23092631074168798,
    0.23481857416879798,
    0.2384111253196931,
    0.23957001278772377,
    0.24311860613810743,
    0.24508072250639384,
    0.2456841432225064,
    0.24790201406649617,
    0.24392583120204603,
    0.25127477621483374,
    0.2491328324808184,
    0.2515664961636829,
    0.2506513746803069,
    0.251886189258312,
    0.2562539961636829,
    0.2507512787723785,
    0.25580642583120206,
    0.25587436061381075,
    0.25490728900255755,
    0.2522178708439898,
    0.2579203964194373,
    0.258196131713555,
    0.2588994565217391,
    0.26169677109974426,
    0.26329124040920715,
    0.26108935421994883,
    0.2626558503836317,
    0.26024616368286446,
    0.2654092071611253,
    0.26376678388746805,
    0.26339114450127876,
    0.26556106138107416
  ],
  "test_accuracy": [
    0.14150000000000001,
    0.11940000000000002,
    0.1499,
    0.1527,
    0.16349999999999998,
    0.1711,
    0.2076,
    0.2217,
    0.2226,
    0.23739999999999997,
    0.23349999999999999,
    0.2294,
    0.23200000000000004,
    0.23729999999999998,
    0.24600000000000005,
    0.23809999999999998,
    0.2426,
    0.24139999999999998,
    0.24509999999999996,
    0.24499999999999997,
    0.25039999999999996,
    0.2526,
    0.25579999999999997,
    0.24979999999999997,
    0.25880000000000003,
    0.25470000000000004,
    0.26480000000000004,
    0.2606,
    0.2572,
    0.2609,
    0.26480000000000004,
    0.2652,
    0.2614,
    0.26659999999999995,
    0.2641,
    0.2678,
    0.26260000000000006,
    0.26880000000000004,
    0.27229999999999993,
    0.2739,
    0.2694,
    0.2741,
    0.275,
    0.2773,
    0.2747,
    0.273,
    0.2772,
    0.27959999999999996,
    0.275,
    0.2776
  ]
}