{
  "setting": "setting_20",
  "train_accuracy": [
    0.09983311573450133,
    0.09967706127262226,
    0.09972331355891413,
    0.09967518109838275,
    0.09980152880727763,
    0.09975753273007316,
    0.09945557674720831,
    0.0995341680304197,
    0.09950107696380439,
    0.09957252358490566,
    0.09983950832691567,
    0.0997706939497497,
    0.09921867479303041,
    0.09977332619368501,
    0.0995300316470928,
    0.09964547434539853,
    0.09972444166345784,
    0.09950934973045822,
    0.09942022947150557,
    0.09972594580284944,
    0.09969022249229881,
    0.09970112750288795,
    0.09972030528013091,
    0.09973948305737389,
    0.09973083425587215,
    0.09958831704851752,
    0.09966201987870621,
    0.09972857804678475,
    0.09964509831055063,
    0.09953905648344244,
    0.09978084689064305,
    0.09958230049095111,
    0.09962216018482865,
    0.0995018290335002,
    0.09964284210146322,
    0.09896447523584906,
    0.09975339634674624,
    0.09928260071717367,
    0.09954056062283403,
    0.09967781334231807,
    0.09961727173180593,
    0.09948528350019253,
    0.09957252358490566,
    0.09964961072872545,
    0.09963043295148248,
    0.09946610572294955,
    0.0995548499470543,
    0.09940180376395842,
    0.09975001203311513,
    0.09960824689545629
  ],
  "test_accuracy": [
    0.0995,
    0.0992,
    0.0989,
    0.0991,
    0.0999,
    0.0997,
    0.0992,
    0.0996,
    0.0994,
    0.0997,
    0.099,
    0.0989,
    0.1002,
    0.0985,
    0.0991,
    0.0987,
    0.0997,
    0.0997,
    0.0993,
    0.0993,
    0.0988,
    0.0995,
    0.0992,
    0.0986,
    0.0993,
    0.0993,
    0.099,
    0.0993,
    0.099,
    0.0991,
    0.10010000000000001,
    0.09949999999999999,
    0.0995,
    0.0994,
    0.099,
    0.0983,
    0.0991,
    0.0997,
    0.0993,
    0.0997,
    0.0995,
    0.0993,
    0.099,
    0.0991,
    0.099,
    0.0993,
    0.0992,
    0.0986,
    0.0993,
    0.0994
  ]
}