{
  "setting": "setting_15",
  "train_accuracy": [
    0.09979325604062379,
    0.0997169209664998,
    0.09972331355891413,
    0.09945595278205623,
    0.0996860861089719,
    0.0997973924239507,
    0.09951536628802464,
    0.0995341680304197,
    0.09940142772911051,
    0.09952927957739699,
    0.09975151617250674,
    0.09982634710723913,
    0.09929425779745861,
    0.09959395757123603,
    0.09975339634674624,
    0.0999801453600308,
    0.09956913927127455,
    0.09920626564304968,
    0.09944015931844435,
    0.09996096758278784,
    0.09954319286676934,
    0.10001586867058143,
    0.09926605518386601,
    0.10009822030227185,
    0.09999405864940315,
    0.09975114013765883,
    0.10009634012803234,
    0.10011138152194841,
    0.0995811723864074,
    0.09935141509433963,
    0.10005572836445899,
    0.09965713142568347,
    0.10056299937427801,
    0.09976918981035811,
    0.10062278891509434,
    0.0994503122593377,
    0.10059721854543704,
    0.10021103075664228,
    0.09964848262418174,
    0.10000834797362342,
    0.10026329960050057,
    0.10014785690219484,
    0.10062053270600693,
    0.1003512917549095,
    0.10068257845591067,
    0.10084126516172506,
    0.10067919414227955,
    0.10043063510781672,
    0.10015274535521755,
    0.10033813053523297
  ],
  "test_accuracy": [
    0.0995,
    0.0992,
    0.0987,
    0.0992,
    0.0998,
    0.0996,
    0.0988,
    0.0999,
    0.0991,
    0.0998,
    0.0993,
    0.0988,
    0.0991,
    0.0987,
    0.0992,
    0.099,
    0.0996,
    0.0994,
    0.0987,
    0.0998,
    0.09809999999999999,
    0.1006,
    0.0984,
    0.099,
    0.0994,
    0.0989,
    0.0999,
    0.0994,
    0.099,
    0.0992,
    0.0991,
    0.0994,
    0.0987,
    0.0992,
    0.0995,
    0.0974,
    0.0996,
    0.10030000000000001,
    0.0998,
    0.1004,
    0.0992,
    0.0991,
    0.1005,
    0.1,
    0.1,
    0.0997,
    0.0987,
    0.10090000000000002,
    0.10110000000000001,
    0.0999
  ]
}