{
  "setting": "setting_18",
  "train_accuracy": [
    0.09990433673469389,
    0.09966517857142858,
    0.09978874362244898,
    0.09974489795918368,
    0.09957748724489796,
    0.09952566964285714,
    0.09932637117346939,
    0.09961336096938775,
    0.09983657525510203,
    0.09992028061224491,
    0.09992426658163266,
    0.10055803571428572,
    0.10076929209183673,
    0.1014469068877551,
    0.10214445153061225,
    0.10236367984693877,
    0.10322066326530611,
    0.10524553571428572,
    0.10484295280612245,
    0.10583147321428571,
    0.10755341198979593,
    0.10829480229591837,
    0.11016820790816327,
    0.1104233099489796,
    0.11067442602040815,
    0.11205357142857142,
    0.11367984693877552,
    0.11467633928571429,
    0.11586814413265306,
    0.1162547831632653,
    0.11766183035714287,
    0.11927614795918368,
    0.12057158801020408,
    0.12110969387755102,
    0.12095822704081632,
    0.1233657525510204,
    0.12380819515306123,
    0.12497209821428572,
    0.12501594387755102,
    0.12511957908163265,
    0.1263233418367347,
    0.12604432397959184,
    0.12834821428571427,
    0.1285594706632653,
    0.12873485331632653,
    0.13022560586734694,
    0.12906170280612245,
    0.12974728954081632,
    0.1305285395408163,
    0.13014588647959183
  ],
  "test_accuracy": [
    0.0996,
    0.0994,
    0.0982,
    0.0989,
    0.0993,
    0.0994,
    0.0983,
    0.1,
    0.0988,
    0.0994,
    0.1008,
    0.0992,
    0.0997,
    0.10090000000000002,
    0.0994,
    0.1026,
    0.10410000000000001,
    0.10389999999999999,
    0.1036,
    0.10430000000000002,
    0.10500000000000001,
    0.1072,
    0.1086,
    0.1083,
    0.1129,
    0.1105,
    0.1122,
    0.1121,
    0.11410000000000001,
    0.11509999999999998,
    0.11510000000000001,
    0.1183,
    0.12179999999999999,
    0.12040000000000002,
    0.1234,
    0.12050000000000001,
    0.12389999999999998,
    0.12450000000000001,
    0.124,
    0.12410000000000002,
    0.1252,
    0.1253,
    0.1291,
    0.1277,
    0.13040000000000002,
    0.1278,
    0.1287,
    0.1275,
    0.1282,
    0.1338
  ]
}