{
  "setting": "setting_17",
  "train_accuracy": [
    0.167275415601023,
    0.21223225703324808,
    0.22184702685421995,
    0.2295516304347826,
    0.23942615089514066,
    0.24814977621483375,
    0.254923273657289,
    0.26224824168797956,
    0.2726502557544757,
    0.28284047314578004,
    0.29694693094629154,
    0.30705322890025577,
    0.3156289961636829,
    0.3256513746803069,
    0.3311580882352941,
    0.33773976982097187,
    0.3456801470588235,
    0.34676310741687977,
    0.3533367966751918,
    0.3604259910485933,
    0.36683583759590793,
    0.37269021739130437,
    0.37593909846547313,
    0.38123001918158567,
    0.3894900895140665,
    0.39202365728900257,
    0.39914082480818414,
    0.39983615728900257,
    0.4056066176470588,
    0.41027014066496165,
    0.41731138107416876,
    0.4193574168797954,
    0.42253037084398976,
    0.4290840792838875,
    0.43108615728900257,
    0.4353900255754476,
    0.43980179028132993,
    0.44395780051150896,
    0.444633152173913,
    0.4487971547314578,
    0.4534047314578005,
    0.4545875959079284,
    0.45866767902813305,
    0.4593230498721228,
    0.4633791560102302,
    0.46887388107416883,
    0.4715752877237852,
    0.47245444373401535,
    0.4771459398976982,
    0.47868046675191817
  ],
  "test_accuracy": [
    0.2117,
    0.2211,
    0.228,
    0.2426,
    0.2446,
    0.2555,
    0.2689,
    0.2686,
    0.2846,
    0.2919,
    0.3093,
    0.3212,
    0.3255,
    0.3364,
    0.3372,
    0.3501,
    0.3515,
    0.3642,
    0.3618,
    0.3745,
    0.3774,
    0.3795,
    0.3837,
    0.3884,
    0.3985,
    0.4032,
    0.4018,
    0.4083,
    0.4193,
    0.4229,
    0.4257,
    0.4238,
    0.4285,
    0.4345,
    0.4379,
    0.4419,
    0.4425,
    0.4478,
    0.4536,
    0.452,
    0.4607,
    0.459,
    0.4622,
    0.4679,
    0.4677,
    0.4735,
    0.4718,
    0.4775,
    0.4872,
    0.4806
  ]
}