{
  "setting": "setting_13",
  "train_accuracy": [
    0.13899872448979592,
    0.16251195790816325,
    0.18052853954081635,
    0.19291294642857143,
    0.19708625637755103,
    0.20944674744897962,
    0.2247528698979592,
    0.22400350765306123,
    0.2264827806122449,
    0.23004623724489795,
    0.2344626913265306,
    0.23441884566326532,
    0.23846061862244897,
    0.2424426020408163,
    0.24467474489795918,
    0.2473174426020408,
    0.25376674107142855,
    0.25888073979591836,
    0.26426179846938774,
    0.2702646683673469,
    0.27338169642857146,
    0.275992506377551,
    0.28048070790816326,
    0.2833227040816326,
    0.287890625,
    0.28826929209183677,
    0.2912986288265306,
    0.29605389030612245,
    0.2962651466836735,
    0.3027981505102041,
    0.3091438137755102,
    0.31510682397959183,
    0.3162388392857143,
    0.3208187181122449,
    0.3260642538265306,
    0.3259486607142857,
    0.33097098214285714,
    0.33546316964285716,
    0.34010682397959185,
    0.3404575892857143,
    0.3451729910714286,
    0.34648038903061223,
    0.3513073979591837,
    0.35353954081632655,
    0.3557278380102041,
    0.36020009566326533,
    0.36351243622448975,
    0.36541772959183677,
    0.3691366390306122,
    0.37228555484693876
  ],
  "test_accuracy": [
    0.1589,
    0.1814,
    0.1916,
    0.1963,
    0.2143,
    0.2207,
    0.2225,
    0.2282,
    0.2334,
    0.2389,
    0.2435,
    0.2415,
    0.2411,
    0.2517,
    0.2546,
    0.2603,
    0.2657,
    0.2647,
    0.2722,
    0.2786,
    0.2779,
    0.2875,
    0.2908,
    0.2929,
    0.2939,
    0.301,
    0.3012,
    0.3072,
    0.309,
    0.3089,
    0.3186,
    0.3196,
    0.329,
    0.3268,
    0.3362,
    0.3385,
    0.3397,
    0.3472,
    0.3584,
    0.3495,
    0.3515,
    0.3528,
    0.3652,
    0.3609,
    0.3643,
    0.3626,
    0.3714,
    0.3712,
    0.3709,
    0.3766
  ]
}