{
  "setting": "setting_21",
  "train_accuracy": [
    0.17964753836317135,
    0.23929028132992328,
    0.2779132033248082,
    0.30746483375959077,
    0.3329803388746803,
    0.3521619245524297,
    0.3616727941176471,
    0.3772578324808184,
    0.3897058823529412,
    0.4005754475703325,
    0.41284367007672634,
    0.42335358056265987,
    0.4295676150895141,
    0.10691735933503836,
    0.10002397698209718,
    0.10002397698209718,
    0.10002397698209718,
    0.10002397698209718,
    0.10002397698209718,
    0.10002397698209718,
    0.10002397698209718,
    0.10002397698209718,
    0.10002397698209718,
    0.10002397698209718,
    0.10002397698209718,
    0.10002397698209718,
    0.10002397698209718,
    0.10002397698209718,
    0.10002397698209718,
    0.10002397698209718,
    0.10002397698209718,
    0.10002397698209718,
    0.10002397698209718,
    0.10002397698209718,
    0.10002397698209718,
    0.10002397698209718,
    0.10002397698209718,
    0.10002397698209718,
    0.10002397698209718,
    0.10002397698209718,
    0.10002397698209718,
    0.10002397698209718,
    0.10002397698209718,
    0.10002397698209718,
    0.10002397698209718,
    0.10002397698209718,
    0.10002397698209718,
    0.10002397698209718,
    0.10002397698209718,
    0.10002397698209718
  ],
  "test_accuracy": [
    0.2164,
    0.2576,
    0.2943,
    0.3361,
    0.3526,
    0.3627,
    0.3795,
    0.3886,
    0.4035,
    0.4059,
    0.4176,
    0.4276,
    0.436,
    0.1,
    0.1,
    0.1,
    0.1,
    0.1,
    0.1,
    0.1,
    0.1,
    0.1,
    0.1,
    0.1,
    0.1,
    0.1,
    0.1,
    0.1,
    0.1,
    0.1,
    0.1,
    0.1,
    0.1,
    0.1,
    0.1,
    0.1,
    0.1,
    0.1,
    0.1,
    0.1,
    0.1,
    0.1,
    0.1,
    0.1,
    0.1,
    0.1,
    0.1,
    0.1,
    0.1,
    0.1
  ]
}