{
  "setting": "setting_15",
  "train_accuracy": [
    0.0996345693348094,
    0.10782987280997305,
    0.11375204562957257,
    0.10985745270985754,
    0.10949457908163265,
    0.11025792982287255,
    0.11209899643819791,
    0.10835970591066614,
    0.10640169245764343,
    0.10454069599537928,
    0.1026699226270697,
    0.10280191085868311,
    0.1041454833702349,
    0.10627797699268388,
    0.10780919089333847,
    0.1099574779793993,
    0.11334968834231807,
    0.11608910220927994,
    0.12029091559973046,
    0.1227024270793223,
    0.1287219929245283,
    0.15741984441182133,
    0.16011037374855602,
    0.16220864819984598,
    0.1649300123941086,
    0.16689780275317673,
    0.17539807048998846,
    0.1792618285521756,
    0.18386073474201,
    0.18726347408067,
    0.191215600332114,
    0.19350076410281092,
    0.19235649006064692,
    0.19727164155756644,
    0.1983245391316904,
    0.19920483671062764,
    0.2024906292115903,
    0.2035792500962649,
    0.2057591241095495,
    0.2068951253850597,
    0.20783521250481327,
    0.21007713226800154,
    0.2098330856517135,
    0.210204984116288,
    0.2115985692626107,
    0.2143688179871005,
    0.21716313294185596,
    0.2161933390691182,
    0.21865035076530612,
    0.21968595073642663
  ],
  "test_accuracy": [
    0.1016,
    0.1161,
    0.1091,
    0.1075,
    0.1106,
    0.1134,
    0.1123,
    0.1069,
    0.1043,
    0.1034,
    0.1022,
    0.1028,
    0.105,
    0.1074,
    0.1099,
    0.1113,
    0.115,
    0.1167,
    0.1242,
    0.1254,
    0.1428,
    0.1605,
    0.1633,
    0.1667,
    0.1664,
    0.1688,
    0.1815,
    0.1858,
    0.1857,
    0.1875,
    0.1961,
    0.1929,
    0.1966,
    0.1993,
    0.201,
    0.201,
    0.2023,
    0.1998,
    0.2036,
    0.2123,
    0.2104,
    0.214,
    0.2126,
    0.2128,
    0.216,
    0.2158,
    0.2165,
    0.2154,
    0.2183,
    0.2219
  ]
}