{
  "setting": "setting_19",
  "train_accuracy": [
    0.1144276907191448,
    0.11596798317541303,
    0.13722174137512147,
    0.14634866223275025,
    0.14712497722303206,
    0.15469072673712342,
    0.16216726646015547,
    0.16728828808309038,
    0.17115562742954324,
    0.18305469509232267,
    0.1976680181000972,
    0.2048228331511176,
    0.20209244412050537,
    0.20334897351797862,
    0.20047812651846456,
    0.19948068513119532,
    0.1984177599611273,
    0.2009744746112731,
    0.20585918519193394,
    0.2122538189382896,
    0.21662035349854228,
    0.21934315020651118,
    0.2219615524781341,
    0.22580801293731778,
    0.22530122540087463,
    0.23020396774781343,
    0.23325513241010687,
    0.2351067100947522,
    0.2368102374878523,
    0.2380003340621963,
    0.2392739461856171,
    0.24245987457482993,
    0.24612032312925172,
    0.2461782145894072,
    0.248855457361516,
    0.2531735908649174,
    0.25330360939018465,
    0.25746325315840624,
    0.25625607385811466,
    0.25887542517006806,
    0.2625055044339164,
    0.2645060814504373,
    0.2659609602769679,
    0.26904059614917397,
    0.26946481717687076,
    0.26987005739795916,
    0.27192947491496594,
    0.2748230988824101,
    0.2757569545675413,
    0.2767762238824101
  ],
  "test_accuracy": [
    0.1215,
    0.1269,
    0.1537,
    0.1492,
    0.1543,
    0.1598,
    0.1648,
    0.1699,
    0.1763,
    0.1958,
    0.2095,
    0.2059,
    0.2052,
    0.2074,
    0.2022,
    0.2013,
    0.2049,
    0.2061,
    0.2098,
    0.2196,
    0.2208,
    0.2232,
    0.231,
    0.2312,
    0.2342,
    0.2345,
    0.2433,
    0.2403,
    0.2362,
    0.2442,
    0.2477,
    0.2495,
    0.2433,
    0.2527,
    0.2532,
    0.2558,
    0.2583,
    0.264,
    0.2608,
    0.2686,
    0.268,
    0.2727,
    0.2748,
    0.2738,
    0.2757,
    0.279,
    0.2788,
    0.2809,
    0.2854,
    0.2812
  ]
}