{
  "setting": "setting_5",
  "train_accuracy": [
    0.09981469002695419,
    0.11390734802175587,
    0.11347716415575664,
    0.10586321055544859,
    0.11042639343473239,
    0.11327711361667307,
    0.11412770444262611,
    0.1150493658548325,
    0.11705475969869081,
    0.11337601078167116,
    0.11009435466403542,
    0.10510211602329611,
    0.10617832775799,
    0.10665250770119368,
    0.109004981709665,
    0.11253331668752407,
    0.11491248917019638,
    0.11840923722083173,
    0.12208460182422025,
    0.1264499903735079,
    0.14109241131594147,
    0.1621048625818252,
    0.1592060099393531,
    0.15902814545629573,
    0.161006840825953,
    0.16484427644878705,
    0.1664409204129765,
    0.1746429925154024,
    0.18072761238929533,
    0.1838599826723142,
    0.1856036562620331,
    0.1873698919426261,
    0.1898197589767039,
    0.19246854844532152,
    0.19529520239699652,
    0.1962943269878706,
    0.19783381365517907,
    0.19940827156334232,
    0.20302535076530612,
    0.20603889403638814,
    0.2073474953070851,
    0.21156961457932227,
    0.21247473045822102,
    0.21488849814690025,
    0.21407062235271468,
    0.21464106721698112,
    0.21711011202830188,
    0.22009432458124759,
    0.2205444382941856,
    0.22008116336157105
  ],
  "test_accuracy": [
    0.1015,
    0.1231,
    0.1065,
    0.1078,
    0.1114,
    0.1108,
    0.1168,
    0.1178,
    0.1162,
    0.1098,
    0.1073,
    0.1056,
    0.1057,
    0.1087,
    0.1105,
    0.1141,
    0.1171,
    0.1192,
    0.1253,
    0.128,
    0.1636,
    0.1598,
    0.1635,
    0.16,
    0.1634,
    0.1624,
    0.1683,
    0.1807,
    0.1865,
    0.1846,
    0.1887,
    0.1893,
    0.1924,
    0.1953,
    0.1949,
    0.1971,
    0.2016,
    0.1993,
    0.205,
    0.2143,
    0.2103,
    0.2167,
    0.2148,
    0.2136,
    0.2176,
    0.2156,
    0.2195,
    0.2204,
    0.2212,
    0.2218
  ]
}