{
  "setting": "setting_8",
  "train_accuracy": [
    0.14281329719387756,
    0.1633888711734694,
    0.17243303571428573,
    0.1860411352040816,
    0.20504623724489796,
    0.21143973214285716,
    0.22036033163265303,
    0.22279575892857142,
    0.2313496492346939,
    0.23552694515306122,
    0.24054129464285715,
    0.24148995535714285,
    0.24412866709183673,
    0.24752869897959184,
    0.24889588647959185,
    0.2523078762755102,
    0.2580715880102041,
    0.26486766581632654,
    0.26810825892857143,
    0.2726921237244898,
    0.2764309630102041,
    0.2796037946428571,
    0.28349011479591835,
    0.2873046875,
    0.28798628826530615,
    0.2919044961734694,
    0.29799107142857145,
    0.30251514668367346,
    0.30687579719387753,
    0.31141183035714287,
    0.3147680165816326,
    0.3189692283163265,
    0.3195033482142857,
    0.32571747448979593,
    0.3279974489795918,
    0.3295519770408163,
    0.3326171875,
    0.3346500318877551,
    0.3378308354591837,
    0.3401426977040816,
    0.34183274872448977,
    0.34550382653061223,
    0.3513073979591837,
    0.3521683673469388,
    0.35709502551020406,
    0.35719068877551025,
    0.3646205357142857,
    0.3640186543367347,
    0.36754623724489793,
    0.37107382015306123
  ],
  "test_accuracy": [
    0.169,
    0.1689,
    0.1774,
    0.1951,
    0.2163,
    0.2157,
    0.214,
    0.2243,
    0.2353,
    0.2458,
    0.252,
    0.2477,
    0.2492,
    0.2532,
    0.2614,
    0.2655,
    0.2671,
    0.269,
    0.2765,
    0.2811,
    0.2826,
    0.2893,
    0.2874,
    0.2907,
    0.296,
    0.3084,
    0.3098,
    0.3173,
    0.3182,
    0.3146,
    0.3256,
    0.3266,
    0.3312,
    0.3343,
    0.3386,
    0.34,
    0.3406,
    0.3417,
    0.3514,
    0.3481,
    0.3496,
    0.3495,
    0.3653,
    0.3601,
    0.3625,
    0.3622,
    0.374,
    0.3703,
    0.3729,
    0.3738
  ]
}