{
  "setting": "setting_6",
  "train_accuracy": [
    0.191715952685422,
    0.22174712276214834,
    0.24996003836317135,
    0.27159926470588236,
    0.29959239130434784,
    0.32233056265984655,
    0.34173193734015345,
    0.3541799872122762,
    0.36451007033248084,
    0.3779371803069054,
    0.38529012148337594,
    0.40017583120204603,
    0.41006633631713557,
    0.4196571291560102,
    0.4334438938618926,
    0.43835917519181583,
    0.4505274936061381,
    0.461616847826087,
    0.4655730498721228,
    0.4745044757033248,
    0.48399536445012786,
    0.4898097826086957,
    0.4967830882352941,
    0.5021779092071611,
    0.5086117327365729,
    0.5135469948849105,
    0.5199208759590793,
    0.5224784207161125,
    0.529571611253197,
    0.5346267583120204,
    0.5391024616368286,
    0.5439777813299232,
    0.5495324488491049,
    0.5534087276214834,
    0.5595028772378516,
    0.5626398657289002,
    0.5687140345268542,
    0.5713315217391305,
    0.5743286445012787,
    0.5786445012787724,
    0.5843590153452686,
    0.5892143542199488,
    0.5925311700767263,
    0.597286604859335,
    0.6032009271099744,
    0.603980179028133,
    0.6089953644501279,
    0.6135509910485933,
    0.6178268861892583,
    0.6215033567774936
  ],
  "test_accuracy": [
    0.2182,
    0.2426,
    0.2647,
    0.2925,
    0.3191,
    0.3402,
    0.3576,
    0.3658,
    0.3737,
    0.3867,
    0.3986,
    0.4101,
    0.4247,
    0.433,
    0.4379,
    0.4474,
    0.4512,
    0.4647,
    0.4713,
    0.4774,
    0.4859,
    0.4907,
    0.497,
    0.5073,
    0.5102,
    0.5182,
    0.5185,
    0.5266,
    0.5267,
    0.5318,
    0.537,
    0.5485,
    0.5448,
    0.5492,
    0.56,
    0.5646,
    0.5657,
    0.5666,
    0.574,
    0.5756,
    0.5745,
    0.5862,
    0.5841,
    0.5938,
    0.5942,
    0.5955,
    0.602,
    0.6133,
    0.6106,
    0.6174
  ]
}