{
  "setting": "setting_9",
  "train_accuracy": [
    0.1222401907191448,
    0.13260086400631682,
    0.14189101980077745,
    0.14799334912536444,
    0.15288849914965985,
    0.15787190992468417,
    0.159434030308552,
    0.1614184736394558,
    0.16681946215986396,
    0.1706478908527697,
    0.18837786230563652,
    0.20151352951895043,
    0.20455425473760935,
    0.20074006164965985,
    0.1988163568999028,
    0.2004430120262391,
    0.2106233676506317,
    0.21921977496355682,
    0.21886198675898932,
    0.22246928905490768,
    0.224441394861516,
    0.2275020499271137,
    0.2286010386297376,
    0.23094042304421766,
    0.2326771668488824,
    0.2350497676749271,
    0.2379206146744412,
    0.23740813289601556,
    0.24047732932458699,
    0.2418866542152575,
    0.24706556729834792,
    0.24508302204810495,
    0.24891239978134114,
    0.25307489067055394,
    0.25251210975461613,
    0.2536718370383868,
    0.2569251472910593,
    0.2572250440354713,
    0.260072165026725,
    0.26341088890913505,
    0.2628822734450923,
    0.26467026542759964,
    0.268375318877551,
    0.26894284499514093,
    0.27242107780612246,
    0.27286807580174927,
    0.2739841472303207,
    0.2741862928206997,
    0.2782728604834791,
    0.27903019466715256
  ],
  "test_accuracy": [
    0.1441,
    0.1315,
    0.1465,
    0.1571,
    0.1577,
    0.16,
    0.1588,
    0.1646,
    0.1694,
    0.1749,
    0.2059,
    0.2055,
    0.2047,
    0.2046,
    0.2026,
    0.2105,
    0.2185,
    0.2186,
    0.2238,
    0.2296,
    0.229,
    0.2272,
    0.2343,
    0.2399,
    0.243,
    0.2385,
    0.2477,
    0.2448,
    0.2445,
    0.2502,
    0.2502,
    0.2526,
    0.2492,
    0.2567,
    0.2555,
    0.2573,
    0.2596,
    0.2687,
    0.2662,
    0.27,
    0.2709,
    0.2749,
    0.2702,
    0.2771,
    0.2752,
    0.2789,
    0.2828,
    0.2812,
    0.2837,
    0.2827
  ]
}