{
  "setting": "setting_3",
  "train_accuracy": [
    0.1353874362244898,
    0.15956234056122448,
    0.1685108418367347,
    0.18036511479591838,
    0.19791533801020408,
    0.2170519770408163,
    0.22358099489795918,
    0.2288265306122449,
    0.22634725765306124,
    0.23191167091836734,
    0.23591757015306122,
    0.24183673469387754,
    0.24728954081632654,
    0.24943399234693878,
    0.2531808035714286,
    0.2559231505102041,
    0.2613639987244898,
    0.2646045918367347,
    0.267757493622449,
    0.2730229591836735,
    0.27505978954081634,
    0.2794921875,
    0.28256935586734694,
    0.2877192283163265,
    0.29062898596938774,
    0.2958227040816327,
    0.29716198979591835,
    0.303336256377551,
    0.3073740433673469,
    0.30992107780612244,
    0.31240433673469387,
    0.3201849489795918,
    0.31888153698979593,
    0.32338966836734695,
    0.32874282525510207,
    0.3272919323979592,
    0.3333705357142857,
    0.3362404336734694,
    0.33717713647959185,
    0.3385044642857143,
    0.3422313456632653,
    0.34496173469387753,
    0.34591836734693876,
    0.3510044642857143,
    0.3582310267857143,
    0.3590919961734694,
    0.3604830994897959,
    0.367024075255102,
    0.37014110331632655,
    0.36899314413265305
  ],
  "test_accuracy": [
    0.1584,
    0.1657,
    0.1769,
    0.1854,
    0.2097,
    0.2227,
    0.2318,
    0.2228,
    0.2375,
    0.243,
    0.2485,
    0.25,
    0.2471,
    0.2557,
    0.2586,
    0.2674,
    0.2686,
    0.2702,
    0.275,
    0.2796,
    0.2825,
    0.2889,
    0.291,
    0.2972,
    0.2983,
    0.3095,
    0.3117,
    0.3155,
    0.3149,
    0.3156,
    0.3233,
    0.3276,
    0.3281,
    0.3329,
    0.3375,
    0.3376,
    0.3404,
    0.3465,
    0.3536,
    0.3489,
    0.3501,
    0.3503,
    0.3618,
    0.3604,
    0.3634,
    0.3596,
    0.374,
    0.3707,
    0.3734,
    0.3756
  ]
}