{
  "setting": "setting_10",
  "train_accuracy": [
    0.10014184034462842,
    0.1107994200038506,
    0.11936887815267616,
    0.10977434900847131,
    0.11037901304389681,
    0.11119124831536388,
    0.1108268705477474,
    0.1106132827541394,
    0.10741548240758567,
    0.10495095001443974,
    0.10285342763284559,
    0.10353104242876397,
    0.10274550563149787,
    0.10393716006449749,
    0.10613433168078552,
    0.10812393206103195,
    0.11129277772429726,
    0.11385620728244128,
    0.1170814581728918,
    0.12090122015787448,
    0.13805216957065847,
    0.15397198089141317,
    0.1546902074509049,
    0.15797938426549865,
    0.1606059876780901,
    0.16206161857431653,
    0.16684628597901427,
    0.17336108971890643,
    0.18057306206680784,
    0.182987205790335,
    0.185840558216211,
    0.1879527459568733,
    0.18896427969772817,
    0.19280133928571427,
    0.1930100386262996,
    0.19614052873507895,
    0.19772589165383134,
    0.20010243189256835,
    0.2029125403109357,
    0.20369882917789756,
    0.20683533584424335,
    0.20603550972275703,
    0.20876101030034655,
    0.21253865638236427,
    0.21156698233538695,
    0.21371113303812092,
    0.21585603581055063,
    0.21451246329899887,
    0.21895418692241045,
    0.2196934714333847
  ],
  "test_accuracy": [
    0.1011,
    0.1197,
    0.1124,
    0.1106,
    0.1133,
    0.1123,
    0.1119,
    0.1069,
    0.1081,
    0.1046,
    0.1038,
    0.1033,
    0.1029,
    0.1053,
    0.1061,
    0.1106,
    0.113,
    0.1146,
    0.1206,
    0.1234,
    0.1567,
    0.1587,
    0.1589,
    0.1594,
    0.1606,
    0.163,
    0.166,
    0.1805,
    0.1842,
    0.1861,
    0.1878,
    0.1903,
    0.19,
    0.1934,
    0.1957,
    0.196,
    0.2006,
    0.2006,
    0.2033,
    0.2103,
    0.2096,
    0.2101,
    0.2116,
    0.2109,
    0.2135,
    0.2155,
    0.216,
    0.2187,
    0.2185,
    0.2198
  ]
}