{
  "setting": "setting_12",
  "train_accuracy": [
    0.16311540920716114,
    0.20242567135549872,
    0.2163243286445013,
    0.22641064578005116,
    0.24013746803069053,
    0.24651934143222504,
    0.25501918158567777,
    0.2648976982097187,
    0.2720348465473146,
    0.283224104859335,
    0.2934902493606138,
    0.2992886828644501,
    0.3132113171355499,
    0.32222266624040924,
    0.32675031969309465,
    0.335525895140665,
    0.33836716751918156,
    0.34695492327365735,
    0.34979219948849105,
    0.3562579923273657,
    0.3623960997442455,
    0.36887388107416885,
    0.3729179987212276,
    0.3815497122762148,
    0.38469469309462917,
    0.39142822890025575,
    0.39568014705882354,
    0.40154651534526853,
    0.4031729539641944,
    0.4121283567774936,
    0.41338714833759593,
    0.4167918797953964,
    0.42204683503836316,
    0.4261349104859335,
    0.43062659846547313,
    0.43519421355498716,
    0.43605338874680305,
    0.44222746163682863,
    0.4453125,
    0.4490409207161125,
    0.4522818094629156,
    0.4560302109974425,
    0.457960358056266,
    0.46172074808184144,
    0.46593670076726346,
    0.4677149936061381,
    0.4675351662404092,
    0.4746323529411765,
    0.4758711636828645,
    0.48044677109974426
  ],
  "test_accuracy": [
    0.2055,
    0.2143,
    0.2246,
    0.2471,
    0.2467,
    0.2543,
    0.2676,
    0.2689,
    0.2835,
    0.2894,
    0.3063,
    0.3152,
    0.321,
    0.3344,
    0.3323,
    0.3502,
    0.3449,
    0.3611,
    0.3605,
    0.3752,
    0.3722,
    0.378,
    0.3829,
    0.3865,
    0.3965,
    0.3986,
    0.3993,
    0.4083,
    0.4166,
    0.4214,
    0.4219,
    0.4226,
    0.4258,
    0.4361,
    0.4414,
    0.4382,
    0.441,
    0.4485,
    0.4521,
    0.4527,
    0.4616,
    0.4578,
    0.4619,
    0.4712,
    0.4697,
    0.477,
    0.4742,
    0.4744,
    0.4871,
    0.4789
  ]
}