{
  "setting": "setting_16",
  "train_accuracy": [
    0.1905570652173913,
    0.2280810421994885,
    0.2465033567774936,
    0.27066016624040923,
    0.29657528772378516,
    0.3196131713554987,
    0.33875479539641945,
    0.3492846867007673,
    0.36355099104859334,
    0.37513986572890023,
    0.3883072250639386,
    0.40079523657289,
    0.4116847826086957,
    0.42231457800511507,
    0.43116608056265987,
    0.44039721867007675,
    0.45118686061381075,
    0.4552030051150895,
    0.46509351023017903,
    0.4741048593350384,
    0.47921994884910485,
    0.4836756713554987,
    0.4919876918158568,
    0.4970428388746803,
    0.2733575767263427,
    0.10074328644501279,
    0.10056345907928389,
    0.10463954603580562,
    0.10344069693094629,
    0.10449968030690537,
    0.10489929667519182,
    0.10258152173913043,
    0.10607816496163683,
    0.1044397378516624,
    0.10431985294117647,
    0.10304108056265984,
    0.10244165601023018,
    0.10394021739130435,
    0.10278132992327366,
    0.1029012148337596,
    0.1048793158567775,
    0.10234175191815857,
    0.10501918158567775,
    0.10429987212276215,
    0.1029012148337596,
    0.1048793158567775,
    0.10459958439897699,
    0.10194213554987212,
    0.10198209718670077,
    0.10316096547314578
  ],
  "test_accuracy": [
    0.2265,
    0.243,
    0.2669,
    0.2859,
    0.3143,
    0.3349,
    0.3561,
    0.3661,
    0.3713,
    0.3849,
    0.3967,
    0.4096,
    0.4255,
    0.4362,
    0.4432,
    0.4493,
    0.4527,
    0.4656,
    0.4716,
    0.4736,
    0.4815,
    0.4871,
    0.4954,
    0.5013,
    0.1,
    0.1,
    0.1,
    0.1,
    0.1,
    0.1,
    0.1,
    0.1,
    0.1,
    0.1,
    0.1,
    0.1,
    0.1,
    0.1,
    0.1,
    0.1,
    0.1,
    0.1,
    0.1,
    0.1,
    0.1,
    0.1,
    0.1,
    0.1,
    0.1,
    0.1
  ]
}