{
  "setting": "setting_11",
  "train_accuracy": [
    0.19031729539641945,
    0.22434462915601022,
    0.24608375959079284,
    0.27147937979539644,
    0.2945971867007673,
    0.32045236572890023,
    0.3374760230179028,
    0.3489450127877238,
    0.36221227621483376,
    0.37314178388746805,
    0.3866687979539642,
    0.4001558503836317,
    0.4108455882352941,
    0.42075607416879796,
    0.4318254475703325,
    0.44031729539641945,
    0.44725063938618925,
    0.4593390345268542,
    0.4642742966751918,
    0.47142742966751916,
    0.4798193734015345,
    0.48305626598465473,
    0.49166799872122763,
    0.49400575447570333,
    0.5027173913043478,
    0.5099704283887468,
    0.5153053069053708,
    0.5200207800511509,
    0.5230578644501279,
    0.5295316496163683,
    0.5330083120204604,
    0.538503037084399,
    0.5448369565217391,
    0.5517503196930946,
    0.5521898976982097,
    0.5556066176470589,
    0.561141304347826,
    0.5659167199488491,
    0.5692335358056266,
    0.5728101023017903,
    0.5813219309462916,
    0.5832201086956522,
    0.5878356777493606,
    0.5905730498721228,
    0.5957281010230179,
    0.5978660485933504,
    0.6015824808184144,
    0.6068374360613811,
    0.21089753836317135,
    0.10124280690537084
  ],
  "test_accuracy": [
    0.2207,
    0.2368,
    0.2551,
    0.286,
    0.3118,
    0.3339,
    0.3525,
    0.3648,
    0.369,
    0.3866,
    0.398,
    0.4135,
    0.4226,
    0.4334,
    0.4425,
    0.448,
    0.4523,
    0.4624,
    0.4677,
    0.4739,
    0.4834,
    0.4892,
    0.4899,
    0.4981,
    0.5085,
    0.5132,
    0.5148,
    0.5216,
    0.5205,
    0.5294,
    0.533,
    0.5446,
    0.5383,
    0.5431,
    0.5509,
    0.5525,
    0.5621,
    0.5648,
    0.565,
    0.5717,
    0.5711,
    0.5827,
    0.5805,
    0.5913,
    0.5918,
    0.5954,
    0.5972,
    0.6065,
    0.1,
    0.1
  ]
}