{
  "setting": "setting_23",
  "train_accuracy": [
    0.3495336415816327,
    0.46901307397959185,
    0.5290935905612245,
    0.5817801339285714,
    0.6186184630102041,
    0.6471141581632652,
    0.6784159757653061,
    0.6934430803571427,
    0.714241868622449,
    0.7293845663265306,
    0.7421954719387756,
    0.7530891262755102,
    0.7628985969387755,
    0.772217793367347,
    0.782601243622449,
    0.7868941326530612,
    0.7980867346938776,
    0.8008250956632652,
    0.8048708545918367,
    0.8095703125,
    0.8149752869897958,
    0.816163105867347,
    0.8203045280612244,
    0.8234893176020408,
    0.8267139668367346,
    0.8282525510204082,
    0.8304647640306123,
    0.8331712372448979,
    0.8332589285714286,
    0.8362763073979592,
    0.839289700255102,
    0.8405253507653061,
    0.8417570153061225,
    0.8436543367346938,
    0.8445631377551021,
    0.8480110012755102,
    0.8487563775510204,
    0.8534159757653061,
    0.8520328443877551,
    0.8561623086734694,
    0.8552654655612245,
    0.8570352359693877,
    0.8588647959183674,
    0.8571149553571429,
    0.8598692602040817,
    0.8624003507653062,
    0.862157206632653,
    0.865736607142857,
    0.8655851403061224,
    0.8650589923469387
  ],
  "test_accuracy": [
    0.2886,
    0.37079999999999996,
    0.4593999999999999,
    0.5405,
    0.5729999999999998,
    0.4746,
    0.5723,
    0.6422000000000001,
    0.5694,
    0.6057,
    0.5338,
    0.7144,
    0.7058,
    0.7399000000000001,
    0.7296999999999999,
    0.7228999999999999,
    0.7596,
    0.7754,
    0.7711000000000001,
    0.7361,
    0.7813000000000001,
    0.7819999999999999,
    0.7678,
    0.7944,
    0.7835,
    0.7916000000000001,
    0.7920999999999999,
    0.7986000000000001,
    0.7965000000000001,
    0.8013,
    0.8048000000000002,
    0.7825,
    0.7942000000000001,
    0.8028000000000001,
    0.8115,
    0.7985,
    0.7916000000000001,
    0.8065999999999999,
    0.8044,
    0.8140000000000001,
    0.7986000000000001,
    0.8042,
    0.8183,
    0.8119,
    0.818,
    0.8231999999999999,
    0.8177999999999999,
    0.8139,
    0.8236999999999999,
    0.819
  ]
}