{
  "setting": "setting_7",
  "train_accuracy": [
    0.38862691815856776,
    0.5225263746803069,
    0.5954443734015346,
    0.6382992327365729,
    0.679983216112532,
    0.7016464194373402,
    0.7269301470588235,
    0.7419277493606138,
    0.755310901534527,
    0.7692774936061382,
    0.7788842710997442,
    0.7861652813299232,
    0.792894820971867,
    0.801946131713555,
    0.8076846227621484,
    0.8131114130434782,
    0.8150335677749361,
    0.8195732097186701,
    0.8225623401534526,
    0.8285925511508951,
    0.8335557864450128,
    0.8354539641943735,
    0.8405290920716113,
    0.841891783887468,
    0.846167679028133,
    0.8464833759590793,
    0.8526294757033248,
    0.8552869245524297,
    0.8590632992327366,
    0.8605578644501278,
    0.861940537084399,
    0.8644501278772379,
    0.8652973145780052,
    0.868925831202046,
    0.8706641624040921,
    0.8723905051150895,
    0.8744125639386189,
    0.8766703964194373,
    0.8786405051150895,
    0.8784167199488491,
    0.8804267902813299,
    0.8799152813299232,
    0.884462915601023,
    0.8837036445012787,
    0.885877557544757,
    0.8852981138107417,
    0.8866807864450128,
    0.8887827685421995,
    0.8893542199488491,
    0.8904371803069053
  ],
  "test_accuracy": [
    0.286,
    0.40199999999999997,
    0.5946999999999999,
    0.5656,
    0.6716000000000001,
    0.6572,
    0.7003,
    0.7308,
    0.6430999999999999,
    0.7454000000000001,
    0.746,
    0.7790000000000001,
    0.7508,
    0.7843000000000001,
    0.7888999999999999,
    0.7895,
    0.7938000000000001,
    0.8019000000000001,
    0.7817000000000001,
    0.7941,
    0.8008,
    0.7796000000000001,
    0.7984,
    0.8121,
    0.8135,
    0.7936000000000001,
    0.8218,
    0.8151999999999999,
    0.8239999999999998,
    0.8292999999999999,
    0.8243,
    0.8219999999999998,
    0.8265,
    0.82,
    0.8286999999999999,
    0.8341,
    0.8337,
    0.8286,
    0.8295999999999999,
    0.8341999999999998,
    0.8385999999999999,
    0.8357999999999999,
    0.8402,
    0.8371999999999999,
    0.8379999999999999,
    0.8398,
    0.8381000000000001,
    0.8408999999999999,
    0.8426,
    0.8390999999999998
  ]
}