{
  "setting": "setting_28",
  "train_accuracy": [
    0.34970902423469385,
    0.4681760204081633,
    0.5303372130102041,
    0.5838488520408164,
    0.6178970025510204,
    0.6433753188775511,
    0.6729751275510204,
    0.6863998724489796,
    0.7057597257653061,
    0.725211256377551,
    0.7349808673469388,
    0.741438137755102,
    0.7536391900510204,
    0.7629464285714286,
    0.7714325573979592,
    0.7795798788265306,
    0.7855986926020407,
    0.7912627551020408,
    0.7995814732142857,
    0.8034717793367347,
    0.8113839285714286,
    0.811459661989796,
    0.8182597257653061,
    0.8183713329081632,
    0.8245894451530612,
    0.8276068239795918,
    0.8303810586734693,
    0.8323501275510204,
    0.8355229591836734,
    0.8389349489795919,
    0.8401985012755102,
    0.841828762755102,
    0.8414540816326531,
    0.8460259885204081,
    0.8458426339285714,
    0.8488360969387755,
    0.8475605867346938,
    0.8508609693877551,
    0.8510522959183674,
    0.8542849170918367,
    0.8581074617346939,
    0.8564492984693877,
    0.8584064094387756,
    0.8592514349489796,
    0.8606863839285714,
    0.8607581313775511,
    0.8609175701530613,
    0.8643853635204082,
    0.8655891262755102,
    0.8680604272959185
  ],
  "test_accuracy": [
    0.3325,
    0.3959,
    0.3759,
    0.5504999999999999,
    0.554,
    0.5118,
    0.5698000000000001,
    0.6422999999999999,
    0.5352,
    0.5627,
    0.5882,
    0.6477999999999999,
    0.6853999999999999,
    0.7344999999999999,
    0.6995,
    0.7095999999999998,
    0.7405999999999999,
    0.7337,
    0.7594000000000001,
    0.7497,
    0.7681,
    0.7665,
    0.7844,
    0.7768,
    0.7736,
    0.7787,
    0.7938000000000001,
    0.7879,
    0.7943,
    0.796,
    0.7992000000000001,
    0.7636000000000001,
    0.7898999999999999,
    0.7963,
    0.8051999999999999,
    0.8071000000000002,
    0.7909,
    0.8071999999999999,
    0.8070999999999999,
    0.7990999999999999,
    0.8035,
    0.8107,
    0.8138,
    0.8159000000000001,
    0.8197000000000001,
    0.8122,
    0.8087,
    0.8240999999999999,
    0.8231999999999999,
    0.8210000000000001
  ]
}