{
  "setting": "setting_14",
  "train_accuracy": [
    0.3102659590621963,
    0.41765271956997085,
    0.465779503765792,
    0.5041672360908649,
    0.5390530095966958,
    0.5694906310738581,
    0.5925418716593781,
    0.6135849429057337,
    0.6417040588556852,
    0.6579611197157434,
    0.6700319636783285,
    0.6896628629130224,
    0.7074554710276969,
    0.7132996613824101,
    0.7249776026482021,
    0.7287035349854227,
    0.7437458242225461,
    0.7476701059888241,
    0.7597627778790088,
    0.7611350901967929,
    0.7648202137998056,
    0.7722426582240038,
    0.7762276785714286,
    0.7788536731656949,
    0.7857209289965987,
    0.7873599216472303,
    0.7912395985179785,
    0.7951762178085521,
    0.7996499939261418,
    0.8036967018950438,
    0.8051904913751214,
    0.8093776573129252,
    0.8097999802599611,
    0.811771137026239,
    0.8135486895651117,
    0.81674695547862,
    0.819815202866861,
    0.8208420645043731,
    0.8225275601311953,
    0.8246382258260447,
    0.8251953125,
    0.8254553495505345,
    0.8282739993318756,
    0.8293435677842566,
    0.8309408026603499,
    0.8314959912536443,
    0.8337376245140913,
    0.8367536746841594,
    0.836555325255102,
    0.8365420386904763
  ],
  "test_accuracy": [
    0.36869999999999997,
    0.40140000000000003,
    0.40499999999999997,
    0.5101,
    0.5236,
    0.553,
    0.5889999999999999,
    0.5791999999999999,
    0.6239999999999999,
    0.6546000000000001,
    0.6094999999999999,
    0.5931,
    0.6589,
    0.7011,
    0.7036,
    0.6763999999999999,
    0.7154,
    0.697,
    0.7322000000000001,
    0.7404999999999999,
    0.7067,
    0.7253000000000001,
    0.7544,
    0.7424999999999999,
    0.7636000000000001,
    0.7557,
    0.7615000000000001,
    0.7579,
    0.7701000000000001,
    0.7748,
    0.7679,
    0.7783000000000001,
    0.7844000000000001,
    0.7843,
    0.7927000000000001,
    0.7823,
    0.7976000000000001,
    0.7881,
    0.7981,
    0.7982000000000001,
    0.7773,
    0.8,
    0.8039,
    0.7985,
    0.8093,
    0.7994999999999999,
    0.8016,
    0.8011000000000001,
    0.8031,
    0.8085000000000001
  ]
}