{
  "setting": "setting_2",
  "train_accuracy": [
    0.3882872442455243,
    0.5230738491048593,
    0.5974224744245524,
    0.6430346867007672,
    0.6772298593350383,
    0.7009191176470588,
    0.7279171994884911,
    0.7442375319693094,
    0.7579763427109973,
    0.7724784207161125,
    0.7797394501278773,
    0.7868646099744245,
    0.7935781649616368,
    0.8030650575447571,
    0.8094549232736573,
    0.814178388746803,
    0.8201206841432226,
    0.8229179987212276,
    0.8274896099744244,
    0.8312939578005115,
    0.8378396739130434,
    0.8366967710997443,
    0.8434782608695652,
    0.8446211636828644,
    0.8486852621483376,
    0.8509191176470589,
    0.8559542838874681,
    0.8562460038363172,
    0.8621723145780051,
    0.8639585997442456,
    0.8666480179028133,
    0.8662563938618926,
    0.8679267902813299,
    0.869960837595908,
    0.8699688299232736,
    0.8734574808184143,
    0.8730338874680307,
    0.8778812340153452,
    0.8769621163682864,
    0.8773857097186701,
    0.8776974104859335,
    0.8806865409207161,
    0.8825127877237852,
    0.8831721547314578,
    0.8854459718670077,
    0.8854100063938619,
    0.8861173273657289,
    0.8872442455242967,
    0.888123401534527,
    0.889182384910486
  ],
  "test_accuracy": [
    0.3341,
    0.44299999999999995,
    0.5631,
    0.6533,
    0.6638,
    0.6043,
    0.7104999999999999,
    0.7303,
    0.69,
    0.7215,
    0.7476,
    0.7775000000000001,
    0.7539999999999999,
    0.7860000000000001,
    0.7932,
    0.7867,
    0.7975000000000001,
    0.8041,
    0.7741,
    0.8075000000000001,
    0.8083,
    0.8025,
    0.8031,
    0.8145999999999999,
    0.8125,
    0.7935000000000001,
    0.8234999999999999,
    0.8211999999999999,
    0.8175000000000001,
    0.8295999999999999,
    0.8301999999999999,
    0.8238,
    0.8278000000000001,
    0.8282999999999999,
    0.8262999999999998,
    0.8314,
    0.8305999999999999,
    0.8348999999999999,
    0.835,
    0.8388,
    0.8331999999999999,
    0.8365,
    0.8331,
    0.8352,
    0.8356,
    0.8402999999999998,
    0.8346,
    0.8398999999999999,
    0.8389,
    0.8431
  ]
}