{
  "setting": "setting_13",
  "train_accuracy": [
    0.3498046875,
    0.46771763392857146,
    0.5302375637755102,
    0.5792968749999999,
    0.6151028380102042,
    0.644858099489796,
    0.6769889987244898,
    0.6942243303571429,
    0.7128786670918368,
    0.7300382653061225,
    0.7438018176020408,
    0.7491589604591837,
    0.7638592155612245,
    0.7710419323979593,
    0.7794363839285714,
    0.786882174744898,
    0.7925542091836734,
    0.7981265943877551,
    0.8044204400510204,
    0.8074139030612245,
    0.8122209821428571,
    0.8127989477040817,
    0.8155213647959183,
    0.821320950255102,
    0.8232700892857143,
    0.8268973214285714,
    0.8298309948979592,
    0.831883769132653,
    0.8339365433673469,
    0.8378228635204081,
    0.8408442283163264,
    0.8410275829081633,
    0.8430325255102041,
    0.8448700573979592,
    0.8464724170918367,
    0.8467514349489795,
    0.8477519132653062,
    0.8530452806122449,
    0.8514588647959185,
    0.8523676658163266,
    0.8552216198979592,
    0.856688456632653,
    0.8572544642857143,
    0.8573301977040817,
    0.8616589604591837,
    0.8621213329081633,
    0.8617346938775511,
    0.8630022321428571,
    0.8638552295918368,
    0.8647799744897958
  ],
  "test_accuracy": [
    0.3148,
    0.39320000000000005,
    0.4848,
    0.5135000000000001,
    0.5526,
    0.5061,
    0.6203000000000001,
    0.6293,
    0.5674,
    0.5244000000000001,
    0.6573000000000001,
    0.7258999999999999,
    0.6529,
    0.7405999999999999,
    0.7273999999999999,
    0.7016,
    0.7455999999999999,
    0.7313,
    0.7489000000000001,
    0.7545999999999999,
    0.7738,
    0.7797000000000001,
    0.777,
    0.7925,
    0.7749,
    0.772,
    0.7973999999999999,
    0.7933,
    0.7973,
    0.7968,
    0.7982,
    0.7904,
    0.8015000000000001,
    0.8020000000000002,
    0.8102,
    0.8082,
    0.8030000000000002,
    0.8070999999999999,
    0.8100999999999999,
    0.8000999999999999,
    0.7968,
    0.8117999999999999,
    0.8180999999999999,
    0.8151999999999999,
    0.8129,
    0.8213999999999999,
    0.8114000000000001,
    0.8187999999999999,
    0.8265,
    0.828
  ]
}