{
  "setting": "setting_20",
  "train_accuracy": [
    0.26476839261648055,
    0.35770352510107817,
    0.4022008567577975,
    0.4372980692866769,
    0.4689079346361186,
    0.4875539986041586,
    0.5102834249855602,
    0.5294326235800925,
    0.544437542115903,
    0.556415380126107,
    0.5722265173758182,
    0.583614356709665,
    0.5973151863929534,
    0.6110791899306892,
    0.6252538235223335,
    0.639381076723142,
    0.6497216590055833,
    0.655487025293608,
    0.6641632773392375,
    0.682640125625722,
    0.6807039221938775,
    0.6942430568925683,
    0.6964191705573739,
    0.701599426622064,
    0.712013335699846,
    0.7129921544089334,
    0.7215589803138237,
    0.7269340224297266,
    0.7291759421929149,
    0.7330600061368887,
    0.7382549275606469,
    0.7433919396178282,
    0.7494592618887177,
    0.746822505535233,
    0.7489346932758952,
    0.7572243814978821,
    0.7601100729206777,
    0.7604251901232191,
    0.7674247027820562,
    0.7661928126203311,
    0.7683542609260685,
    0.770240451723142,
    0.7725925496967654,
    0.7755696175876011,
    0.775852019758375,
    0.7809130727762803,
    0.7832632905756641,
    0.7837389746582596,
    0.7844455441374663,
    0.7843319816134
  ],
  "test_accuracy": [
    0.2791,
    0.29700000000000004,
    0.4266,
    0.4039,
    0.4554,
    0.4509,
    0.5147999999999999,
    0.5271999999999999,
    0.5343000000000001,
    0.5587,
    0.5604000000000001,
    0.5700000000000001,
    0.5982999999999999,
    0.5853999999999999,
    0.6292000000000001,
    0.6016,
    0.6402,
    0.6607,
    0.6335000000000001,
    0.6685000000000001,
    0.6657,
    0.6732999999999999,
    0.6819000000000001,
    0.6815,
    0.6997000000000001,
    0.708,
    0.6814,
    0.7051999999999999,
    0.7121,
    0.6723000000000001,
    0.7239,
    0.7093999999999999,
    0.7232999999999999,
    0.7343,
    0.7158,
    0.7323,
    0.7402,
    0.7337,
    0.7424000000000001,
    0.7455,
    0.7354999999999999,
    0.7548999999999999,
    0.7498,
    0.7558999999999999,
    0.7535,
    0.7612,
    0.7481,
    0.7627,
    0.7648999999999999,
    0.7478
  ]
}