{
  "setting": "setting_10",
  "train_accuracy": [
    0.2625539233971891,
    0.3583416562379669,
    0.40376892207354637,
    0.4341976619657297,
    0.4679937939208702,
    0.4893036887514439,
    0.5106714929485945,
    0.5339371450231036,
    0.5484893176020408,
    0.5650833594050828,
    0.588722414083558,
    0.6021363291778976,
    0.6070424558384675,
    0.6294533807036966,
    0.6272535768434733,
    0.6456589785088563,
    0.6539922867731999,
    0.6643358773344243,
    0.6700102431892568,
    0.683360984429149,
    0.6830650450038506,
    0.6929859723960339,
    0.6945807361859838,
    0.7017107329370428,
    0.7094931501492107,
    0.7104328612341163,
    0.7148200598045822,
    0.7217041297651136,
    0.7238215819936465,
    0.7241389554052754,
    0.7324271394878706,
    0.7352007725259915,
    0.7396597937524065,
    0.7404159998315364,
    0.7423958233057375,
    0.7475302031189833,
    0.7487733743261457,
    0.7524310652916828,
    0.7553919636840585,
    0.758949253345206,
    0.7566287422988063,
    0.7587777814545629,
    0.7617375517423951,
    0.7643934858731228,
    0.7657062235271467,
    0.7671708792597228,
    0.7708556447343089,
    0.7697279162254523,
    0.7705033000818252,
    0.773544293896804
  ],
  "test_accuracy": [
    0.3322,
    0.3311,
    0.3479,
    0.43549999999999994,
    0.44190000000000007,
    0.4758,
    0.45599999999999996,
    0.5086999999999999,
    0.5751999999999999,
    0.5431,
    0.4784,
    0.5859,
    0.5331000000000001,
    0.6118,
    0.6318,
    0.6021000000000001,
    0.5812999999999999,
    0.6445,
    0.6436,
    0.6773,
    0.6589,
    0.6804,
    0.6920999999999999,
    0.6595000000000001,
    0.6964999999999999,
    0.7134999999999999,
    0.6794,
    0.6935,
    0.7103,
    0.7051,
    0.7179,
    0.7063999999999999,
    0.724,
    0.7048,
    0.7351,
    0.7306,
    0.7409000000000001,
    0.7337,
    0.7351,
    0.7409999999999999,
    0.7335999999999999,
    0.7481000000000001,
    0.737,
    0.7474999999999999,
    0.7531,
    0.7375,
    0.7462,
    0.7543,
    0.7511,
    0.7479
  ]
}