{
  "setting": "setting_0",
  "train_accuracy": [
    0.10144261508951406,
    0.10008391943734016,
    0.10008391943734016,
    0.10008391943734016,
    0.10008391943734016,
    0.10008391943734016,
    0.10008391943734016,
    0.10008391943734016,
    0.10008391943734016,
    0.10008391943734016,
    0.10008391943734016,
    0.10008391943734016,
    0.10008391943734016,
    0.10008391943734016,
    0.10008391943734016,
    0.10008391943734016,
    0.10008391943734016,
    0.10008391943734016,
    0.10008391943734016,
    0.10008391943734016,
    0.10008391943734016,
    0.10008391943734016,
    0.10008391943734016,
    0.10008391943734016,
    0.10008391943734016,
    0.10008391943734016,
    0.10008391943734016,
    0.10008391943734016,
    0.10008391943734016,
    0.10008391943734016,
    0.10008391943734016,
    0.10008391943734016,
    0.10008391943734016,
    0.10008391943734016,
    0.10008391943734016,
    0.10008391943734016,
    0.10008391943734016,
    0.10008391943734016,
    0.10008391943734016,
    0.10008391943734016,
    0.10008391943734016,
    0.10008391943734016,
    0.10008391943734016,
    0.10008391943734016,
    0.10008391943734016,
    0.10008391943734016,
    0.10008391943734016,
    0.10008391943734016,
    0.10008391943734016,
    0.10008391943734016
  ],
  "test_accuracy": [
    0.1,
    0.1,
    0.1,
    0.1,
    0.1,
    0.1,
    0.1,
    0.1,
    0.1,
    0.1,
    0.1,
    0.1,
    0.1,
    0.1,
    0.1,
    0.1,
    0.1,
    0.1,
    0.1,
    0.1,
    0.1,
    0.1,
    0.1,
    0.1,
    0.1,
    0.1,
    0.1,
    0.1,
    0.1,
    0.1,
    0.1,
    0.1,
    0.1,
    0.1,
    0.1,
    0.1,
    0.1,
    0.1,
    0.1,
    0.1,
    0.1,
    0.1,
    0.1,
    0.1,
    0.1,
    0.1,
    0.1,
    0.1,
    0.1,
    0.1
  ]
}