{
  "setting": "setting_13",
  "train_accuracy": [
    0.159586256377551,
    0.23942522321428572,
    0.285953443877551,
    0.3123046875,
    0.33877152423469387,
    0.3552256058673469,
    0.3714604591836735,
    0.3880779655612245,
    0.40755739795918366,
    0.4224210778061225,
    0.4317004145408163,
    0.44274154974489793,
    0.4485530931122449,
    0.45548469387755103,
    0.46519451530612244,
    0.4729551977040816,
    0.4818678252551021,
    0.4834103954081632,
    0.49068877551020407,
    0.4964764030612245,
    0.5056959502551021,
    0.5131616709183674,
    0.518765943877551,
    0.5268853635204082,
    0.5352838010204082,
    0.5378906250000001,
    0.5434151785714286,
    0.5487842793367347,
    0.5583266900510204,
    0.5619778380102041,
    0.5677734375,
    0.5771205357142857,
    0.5822504783163265,
    0.5863161670918368,
    0.5928093112244898,
    0.5977838010204082,
    0.6047991071428571,
    0.6076570471938776,
    0.6122568558673469,
    0.6189453125000001,
    0.6229193239795918,
    0.6219268176020408,
    0.634375,
    0.6332230548469387,
    0.6389668367346939,
    0.6430723852040816,
    0.6442402742346939,
    0.6474370216836735,
    0.6535873724489796,
    0.6546436543367348
  ],
  "test_accuracy": [
    0.2325,
    0.2343,
    0.3032,
    0.2816,
    0.3245,
    0.3582,
    0.3891,
    0.3973,
    0.4123,
    0.4047,
    0.4237,
    0.4044,
    0.4608,
    0.4363,
    0.4697,
    0.4425,
    0.4779,
    0.4803,
    0.4849,
    0.4515,
    0.497,
    0.4862,
    0.5304,
    0.484,
    0.5184,
    0.5172,
    0.5124,
    0.5433,
    0.5013,
    0.5259,
    0.5629,
    0.5452,
    0.4936,
    0.555,
    0.5846,
    0.5265,
    0.5735,
    0.6065,
    0.5915,
    0.5767,
    0.5889,
    0.5862,
    0.5226,
    0.5643,
    0.6384,
    0.6353,
    0.6309,
    0.4657,
    0.61,
    0.6545
  ]
}