{
  "setting": "setting_17",
  "train_accuracy": [
    0.19768622122762147,
    0.2902293797953964,
    0.3352181905370844,
    0.3695851982097187,
    0.400235773657289,
    0.42297394501278773,
    0.4416480179028133,
    0.4549312659846548,
    0.4696851023017903,
    0.483519820971867,
    0.49196371483375956,
    0.5079923273657289,
    0.5209798593350383,
    0.5339833759590793,
    0.547286604859335,
    0.5585957480818414,
    0.5716232416879795,
    0.5814817774936062,
    0.5901614450127878,
    0.5977062020460358,
    0.6080922314578004,
    0.6180266943734015,
    0.623877078005115,
    0.6365648976982097,
    0.6426430626598465,
    0.6474544437340153,
    0.6527014066496164,
    0.661441016624041,
    0.6643622122762148,
    0.6706481777493606,
    0.6777573529411764,
    0.6809902493606137,
    0.6839194373401535,
    0.6880075127877238,
    0.693634111253197,
    0.6956521739130435,
    0.7006753516624041,
    0.7032009271099745,
    0.7088075447570332,
    0.7096307544757033,
    0.7129315856777494,
    0.7161445012787724,
    0.7208759590792839,
    0.7224744245524297,
    0.7256873401534526,
    0.7267703005115089,
    0.7284926470588236,
    0.7315217391304347,
    0.7357376918158567,
    0.739414162404092
  ],
  "test_accuracy": [
    0.2636,
    0.3152,
    0.3422,
    0.3772,
    0.4132,
    0.398,
    0.4614,
    0.4665,
    0.4895,
    0.4654,
    0.4929,
    0.5121,
    0.531,
    0.5388,
    0.5399,
    0.5635,
    0.5712,
    0.5841,
    0.5827,
    0.5733,
    0.6063,
    0.593,
    0.6305,
    0.6132,
    0.6451,
    0.6314,
    0.643,
    0.6568,
    0.6382,
    0.6433,
    0.6609,
    0.6573,
    0.6407,
    0.6893,
    0.6857,
    0.6762,
    0.6855,
    0.6932,
    0.6926,
    0.6642,
    0.6861,
    0.6921,
    0.6712,
    0.6943,
    0.7202,
    0.7126,
    0.7056,
    0.6838,
    0.72,
    0.7229
  ]
}