{
  "setting": "setting_30",
  "train_accuracy": [
    0.10838189196669235,
    0.15451234296784752,
    0.1788184834664998,
    0.21242058144012324,
    0.22849193480458221,
    0.2491069172362341,
    0.2559428547362341,
    0.27486831259626493,
    0.28244842306026186,
    0.29248516918559875,
    0.2997783650606469,
    0.3035082547169811,
    0.3077382707210243,
    0.31767010312379673,
    0.3254408632556796,
    0.32390814521563344,
    0.3356656268049673,
    0.3394007809491721,
    0.3431175093858298,
    0.3479243628465537,
    0.35990708930978055,
    0.36252579599056606,
    0.3637317397477859,
    0.3740550244272237,
    0.37925709051309203,
    0.3814538860945322,
    0.3859151635300347,
    0.3910431507508664,
    0.3930579454659222,
    0.4007888459039276,
    0.4045093346890643,
    0.4058871263717751,
    0.41169761684154793,
    0.41323071091644203,
    0.42062468413072773,
    0.42503406875721983,
    0.421741507628995,
    0.42973375228629185,
    0.4320997635492876,
    0.4391071729399307,
    0.4362842793367347,
    0.44366997978436656,
    0.43983066398729304,
    0.4437869266220639,
    0.45029458569984593,
    0.4491894192818637,
    0.45041942926934925,
    0.45714067614073933,
    0.45620134109068156,
    0.4599650738833269
  ],
  "test_accuracy": [
    0.1398,
    0.1708,
    0.2009,
    0.209,
    0.2551,
    0.2482,
    0.2812,
    0.3013,
    0.2868,
    0.2949,
    0.2631,
    0.3243,
    0.3389,
    0.3291,
    0.3371,
    0.3467,
    0.3093,
    0.3434,
    0.3571,
    0.3782,
    0.3698,
    0.3535,
    0.3786,
    0.4008,
    0.3995,
    0.4047,
    0.3806,
    0.4055,
    0.3966,
    0.4196,
    0.4147,
    0.4243,
    0.4213,
    0.4161,
    0.4048,
    0.4085,
    0.4344,
    0.4506,
    0.4422,
    0.4383,
    0.4285,
    0.4209,
    0.4553,
    0.4455,
    0.4538,
    0.4542,
    0.455,
    0.47,
    0.4561,
    0.4472
  ]
}