{
  "setting": "setting_23",
  "train_accuracy": [
    0.1596061862244898,
    0.23916613520408161,
    0.28549505739795916,
    0.31246412627551023,
    0.3383689413265306,
    0.35544483418367345,
    0.3715601084183674,
    0.3878188775510204,
    0.40733816964285713,
    0.42226163903061226,
    0.43199139030612244,
    0.44298070790816324,
    0.44857302295918366,
    0.4557437818877551,
    0.46507493622448975,
    0.47285554846938777,
    0.4819874043367347,
    0.48356983418367344,
    0.49070870535714284,
    0.4967952806122449,
    0.5061144770408164,
    0.5131018813775511,
    0.5184630102040817,
    0.5271564094387755,
    0.5350645727040817,
    0.537711256377551,
    0.5436344068877551,
    0.5488081951530612,
    0.5578483737244898,
    0.5621173469387755,
    0.5680963010204082,
    0.577180325255102,
    0.5820113201530612,
    0.5868144132653061,
    0.5925701530612245,
    0.598046875,
    0.6050821109693877,
    0.6071986607142857,
    0.611961894132653,
    0.6187260841836735,
    0.622835618622449,
    0.6224649234693878,
    0.6342673788265306,
    0.6330038265306123,
    0.6387117346938775,
    0.6430564413265306,
    0.6443439094387755,
    0.6470782844387755,
    0.6535714285714286,
    0.6545599489795918
  ],
  "test_accuracy": [
    0.2325,
    0.2344,
    0.3028,
    0.2818,
    0.3248,
    0.358,
    0.3892,
    0.3984,
    0.4125,
    0.4035,
    0.4237,
    0.4022,
    0.462,
    0.4359,
    0.4697,
    0.4421,
    0.478,
    0.4795,
    0.4827,
    0.4523,
    0.4973,
    0.484,
    0.5314,
    0.486,
    0.519,
    0.5158,
    0.5131,
    0.5413,
    0.5018,
    0.5268,
    0.5647,
    0.5442,
    0.491,
    0.5555,
    0.5841,
    0.5264,
    0.5746,
    0.6075,
    0.5931,
    0.5776,
    0.5912,
    0.5844,
    0.5221,
    0.5619,
    0.6398,
    0.6351,
    0.6316,
    0.4695,
    0.6132,
    0.654
  ]
}