{
  "setting": "setting_6",
  "train_accuracy": [
    0.23451486572890026,
    0.33639705882352944,
    0.3928828324808184,
    0.4306066176470588,
    0.45903932225063937,
    0.48781170076726343,
    0.5084718670076727,
    0.5358655690537084,
    0.5568454283887468,
    0.5780850383631714,
    0.5930506713554987,
    0.6096147698209718,
    0.6236812659846548,
    0.6358695652173914,
    0.6503556585677749,
    0.6575687340153452,
    0.668278452685422,
    0.6781289961636828,
    0.6836636828644501,
    0.6914362212276215,
    0.6958320012787724,
    0.7024856138107417,
    0.709259111253197,
    0.7131154092071611,
    0.7200087915601023,
    0.7259630754475703,
    0.7297993925831202,
    0.7341951726342711,
    0.7384311061381074,
    0.7424472506393862,
    0.7453644501278772,
    0.7486013427109974,
    0.7526974104859335,
    0.7530770460358056,
    0.760230179028133,
    0.7621882992327366,
    0.7642263427109974,
    0.7689617966751918,
    0.770520300511509,
    0.7738371163682864,
    0.7773737212276215,
    0.7805107097186701,
    0.7823289641943734,
    0.7824688299232737,
    0.7876638427109974,
    0.7872842071611253,
    0.7888626918158568,
    0.7938778772378516,
    0.7953364769820972,
    0.7976542519181585
  ],
  "test_accuracy": [
    0.2774,
    0.2182,
    0.3938,
    0.4195,
    0.4693,
    0.4413,
    0.4197,
    0.4442,
    0.5317,
    0.578,
    0.5644,
    0.568,
    0.5282,
    0.5839,
    0.6132,
    0.5537,
    0.6362,
    0.6691,
    0.6522,
    0.6742,
    0.6566,
    0.6309,
    0.6646,
    0.6612,
    0.6322,
    0.6545,
    0.5856,
    0.6922,
    0.6948,
    0.6794,
    0.7118,
    0.681,
    0.7167,
    0.7017,
    0.7166,
    0.6641,
    0.7343,
    0.7185,
    0.7306,
    0.7025,
    0.7368,
    0.7129,
    0.7598,
    0.7236,
    0.7475,
    0.6755,
    0.6933,
    0.7068,
    0.7602,
    0.7092
  ]
}