{
  "setting": "setting_27",
  "train_accuracy": [
    0.1975263746803069,
    0.2903093030690537,
    0.33553788363171355,
    0.36992487212276215,
    0.4010350063938619,
    0.4235134271099744,
    0.44142822890025574,
    0.45519101662404093,
    0.47002477621483374,
    0.4837316176470588,
    0.4922434462915601,
    0.5080123081841432,
    0.5217790920716112,
    0.5341632033248082,
    0.546755115089514,
    0.5580562659846547,
    0.5723425511508952,
    0.5805506713554988,
    0.5894701086956522,
    0.5977101982097187,
    0.6083320012787724,
    0.6173553388746803,
    0.6232137148337595,
    0.6357856457800511,
    0.6421315537084399,
    0.647374520460358,
    0.6525415601023018,
    0.6615129475703325,
    0.6642623081841432,
    0.6701886189258311,
    0.6781689578005116,
    0.6812180306905371,
    0.6840393222506395,
    0.6869485294117648,
    0.693929827365729,
    0.6960557864450128,
    0.700915121483376,
    0.7033727621483377,
    0.7071291560102302,
    0.7093310421994885,
    0.7133511828644502,
    0.7164042519181585,
    0.7212835677749361,
    0.7232816496163683,
    0.726206841432225,
    0.7268662084398977,
    0.728332800511509,
    0.732312979539642,
    0.7366927749360613,
    0.7401734335038362
  ],
  "test_accuracy": [
    0.2634,
    0.315,
    0.3437,
    0.3779,
    0.4116,
    0.3966,
    0.4609,
    0.4668,
    0.4893,
    0.4665,
    0.4926,
    0.5135,
    0.5317,
    0.5364,
    0.5406,
    0.5624,
    0.5714,
    0.582,
    0.5825,
    0.5711,
    0.6071,
    0.594,
    0.6294,
    0.61,
    0.6445,
    0.6321,
    0.6439,
    0.6558,
    0.6398,
    0.6393,
    0.6609,
    0.6564,
    0.6415,
    0.6887,
    0.6832,
    0.6753,
    0.6875,
    0.6931,
    0.6943,
    0.6602,
    0.6886,
    0.6939,
    0.6748,
    0.6936,
    0.7177,
    0.7136,
    0.704,
    0.6849,
    0.7207,
    0.721
  ]
}