{
  "setting": "setting_22",
  "train_accuracy": [
    0.19764625959079282,
    0.29008951406649613,
    0.3353980179028133,
    0.36967710997442454,
    0.4007552749360614,
    0.4230658567774936,
    0.4414761828644501,
    0.45543078644501284,
    0.4699048913043478,
    0.48357177109974425,
    0.49186381074168795,
    0.507872442455243,
    0.5219309462915601,
    0.53440297314578,
    0.5468430306905371,
    0.5591192455242967,
    0.572582320971867,
    0.5804627557544757,
    0.5905890345268542,
    0.598261668797954,
    0.6094109654731458,
    0.6182145140664962,
    0.6232456841432226,
    0.6364050511508951,
    0.6426990089514066,
    0.6475543478260869,
    0.6527213874680308,
    0.6620204603580563,
    0.6646898976982097,
    0.6707480818414322,
    0.677477621483376,
    0.6802789322250639,
    0.6836197250639386,
    0.6880274936061381,
    0.6927429667519182,
    0.6953924232736572,
    0.699968030690537,
    0.7041240409207161,
    0.7079483695652175,
    0.7107296994884911,
    0.7124320652173913,
    0.7173753196930945,
    0.7218030690537085,
    0.7228660485933504,
    0.7251878196930945,
    0.7273617327365729,
    0.72889226342711,
    0.7328125000000001,
    0.7361932544757033,
    0.739977621483376
  ],
  "test_accuracy": [
    0.2637,
    0.3149,
    0.3437,
    0.3758,
    0.4127,
    0.3972,
    0.4617,
    0.4674,
    0.4885,
    0.4648,
    0.4939,
    0.514,
    0.5316,
    0.5405,
    0.5407,
    0.5618,
    0.5714,
    0.5838,
    0.5822,
    0.5718,
    0.6088,
    0.5929,
    0.6311,
    0.6121,
    0.6456,
    0.6326,
    0.6465,
    0.6578,
    0.637,
    0.6421,
    0.6604,
    0.6557,
    0.6445,
    0.6892,
    0.6862,
    0.6757,
    0.689,
    0.6936,
    0.6907,
    0.6616,
    0.6871,
    0.6958,
    0.6698,
    0.6944,
    0.7187,
    0.7149,
    0.7066,
    0.6877,
    0.7185,
    0.7222
  ]
}