{
  "setting": "setting_4",
  "train_accuracy": [
    0.12972052660349856,
    0.19104846179543244,
    0.23423833819241982,
    0.26167889030612246,
    0.2824306061710398,
    0.30224941539115646,
    0.3114010112973761,
    0.3217996461977648,
    0.33506817905733727,
    0.3450340515670554,
    0.35227617832847424,
    0.3650654458211856,
    0.3742502581389699,
    0.3840993986880466,
    0.3927309204931973,
    0.4048786367225462,
    0.40984021956997085,
    0.4171582695578231,
    0.42379395954810495,
    0.42800105533284744,
    0.4339771622934888,
    0.43737377763605445,
    0.4441802948858115,
    0.45151068239795916,
    0.45442423621234207,
    0.4575181076895044,
    0.4636052523688046,
    0.46668393920068024,
    0.46819955660835766,
    0.47364609906462585,
    0.4762066098760933,
    0.47927865342565595,
    0.4841918352162293,
    0.4868168807701652,
    0.4912090394193392,
    0.49542847272837703,
    0.4943608023566569,
    0.501305879494655,
    0.503888218233722,
    0.5064876396987367,
    0.5109452821307094,
    0.5167126002186588,
    0.5177736273080661,
    0.5228899037293488,
    0.5254228923712342,
    0.5331272017735665,
    0.5286401390913508,
    0.5374519785592808,
    0.5350955114188533,
    0.5424173575680272
  ],
  "test_accuracy": [
    0.1707,
    0.2366,
    0.2489,
    0.2814,
    0.2832,
    0.3043,
    0.296,
    0.3447,
    0.3488,
    0.3592,
    0.3429,
    0.3775,
    0.3845,
    0.4118,
    0.4024,
    0.4144,
    0.4093,
    0.4125,
    0.4275,
    0.4347,
    0.4555,
    0.4435,
    0.4574,
    0.4443,
    0.4578,
    0.4645,
    0.4695,
    0.4585,
    0.457,
    0.4767,
    0.4784,
    0.4738,
    0.4905,
    0.489,
    0.4604,
    0.5069,
    0.4877,
    0.4963,
    0.527,
    0.48,
    0.4958,
    0.5331,
    0.5217,
    0.49,
    0.5261,
    0.511,
    0.5205,
    0.5152,
    0.5481,
    0.5444
  ]
}