{
  "setting": "setting_10",
  "train_accuracy": [
    0.10836196211975356,
    0.1545322728147863,
    0.17875869392568347,
    0.212440511287062,
    0.22863144373315364,
    0.24903133423180593,
    0.2559985078937235,
    0.274768663361571,
    0.2825680021418945,
    0.2921264319407008,
    0.2998780142953408,
    0.30354811441085866,
    0.30745098009722754,
    0.31659953191182133,
    0.325855253658067,
    0.32598160136696186,
    0.3353584063342318,
    0.3396440754957643,
    0.3430494470783596,
    0.3481078678523296,
    0.35947690544378125,
    0.3641175515017328,
    0.3634685153542549,
    0.3745773368309588,
    0.37912585435117446,
    0.3822352865084713,
    0.38526499927801305,
    0.3901895516461302,
    0.39346067878802465,
    0.40080463936753946,
    0.40428935430304197,
    0.405723551212938,
    0.4115340416827108,
    0.41303968521370815,
    0.42012643795725835,
    0.42483477028783206,
    0.42317006401617246,
    0.42837852269445514,
    0.4322667230217559,
    0.439430186874278,
    0.43593306278879473,
    0.44355453708606085,
    0.4393124879668849,
    0.44411407693973814,
    0.45057773994031575,
    0.44900177789276086,
    0.45005655564112435,
    0.4572918421495957,
    0.45650028879476323,
    0.459697713106469
  ],
  "test_accuracy": [
    0.1398,
    0.1708,
    0.201,
    0.2091,
    0.2548,
    0.2477,
    0.2815,
    0.3014,
    0.2864,
    0.2958,
    0.2631,
    0.3246,
    0.3386,
    0.3155,
    0.3452,
    0.3486,
    0.3114,
    0.3432,
    0.3568,
    0.3782,
    0.3838,
    0.3733,
    0.3783,
    0.4007,
    0.3977,
    0.4032,
    0.381,
    0.4053,
    0.3964,
    0.4193,
    0.4073,
    0.4235,
    0.4208,
    0.4162,
    0.4046,
    0.408,
    0.4155,
    0.4498,
    0.4408,
    0.4381,
    0.4281,
    0.4208,
    0.4552,
    0.4442,
    0.4536,
    0.454,
    0.4554,
    0.4683,
    0.456,
    0.4465
  ]
}