{
  "setting": "setting_11",
  "train_accuracy": [
    0.23407528772378516,
    0.3369365409207161,
    0.39362212276214836,
    0.4312260230179028,
    0.4592790920716113,
    0.4865329283887468,
    0.5083919437340153,
    0.5364050511508951,
    0.5554068094629157,
    0.5776454603580563,
    0.5920915920716112,
    0.6091552109974424,
    0.6227221867007673,
    0.6355698529411765,
    0.6502557544757033,
    0.6567495204603581,
    0.6691576086956522,
    0.6765704923273658,
    0.6841432225063938,
    0.6911365089514067,
    0.6945931905370843,
    0.7010669757033248,
    0.709139226342711,
    0.7127757352941176,
    0.7187100383631714,
    0.7257632672634271,
    0.7291999680306905,
    0.7338355179028133,
    0.7378117007672634,
    0.7429667519181585,
    0.7459039322250639,
    0.7478420716112532,
    0.75309702685422,
    0.7531969309462916,
    0.7592311381074168,
    0.7619485294117647,
    0.7642862851662404,
    0.7683024296675192,
    0.770520300511509,
    0.774616368286445,
    0.7762348145780051,
    0.7806505754475703,
    0.781309942455243,
    0.7837476023017903,
    0.787384111253197,
    0.7884630754475703,
    0.7899416560102301,
    0.7928788363171355,
    0.7948369565217391,
    0.796994884910486
  ],
  "test_accuracy": [
    0.2799,
    0.2216,
    0.3943,
    0.4179,
    0.4691,
    0.4394,
    0.4175,
    0.4373,
    0.5282,
    0.5772,
    0.5609,
    0.5637,
    0.5228,
    0.581,
    0.6079,
    0.559,
    0.6311,
    0.6673,
    0.656,
    0.6752,
    0.6574,
    0.64,
    0.6682,
    0.6575,
    0.6332,
    0.6557,
    0.5859,
    0.6934,
    0.6963,
    0.6854,
    0.7131,
    0.6745,
    0.7164,
    0.7084,
    0.7144,
    0.6757,
    0.7211,
    0.7172,
    0.7271,
    0.7088,
    0.7395,
    0.7148,
    0.7542,
    0.7225,
    0.747,
    0.6823,
    0.6739,
    0.6994,
    0.7604,
    0.7173
  ]
}