{
  "setting": "setting_1",
  "train_accuracy": [
    0.2339354219948849,
    0.3362971547314578,
    0.39330242966751916,
    0.43152573529411764,
    0.45893941815856776,
    0.4868726023017903,
    0.5081721547314578,
    0.5352461636828645,
    0.555866368286445,
    0.5774256713554987,
    0.592511189258312,
    0.608076246803069,
    0.6230218989769821,
    0.6350703324808185,
    0.650175831202046,
    0.6576486572890026,
    0.6681585677749361,
    0.6770500319693095,
    0.6845628196930946,
    0.6918957800511509,
    0.695192615089514,
    0.7026054987212276,
    0.7096787084398977,
    0.712675831202046,
    0.7196691176470589,
    0.7254036125319693,
    0.7289202365728901,
    0.7341552109974424,
    0.739030530690537,
    0.7418877877237852,
    0.7457640664961637,
    0.7489210358056266,
    0.7523377557544757,
    0.7537364130434783,
    0.758991368286445,
    0.761968510230179,
    0.7651854219948849,
    0.7683623721227621,
    0.7713594948849105,
    0.774056905370844,
    0.777653452685422,
    0.7791520140664961,
    0.7803908248081841,
    0.7836277173913043,
    0.7882233056265985,
    0.7879835358056266,
    0.7898417519181585,
    0.7935781649616368,
    0.7936980498721228,
    0.7965353260869565
  ],
  "test_accuracy": [
    0.2804,
    0.2177,
    0.3935,
    0.4181,
    0.4692,
    0.4413,
    0.4183,
    0.4352,
    0.5297,
    0.5776,
    0.565,
    0.5716,
    0.527,
    0.5767,
    0.6064,
    0.5684,
    0.6336,
    0.6684,
    0.6495,
    0.6761,
    0.6626,
    0.6369,
    0.6748,
    0.6587,
    0.6268,
    0.6546,
    0.6019,
    0.6957,
    0.6888,
    0.6778,
    0.7112,
    0.6799,
    0.721,
    0.6969,
    0.7121,
    0.6756,
    0.7133,
    0.7146,
    0.7378,
    0.7112,
    0.7434,
    0.7155,
    0.7587,
    0.7203,
    0.7479,
    0.6761,
    0.6681,
    0.6965,
    0.7597,
    0.7052
  ]
}