{
  "setting": "setting_15",
  "train_accuracy": [
    0.10840182181363112,
    0.1545322728147863,
    0.1787387640787447,
    0.21248037098093955,
    0.2284080790335002,
    0.24889596168656142,
    0.2558548625818252,
    0.274768663361571,
    0.2825480722949557,
    0.2921504981709665,
    0.3004642526232191,
    0.3037357557999615,
    0.30785371341933,
    0.31744410618020796,
    0.32607937042741625,
    0.32466134301598,
    0.33632744813727383,
    0.3392770654842126,
    0.3429422771467077,
    0.3477092709135541,
    0.359687860993454,
    0.3628371528446284,
    0.3636794709039276,
    0.3741388801983057,
    0.3785396160232961,
    0.38133844339622636,
    0.38557635613207547,
    0.3907035912832114,
    0.3935644644060455,
    0.40064933697535615,
    0.4042927386166731,
    0.40542873989218325,
    0.4118769854639969,
    0.4131351980650751,
    0.42054496474297265,
    0.42487538205140546,
    0.4236100247882172,
    0.4291956464189449,
    0.43162896791971506,
    0.4391071729399307,
    0.4360127821765498,
    0.44384182770985753,
    0.43986225091451675,
    0.44390650570369655,
    0.4496925539083558,
    0.44873855349922986,
    0.4500964153350019,
    0.45705268398633037,
    0.4569861258182518,
    0.4598812181122449
  ],
  "test_accuracy": [
    0.1398,
    0.1708,
    0.2009,
    0.2092,
    0.255,
    0.2477,
    0.2815,
    0.3016,
    0.2861,
    0.2961,
    0.2622,
    0.3243,
    0.3387,
    0.3223,
    0.3399,
    0.3444,
    0.316,
    0.3425,
    0.3566,
    0.3784,
    0.3765,
    0.3703,
    0.3779,
    0.4007,
    0.3985,
    0.4042,
    0.3807,
    0.4051,
    0.3967,
    0.4199,
    0.4108,
    0.4235,
    0.4211,
    0.4163,
    0.4048,
    0.4084,
    0.4337,
    0.4507,
    0.441,
    0.4378,
    0.428,
    0.4207,
    0.4548,
    0.4449,
    0.4538,
    0.4547,
    0.4564,
    0.469,
    0.4555,
    0.4468
  ]
}