{
  "setting": "setting_28",
  "train_accuracy": [
    0.15964604591836734,
    0.2392657844387755,
    0.2860530931122449,
    0.31268335459183677,
    0.33883131377551023,
    0.35536511479591837,
    0.3715601084183674,
    0.3878388073979592,
    0.40769690688775506,
    0.4222417091836735,
    0.4320591517857143,
    0.44298070790816324,
    0.44856903698979594,
    0.4558035714285715,
    0.46491151147959187,
    0.4727160395408163,
    0.48170838647959185,
    0.48325095663265305,
    0.49033003826530613,
    0.4970982142857143,
    0.5059749681122448,
    0.5130141900510204,
    0.5186224489795919,
    0.5267897002551021,
    0.5351004464285715,
    0.5376913265306122,
    0.5440130739795919,
    0.5495256696428571,
    0.5574497767857143,
    0.5621372767857142,
    0.5684789540816326,
    0.5768415178571429,
    0.5826092155612245,
    0.5869539221938775,
    0.5927335778061225,
    0.5973652742346939,
    0.6052455357142857,
    0.6082389987244898,
    0.6128547512755101,
    0.6190090880102042,
    0.6237563775510204,
    0.6227838010204082,
    0.6341717155612245,
    0.6326251594387755,
    0.6390505420918368,
    0.6438097895408164,
    0.6443239795918367,
    0.6477359693877551,
    0.6541653380102042,
    0.6546675701530612
  ],
  "test_accuracy": [
    0.2325,
    0.2338,
    0.3033,
    0.2823,
    0.3251,
    0.3579,
    0.3912,
    0.3983,
    0.411,
    0.4039,
    0.4242,
    0.4033,
    0.4613,
    0.4349,
    0.4694,
    0.443,
    0.4777,
    0.4795,
    0.4826,
    0.4528,
    0.4966,
    0.4839,
    0.5296,
    0.4857,
    0.5197,
    0.5174,
    0.5132,
    0.5418,
    0.5024,
    0.5265,
    0.5635,
    0.5441,
    0.49,
    0.5543,
    0.5859,
    0.5268,
    0.5766,
    0.6069,
    0.594,
    0.5763,
    0.5913,
    0.5877,
    0.5192,
    0.566,
    0.6379,
    0.633,
    0.6305,
    0.4684,
    0.6071,
    0.653
  ]
}