{
  "setting": "setting_12",
  "train_accuracy": [
    0.1975263746803069,
    0.2901494565217391,
    0.3353380754475703,
    0.3694852941176471,
    0.4006154092071611,
    0.4236213235294118,
    0.4420276534526854,
    0.45541879795396417,
    0.4699248721227621,
    0.48365968670076726,
    0.4918837915601023,
    0.5078125,
    0.5211397058823529,
    0.5343550191815857,
    0.5471467391304348,
    0.5586796675191815,
    0.5716232416879795,
    0.5810901534526854,
    0.590449168797954,
    0.5987691815856777,
    0.6085957480818415,
    0.6183383951406649,
    0.6243566176470589,
    0.6356457800511509,
    0.6435621803069054,
    0.6482536764705882,
    0.6528812340153453,
    0.6615489130434782,
    0.6650495524296676,
    0.6715473145780051,
    0.677685421994885,
    0.6816016624040921,
    0.6836197250639386,
    0.6883312020460358,
    0.6938339194373402,
    0.6955842391304348,
    0.7016144501278773,
    0.7042199488491049,
    0.7075007992327366,
    0.7106897378516623,
    0.7131713554987212,
    0.7161964514066496,
    0.7208959398976983,
    0.7234335038363172,
    0.726210837595908,
    0.7270580242966752,
    0.7280330882352941,
    0.7322730179028134,
    0.737000479539642,
    0.7392742966751917
  ],
  "test_accuracy": [
    0.264,
    0.3155,
    0.3417,
    0.3766,
    0.4128,
    0.3979,
    0.4613,
    0.466,
    0.4901,
    0.4647,
    0.4929,
    0.5128,
    0.53,
    0.5405,
    0.5408,
    0.5628,
    0.5716,
    0.5855,
    0.5828,
    0.5724,
    0.6069,
    0.5934,
    0.6299,
    0.6089,
    0.6451,
    0.6339,
    0.6464,
    0.6574,
    0.6405,
    0.6397,
    0.6632,
    0.6584,
    0.6445,
    0.6867,
    0.6825,
    0.6771,
    0.6868,
    0.6927,
    0.6965,
    0.6597,
    0.687,
    0.6912,
    0.6684,
    0.6962,
    0.7166,
    0.7115,
    0.7041,
    0.6812,
    0.7185,
    0.7224
  ]
}