{
  "setting": "setting_9",
  "train_accuracy": [
    0.09974888392857142,
    0.10001461522108845,
    0.10001461522108845,
    0.10001461522108845,
    0.10001461522108843,
    0.10001461522108843,
    0.10001461522108845,
    0.10001461522108845,
    0.10001461522108843,
    0.10001461522108845,
    0.10001461522108843,
    0.10001461522108845,
    0.10001461522108843,
    0.10001461522108843,
    0.10001461522108843,
    0.10001461522108845,
    0.10001461522108845,
    0.10001461522108845,
    0.10001461522108845,
    0.10001461522108845,
    0.10001461522108843,
    0.10001461522108843,
    0.10001461522108843,
    0.10001461522108845,
    0.10001461522108843,
    0.10001461522108845,
    0.10001461522108845,
    0.10001461522108845,
    0.10001461522108843,
    0.10001461522108845,
    0.10001461522108845,
    0.10001461522108843,
    0.10001461522108845,
    0.10001461522108843,
    0.10001461522108845,
    0.10001461522108845,
    0.10001461522108845,
    0.10001461522108843,
    0.10001461522108843,
    0.10001461522108845,
    0.10001461522108843,
    0.10001461522108843,
    0.10001461522108845,
    0.10001461522108843,
    0.10001461522108845,
    0.10001461522108845,
    0.10001461522108845,
    0.10001461522108845,
    0.10001461522108845,
    0.10001461522108845
  ],
  "test_accuracy": [
    0.1,
    0.1,
    0.1,
    0.1,
    0.1,
    0.1,
    0.1,
    0.1,
    0.1,
    0.1,
    0.1,
    0.1,
    0.1,
    0.1,
    0.1,
    0.1,
    0.1,
    0.1,
    0.1,
    0.1,
    0.1,
    0.1,
    0.1,
    0.1,
    0.1,
    0.1,
    0.1,
    0.1,
    0.1,
    0.1,
    0.1,
    0.1,
    0.1,
    0.1,
    0.1,
    0.1,
    0.1,
    0.1,
    0.1,
    0.1,
    0.1,
    0.1,
    0.1,
    0.1,
    0.1,
    0.1,
    0.1,
    0.1,
    0.1,
    0.1
  ]
}