{
  "setting": "setting_5",
  "train_accuracy": [
    0.10285982022525991,
    0.09999255451001154,
    0.09999255451001154,
    0.09999255451001154,
    0.09999255451001154,
    0.09999255451001154,
    0.09999255451001154,
    0.09999255451001154,
    0.09999255451001154,
    0.09999255451001154,
    0.09999255451001154,
    0.09999255451001154,
    0.09999255451001154,
    0.09999255451001154,
    0.09999255451001154,
    0.09999255451001154,
    0.09999255451001154,
    0.09999255451001154,
    0.09999255451001154,
    0.09999255451001154,
    0.09999255451001154,
    0.09999255451001154,
    0.09999255451001154,
    0.09999255451001154,
    0.09999255451001154,
    0.09999255451001154,
    0.09999255451001154,
    0.09999255451001154,
    0.09999255451001154,
    0.09999255451001154,
    0.09999255451001154,
    0.09999255451001154,
    0.09999255451001154,
    0.09999255451001154,
    0.09999255451001154,
    0.09999255451001154,
    0.09999255451001154,
    0.09999255451001154,
    0.09999255451001154,
    0.09999255451001154,
    0.09999255451001154,
    0.09999255451001154,
    0.09999255451001154,
    0.09999255451001154,
    0.09999255451001154,
    0.09999255451001154,
    0.09999255451001154,
    0.09999255451001154,
    0.09999255451001154,
    0.09999255451001154
  ],
  "test_accuracy": [
    0.1,
    0.1,
    0.1,
    0.1,
    0.1,
    0.1,
    0.1,
    0.1,
    0.1,
    0.1,
    0.1,
    0.1,
    0.1,
    0.1,
    0.1,
    0.1,
    0.1,
    0.1,
    0.1,
    0.1,
    0.1,
    0.1,
    0.1,
    0.1,
    0.1,
    0.1,
    0.1,
    0.1,
    0.1,
    0.1,
    0.1,
    0.1,
    0.1,
    0.1,
    0.1,
    0.1,
    0.1,
    0.1,
    0.1,
    0.1,
    0.1,
    0.1,
    0.1,
    0.1,
    0.1,
    0.1,
    0.1,
    0.1,
    0.1,
    0.1
  ]
}