{
  "setting": "setting_4",
  "train_accuracy": [
    0.10081180909863947,
    0.10001461522108843,
    0.10001461522108845,
    0.10001461522108845,
    0.10001461522108845,
    0.10001461522108845,
    0.10001461522108843,
    0.10001461522108845,
    0.10001461522108843,
    0.10001461522108845,
    0.10001461522108845,
    0.10001461522108845,
    0.10001461522108845,
    0.10001461522108845,
    0.10001461522108843,
    0.10001461522108845,
    0.10001461522108845,
    0.10001461522108843,
    0.10001461522108845,
    0.10001461522108845,
    0.10001461522108843,
    0.10001461522108845,
    0.10001461522108845,
    0.10001461522108843,
    0.10001461522108845,
    0.10001461522108843,
    0.10001461522108845,
    0.10001461522108843,
    0.10001461522108845,
    0.10001461522108843,
    0.10001461522108845,
    0.10001461522108845,
    0.10001461522108843,
    0.10001461522108843,
    0.10001461522108843,
    0.10001461522108843,
    0.10001461522108845,
    0.10001461522108845,
    0.10001461522108843,
    0.10001461522108845,
    0.10001461522108845,
    0.10001461522108843,
    0.10001461522108845,
    0.10001461522108843,
    0.10001461522108843,
    0.10001461522108845,
    0.10001461522108845,
    0.10001461522108843,
    0.10001461522108843,
    0.10001461522108843
  ],
  "test_accuracy": [
    0.1,
    0.1,
    0.1,
    0.1,
    0.1,
    0.1,
    0.1,
    0.1,
    0.1,
    0.1,
    0.1,
    0.1,
    0.1,
    0.1,
    0.1,
    0.1,
    0.1,
    0.1,
    0.1,
    0.1,
    0.1,
    0.1,
    0.1,
    0.1,
    0.1,
    0.1,
    0.1,
    0.1,
    0.1,
    0.1,
    0.1,
    0.1,
    0.1,
    0.1,
    0.1,
    0.1,
    0.1,
    0.1,
    0.1,
    0.1,
    0.1,
    0.1,
    0.1,
    0.1,
    0.1,
    0.1,
    0.1,
    0.1,
    0.1,
    0.1
  ]
}