{
  "setting": "setting_10",
  "train_accuracy": [
    0.10152940893338468,
    0.09999255451001154,
    0.09999255451001154,
    0.09999255451001154,
    0.09999255451001154,
    0.09999255451001154,
    0.09999255451001154,
    0.09999255451001154,
    0.09999255451001154,
    0.09999255451001154,
    0.09999255451001154,
    0.09999255451001154,
    0.09999255451001154,
    0.09999255451001154,
    0.09999255451001154,
    0.09999255451001154,
    0.09999255451001154,
    0.09999255451001154,
    0.09999255451001154,
    0.09999255451001154,
    0.09999255451001154,
    0.09999255451001154,
    0.09999255451001154,
    0.09999255451001154,
    0.09999255451001154,
    0.09999255451001154,
    0.09999255451001154,
    0.09999255451001154,
    0.09999255451001154,
    0.09999255451001154,
    0.09999255451001154,
    0.09999255451001154,
    0.09999255451001154,
    0.09999255451001154,
    0.09999255451001154,
    0.09999255451001154,
    0.09999255451001154,
    0.09999255451001154,
    0.09999255451001154,
    0.09999255451001154,
    0.09999255451001154,
    0.09999255451001154,
    0.09999255451001154,
    0.09999255451001154,
    0.09999255451001154,
    0.09999255451001154,
    0.09999255451001154,
    0.09999255451001154,
    0.09999255451001154,
    0.09999255451001154
  ],
  "test_accuracy": [
    0.1,
    0.1,
    0.1,
    0.1,
    0.1,
    0.1,
    0.1,
    0.1,
    0.1,
    0.1,
    0.1,
    0.1,
    0.1,
    0.1,
    0.1,
    0.1,
    0.1,
    0.1,
    0.1,
    0.1,
    0.1,
    0.1,
    0.1,
    0.1,
    0.1,
    0.1,
    0.1,
    0.1,
    0.1,
    0.1,
    0.1,
    0.1,
    0.1,
    0.1,
    0.1,
    0.1,
    0.1,
    0.1,
    0.1,
    0.1,
    0.1,
    0.1,
    0.1,
    0.1,
    0.1,
    0.1,
    0.1,
    0.1,
    0.1,
    0.1
  ]
}