{
  "setting": "setting_14",
  "train_accuracy": [
    0.10004593355199222,
    0.10001461522108845,
    0.10001461522108845,
    0.10001461522108843,
    0.10001461522108845,
    0.10001461522108845,
    0.10001461522108843,
    0.10001461522108843,
    0.10001461522108845,
    0.10001461522108845,
    0.10001461522108845,
    0.10001461522108843,
    0.10001461522108843,
    0.10001461522108845,
    0.10001461522108843,
    0.10001461522108843,
    0.10001461522108843,
    0.10001461522108845,
    0.10001461522108843,
    0.10001461522108843,
    0.10001461522108845,
    0.10001461522108845,
    0.10001461522108845,
    0.10001461522108845,
    0.10001461522108843,
    0.10001461522108843,
    0.10001461522108845,
    0.10001461522108843,
    0.10001461522108843,
    0.10001461522108843,
    0.10001461522108843,
    0.10001461522108845,
    0.10001461522108845,
    0.10001461522108843,
    0.10001461522108843,
    0.10001461522108845,
    0.10001461522108845,
    0.10001461522108843,
    0.10001461522108845,
    0.10001461522108845,
    0.10001461522108843,
    0.10001461522108845,
    0.10001461522108845,
    0.10001461522108845,
    0.10001461522108845,
    0.10001461522108845,
    0.10001461522108843,
    0.10001461522108845,
    0.10001461522108845,
    0.10001461522108845
  ],
  "test_accuracy": [
    0.1,
    0.1,
    0.1,
    0.1,
    0.1,
    0.1,
    0.1,
    0.1,
    0.1,
    0.1,
    0.1,
    0.1,
    0.1,
    0.1,
    0.1,
    0.1,
    0.1,
    0.1,
    0.1,
    0.1,
    0.1,
    0.1,
    0.1,
    0.1,
    0.1,
    0.1,
    0.1,
    0.1,
    0.1,
    0.1,
    0.1,
    0.1,
    0.1,
    0.1,
    0.1,
    0.1,
    0.1,
    0.1,
    0.1,
    0.1,
    0.1,
    0.1,
    0.1,
    0.1,
    0.1,
    0.1,
    0.1,
    0.1,
    0.1,
    0.1
  ]
}