{
  "setting": "setting_30",
  "train_accuracy": [
    0.10039115144878706,
    0.09999255451001154,
    0.09999255451001154,
    0.09999255451001154,
    0.09999255451001154,
    0.09999255451001154,
    0.09999255451001154,
    0.09999255451001154,
    0.09999255451001154,
    0.09999255451001154,
    0.09999255451001154,
    0.09999255451001154,
    0.09999255451001154,
    0.09999255451001154,
    0.09999255451001154,
    0.09999255451001154,
    0.09999255451001154,
    0.09999255451001154,
    0.09999255451001154,
    0.09999255451001154,
    0.09999255451001154,
    0.09999255451001154,
    0.09999255451001154,
    0.09999255451001154,
    0.09999255451001154,
    0.09999255451001154,
    0.09999255451001154,
    0.09999255451001154,
    0.09999255451001154,
    0.09999255451001154,
    0.09999255451001154,
    0.09999255451001154,
    0.09999255451001154,
    0.09999255451001154,
    0.09999255451001154,
    0.09999255451001154,
    0.09999255451001154,
    0.09999255451001154,
    0.09999255451001154,
    0.09999255451001154,
    0.09999255451001154,
    0.09999255451001154,
    0.09999255451001154,
    0.09999255451001154,
    0.09999255451001154,
    0.09999255451001154,
    0.09999255451001154,
    0.09999255451001154,
    0.09999255451001154,
    0.09999255451001154
  ],
  "test_accuracy": [
    0.1,
    0.1,
    0.1,
    0.1,
    0.1,
    0.1,
    0.1,
    0.1,
    0.1,
    0.1,
    0.1,
    0.1,
    0.1,
    0.1,
    0.1,
    0.1,
    0.1,
    0.1,
    0.1,
    0.1,
    0.1,
    0.1,
    0.1,
    0.1,
    0.1,
    0.1,
    0.1,
    0.1,
    0.1,
    0.1,
    0.1,
    0.1,
    0.1,
    0.1,
    0.1,
    0.1,
    0.1,
    0.1,
    0.1,
    0.1,
    0.1,
    0.1,
    0.1,
    0.1,
    0.1,
    0.1,
    0.1,
    0.1,
    0.1,
    0.1
  ]
}