{
  "setting": "setting_21",
  "train_accuracy": [
    0.10002397698209718,
    0.10008391943734016,
    0.10008391943734016,
    0.10008391943734016,
    0.10008391943734016,
    0.10008391943734016,
    0.10008391943734016,
    0.10008391943734016,
    0.10008391943734016,
    0.10008391943734016,
    0.10008391943734016,
    0.10008391943734016,
    0.10008391943734016,
    0.10008391943734016,
    0.10008391943734016,
    0.10008391943734016,
    0.10008391943734016,
    0.10008391943734016,
    0.10008391943734016,
    0.10008391943734016,
    0.10008391943734016,
    0.10008391943734016,
    0.10008391943734016,
    0.10008391943734016,
    0.10008391943734016,
    0.10008391943734016,
    0.10008391943734016,
    0.10008391943734016,
    0.10008391943734016,
    0.10008391943734016,
    0.10008391943734016,
    0.10008391943734016,
    0.10008391943734016,
    0.10008391943734016,
    0.10008391943734016,
    0.10008391943734016,
    0.10008391943734016,
    0.10008391943734016,
    0.10008391943734016,
    0.10008391943734016,
    0.10008391943734016,
    0.10008391943734016,
    0.10008391943734016,
    0.10008391943734016,
    0.10008391943734016,
    0.10008391943734016,
    0.10008391943734016,
    0.10008391943734016,
    0.10008391943734016,
    0.10008391943734016
  ],
  "test_accuracy": [
    0.1,
    0.1,
    0.1,
    0.1,
    0.1,
    0.1,
    0.1,
    0.1,
    0.1,
    0.1,
    0.1,
    0.1,
    0.1,
    0.1,
    0.1,
    0.1,
    0.1,
    0.1,
    0.1,
    0.1,
    0.1,
    0.1,
    0.1,
    0.1,
    0.1,
    0.1,
    0.1,
    0.1,
    0.1,
    0.1,
    0.1,
    0.1,
    0.1,
    0.1,
    0.1,
    0.1,
    0.1,
    0.1,
    0.1,
    0.1,
    0.1,
    0.1,
    0.1,
    0.1,
    0.1,
    0.1,
    0.1,
    0.1,
    0.1,
    0.1
  ]
}