{
  "setting": "setting_15",
  "train_accuracy": [
    0.10339980626684636,
    0.10415789252021562,
    0.09999255451001154,
    0.09999255451001154,
    0.09999255451001154,
    0.09999255451001154,
    0.09999255451001154,
    0.09999255451001154,
    0.09999255451001154,
    0.09999255451001154,
    0.09999255451001154,
    0.09999255451001154,
    0.09999255451001154,
    0.09999255451001154,
    0.09999255451001154,
    0.09999255451001154,
    0.09999255451001154,
    0.09999255451001154,
    0.09999255451001154,
    0.09999255451001154,
    0.09999255451001154,
    0.09999255451001154,
    0.09999255451001154,
    0.09999255451001154,
    0.09999255451001154,
    0.09999255451001154,
    0.09999255451001154,
    0.09999255451001154,
    0.09999255451001154,
    0.09999255451001154,
    0.09999255451001154,
    0.09999255451001154,
    0.09999255451001154,
    0.09999255451001154,
    0.09999255451001154,
    0.09999255451001154,
    0.09999255451001154,
    0.09999255451001154,
    0.09999255451001154,
    0.09999255451001154,
    0.09999255451001154,
    0.09999255451001154,
    0.09999255451001154,
    0.09999255451001154,
    0.09999255451001154,
    0.09999255451001154,
    0.09999255451001154,
    0.09999255451001154,
    0.09999255451001154,
    0.09999255451001154
  ],
  "test_accuracy": [
    0.10010000000000001,
    0.1,
    0.1,
    0.1,
    0.1,
    0.1,
    0.1,
    0.1,
    0.1,
    0.1,
    0.1,
    0.1,
    0.1,
    0.1,
    0.1,
    0.1,
    0.1,
    0.1,
    0.1,
    0.1,
    0.1,
    0.1,
    0.1,
    0.1,
    0.1,
    0.1,
    0.1,
    0.1,
    0.1,
    0.1,
    0.1,
    0.1,
    0.1,
    0.1,
    0.1,
    0.1,
    0.1,
    0.1,
    0.1,
    0.1,
    0.1,
    0.1,
    0.1,
    0.1,
    0.1,
    0.1,
    0.1,
    0.1,
    0.1,
    0.1
  ]
}