{
  "setting": "setting_24",
  "train_accuracy": [
    0.10039328231292519,
    0.10001461522108845,
    0.10001461522108843,
    0.10001461522108845,
    0.10001461522108843,
    0.10001461522108845,
    0.10001461522108845,
    0.10001461522108845,
    0.10001461522108845,
    0.10001461522108845,
    0.10001461522108843,
    0.10001461522108843,
    0.10001461522108843,
    0.10001461522108845,
    0.10001461522108843,
    0.10001461522108843,
    0.10001461522108845,
    0.10001461522108845,
    0.10001461522108843,
    0.10001461522108845,
    0.10001461522108843,
    0.10001461522108843,
    0.10001461522108845,
    0.10001461522108845,
    0.10001461522108843,
    0.10001461522108845,
    0.10001461522108845,
    0.10001461522108845,
    0.10001461522108845,
    0.10001461522108843,
    0.10001461522108843,
    0.10001461522108845,
    0.10001461522108845,
    0.10001461522108843,
    0.10001461522108843,
    0.10001461522108843,
    0.10001461522108845,
    0.10001461522108845,
    0.10001461522108843,
    0.10001461522108843,
    0.10001461522108843,
    0.10001461522108845,
    0.10001461522108845,
    0.10001461522108843,
    0.10001461522108843,
    0.10001461522108843,
    0.10001461522108843,
    0.10001461522108845,
    0.10001461522108845,
    0.10001461522108843
  ],
  "test_accuracy": [
    0.1,
    0.1,
    0.1,
    0.1,
    0.1,
    0.1,
    0.1,
    0.1,
    0.1,
    0.1,
    0.1,
    0.1,
    0.1,
    0.1,
    0.1,
    0.1,
    0.1,
    0.1,
    0.1,
    0.1,
    0.1,
    0.1,
    0.1,
    0.1,
    0.1,
    0.1,
    0.1,
    0.1,
    0.1,
    0.1,
    0.1,
    0.1,
    0.1,
    0.1,
    0.1,
    0.1,
    0.1,
    0.1,
    0.1,
    0.1,
    0.1,
    0.1,
    0.1,
    0.1,
    0.1,
    0.1,
    0.1,
    0.1,
    0.1,
    0.1
  ]
}