{
  "setting": "setting_29",
  "train_accuracy": [
    0.08945412404092072,
    0.09089274296675191,
    0.07372921994884911,
    0.07340952685421995,
    0.09522858056265984,
    0.09818574168797954,
    0.10985453964194374,
    0.10537883631713554,
    0.09560821611253197,
    0.10014386189258312,
    0.10449968030690537,
    0.10829603580562659,
    0.116008631713555,
    0.12561940537084398,
    0.13740808823529413,
    0.12835677749360613,
    0.12739769820971866,
    0.13261269181585678,
    0.13507033248081843,
    0.1464593989769821,
    0.14014546035805628,
    0.1499760230179028,
    0.15748881074168797,
    0.15770859974424553,
    0.14739849744245526,
    0.15233375959079284,
    0.15954683503836317,
    0.16825847186700768,
    0.16312340153452684,
    0.1718949808184143,
    0.17203484654731457,
    0.17509191176470587,
    0.18410326086956522,
    0.18240489130434784,
    0.18775975063938619,
    0.1987292199488491,
    0.20794037723785166,
    0.21321531329923274,
    0.21625239769820973,
    0.22358535805626598,
    0.22904012148337596,
    0.23611333120204603,
    0.23863091432225064,
    0.23493446291560102,
    0.2382512787723785,
    0.24582400895140666,
    0.24076886189258312,
    0.24636349104859334,
    0.23693254475703324,
    0.23511429028132994
  ],
  "test_accuracy": [
    0.1076,
    0.07519999999999999,
    0.076,
    0.0807,
    0.0974,
    0.11610000000000001,
    0.10669999999999999,
    0.0876,
    0.0988,
    0.1006,
    0.1036,
    0.11000000000000001,
    0.1137,
    0.13230000000000003,
    0.1319,
    0.1242,
    0.134,
    0.1344,
    0.1414,
    0.14179999999999998,
    0.1544,
    0.14850000000000002,
    0.16799999999999998,
    0.1515,
    0.1517,
    0.15009999999999998,
    0.1641,
    0.16179999999999997,
    0.1737,
    0.1665,
    0.1727,
    0.1834,
    0.17619999999999997,
    0.1892,
    0.19490000000000002,
    0.19980000000000003,
    0.20940000000000003,
    0.21549999999999997,
    0.22079999999999997,
    0.22979999999999995,
    0.2383,
    0.251,
    0.24040000000000003,
    0.23699999999999996,
    0.24570000000000003,
    0.24749999999999997,
    0.24909999999999996,
    0.2516,
    0.2419,
    0.24490000000000003
  ]
}