{
  "setting": "setting_10",
  "train_accuracy": [
    0.061161285166240406,
    0.06641624040920716,
    0.08433903452685422,
    0.09614769820971868,
    0.09420955882352941,
    0.09850543478260869,
    0.10370044757033248,
    0.10042359335038363,
    0.11193254475703325,
    0.11223225703324809,
    0.11748721227621484,
    0.12941576086956522,
    0.14218350383631714,
    0.15277333759590792,
    0.16074568414322252,
    0.1679987212276215,
    0.17697010869565216,
    0.18348385549872123,
    0.19393382352941177,
    0.19681106138107418,
    0.2036644820971867,
    0.20845987851662404,
    0.2096787084398977,
    0.2128356777493606,
    0.21671195652173914,
    0.22002877237851662,
    0.22214673913043478,
    0.22534367007672634,
    0.22939977621483376,
    0.22840073529411764,
    0.23109814578005114,
    0.23153772378516624,
    0.23237691815856779,
    0.23081841432225064,
    0.22902014066496162,
    0.22919996803069054,
    0.22892023657289,
    0.22826086956521738,
    0.22560342071611253,
    0.22630274936061381,
    0.22768142583120204,
    0.22939977621483376,
    0.22987931585677748,
    0.22802109974424553,
    0.23097826086956522,
    0.22722186700767263,
    0.22716192455242967,
    0.22860054347826086,
    0.22981937340153452,
    0.2286205242966752
  ],
  "test_accuracy": [
    0.0511,
    0.08559999999999998,
    0.09079999999999999,
    0.096,
    0.08489999999999999,
    0.1082,
    0.10070000000000001,
    0.0998,
    0.1207,
    0.11299999999999999,
    0.12969999999999998,
    0.13720000000000002,
    0.1506,
    0.1593,
    0.1606,
    0.1732,
    0.17129999999999998,
    0.191,
    0.19450000000000003,
    0.1944,
    0.2112,
    0.2071,
    0.2133,
    0.2211,
    0.22220000000000004,
    0.2233,
    0.22319999999999998,
    0.22790000000000005,
    0.22949999999999998,
    0.2332,
    0.23820000000000002,
    0.227,
    0.23059999999999997,
    0.2271,
    0.23489999999999997,
    0.23399999999999999,
    0.23149999999999998,
    0.23089999999999997,
    0.2303,
    0.22879999999999998,
    0.23339999999999997,
    0.2319,
    0.23170000000000002,
    0.23339999999999997,
    0.23620000000000002,
    0.23420000000000002,
    0.23450000000000001,
    0.22560000000000002,
    0.23690000000000003,
    0.2332
  ]
}