{
  "setting": "setting_26",
  "train_accuracy": [
    0.09946451406649616,
    0.10002397698209718,
    0.10002397698209718,
    0.10002397698209718,
    0.10002397698209718,
    0.10002397698209718,
    0.10002397698209718,
    0.10002397698209718,
    0.10002397698209718,
    0.10002397698209718,
    0.10002397698209718,
    0.10002397698209718,
    0.10002397698209718,
    0.10002397698209718,
    0.10002397698209718,
    0.10002397698209718,
    0.10002397698209718,
    0.10002397698209718,
    0.10002397698209718,
    0.10002397698209718,
    0.10002397698209718,
    0.10002397698209718,
    0.10002397698209718,
    0.10002397698209718,
    0.10002397698209718,
    0.10002397698209718,
    0.10002397698209718,
    0.10002397698209718,
    0.10002397698209718,
    0.10002397698209718,
    0.10002397698209718,
    0.10002397698209718,
    0.10002397698209718,
    0.10002397698209718,
    0.10002397698209718,
    0.10002397698209718,
    0.10002397698209718,
    0.10002397698209718,
    0.10002397698209718,
    0.10002397698209718,
    0.10002397698209718,
    0.10002397698209718,
    0.10002397698209718,
    0.10002397698209718,
    0.10002397698209718,
    0.10002397698209718,
    0.10002397698209718,
    0.10002397698209718,
    0.10002397698209718,
    0.10002397698209718
  ],
  "test_accuracy": [
    0.1,
    0.1,
    0.1,
    0.1,
    0.1,
    0.1,
    0.1,
    0.1,
    0.1,
    0.1,
    0.1,
    0.1,
    0.1,
    0.1,
    0.1,
    0.1,
    0.1,
    0.1,
    0.1,
    0.1,
    0.1,
    0.1,
    0.1,
    0.1,
    0.1,
    0.1,
    0.1,
    0.1,
    0.1,
    0.1,
    0.1,
    0.1,
    0.1,
    0.1,
    0.1,
    0.1,
    0.1,
    0.1,
    0.1,
    0.1,
    0.1,
    0.1,
    0.1,
    0.1,
    0.1,
    0.1,
    0.1,
    0.1,
    0.1,
    0.1
  ]
}