{
  "setting": "setting_19",
  "train_accuracy": [
    0.10346067774936062,
    0.10234175191815857,
    0.11145300511508952,
    0.08286045396419438,
    0.07035246163682865,
    0.07207081202046035,
    0.07990329283887468,
    0.11908567774936062,
    0.11936540920716113,
    0.1208639705882353,
    0.11958519820971868,
    0.13876678388746802,
    0.1589274296675192,
    0.15533088235294118,
    0.14745843989769822,
    0.1500359654731458,
    0.16102541560102301,
    0.17387308184143221,
    0.17613091432225064,
    0.18728021099744246,
    0.1910166240409207,
    0.1991687979539642,
    0.20768062659846548,
    0.21081761508951408,
    0.20841991687979539,
    0.20917918797953963,
    0.21331521739130435,
    0.21309542838874682,
    0.21972906010230178,
    0.224764226342711,
    0.22706202046035806,
    0.22919996803069054,
    0.22906010230179027,
    0.2297993925831202,
    0.23577365728900257,
    0.2350943094629156,
    0.2363331202046036,
    0.23601342710997442,
    0.24002957161125318,
    0.24294677109974425,
    0.24160805626598467,
    0.24194773017902813,
    0.24358615728900257,
    0.2436261189258312,
    0.24438539002557544,
    0.2457041240409207,
    0.24798193734015345,
    0.2494605179028133,
    0.2487412084398977,
    0.2494605179028133
  ],
  "test_accuracy": [
    0.10300000000000001,
    0.10330000000000002,
    0.0738,
    0.0746,
    0.0643,
    0.0615,
    0.1099,
    0.1207,
    0.11440000000000002,
    0.121,
    0.12689999999999999,
    0.14889999999999998,
    0.1606,
    0.13840000000000002,
    0.15159999999999998,
    0.14799999999999996,
    0.1674,
    0.1775,
    0.173,
    0.18639999999999998,
    0.1945,
    0.20350000000000001,
    0.2156,
    0.21200000000000002,
    0.2097,
    0.20730000000000004,
    0.21070000000000003,
    0.2165,
    0.21430000000000002,
    0.2286,
    0.2246,
    0.2313,
    0.22549999999999998,
    0.23369999999999996,
    0.23020000000000002,
    0.2372,
    0.23610000000000003,
    0.23410000000000003,
    0.24169999999999997,
    0.24560000000000004,
    0.24200000000000005,
    0.24619999999999997,
    0.2439,
    0.2509,
    0.24010000000000004,
    0.2486,
    0.2512,
    0.2502,
    0.24979999999999997,
    0.25139999999999996
  ]
}