{
  "setting": "setting_12",
  "train_accuracy": [
    0.09594789002557545,
    0.1191656010230179,
    0.11209239130434782,
    0.10747682225063938,
    0.10042359335038363,
    0.10404012148337596,
    0.10072330562659847,
    0.10172234654731457,
    0.10499920076726342,
    0.10853580562659847,
    0.10941496163682865,
    0.10591831841432225,
    0.09844549232736573,
    0.10190217391304347,
    0.11015425191815857,
    0.11676790281329923,
    0.11938539002557545,
    0.12474024936061381,
    0.11854619565217392,
    0.1230218989769821,
    0.12563938618925832,
    0.12190297314578005,
    0.13415121483375958,
    0.1346906969309463,
    0.13185342071611253,
    0.13840712915601022,
    0.13962595907928388,
    0.13884670716112532,
    0.13409127237851662,
    0.13940617007672634,
    0.14548033887468031,
    0.14971627237851662,
    0.15061540920716113,
    0.1549912084398977,
    0.14847746163682865,
    0.1551710358056266,
    0.14975623401534527,
    0.1511149296675192,
    0.15017583120204603,
    0.15808823529411764,
    0.16286365089514065,
    0.16042599104859334,
    0.1632432864450128,
    0.1605458759590793,
    0.1559103260869565,
    0.15577046035805628,
    0.16232416879795397,
    0.16392263427109974,
    0.16839833759590792,
    0.16811860613810742
  ],
  "test_accuracy": [
    0.0993,
    0.1031,
    0.10590000000000002,
    0.10430000000000002,
    0.10190000000000002,
    0.10500000000000001,
    0.09419999999999999,
    0.101,
    0.11679999999999999,
    0.1018,
    0.1006,
    0.10070000000000001,
    0.10270000000000001,
    0.09759999999999999,
    0.1173,
    0.11960000000000001,
    0.1278,
    0.1136,
    0.1072,
    0.1207,
    0.11979999999999999,
    0.1258,
    0.13340000000000002,
    0.13130000000000003,
    0.1393,
    0.13130000000000003,
    0.1396,
    0.1418,
    0.1343,
    0.13940000000000002,
    0.14430000000000004,
    0.1512,
    0.15250000000000002,
    0.1459,
    0.1489,
    0.1521,
    0.1476,
    0.1498,
    0.15760000000000002,
    0.1572,
    0.16469999999999999,
    0.1573,
    0.15860000000000002,
    0.1515,
    0.15289999999999998,
    0.1528,
    0.1567,
    0.1679,
    0.1693,
    0.16599999999999998
  ]
}