{
  "setting": "setting_8",
  "train_accuracy": [
    0.09916480179028132,
    0.09996403452685422,
    0.13131393861892582,
    0.1269581202046036,
    0.1257193094629156,
    0.14635949488491048,
    0.14779811381074168,
    0.15541080562659845,
    0.14739849744245526,
    0.1531130115089514,
    0.15996643222506393,
    0.1695572250639386,
    0.1851622442455243,
    0.2033048273657289,
    0.2069812979539642,
    0.21005834398976983,
    0.20995843989769822,
    0.21427429667519182,
    0.22086796675191817,
    0.2281809462915601,
    0.24332640664961636,
    0.2288802749360614,
    0.21765105498721227,
    0.21671195652173914,
    0.22510390025575447,
    0.23067854859335038,
    0.2441656010230179,
    0.24428548593350383,
    0.2422874040920716,
    0.24024936061381075,
    0.2514186381074169,
    0.24924072890025575,
    0.2536964514066496,
    0.2565537084398977,
    0.2570931905370844,
    0.25827205882352944,
    0.2554148017902813,
    0.25767263427109977,
    0.2579723465473146,
    0.2608296035805627,
    0.2586117327365729,
    0.2654451726342711,
    0.26656409846547313,
    0.26916160485933505,
    0.2696611253196931,
    0.27131953324808183,
    0.2772937979539642,
    0.2779931265984655,
    0.2767543158567775,
    0.28234894501278773
  ],
  "test_accuracy": [
    0.0988,
    0.11760000000000001,
    0.1326,
    0.1173,
    0.1365,
    0.14800000000000002,
    0.1485,
    0.1537,
    0.14089999999999997,
    0.1664,
    0.1659,
    0.1835,
    0.19119999999999998,
    0.2051,
    0.2138,
    0.2141,
    0.21380000000000005,
    0.21989999999999998,
    0.21789999999999998,
    0.2425,
    0.2613,
    0.22760000000000002,
    0.2104,
    0.22470000000000004,
    0.22599999999999998,
    0.24569999999999997,
    0.2492,
    0.24999999999999994,
    0.2427,
    0.2455,
    0.2412,
    0.2547,
    0.2524,
    0.25310000000000005,
    0.2615,
    0.25020000000000003,
    0.2499,
    0.25310000000000005,
    0.26359999999999995,
    0.2585,
    0.2592,
    0.26399999999999996,
    0.2613,
    0.26210000000000006,
    0.2741,
    0.27549999999999997,
    0.2753,
    0.2778,
    0.2753,
    0.2838
  ]
}