{
  "setting": "setting_25",
  "train_accuracy": [
    0.05149056905370844,
    0.051970108695652176,
    0.05744485294117647,
    0.06397858056265984,
    0.07486812659846548,
    0.0892543158567775,
    0.07452845268542199,
    0.06234015345268542,
    0.07279012148337596,
    0.06555706521739131,
    0.07774536445012788,
    0.0923113810741688,
    0.10140265345268543,
    0.09335038363171355,
    0.10092311381074169,
    0.11213235294117647,
    0.13531010230179027,
    0.14781809462915602,
    0.15802829283887468,
    0.15798833120204603,
    0.16470188618925832,
    0.1690776854219949,
    0.17669037723785166,
    0.1832041240409207,
    0.19673113810741688,
    0.20494325447570333,
    0.20284526854219948,
    0.2020460358056266,
    0.20200607416879796,
    0.20398417519181586,
    0.2038443094629156,
    0.2102181905370844,
    0.2148137787723785,
    0.21601262787723785,
    0.22256633631713554,
    0.2281809462915601,
    0.23161764705882354,
    0.23547394501278773,
    0.23687260230179027,
    0.2405690537084399,
    0.2444253516624041,
    0.24772218670076726,
    0.25049952046035806,
    0.2506593670076726,
    0.25193813938618925,
    0.25115888746803067,
    0.25365648976982097,
    0.255394820971867,
    0.2561341112531969,
    0.2610493925831202
  ],
  "test_accuracy": [
    0.04379999999999999,
    0.053599999999999995,
    0.05820000000000001,
    0.06739999999999999,
    0.0875,
    0.0977,
    0.05650000000000001,
    0.0682,
    0.06280000000000001,
    0.0669,
    0.07949999999999999,
    0.0997,
    0.09029999999999999,
    0.08549999999999999,
    0.10310000000000001,
    0.12389999999999998,
    0.139,
    0.1617,
    0.1544,
    0.1609,
    0.17039999999999997,
    0.174,
    0.1895,
    0.1938,
    0.209,
    0.2149,
    0.21540000000000004,
    0.2081,
    0.2023,
    0.21550000000000002,
    0.2144,
    0.2085,
    0.22569999999999996,
    0.2192,
    0.2279,
    0.2344,
    0.23520000000000002,
    0.23870000000000005,
    0.2466,
    0.248,
    0.25339999999999996,
    0.2518,
    0.2533,
    0.25029999999999997,
    0.25489999999999996,
    0.25149999999999995,
    0.25749999999999995,
    0.2591,
    0.261,
    0.2678
  ]
}