{
  "setting": "setting_27",
  "train_accuracy": [
    0.09910485933503836,
    0.09862531969309463,
    0.10142263427109974,
    0.10002397698209718,
    0.10002397698209718,
    0.10002397698209718,
    0.10002397698209718,
    0.10002397698209718,
    0.10002397698209718,
    0.10002397698209718,
    0.10002397698209718,
    0.10002397698209718,
    0.10002397698209718,
    0.10002397698209718,
    0.10002397698209718,
    0.10002397698209718,
    0.10002397698209718,
    0.10002397698209718,
    0.10002397698209718,
    0.10002397698209718,
    0.10002397698209718,
    0.10002397698209718,
    0.10002397698209718,
    0.10002397698209718,
    0.10002397698209718,
    0.10002397698209718,
    0.10002397698209718,
    0.10002397698209718,
    0.10002397698209718,
    0.10002397698209718,
    0.10002397698209718,
    0.10002397698209718,
    0.10002397698209718,
    0.10002397698209718,
    0.10002397698209718,
    0.10002397698209718,
    0.10002397698209718,
    0.10002397698209718,
    0.10002397698209718,
    0.10002397698209718,
    0.10002397698209718,
    0.10002397698209718,
    0.10002397698209718,
    0.10002397698209718,
    0.10002397698209718,
    0.10002397698209718,
    0.10002397698209718,
    0.10002397698209718,
    0.10002397698209718,
    0.10002397698209718
  ],
  "test_accuracy": [
    0.08,
    0.09059999999999999,
    0.1,
    0.1,
    0.1,
    0.1,
    0.1,
    0.1,
    0.1,
    0.1,
    0.1,
    0.1,
    0.1,
    0.1,
    0.1,
    0.1,
    0.1,
    0.1,
    0.1,
    0.1,
    0.1,
    0.1,
    0.1,
    0.1,
    0.1,
    0.1,
    0.1,
    0.1,
    0.1,
    0.1,
    0.1,
    0.1,
    0.1,
    0.1,
    0.1,
    0.1,
    0.1,
    0.1,
    0.1,
    0.1,
    0.1,
    0.1,
    0.1,
    0.1,
    0.1,
    0.1,
    0.1,
    0.1,
    0.1,
    0.1
  ]
}