{
  "setting": "setting_28",
  "train_accuracy": [
    0.10044357416879796,
    0.08753596547314578,
    0.08805546675191815,
    0.09345028772378516,
    0.09966432225063938,
    0.1019221547314578,
    0.10517902813299233,
    0.1160286125319693,
    0.11231218030690537,
    0.11001438618925831,
    0.10238171355498721,
    0.11173273657289003,
    0.11309143222506395,
    0.10677749360613811,
    0.12182304987212277,
    0.12012468030690537,
    0.12016464194373401,
    0.13345188618925832,
    0.13179347826086957,
    0.12973545396419436,
    0.1264386189258312,
    0.12619884910485935,
    0.14482097186700768,
    0.16614050511508952,
    0.1492367327365729,
    0.13405131074168797,
    0.1301150895140665,
    0.1425031969309463,
    0.1452805306905371,
    0.15744884910485935,
    0.1626238810741688,
    0.16476182864450128,
    0.16152493606138107,
    0.16869804987212275,
    0.17499200767263426,
    0.17369325447570333,
    0.17297394501278773,
    0.17343350383631714,
    0.18190537084398978,
    0.19051710358056265,
    0.19812979539641945,
    0.2015265345268542,
    0.19425351662404092,
    0.18775975063938619,
    0.18873881074168797,
    0.19083679667519182,
    0.1928748401534527,
    0.20386429028132994,
    0.20296515345268543,
    0.2071611253196931
  ],
  "test_accuracy": [
    0.11350000000000002,
    0.0994,
    0.0833,
    0.0995,
    0.0895,
    0.10600000000000001,
    0.1186,
    0.11929999999999999,
    0.0968,
    0.10010000000000001,
    0.0897,
    0.1299,
    0.10610000000000001,
    0.12229999999999999,
    0.11610000000000001,
    0.1123,
    0.12589999999999998,
    0.1226,
    0.1292,
    0.133,
    0.1305,
    0.1292,
    0.15289999999999998,
    0.162,
    0.1629,
    0.1262,
    0.1438,
    0.1457,
    0.1465,
    0.1643,
    0.1686,
    0.15449999999999997,
    0.1618,
    0.17529999999999998,
    0.18159999999999998,
    0.17429999999999998,
    0.17350000000000002,
    0.18150000000000002,
    0.1984,
    0.1955,
    0.2015,
    0.20779999999999998,
    0.1823,
    0.1838,
    0.1871,
    0.1883,
    0.20260000000000003,
    0.20800000000000002,
    0.2023,
    0.20729999999999998
  ]
}