{
  "setting": "setting_17",
  "train_accuracy": [
    0.10843590153452685,
    0.10723705242966752,
    0.10889546035805626,
    0.10917519181585678,
    0.10987452046035806,
    0.11127317774936062,
    0.11744725063938619,
    0.12488011508951406,
    0.12470028772378516,
    0.1216831841432225,
    0.12210278132992328,
    0.12699808184143221,
    0.12202285805626599,
    0.12825687340153452,
    0.1266184462915601,
    0.11996483375959079,
    0.12613890664961636,
    0.11940537084398976,
    0.12677829283887468,
    0.1340712915601023,
    0.13598945012787725,
    0.13501039002557544,
    0.13556985294117646,
    0.1350503516624041,
    0.1407049232736573,
    0.13628916240409208,
    0.13421115728900257,
    0.13519021739130435,
    0.14226342710997442,
    0.13680866368286446,
    0.13904651534526855,
    0.1397258631713555,
    0.14460118286445012,
    0.14705882352941177,
    0.1468190537084399,
    0.1426031010230179,
    0.14572010869565216,
    0.14671914961636828,
    0.14817774936061381,
    0.1503156969309463,
    0.15035565856777494,
    0.14893702046035806,
    0.15289322250639387,
    0.15599024936061381,
    0.16158487851662404,
    0.16180466751918157,
    0.16230418797953963,
    0.16552109974424553,
    0.1703564578005115,
    0.16929747442455242
  ],
  "test_accuracy": [
    0.12009999999999998,
    0.1046,
    0.1196,
    0.10070000000000001,
    0.1092,
    0.10770000000000002,
    0.12310000000000001,
    0.11199999999999999,
    0.12149999999999998,
    0.12760000000000002,
    0.11560000000000001,
    0.12410000000000002,
    0.12999999999999998,
    0.1238,
    0.1182,
    0.1156,
    0.12930000000000003,
    0.11430000000000003,
    0.13820000000000002,
    0.1274,
    0.13939999999999997,
    0.12060000000000001,
    0.1324,
    0.13410000000000002,
    0.1425,
    0.13349999999999998,
    0.1304,
    0.1441,
    0.1317,
    0.1326,
    0.1383,
    0.1385,
    0.14350000000000002,
    0.1552,
    0.1452,
    0.14479999999999998,
    0.14020000000000002,
    0.14209999999999998,
    0.1515,
    0.155,
    0.1502,
    0.15289999999999998,
    0.15760000000000002,
    0.16090000000000002,
    0.16469999999999999,
    0.15959999999999996,
    0.17239999999999997,
    0.1656,
    0.17229999999999998,
    0.1712
  ]
}