{
  "setting": "setting_23",
  "train_accuracy": [
    0.11492966751918159,
    0.10232177109974425,
    0.09125239769820973,
    0.11193254475703325,
    0.10547874040920716,
    0.1327325767263427,
    0.12278212915601024,
    0.13672874040920716,
    0.1407049232736573,
    0.14392183503836317,
    0.1668598145780051,
    0.17756953324808183,
    0.16929747442455242,
    0.1679187979539642,
    0.16957720588235295,
    0.1690776854219949,
    0.1744725063938619,
    0.182105179028133,
    0.1822850063938619,
    0.18925831202046037,
    0.1867806905370844,
    0.1874800191815857,
    0.19605179028132994,
    0.1977501598465473,
    0.20386429028132994,
    0.19417359335038364,
    0.19767023657289,
    0.20262547953964194,
    0.20066735933503838,
    0.20682145140664962,
    0.20476342710997442,
    0.20202605498721227,
    0.20506313938618925,
    0.2073609335038363,
    0.21189657928388747,
    0.21617247442455242,
    0.21948929028132994,
    0.2182105179028133,
    0.219928868286445,
    0.21599264705882354,
    0.2186700767263427,
    0.22128756393861893,
    0.22302589514066495,
    0.22286604859335038,
    0.2265425191815857,
    0.225383631713555,
    0.23223705242966752,
    0.23325607416879796,
    0.23305626598465473,
    0.2362731777493606
  ],
  "test_accuracy": [
    0.1122,
    0.09619999999999998,
    0.1172,
    0.10550000000000001,
    0.1234,
    0.12630000000000002,
    0.1197,
    0.1351,
    0.14499999999999996,
    0.1684,
    0.17229999999999998,
    0.1699,
    0.17229999999999998,
    0.16219999999999998,
    0.1757,
    0.1735,
    0.1816,
    0.19060000000000002,
    0.18710000000000002,
    0.1911,
    0.1901,
    0.20190000000000002,
    0.1956,
    0.19840000000000002,
    0.20660000000000003,
    0.1901,
    0.2023,
    0.19580000000000003,
    0.1954,
    0.20380000000000004,
    0.20420000000000002,
    0.20329999999999998,
    0.2071,
    0.2092,
    0.2156,
    0.21070000000000003,
    0.2224,
    0.2189,
    0.21459999999999999,
    0.2182,
    0.22290000000000001,
    0.22549999999999998,
    0.2287,
    0.22710000000000002,
    0.2346,
    0.23149999999999998,
    0.2399,
    0.23419999999999996,
    0.2364,
    0.24419999999999997
  ]
}