{
  "setting": "setting_4",
  "train_accuracy": [
    0.07257033248081841,
    0.08631713554987212,
    0.09345028772378516,
    0.09744645140664962,
    0.09171195652173914,
    0.09866528132992328,
    0.11782688618925831,
    0.12390105498721228,
    0.123201726342711,
    0.12863650895140666,
    0.14773817135549872,
    0.15916719948849106,
    0.16476182864450128,
    0.1749320652173913,
    0.1774496483375959,
    0.1795875959079284,
    0.17449248721227623,
    0.18136588874680307,
    0.17962755754475704,
    0.1859015345268542,
    0.19023737212276215,
    0.1969109654731458,
    0.206721547314578,
    0.209139226342711,
    0.21159686700767263,
    0.2160725703324808,
    0.21547314578005114,
    0.21976902173913043,
    0.22398497442455242,
    0.22394501278772377,
    0.22908008312020461,
    0.2292399296675192,
    0.23161764705882354,
    0.23511429028132994,
    0.23575367647058823,
    0.2351742327365729,
    0.24072890025575447,
    0.23889066496163683,
    0.24390585038363172,
    0.2420875959079284,
    0.24482496803069054,
    0.24814178388746802,
    0.24728260869565216,
    0.24924072890025575,
    0.2501598465473146,
    0.24978021099744246,
    0.2522977941176471,
    0.25471547314578,
    0.2531369884910486,
    0.25581441815856776
  ],
  "test_accuracy": [
    0.09079999999999999,
    0.0761,
    0.0988,
    0.1046,
    0.08219999999999998,
    0.1062,
    0.12190000000000001,
    0.1189,
    0.12510000000000002,
    0.1358,
    0.15969999999999998,
    0.15660000000000002,
    0.17339999999999997,
    0.17529999999999998,
    0.18009999999999998,
    0.1771,
    0.17909999999999998,
    0.1805,
    0.1789,
    0.1863,
    0.1935,
    0.1991,
    0.2089,
    0.20890000000000003,
    0.2125,
    0.2051,
    0.2076,
    0.22030000000000002,
    0.22519999999999998,
    0.22089999999999996,
    0.22640000000000002,
    0.2231,
    0.23249999999999998,
    0.2331,
    0.2278,
    0.22999999999999998,
    0.23209999999999997,
    0.2344,
    0.24130000000000001,
    0.24189999999999995,
    0.2447,
    0.24769999999999998,
    0.24710000000000001,
    0.24500000000000002,
    0.24610000000000004,
    0.2451,
    0.24339999999999998,
    0.24499999999999997,
    0.25040000000000007,
    0.2529
  ]
}