{
  "setting": "setting_5",
  "train_accuracy": [
    0.060242167519181586,
    0.06020220588235294,
    0.07764546035805626,
    0.08549792199488492,
    0.09684702685421995,
    0.10368046675191815,
    0.09498881074168798,
    0.10350063938618925,
    0.10563858695652174,
    0.1155690537084399,
    0.11962515984654731,
    0.12585917519181586,
    0.13706841432225064,
    0.14593989769820973,
    0.15489130434782608,
    0.15998641304347827,
    0.16554108056265984,
    0.16695971867007672,
    0.17439258312020461,
    0.18068654092071612,
    0.18068654092071612,
    0.18118606138107418,
    0.18090632992327366,
    0.18654092071611253,
    0.18899856138107418,
    0.1909167199488491,
    0.1992487212276215,
    0.19958839514066495,
    0.2047434462915601,
    0.20915920716112532,
    0.20802030051150894,
    0.2101182864450128,
    0.2164122442455243,
    0.21235613810741688,
    0.21433423913043478,
    0.21659207161125318,
    0.21547314578005114,
    0.21575287723785166,
    0.21968909846547316,
    0.2234055306905371,
    0.2223265664961637,
    0.22392503196930946,
    0.22570332480818414,
    0.22644261508951408,
    0.2292599104859335,
    0.23071851023017903,
    0.23503436700767263,
    0.23433503836317135,
    0.23411524936061381,
    0.23777173913043478
  ],
  "test_accuracy": [
    0.052500000000000005,
    0.06810000000000001,
    0.0865,
    0.08349999999999999,
    0.11320000000000001,
    0.10450000000000001,
    0.08809999999999998,
    0.10269999999999999,
    0.1076,
    0.1173,
    0.11539999999999999,
    0.1288,
    0.1407,
    0.15239999999999998,
    0.1518,
    0.1629,
    0.16909999999999997,
    0.17309999999999998,
    0.178,
    0.18170000000000003,
    0.1862,
    0.17809999999999998,
    0.18580000000000002,
    0.1844,
    0.1948,
    0.1997,
    0.20060000000000003,
    0.2045,
    0.21020000000000003,
    0.207,
    0.2113,
    0.21550000000000002,
    0.21340000000000003,
    0.2204,
    0.2189,
    0.22290000000000001,
    0.22160000000000002,
    0.2193,
    0.2224,
    0.2245,
    0.22800000000000004,
    0.2286,
    0.2306,
    0.23240000000000002,
    0.2311,
    0.2373,
    0.23520000000000002,
    0.2372,
    0.2415,
    0.2387
  ]
}