{
  "setting": "setting_11",
  "train_accuracy": [
    0.10479939258312021,
    0.10380035166240409,
    0.10835597826086957,
    0.09918478260869565,
    0.10002397698209718,
    0.10002397698209718,
    0.10002397698209718,
    0.10002397698209718,
    0.10002397698209718,
    0.10002397698209718,
    0.10002397698209718,
    0.10002397698209718,
    0.10002397698209718,
    0.10002397698209718,
    0.10002397698209718,
    0.10002397698209718,
    0.10002397698209718,
    0.10002397698209718,
    0.10002397698209718,
    0.10002397698209718,
    0.10002397698209718,
    0.10002397698209718,
    0.10002397698209718,
    0.10002397698209718,
    0.10002397698209718,
    0.10002397698209718,
    0.10002397698209718,
    0.10002397698209718,
    0.10002397698209718,
    0.10002397698209718,
    0.10002397698209718,
    0.10002397698209718,
    0.10002397698209718,
    0.10002397698209718,
    0.10002397698209718,
    0.10002397698209718,
    0.10002397698209718,
    0.10002397698209718,
    0.10002397698209718,
    0.10002397698209718,
    0.10002397698209718,
    0.10002397698209718,
    0.10002397698209718,
    0.10002397698209718,
    0.10002397698209718,
    0.10002397698209718,
    0.10002397698209718,
    0.10002397698209718,
    0.10002397698209718,
    0.10002397698209718
  ],
  "test_accuracy": [
    0.0875,
    0.1212,
    0.1305,
    0.1,
    0.1,
    0.1,
    0.1,
    0.1,
    0.1,
    0.1,
    0.1,
    0.1,
    0.1,
    0.1,
    0.1,
    0.1,
    0.1,
    0.1,
    0.1,
    0.1,
    0.1,
    0.1,
    0.1,
    0.1,
    0.1,
    0.1,
    0.1,
    0.1,
    0.1,
    0.1,
    0.1,
    0.1,
    0.1,
    0.1,
    0.1,
    0.1,
    0.1,
    0.1,
    0.1,
    0.1,
    0.1,
    0.1,
    0.1,
    0.1,
    0.1,
    0.1,
    0.1,
    0.1,
    0.1,
    0.1
  ]
}