{
  "setting": "setting_18",
  "train_accuracy": [
    0.10162244245524296,
    0.1030011189258312,
    0.11804667519181586,
    0.10875559462915602,
    0.10681745524296675,
    0.10637787723785166,
    0.11063379156010231,
    0.12042439258312021,
    0.11401054987212277,
    0.11586876598465473,
    0.13493046675191817,
    0.1492567135549872,
    0.14643941815856779,
    0.1555306905370844,
    0.16260390025575447,
    0.1515744884910486,
    0.15117487212276215,
    0.17083599744245526,
    0.185701726342711,
    0.19417359335038364,
    0.19769021739130435,
    0.2047234654731458,
    0.2011468989769821,
    0.20828005115089515,
    0.20490329283887468,
    0.20612212276214834,
    0.20426390664961636,
    0.2043837915601023,
    0.20576246803069054,
    0.2113770780051151,
    0.21535326086956522,
    0.22104779411764705,
    0.22002877237851662,
    0.22030850383631714,
    0.22272618286445012,
    0.2239649936061381,
    0.22202685421994886,
    0.22300591432225064,
    0.22348545396419436,
    0.22562340153452684,
    0.22522378516624042,
    0.22652253836317135,
    0.22408487851662404,
    0.22338554987212275,
    0.22128756393861893,
    0.22126758312020461,
    0.22542359335038364,
    0.23101822250639387,
    0.23503436700767263,
    0.23631313938618925
  ],
  "test_accuracy": [
    0.10840000000000001,
    0.1145,
    0.11629999999999999,
    0.10290000000000002,
    0.10980000000000001,
    0.12189999999999998,
    0.1173,
    0.11820000000000001,
    0.10699999999999998,
    0.1327,
    0.1358,
    0.1514,
    0.1469,
    0.1665,
    0.15639999999999998,
    0.1553,
    0.16299999999999998,
    0.1814,
    0.193,
    0.19980000000000003,
    0.2044,
    0.2029,
    0.20270000000000002,
    0.2172,
    0.21150000000000002,
    0.20749999999999996,
    0.20950000000000002,
    0.1988,
    0.20869999999999997,
    0.2144,
    0.2183,
    0.22240000000000001,
    0.22889999999999996,
    0.22480000000000003,
    0.22990000000000005,
    0.23170000000000002,
    0.22959999999999997,
    0.22469999999999998,
    0.2203,
    0.22469999999999998,
    0.22819999999999996,
    0.23290000000000002,
    0.22139999999999999,
    0.2246,
    0.2286,
    0.229,
    0.23399999999999999,
    0.2399,
    0.2414,
    0.23410000000000003
  ]
}