{
  "setting": "setting_24",
  "train_accuracy": [
    0.05742487212276215,
    0.08703644501278772,
    0.0945492327365729,
    0.10971467391304347,
    0.11339114450127877,
    0.1046994884910486,
    0.11496962915601024,
    0.11257193094629156,
    0.11580882352941177,
    0.126798273657289,
    0.13574968030690537,
    0.1464793797953964,
    0.13614929667519182,
    0.131633631713555,
    0.13519021739130435,
    0.13892663043478262,
    0.14282289002557544,
    0.14781809462915602,
    0.146639226342711,
    0.14981617647058823,
    0.15089514066496162,
    0.16114530051150894,
    0.17005674552429667,
    0.17439258312020461,
    0.17441256393861893,
    0.16985693734015345,
    0.17131553708439898,
    0.1737531969309463,
    0.17786924552429667,
    0.1837236253196931,
    0.18827925191815856,
    0.19257512787723785,
    0.19557225063938619,
    0.20002797314578005,
    0.20140664961636828,
    0.20676150895140666,
    0.21171675191815856,
    0.21703164961636828,
    0.21996882992327366,
    0.22514386189258312,
    0.22824088874680307,
    0.23453484654731457,
    0.24086876598465473,
    0.24382592710997442,
    0.24762228260869565,
    0.25503516624040923,
    0.2555546675191816,
    0.2563139386189258,
    0.25895140664961636,
    0.2585517902813299
  ],
  "test_accuracy": [
    0.08759999999999998,
    0.10369999999999999,
    0.096,
    0.1106,
    0.1004,
    0.1046,
    0.12760000000000002,
    0.1006,
    0.11410000000000001,
    0.1173,
    0.1413,
    0.13140000000000002,
    0.1378,
    0.12369999999999999,
    0.1426,
    0.1401,
    0.14189999999999997,
    0.14450000000000002,
    0.14629999999999999,
    0.15289999999999998,
    0.15539999999999998,
    0.16829999999999998,
    0.1735,
    0.1727,
    0.1764,
    0.17819999999999997,
    0.1693,
    0.17789999999999997,
    0.18739999999999998,
    0.1839,
    0.19140000000000001,
    0.1979,
    0.19990000000000002,
    0.2056,
    0.20770000000000005,
    0.20130000000000003,
    0.2092,
    0.21900000000000003,
    0.22350000000000003,
    0.22460000000000005,
    0.2165,
    0.23760000000000003,
    0.23929999999999998,
    0.24430000000000002,
    0.2549,
    0.2503,
    0.2622,
    0.25800000000000006,
    0.25880000000000003,
    0.2608
  ]
}