{
  "setting": "setting_2",
  "train_accuracy": [
    0.09892503196930946,
    0.11586876598465473,
    0.11904571611253197,
    0.13888666879795397,
    0.1461197250639386,
    0.14542039641943735,
    0.1300351662404092,
    0.1449408567774936,
    0.1458399936061381,
    0.13257273017902813,
    0.1468390345268542,
    0.14550031969309463,
    0.16184462915601022,
    0.1636828644501279,
    0.16380274936061381,
    0.16426230818414322,
    0.1624440537084399,
    0.16925751278772377,
    0.17629076086956522,
    0.18000719309462915,
    0.18308423913043478,
    0.18999760230179027,
    0.2023257672634271,
    0.20128676470588236,
    0.21053788363171355,
    0.2144341432225064,
    0.21419437340153452,
    0.21950927109974425,
    0.22672234654731457,
    0.2243246483375959,
    0.23029891304347827,
    0.23135789641943735,
    0.2299792199488491,
    0.23097826086956522,
    0.22967950767263426,
    0.23851102941176472,
    0.2393102621483376,
    0.24282688618925832,
    0.24196771099744246,
    0.23982976342711,
    0.24376598465473145,
    0.24082880434782608,
    0.2406689578005115,
    0.24014945652173914,
    0.24202765345268543,
    0.24130834398976983,
    0.2430067135549872,
    0.24120843989769822,
    0.23727221867007672,
    0.23909047314578005
  ],
  "test_accuracy": [
    0.10330000000000002,
    0.0993,
    0.15700000000000003,
    0.1343,
    0.1456,
    0.1162,
    0.12109999999999999,
    0.1659,
    0.12000000000000002,
    0.1176,
    0.15400000000000003,
    0.14689999999999998,
    0.15219999999999997,
    0.15430000000000002,
    0.1595,
    0.17339999999999997,
    0.1638,
    0.17809999999999998,
    0.1796,
    0.1868,
    0.181,
    0.19160000000000002,
    0.2043,
    0.19860000000000003,
    0.21509999999999999,
    0.21420000000000003,
    0.2113,
    0.21740000000000004,
    0.2278,
    0.22359999999999997,
    0.2246,
    0.2271,
    0.2325,
    0.2324,
    0.22970000000000002,
    0.23920000000000002,
    0.24089999999999998,
    0.24710000000000001,
    0.2427,
    0.23809999999999998,
    0.23889999999999997,
    0.23879999999999998,
    0.2484,
    0.2392,
    0.24410000000000004,
    0.24109999999999995,
    0.23680000000000004,
    0.24130000000000001,
    0.2406,
    0.23640000000000003
  ]
}