{
  "setting": "setting_9",
  "train_accuracy": [
    0.07760549872122763,
    0.10573849104859336,
    0.10699728260869565,
    0.14068494245524296,
    0.13213315217391305,
    0.13656889386189258,
    0.11311141304347826,
    0.12400095907928389,
    0.12933583759590792,
    0.13700847186700768,
    0.15091512148337596,
    0.15978660485933505,
    0.17804907289002558,
    0.18476262787723785,
    0.1855418797953964,
    0.18869884910485935,
    0.19113650895140666,
    0.1926350703324808,
    0.19193574168797953,
    0.19429347826086957,
    0.19661125319693096,
    0.1980898337595908,
    0.20528292838874682,
    0.21277573529411764,
    0.21493366368286446,
    0.21507352941176472,
    0.21922953964194372,
    0.21938938618925832,
    0.22244645140664962,
    0.22394501278772377,
    0.22138746803069054,
    0.22878037084398978,
    0.23301630434782608,
    0.23921035805626598,
    0.24412563938618925,
    0.24628356777493607,
    0.24688299232736574,
    0.25057944373401536,
    0.2505394820971867,
    0.25199808184143224,
    0.25505514705882354,
    0.257193094629156,
    0.25819213554987214,
    0.26162883631713557,
    0.26198849104859334,
    0.2641664002557545,
    0.26226822250639387,
    0.26584478900255754,
    0.26834239130434784,
    0.2687420076726343
  ],
  "test_accuracy": [
    0.1014,
    0.09269999999999999,
    0.12830000000000003,
    0.1142,
    0.1571,
    0.12869999999999998,
    0.1139,
    0.12679999999999997,
    0.12769999999999998,
    0.1372,
    0.1609,
    0.17460000000000003,
    0.177,
    0.1807,
    0.18359999999999999,
    0.1875,
    0.19529999999999997,
    0.1985,
    0.2002,
    0.2032,
    0.2012,
    0.21139999999999998,
    0.2089,
    0.2177,
    0.2177,
    0.2259,
    0.21960000000000002,
    0.22210000000000002,
    0.22669999999999998,
    0.2213,
    0.21960000000000002,
    0.2355,
    0.2292,
    0.2412,
    0.24980000000000002,
    0.2544,
    0.24440000000000003,
    0.24880000000000005,
    0.2529,
    0.24789999999999995,
    0.2511,
    0.2545,
    0.2548,
    0.266,
    0.2611,
    0.26400000000000007,
    0.26420000000000005,
    0.2693,
    0.2756,
    0.2732
  ]
}