{
  "setting": "setting_7",
  "train_accuracy": [
    0.10132672634271099,
    0.09895700127877238,
    0.10080322890025575,
    0.10179827365728901,
    0.10282528772378516,
    0.09996803069053709,
    0.09924072890025576,
    0.10190217391304347,
    0.10167838874680307,
    0.09921275575447569,
    0.10051150895140665,
    0.10092710997442454,
    0.1004275895140665,
    0.10296515345268542,
    0.1001358695652174,
    0.09982816496163682,
    0.1010669757033248,
    0.10051950127877238,
    0.10027973145780052,
    0.1005394820971867,
    0.10003996163682864,
    0.10037563938618926,
    0.09985214194373401,
    0.10003996163682864,
    0.10097106777493606,
    0.10105898337595909,
    0.1001798273657289,
    0.09975623401534528,
    0.10084718670076726,
    0.1005834398976982,
    0.1007872442455243,
    0.10087515984654732,
    0.10028372762148338,
    0.10082720588235294,
    0.10078324808184143,
    0.10112691815856777,
    0.09962036445012788,
    0.1008431905370844,
    0.10077925191815858,
    0.10110294117647059,
    0.10073529411764706,
    0.10135869565217391,
    0.10022778132992327,
    0.10025975063938619,
    0.09994804987212276,
    0.1008991368286445,
    0.10045156649616367,
    0.1006633631713555,
    0.10077525575447571,
    0.10016783887468031
  ],
  "test_accuracy": [
    0.1,
    0.1,
    0.1,
    0.1005,
    0.1,
    0.1,
    0.1,
    0.1,
    0.1004,
    0.0999,
    0.1,
    0.1004,
    0.1,
    0.1,
    0.1,
    0.1,
    0.1,
    0.1,
    0.1,
    0.1,
    0.1,
    0.1,
    0.1,
    0.1,
    0.1,
    0.1,
    0.1,
    0.1,
    0.1,
    0.1,
    0.1,
    0.1,
    0.1,
    0.1,
    0.1,
    0.1,
    0.1,
    0.1,
    0.1,
    0.1,
    0.1,
    0.1,
    0.1,
    0.1,
    0.1,
    0.1,
    0.1,
    0.1,
    0.1,
    0.1
  ]
}