{
  "setting": "setting_12",
  "train_accuracy": [
    0.10044757033248082,
    0.0987412084398977,
    0.09966432225063938,
    0.09984414961636828,
    0.10126678388746803,
    0.10083919437340154,
    0.10177829283887468,
    0.10041160485933504,
    0.09981617647058824,
    0.09973625319693095,
    0.0996283567774936,
    0.10163443094629157,
    0.10097906010230179,
    0.09976822250639386,
    0.10152653452685421,
    0.0999000959079284,
    0.1013826726342711,
    0.10121083759590792,
    0.10080322890025575,
    0.10143062659846547,
    0.10210997442455243,
    0.10092710997442454,
    0.10130674552429667,
    0.10197010869565216,
    0.10093909846547315,
    0.09973625319693095,
    0.10261748721227622,
    0.10188219309462916,
    0.10286524936061381,
    0.10134271099744245,
    0.10264945652173912,
    0.10290920716112531,
    0.10194213554987212,
    0.10201007033248082,
    0.10272538363171355,
    0.10177030051150894,
    0.10217391304347827,
    0.10104299872122763,
    0.10288922634271098,
    0.1015625,
    0.10149456521739131,
    0.10101502557544757,
    0.10163043478260869,
    0.10231777493606138,
    0.10150255754475704,
    0.10235773657289003,
    0.10212995524296674,
    0.0997202685421995,
    0.10289322250639386,
    0.10195012787723784
  ],
  "test_accuracy": [
    0.09969999999999998,
    0.09989999999999999,
    0.1,
    0.1,
    0.1,
    0.1,
    0.1,
    0.1,
    0.1,
    0.1,
    0.1,
    0.1,
    0.1,
    0.1,
    0.1,
    0.1,
    0.1,
    0.1,
    0.1,
    0.1,
    0.1,
    0.1,
    0.1,
    0.1,
    0.1,
    0.1,
    0.1,
    0.1,
    0.1,
    0.1,
    0.1,
    0.1,
    0.1,
    0.1,
    0.1,
    0.1,
    0.1,
    0.1,
    0.1,
    0.1,
    0.1,
    0.1,
    0.1,
    0.1,
    0.1,
    0.1,
    0.1,
    0.1,
    0.1,
    0.1
  ]
}