{
  "setting": "setting_26",
  "train_accuracy": [
    0.10519900895140664,
    0.10268142583120204,
    0.10406010230179027,
    0.10328085038363172,
    0.10024376598465473,
    0.1007632672634271,
    0.10142263427109974,
    0.0994045716112532,
    0.10150255754475704,
    0.10334079283887468,
    0.10052349744245524,
    0.09998401534526855,
    0.09796595268542199,
    0.09744645140664962,
    0.10052349744245524,
    0.10146259590792839,
    0.10198209718670077,
    0.09980418797953965,
    0.09796595268542199,
    0.1006633631713555,
    0.09986413043478261,
    0.10002397698209718,
    0.1005834398976982,
    0.09856537723785166,
    0.10086317135549872,
    0.10316096547314578,
    0.09950447570332481,
    0.09988411125319693,
    0.10070332480818414,
    0.09992407289002557,
    0.1006633631713555,
    0.10028372762148338,
    0.09928468670076726,
    0.10072330562659847,
    0.09988411125319693,
    0.09898497442455242,
    0.0995843989769821,
    0.09986413043478261,
    0.10046355498721228,
    0.1002237851662404,
    0.09952445652173914,
    0.10202205882352941,
    0.10104299872122763,
    0.09934462915601024,
    0.09772618286445013,
    0.10208200127877237,
    0.10100303708439898,
    0.10044357416879796,
    0.10064338235294118,
    0.09954443734015345
  ],
  "test_accuracy": [
    0.09119999999999999,
    0.1103,
    0.10350000000000001,
    0.08129999999999998,
    0.0999,
    0.0994,
    0.09809999999999999,
    0.0974,
    0.0948,
    0.1071,
    0.10250000000000001,
    0.0979,
    0.10410000000000001,
    0.10190000000000002,
    0.0993,
    0.1008,
    0.0975,
    0.10250000000000001,
    0.10110000000000001,
    0.0997,
    0.1014,
    0.1014,
    0.10130000000000002,
    0.0997,
    0.0993,
    0.1,
    0.0964,
    0.09759999999999999,
    0.0984,
    0.0991,
    0.0994,
    0.10250000000000001,
    0.0969,
    0.1018,
    0.0995,
    0.0997,
    0.1022,
    0.10189999999999999,
    0.1006,
    0.10090000000000002,
    0.10129999999999999,
    0.10090000000000002,
    0.101,
    0.1012,
    0.1008,
    0.1024,
    0.1018,
    0.101,
    0.1004,
    0.1008
  ]
}