{
  "setting": "setting_6",
  "train_accuracy": [
    0.10162244245524296,
    0.10222186700767263,
    0.09878516624040921,
    0.09898497442455242,
    0.10014386189258312,
    0.1025415601023018,
    0.10384031329923274,
    0.10433983375959079,
    0.10356058184143223,
    0.11025415601023018,
    0.11498960997442455,
    0.11592870843989769,
    0.1193454283887468,
    0.12218270460358056,
    0.12062420076726342,
    0.12671835038363172,
    0.1266184462915601,
    0.13205322890025575,
    0.13489050511508952,
    0.13986572890025575,
    0.1421435421994885,
    0.1484175191815857,
    0.15477141943734016,
    0.1555306905370844,
    0.16282368925831203,
    0.17203484654731457,
    0.17397298593350383,
    0.17906809462915602,
    0.18208519820971866,
    0.18308423913043478,
    0.1831841432225064,
    0.1824848145780051,
    0.18755994245524296,
    0.18841911764705882,
    0.18674072890025575,
    0.19021739130434784,
    0.18861892583120204,
    0.18917838874680307,
    0.18897858056265984,
    0.1925151854219949,
    0.19345428388746802,
    0.19231537723785166,
    0.19293478260869565,
    0.19555226982097187,
    0.19195572250639387,
    0.19163602941176472,
    0.19425351662404092,
    0.19551230818414322,
    0.19315457161125318,
    0.19535246163682865
  ],
  "test_accuracy": [
    0.09999999999999999,
    0.1162,
    0.0998,
    0.1,
    0.1016,
    0.11850000000000001,
    0.1,
    0.1,
    0.1122,
    0.12510000000000002,
    0.13290000000000002,
    0.1419,
    0.1412,
    0.1353,
    0.1406,
    0.13320000000000004,
    0.1364,
    0.1418,
    0.1447,
    0.1558,
    0.16649999999999998,
    0.1742,
    0.1769,
    0.18419999999999997,
    0.19319999999999998,
    0.193,
    0.1942,
    0.201,
    0.20410000000000003,
    0.2063,
    0.20329999999999998,
    0.2122,
    0.2164,
    0.22200000000000003,
    0.21509999999999999,
    0.20870000000000002,
    0.2104,
    0.21450000000000005,
    0.21680000000000002,
    0.2125,
    0.2202,
    0.2292,
    0.2259,
    0.22560000000000002,
    0.2245,
    0.223,
    0.22079999999999997,
    0.2262,
    0.22610000000000002,
    0.2253
  ]
}