{
  "setting": "setting_21",
  "train_accuracy": [
    0.10465952685421995,
    0.10679747442455242,
    0.10843590153452685,
    0.10625799232736573,
    0.10382033248081841,
    0.10627797314578005,
    0.10308104219948849,
    0.10521898976982097,
    0.10539881713554987,
    0.1080362851662404,
    0.1031809462915601,
    0.10396019820971868,
    0.10406010230179027,
    0.10286125319693094,
    0.10681745524296675,
    0.10463954603580562,
    0.1039002557544757,
    0.10607816496163683,
    0.10312100383631713,
    0.10475943094629156,
    0.10276134910485933,
    0.1054187979539642,
    0.10162244245524296,
    0.10473945012787723,
    0.10168238491048594,
    0.10519900895140664,
    0.10316096547314578,
    0.10240169437340153,
    0.1054187979539642,
    0.1022818094629156,
    0.1029012148337596,
    0.10429987212276215,
    0.10479939258312021,
    0.10579843350383632,
    0.10529891304347826,
    0.10565856777493605,
    0.10695732097186701,
    0.10735693734015345,
    0.10733695652173914,
    0.1097346547314578,
    0.10801630434782608,
    0.10873561381074169,
    0.10993446291560102,
    0.10809622762148338,
    0.10745684143222506,
    0.10983455882352941,
    0.11195252557544758,
    0.11271179667519182,
    0.10921515345268543,
    0.11349104859335038
  ],
  "test_accuracy": [
    0.10569999999999999,
    0.12680000000000002,
    0.1026,
    0.1056,
    0.1192,
    0.1105,
    0.1101,
    0.11240000000000001,
    0.1075,
    0.11739999999999999,
    0.10090000000000002,
    0.11240000000000001,
    0.1133,
    0.1284,
    0.11949999999999998,
    0.11880000000000002,
    0.1002,
    0.10740000000000001,
    0.10800000000000001,
    0.097,
    0.1045,
    0.11019999999999999,
    0.1096,
    0.11040000000000001,
    0.11039999999999998,
    0.10669999999999999,
    0.10110000000000001,
    0.10450000000000001,
    0.11079999999999998,
    0.11359999999999999,
    0.10200000000000001,
    0.1112,
    0.13290000000000002,
    0.11910000000000001,
    0.11510000000000001,
    0.1312,
    0.12280000000000002,
    0.11640000000000002,
    0.12179999999999999,
    0.1135,
    0.1294,
    0.1343,
    0.1197,
    0.1192,
    0.11480000000000001,
    0.1261,
    0.124,
    0.1314,
    0.1299,
    0.1301
  ]
}