{
  "setting": "setting_27",
  "train_accuracy": [
    0.1051031010230179,
    0.10931905370843989,
    0.11322730179028133,
    0.1168718030690537,
    0.11851023017902813,
    0.11729939258312021,
    0.11661604859335038,
    0.11470188618925832,
    0.11114530051150896,
    0.11102141943734015,
    0.11131713554987212,
    0.1098265664961637,
    0.10816016624040921,
    0.10965073529411765,
    0.11430226982097187,
    0.1114889705882353,
    0.11221627237851663,
    0.12119964833759592,
    0.11693574168797953,
    0.1253356777493606,
    0.12662643861892584,
    0.12611892583120204,
    0.13464274296675194,
    0.1318214514066496,
    0.13399536445012789,
    0.1394541240409207,
    0.13776374680306905,
    0.14374200767263426,
    0.15044757033248082,
    0.1471906969309463,
    0.14926470588235294,
    0.14905290920716113,
    0.1540361253196931,
    0.15459159207161124,
    0.1562260230179028,
    0.15661764705882353,
    0.15616608056265985,
    0.15414402173913044,
    0.15717710997442455,
    0.1570572250639386,
    0.16115728900255755,
    0.16053388746803068,
    0.1621723145780051,
    0.16344709079283887,
    0.16432225063938619,
    0.16984894501278774,
    0.16713954603580564,
    0.16855818414322252,
    0.16824648337595907,
    0.169281489769821
  ],
  "test_accuracy": [
    0.1702,
    0.12889999999999996,
    0.1684,
    0.1614,
    0.1419,
    0.1524,
    0.1637,
    0.13879999999999998,
    0.1358,
    0.13410000000000002,
    0.12150000000000001,
    0.1227,
    0.1366,
    0.13540000000000002,
    0.1373,
    0.1278,
    0.15050000000000002,
    0.1593,
    0.16419999999999998,
    0.1815,
    0.1858,
    0.1914,
    0.1717,
    0.1638,
    0.1946,
    0.1903,
    0.197,
    0.20380000000000004,
    0.20740000000000003,
    0.20740000000000003,
    0.20340000000000003,
    0.2204,
    0.19970000000000004,
    0.22279999999999997,
    0.20820000000000002,
    0.2111,
    0.2253,
    0.1992,
    0.2218,
    0.2132,
    0.2257,
    0.22870000000000004,
    0.2412,
    0.2334,
    0.24620000000000003,
    0.24220000000000003,
    0.2367,
    0.24910000000000002,
    0.238,
    0.23529999999999998
  ]
}