{
  "setting": "setting_1",
  "train_accuracy": [
    0.09974424552429667,
    0.10222186700767263,
    0.10232177109974425,
    0.10735693734015345,
    0.10659766624040921,
    0.11474984015345269,
    0.11872602301790282,
    0.12809702685421995,
    0.13071451406649617,
    0.1394661125319693,
    0.14230338874680307,
    0.14578005115089515,
    0.15009590792838876,
    0.15906729539641945,
    0.16322330562659845,
    0.16841831841432225,
    0.168278452685422,
    0.17593110613810742,
    0.17784926470588236,
    0.1817455242966752,
    0.18414322250639387,
    0.183903452685422,
    0.1875,
    0.18855898337595908,
    0.18833919437340155,
    0.1889386189258312,
    0.19241528132992328,
    0.19175591432225064,
    0.19331441815856779,
    0.19631154092071612,
    0.1956721547314578,
    0.19862931585677748,
    0.1956521739130435,
    0.19948849104859334,
    0.1991687979539642,
    0.20262547953964194,
    0.2004475703324808,
    0.20680147058823528,
    0.20704124040920716,
    0.21387468030690537,
    0.2108575767263427,
    0.21149696291560102,
    0.2132752557544757,
    0.2098585358056266,
    0.21197650255754474,
    0.21431425831202047,
    0.21699168797953963,
    0.21725143861892582,
    0.2144541240409207,
    0.21693174552429667
  ],
  "test_accuracy": [
    0.1024,
    0.10740000000000001,
    0.1,
    0.1113,
    0.11500000000000002,
    0.1467,
    0.1386,
    0.1518,
    0.1628,
    0.1975,
    0.18739999999999998,
    0.1762,
    0.1857,
    0.1777,
    0.1899,
    0.20049999999999998,
    0.19540000000000002,
    0.19160000000000002,
    0.2021,
    0.20590000000000003,
    0.211,
    0.21480000000000002,
    0.22030000000000002,
    0.22410000000000002,
    0.2153,
    0.2162,
    0.23149999999999998,
    0.2346,
    0.23020000000000002,
    0.2324,
    0.23679999999999995,
    0.2395,
    0.24619999999999997,
    0.24910000000000002,
    0.24749999999999997,
    0.2543,
    0.2465,
    0.2592,
    0.25880000000000003,
    0.2599,
    0.2577,
    0.262,
    0.26360000000000006,
    0.26410000000000006,
    0.25680000000000003,
    0.2636,
    0.2665,
    0.2626,
    0.2706,
    0.26860000000000006
  ]
}