{
  "setting": "setting_16",
  "train_accuracy": [
    0.18338395140664962,
    0.30346867007672634,
    0.36077365728900257,
    0.39659926470588236,
    0.4313858695652174,
    0.4538443094629156,
    0.47312579923273657,
    0.48863091432225064,
    0.5041759910485933,
    0.5142263427109974,
    0.5271539322250639,
    0.5365449168797954,
    0.5483535805626598,
    0.5571851023017903,
    0.5705322890025576,
    0.5805226982097187,
    0.5887348145780051,
    0.5984454923273658,
    0.6069972826086957,
    0.6118126598465473,
    0.625059942455243,
    0.6305946291560103,
    0.6404651534526854,
    0.6430626598465473,
    0.6512947570332481,
    0.656809462915601,
    0.6572690217391305,
    0.6621043797953964,
    0.6663003516624041,
    0.669457320971867,
    0.6731537723785166,
    0.6793877877237852,
    0.6787484015345269,
    0.682105179028133,
    0.686141304347826,
    0.685761668797954,
    0.6875799232736572,
    0.6869005754475703,
    0.6929547634271099,
    0.6977501598465473,
    0.7001878196930946,
    0.6950127877237852,
    0.6997482416879796,
    0.696611253196931,
    0.699468510230179,
    0.6990089514066496,
    0.6981297953964194,
    0.7067415281329923,
    0.7005274936061381,
    0.7035845588235294,
    0.7057624680306905,
    0.6991687979539642,
    0.6998681265984654,
    0.7028652493606138,
    0.7035845588235294,
    0.7030850383631714,
    0.7046235613810742,
    0.7024656329923273,
    0.6997082800511509,
    0.7014865728900256,
    0.7059223145780051,
    0.7062420076726342,
    0.7072610294117647,
    0.7057225063938619,
    0.7057025255754475,
    0.70622202685422,
    0.7029651534526854,
    0.7020859974424553,
    0.7019261508951407,
    0.7057424872122762,
    0.7070812020460358,
    0.7056026214833759,
    0.7076406649616368,
    0.7033248081841432,
    0.703125,
    0.7064218350383632,
    0.7053029092071611,
    0.7063219309462916,
    0.7028452685421995,
    0.7042239450127877,
    0.703184942455243,
    0.7048433503836317,
    0.7030250959079284,
    0.704983216112532,
    0.7069013746803069,
    0.7012068414322251,
    0.7065617007672634,
    0.7063019501278772,
    0.7035845588235294,
    0.7025255754475703,
    0.703744405370844,
    0.7077006074168798,
    0.7033447890025576,
    0.7047234654731458,
    0.70622202685422,
    0.7035445971867008,
    0.7023057864450127,
    0.7031649616368286,
    0.706661604859335,
    0.7032648657289002
  ],
  "test_accuracy": [
    0.197,
    0.3012,
    0.29209999999999997,
    0.2545,
    0.4010999999999999,
    0.41220000000000007,
    0.3781,
    0.364,
    0.4319,
    0.437,
    0.4755,
    0.4568,
    0.46130000000000004,
    0.508,
    0.4869,
    0.4726,
    0.5146,
    0.526,
    0.5257000000000001,
    0.4766,
    0.5574000000000001,
    0.5653,
    0.5424,
    0.5751999999999999,
    0.5873999999999999,
    0.6016999999999999,
    0.5129,
    0.5776,
    0.6205,
    0.5812,
    0.585,
    0.5158,
    0.5987,
    0.637,
    0.6199999999999999,
    0.5368999999999999,
    0.6333,
    0.6345000000000001,
    0.6465,
    0.6330000000000001,
    0.6153000000000001,
    0.6428,
    0.6277000000000001,
    0.6542,
    0.6475000000000001,
    0.6339,
    0.651,
    0.6495,
    0.6577,
    0.6555,
    0.65,
    0.6628000000000001,
    0.6747,
    0.6698999999999999,
    0.6619,
    0.6685000000000001,
    0.6642,
    0.6621000000000001,
    0.6695,
    0.6740000000000002,
    0.6759999999999999,
    0.6760999999999999,
    0.6786,
    0.6806000000000001,
    0.6799000000000001,
    0.6789000000000001,
    0.6839000000000001,
    0.6777000000000001,
    0.6745000000000001,
    0.6803,
    0.6843999999999999,
    0.6784000000000001,
    0.6848000000000001,
    0.6802,
    0.6834,
    0.681,
    0.6803,
    0.6836,
    0.6900999999999999,
    0.6890000000000001,
    0.6837000000000001,
    0.6849,
    0.6865,
    0.6852,
    0.6870999999999999,
    0.6839000000000001,
    0.6910000000000001,
    0.6862000000000001,
    0.6899,
    0.6883,
    0.6821,
    0.6892,
    0.6894,
    0.6878000000000001,
    0.6910000000000001,
    0.6862999999999999,
    0.6886,
    0.6878,
    0.6915,
    0.6910000000000001
  ]
}