{
  "setting": "setting_18",
  "train_accuracy": [
    0.11649792729591836,
    0.14595025510204082,
    0.21382732780612246,
    0.2514030612244898,
    0.2771006058673469,
    0.29819036989795916,
    0.3137276785714286,
    0.3223533163265306,
    0.3272122130102041,
    0.3352758290816326,
    0.3480867346938775,
    0.35701530612244897,
    0.3662826849489796,
    0.3727359693877551,
    0.3809390943877551,
    0.38634008290816324,
    0.390609056122449,
    0.3995455994897959,
    0.40860969387755103,
    0.4113002232142857,
    0.414030612244898,
    0.4226004464285715,
    0.42412308673469384,
    0.4262436224489796,
    0.43466597576530613,
    0.43361766581632655,
    0.44064492984693876,
    0.441226881377551,
    0.44276147959183676,
    0.4455875318877551,
    0.4505859375,
    0.4537468112244898,
    0.4554408482142857,
    0.45606265943877555,
    0.4570432079081632,
    0.45947066326530617,
    0.4587890625,
    0.4601363201530612,
    0.4640744579081633,
    0.46366788903061223,
    0.4665537308673469,
    0.4678930165816326,
    0.4672951211734694,
    0.4692920918367347,
    0.47467713647959187,
    0.4677136479591837,
    0.466812818877551,
    0.471516262755102,
    0.4741709183673469,
    0.4720503826530612,
    0.4751395089285714,
    0.4729113520408163,
    0.47368861607142854,
    0.47824856505102037,
    0.47550223214285714,
    0.48038105867346936,
    0.479703443877551,
    0.4805883290816326,
    0.4788145727040816,
    0.479671556122449,
    0.48166055484693876,
    0.4776147959183673,
    0.4777144451530612,
    0.4806760204081633,
    0.48014588647959183,
    0.48361367984693876,
    0.48244180484693877,
    0.4799226721938775,
    0.4818678252551021,
    0.4821787308673469,
    0.4840640943877551,
    0.48520009566326533,
    0.48227439413265305,
    0.4840880102040816,
    0.48398836096938774,
    0.4845344387755102,
    0.4882055165816327,
    0.4869339923469388,
    0.4846022002551021,
    0.48470982142857144,
    0.4825653698979592,
    0.48549904336734695,
    0.4841836734693878,
    0.48439492984693877,
    0.4848014987244898,
    0.4835259885204082,
    0.48191964285714284,
    0.48433514030612246,
    0.4848134566326531,
    0.4794443558673469,
    0.4833506058673469,
    0.48609693877551025,
    0.4887954400510204,
    0.48496492346938774,
    0.4855428890306122,
    0.48782684948979593,
    0.48654735331632654,
    0.4902941645408163,
    0.48379304846938775,
    0.48501275510204084
  ],
  "test_accuracy": [
    0.12389999999999998,
    0.1783,
    0.21910000000000002,
    0.265,
    0.27080000000000004,
    0.2679,
    0.2859,
    0.32839999999999997,
    0.32449999999999996,
    0.33070000000000005,
    0.30189999999999995,
    0.34180000000000005,
    0.33420000000000005,
    0.3567,
    0.35030000000000006,
    0.3839,
    0.37120000000000003,
    0.3767,
    0.3793,
    0.3909,
    0.38100000000000006,
    0.36279999999999996,
    0.40309999999999996,
    0.4098,
    0.4194,
    0.43359999999999993,
    0.42729999999999996,
    0.3928,
    0.4173,
    0.42619999999999997,
    0.434,
    0.43010000000000004,
    0.4417,
    0.44020000000000004,
    0.4311,
    0.4471,
    0.4497,
    0.45430000000000004,
    0.4572,
    0.4548,
    0.4544,
    0.4544,
    0.45330000000000004,
    0.4683999999999999,
    0.4638,
    0.46550000000000014,
    0.46030000000000004,
    0.4609000000000001,
    0.4676,
    0.47009999999999996,
    0.4689,
    0.4600000000000001,
    0.47240000000000004,
    0.4749,
    0.4648,
    0.47350000000000003,
    0.47509999999999997,
    0.4753,
    0.4706,
    0.47850000000000004,
    0.484,
    0.4763,
    0.47800000000000004,
    0.4829,
    0.48529999999999995,
    0.47519999999999996,
    0.4840999999999999,
    0.4812,
    0.484,
    0.47919999999999996,
    0.48719999999999997,
    0.4817,
    0.48460000000000003,
    0.48790000000000006,
    0.48290000000000005,
    0.4826,
    0.4851,
    0.4894,
    0.48860000000000003,
    0.4843,
    0.48249999999999993,
    0.4880999999999999,
    0.4896,
    0.4896000000000001,
    0.4883,
    0.48579999999999995,
    0.48929999999999996,
    0.4864,
    0.48319999999999996,
    0.4894,
    0.4897,
    0.49059999999999987,
    0.4866,
    0.4888,
    0.48609999999999987,
    0.4897,
    0.48369999999999996,
    0.4875000000000001,
    0.49269999999999997,
    0.4854
  ]
}