{
  "setting": "setting_8",
  "train_accuracy": [
    0.14739317602040816,
    0.26682079081632654,
    0.3126873405612245,
    0.33111049107142854,
    0.3503627232142857,
    0.366031568877551,
    0.3884167729591837,
    0.40029496173469387,
    0.4050661670918367,
    0.41767777423469393,
    0.431624681122449,
    0.43934948979591837,
    0.44324776785714287,
    0.4526466836734694,
    0.45915577168367344,
    0.45724649234693876,
    0.45762914540816324,
    0.4618064413265306,
    0.47620376275510207,
    0.4729551977040816,
    0.4757294323979592,
    0.4804966517857143,
    0.4905811543367347,
    0.48965640943877553,
    0.49771205357142856,
    0.49506138392857146,
    0.4998246173469388,
    0.49569913903061225,
    0.5018096301020408,
    0.5001275510204082,
    0.5071269132653061,
    0.5109295280612245,
    0.5105588329081633,
    0.5128188775510204,
    0.512468112244898,
    0.5174705038265306,
    0.5213727678571429,
    0.5211057079081632,
    0.5221699617346939,
    0.5229272959183674,
    0.5285754145408164,
    0.5247169961734695,
    0.5309311224489796,
    0.5330078125000001,
    0.5301937181122449,
    0.5311623086734694,
    0.5319515306122449,
    0.5320551658163266,
    0.5383011798469388,
    0.5348852040816326,
    0.5364716198979592,
    0.5348493303571429,
    0.536375956632653,
    0.5409239477040817,
    0.5357302295918367,
    0.5434948979591837,
    0.539712213010204,
    0.5404695471938775,
    0.5447783801020408,
    0.5417370854591836,
    0.5436344068877551,
    0.5416812818877551,
    0.5434869260204082,
    0.5422991071428571,
    0.5437818877551021,
    0.5482382015306123,
    0.5440369897959183,
    0.5451012436224489,
    0.5450454400510204,
    0.5464245854591837,
    0.547867506377551,
    0.5459941007653061,
    0.5473852040816326,
    0.5525948660714286,
    0.5540417729591837,
    0.5522441007653062,
    0.5528898278061224,
    0.5530970982142858,
    0.5502909757653062,
    0.5483816964285714,
    0.5482979910714286,
    0.5560267857142858,
    0.5520527742346939,
    0.5498724489795919,
    0.5517139668367347,
    0.5498485331632653,
    0.5503826530612245,
    0.5536192602040817,
    0.5504703443877551,
    0.5473453443877551,
    0.5519889987244898,
    0.5522401147959184,
    0.5555723852040817,
    0.5523357780612245,
    0.5495336415816326,
    0.5558952487244898,
    0.5564692283163266,
    0.5516980229591837,
    0.5531847895408163,
    0.5525510204081633
  ],
  "test_accuracy": [
    0.2184,
    0.23079999999999998,
    0.2751,
    0.3328,
    0.3207,
    0.31170000000000003,
    0.3054,
    0.38770000000000004,
    0.3721,
    0.40140000000000003,
    0.37489999999999996,
    0.3873000000000001,
    0.3823,
    0.4187,
    0.4208,
    0.4307,
    0.4232,
    0.40360000000000007,
    0.4234,
    0.43710000000000004,
    0.3922,
    0.42560000000000003,
    0.44029999999999997,
    0.4612,
    0.46080000000000004,
    0.4706,
    0.47000000000000003,
    0.4670000000000001,
    0.4577,
    0.47569999999999996,
    0.4732,
    0.4901,
    0.48929999999999996,
    0.49119999999999997,
    0.4833,
    0.5026,
    0.4984,
    0.4968,
    0.5047,
    0.5085999999999999,
    0.5075000000000001,
    0.5125,
    0.5152000000000001,
    0.5094000000000001,
    0.5185000000000001,
    0.5235,
    0.521,
    0.5130000000000001,
    0.5195000000000001,
    0.5205,
    0.5256,
    0.5239,
    0.528,
    0.5279999999999999,
    0.5219000000000001,
    0.5249,
    0.5259000000000001,
    0.5312,
    0.5321999999999999,
    0.5325,
    0.5235,
    0.5305000000000001,
    0.5269,
    0.5290000000000001,
    0.5344,
    0.5387,
    0.5285,
    0.5294000000000001,
    0.5405,
    0.5293,
    0.5359,
    0.5366000000000001,
    0.54,
    0.5345,
    0.5403,
    0.5353000000000001,
    0.5424,
    0.5358,
    0.5389999999999999,
    0.5312,
    0.5375,
    0.5410000000000001,
    0.5349999999999999,
    0.5413,
    0.5403,
    0.5469999999999999,
    0.5401,
    0.5413,
    0.5466000000000001,
    0.5440000000000002,
    0.5411,
    0.5403,
    0.5467000000000001,
    0.5426,
    0.5467,
    0.5412000000000001,
    0.5464,
    0.5452,
    0.5399,
    0.5383
  ]
}