{
  "setting": "setting_17",
  "train_accuracy": [
    0.1351622442455243,
    0.22999920076726343,
    0.2861532928388747,
    0.3227861253196931,
    0.33824328644501284,
    0.3563139386189258,
    0.38002717391304347,
    0.39889306265984653,
    0.41854619565217394,
    0.4356537723785166,
    0.4498321611253197,
    0.4611972506393862,
    0.46791879795396424,
    0.48204923273657285,
    0.4924192774936061,
    0.49839354219948845,
    0.503804347826087,
    0.5102022058823529,
    0.5184982416879795,
    0.5229100063938619,
    0.5270380434782609,
    0.5325047953964194,
    0.5394940856777494,
    0.5397738171355498,
    0.5507273017902813,
    0.5536165281329923,
    0.5552829283887468,
    0.5631913363171355,
    0.5640465153452686,
    0.5651174872122762,
    0.5702325767263428,
    0.5747762148337596,
    0.5790401214833759,
    0.5861692774936061,
    0.5887947570332481,
    0.5891184462915601,
    0.5907648657289002,
    0.5969868925831202,
    0.5961077365728901,
    0.5972706202046036,
    0.6020300511508951,
    0.6054987212276215,
    0.6074688299232737,
    0.6132592710997443,
    0.6146139705882353,
    0.618130594629156,
    0.6195052749360613,
    0.6203964194373401,
    0.6204683503836317,
    0.6199008951406649,
    0.626650415601023,
    0.6255634590792839,
    0.6247002877237852,
    0.6293837915601024,
    0.628596547314578,
    0.6281609654731458,
    0.6377917199488491,
    0.6351582480818415,
    0.6366927749360614,
    0.6393062659846548,
    0.6378356777493607,
    0.6356697570332481,
    0.6377717391304348,
    0.6411604859335038,
    0.6437180306905371,
    0.6399656329923273,
    0.6397738171355499,
    0.6459079283887468,
    0.6478940217391305,
    0.6445252557544757,
    0.6423793158567774,
    0.6452365728900256,
    0.647494405370844,
    0.6487132352941176,
    0.6493126598465473,
    0.6438219309462916,
    0.6464753836317135,
    0.6504235933503837,
    0.6479819373401534,
    0.648585358056266,
    0.6481977301790282,
    0.6521139705882353,
    0.6499640345268543,
    0.6516264386189258,
    0.6509191176470588,
    0.6542119565217391,
    0.6472266624040921,
    0.6496323529411765,
    0.6519820971867007,
    0.6507153132992327,
    0.6501078964194373,
    0.6550391624040921,
    0.6525535485933504,
    0.6495843989769822,
    0.6479739450127877,
    0.6485813618925831,
    0.6533088235294118,
    0.6534367007672635,
    0.651798273657289,
    0.6512867647058823
  ],
  "test_accuracy": [
    0.17909999999999998,
    0.24629999999999996,
    0.29490000000000005,
    0.31389999999999996,
    0.33280000000000004,
    0.3509,
    0.37360000000000004,
    0.3941,
    0.3834,
    0.41150000000000003,
    0.426,
    0.43099999999999994,
    0.4412,
    0.44020000000000004,
    0.46510000000000007,
    0.46220000000000006,
    0.4584,
    0.4747,
    0.4779999999999999,
    0.4936,
    0.4997000000000001,
    0.4949,
    0.4941,
    0.5166000000000001,
    0.5193000000000001,
    0.5041,
    0.49709999999999993,
    0.5322000000000001,
    0.544,
    0.5387000000000001,
    0.5436000000000001,
    0.5493,
    0.5548,
    0.5539000000000001,
    0.5473,
    0.5587000000000001,
    0.5621,
    0.5655,
    0.5659000000000001,
    0.5668,
    0.5655,
    0.5728,
    0.5767,
    0.5848,
    0.572,
    0.5831999999999999,
    0.5803,
    0.5894999999999999,
    0.5685,
    0.5948,
    0.5907,
    0.6007,
    0.5785,
    0.6083999999999999,
    0.6003999999999999,
    0.6059,
    0.6073999999999999,
    0.6089,
    0.6106999999999999,
    0.6069,
    0.6081,
    0.6134,
    0.6162,
    0.6167999999999999,
    0.6146,
    0.6208,
    0.6176,
    0.6151000000000001,
    0.6185,
    0.617,
    0.6195000000000002,
    0.621,
    0.6228999999999999,
    0.6236,
    0.6227,
    0.6271,
    0.6266999999999999,
    0.6249,
    0.6278,
    0.6295,
    0.6285999999999999,
    0.6305999999999999,
    0.6289,
    0.6333,
    0.6339,
    0.6329,
    0.6351,
    0.6309,
    0.6325000000000001,
    0.6356999999999999,
    0.6362,
    0.6312,
    0.6340999999999999,
    0.6361000000000001,
    0.6317999999999999,
    0.6370000000000001,
    0.6364,
    0.6376000000000001,
    0.6407,
    0.6445000000000001
  ]
}