{
  "setting": "setting_6",
  "train_accuracy": [
    0.28474664322250637,
    0.4040321291560102,
    0.44275495524296676,
    0.44583200127877237,
    0.45352461636828645,
    0.45270540281329924,
    0.45746083759590794,
    0.4607576726342711,
    0.4739450127877238,
    0.4734055306905371,
    0.4759630754475703,
    0.477181905370844,
    0.4818773976982097,
    0.48255674552429667,
    0.48801150895140666,
    0.4914681905370844,
    0.4943254475703325,
    0.5011588874680307,
    0.49904092071611256,
    0.49826166879795397,
    0.5100503516624041,
    0.505954283887468,
    0.5101502557544757,
    0.5143462276214834,
    0.5186421035805626,
    0.5219988810741688,
    0.5238770780051151,
    0.5255954283887468,
    0.5276734335038363,
    0.5290121483375959,
    0.5344469309462916,
    0.5364450127877238,
    0.5327885230179028,
    0.5355858375959079,
    0.5360653772378516,
    0.5418997762148338,
    0.5413203324808185,
    0.5416200447570333,
    0.5418997762148338,
    0.553508631713555,
    0.5532289002557544,
    0.5518102621483376,
    0.5495524296675192,
    0.5514506074168798,
    0.5554867327365729,
    0.5553468670076727,
    0.5575847186700768,
    0.5617607097186701,
    0.5584838554987213,
    0.5586237212276215,
    0.5605418797953964,
    0.5575447570332481,
    0.5571851023017903,
    0.5600023976982097,
    0.5614210358056266,
    0.5627197890025576,
    0.563678868286445,
    0.5608415920716112,
    0.5621603260869565,
    0.5648177749360613,
    0.5657968350383632,
    0.5632392902813299,
    0.563798753196931,
    0.5646978900255755,
    0.5650375639386189,
    0.568953804347826,
    0.5625799232736572,
    0.5647778132992327,
    0.5623201726342711,
    0.564238331202046,
    0.5681345907928389,
    0.5672554347826086,
    0.5697929987212276,
    0.5666759910485933,
    0.5661365089514067,
    0.5696131713554987,
    0.5645380434782609,
    0.569693094629156,
    0.5701326726342711,
    0.5647378516624041,
    0.5711317135549873,
    0.5694533248081841,
    0.5652973145780051,
    0.5716911764705882,
    0.5688738810741688,
    0.5666759910485933,
    0.5670556265984654,
    0.5677549552429667,
    0.5671755115089514,
    0.5666360294117647,
    0.5637587915601023,
    0.5708519820971867,
    0.564238331202046,
    0.570931905370844,
    0.5709918478260869,
    0.573968989769821,
    0.5664362212276215,
    0.5642183503836317,
    0.5753476662404092,
    0.5705322890025576
  ],
  "test_accuracy": [
    0.19280000000000003,
    0.3126,
    0.335,
    0.26020000000000004,
    0.3925,
    0.36039999999999994,
    0.36379999999999996,
    0.3408,
    0.33020000000000005,
    0.3847,
    0.4027,
    0.40249999999999997,
    0.4255999999999999,
    0.41509999999999997,
    0.44460000000000005,
    0.4101,
    0.43600000000000005,
    0.45249999999999996,
    0.3992,
    0.42630000000000007,
    0.46749999999999997,
    0.4547,
    0.42399999999999993,
    0.4595000000000001,
    0.45430000000000004,
    0.4707,
    0.4789999999999999,
    0.4678,
    0.48339999999999994,
    0.4861000000000001,
    0.48200000000000004,
    0.4779999999999999,
    0.4784,
    0.49609999999999993,
    0.5069999999999999,
    0.49610000000000004,
    0.4997,
    0.5201,
    0.5073000000000001,
    0.5115000000000001,
    0.508,
    0.49729999999999996,
    0.5163,
    0.527,
    0.5237,
    0.5251,
    0.5218,
    0.5362000000000001,
    0.5384,
    0.5229000000000001,
    0.5344,
    0.5267999999999999,
    0.5427000000000002,
    0.5377000000000001,
    0.5450999999999999,
    0.5423,
    0.5405000000000001,
    0.5437,
    0.5463,
    0.5447,
    0.5444000000000001,
    0.5498000000000001,
    0.5413,
    0.5465000000000001,
    0.5457,
    0.554,
    0.5523,
    0.5545000000000001,
    0.5540999999999999,
    0.5575,
    0.5434,
    0.5555,
    0.5573,
    0.561,
    0.5542,
    0.5540999999999999,
    0.5586,
    0.5632999999999999,
    0.5584,
    0.5594,
    0.5584999999999999,
    0.5586,
    0.5540999999999999,
    0.5634,
    0.5612,
    0.5597000000000001,
    0.5566,
    0.5624,
    0.5656000000000001,
    0.5618000000000001,
    0.5601,
    0.5575,
    0.5677,
    0.5681,
    0.5563999999999999,
    0.5669,
    0.5631,
    0.5657,
    0.561,
    0.5647
  ]
}