{
  "setting": "setting_7",
  "train_accuracy": [
    0.21019021739130436,
    0.32826886189258314,
    0.37684223145780055,
    0.4028572570332481,
    0.41341512148337595,
    0.4251078964194373,
    0.4356657608695652,
    0.44179987212276217,
    0.4509910485933504,
    0.45679747442455243,
    0.4596747122762148,
    0.46538922634271096,
    0.4395220588235294,
    0.46868606138107416,
    0.4762468030690537,
    0.47950767263427113,
    0.48317615089514065,
    0.4831881393861892,
    0.49386988491048595,
    0.49713475063938617,
    0.49450927109974424,
    0.4942974744245524,
    0.5001039002557545,
    0.500175831202046,
    0.508371962915601,
    0.5070372442455243,
    0.5117447250639386,
    0.5174272698209719,
    0.5170316496163683,
    0.5181425831202046,
    0.521347506393862,
    0.527269820971867,
    0.5256833439897699,
    0.5282568734015345,
    0.5322050831202045,
    0.5274736253196931,
    0.5340912723785166,
    0.5351702365728901,
    0.5362651854219949,
    0.5405810421994884,
    0.5451166879795396,
    0.5394021739130435,
    0.5430826406649617,
    0.5462595907928389,
    0.5502477621483376,
    0.5530450767263427,
    0.5554987212276215,
    0.5546635230179028,
    0.5508072250639386,
    0.5532488810741688,
    0.556957320971867,
    0.5600423593350383,
    0.554979219948849,
    0.561113331202046,
    0.5578085038363172,
    0.5625479539641944,
    0.5665800831202046,
    0.5639865728900256,
    0.5672594309462916,
    0.5640984654731458,
    0.5662004475703325,
    0.5642223465473146,
    0.5611572890025576,
    0.5682105179028133,
    0.5706441815856778,
    0.5645620204603581,
    0.5661484974424552,
    0.5696531329923273,
    0.5697730179028133,
    0.5701446611253197,
    0.5694533248081841,
    0.5690896739130434,
    0.5683903452685422,
    0.5727861253196931,
    0.5719828964194373,
    0.5689378196930946,
    0.5671235613810742,
    0.5725343670076727,
    0.5713475063938619,
    0.5702165920716112,
    0.5731058184143223,
    0.574824168797954,
    0.5729299872122762,
    0.5753516624040921,
    0.5715033567774935,
    0.5751718350383632,
    0.5699048913043478,
    0.5718630115089514,
    0.5753316815856777,
    0.5700847186700767,
    0.5740129475703325,
    0.578125,
    0.5744285485933504,
    0.5717311381074168,
    0.5702645460358056,
    0.5746323529411765,
    0.5732856457800511,
    0.5729739450127878,
    0.574796195652174,
    0.5707081202046036
  ],
  "test_accuracy": [
    0.23559999999999998,
    0.3115,
    0.33540000000000003,
    0.3544,
    0.3507,
    0.3529999999999999,
    0.40090000000000003,
    0.3806,
    0.3868,
    0.40700000000000003,
    0.40279999999999994,
    0.4258,
    0.41369999999999996,
    0.4253,
    0.44610000000000005,
    0.4516,
    0.421,
    0.4284,
    0.45169999999999993,
    0.43129999999999996,
    0.4588,
    0.4516000000000001,
    0.4657,
    0.46820000000000006,
    0.4646,
    0.46620000000000006,
    0.47669999999999996,
    0.4859,
    0.48200000000000004,
    0.487,
    0.4716,
    0.4957000000000001,
    0.47850000000000004,
    0.49559999999999993,
    0.4902,
    0.5065999999999999,
    0.5063,
    0.5034,
    0.506,
    0.5121,
    0.5118,
    0.5183,
    0.5215,
    0.523,
    0.5193,
    0.528,
    0.5298,
    0.5336,
    0.5281,
    0.5326000000000001,
    0.5348,
    0.5336000000000001,
    0.5418000000000001,
    0.5393,
    0.5406000000000001,
    0.5448999999999999,
    0.5507000000000001,
    0.5463000000000001,
    0.5401,
    0.5463000000000001,
    0.5564,
    0.5460999999999999,
    0.5525,
    0.5496000000000001,
    0.5563999999999999,
    0.5493,
    0.5558,
    0.5513,
    0.5523,
    0.5490999999999999,
    0.5621,
    0.5569,
    0.562,
    0.5596,
    0.5596,
    0.5576000000000001,
    0.5621999999999999,
    0.5632,
    0.5640000000000001,
    0.5633,
    0.5538000000000001,
    0.5599999999999999,
    0.5641,
    0.5631,
    0.5652999999999999,
    0.5639000000000001,
    0.5683,
    0.5631,
    0.557,
    0.5686,
    0.5692999999999999,
    0.5652,
    0.5635999999999999,
    0.5694999999999999,
    0.5650999999999999,
    0.5664,
    0.5721,
    0.5658000000000001,
    0.5607,
    0.5715000000000001
  ]
}