{
  "setting": "setting_12",
  "train_accuracy": [
    0.13999760230179029,
    0.24343030690537085,
    0.30202605498721224,
    0.33783567774936063,
    0.357253037084399,
    0.38212515984654727,
    0.40893941815856777,
    0.4269141624040921,
    0.44756234015345264,
    0.46681186061381075,
    0.4799552429667519,
    0.48974184782608693,
    0.5008471867007673,
    0.517303388746803,
    0.5246403452685422,
    0.5352461636828645,
    0.5406409846547314,
    0.5482976342710998,
    0.5546355498721228,
    0.5618566176470589,
    0.5646339514066496,
    0.5693534207161125,
    0.5786964514066496,
    0.5809063299232736,
    0.5883911445012787,
    0.5916320332480819,
    0.5960957480818415,
    0.6038642902813299,
    0.6062979539641944,
    0.6101102941176471,
    0.6151334718670077,
    0.6200287723785166,
    0.6210677749360614,
    0.6319493286445013,
    0.634962436061381,
    0.6364809782608696,
    0.6356897378516624,
    0.6395859974424553,
    0.6423193734015346,
    0.6443454283887469,
    0.6485174232736572,
    0.6519341432225064,
    0.6540321291560103,
    0.6598385549872122,
    0.6592631074168799,
    0.6621763107416879,
    0.6644501278772379,
    0.663443094629156,
    0.6634111253196932,
    0.6643102621483377,
    0.6716711956521739,
    0.6719469309462915,
    0.6674112851662404,
    0.6703644501278773,
    0.672762148337596,
    0.6716352301790282,
    0.676090952685422,
    0.6740808823529412,
    0.676974104859335,
    0.6774256713554988,
    0.6805027173913044,
    0.6772258631713556,
    0.6740688938618926,
    0.6821651214833759,
    0.6801710358056265,
    0.6779531649616368,
    0.6760549872122762,
    0.680690537084399,
    0.6777573529411764,
    0.677653452685422,
    0.6733695652173913,
    0.6770580242966753,
    0.6816296355498721,
    0.6820412404092072,
    0.6817255434782609,
    0.6768941815856777,
    0.6781449808184143,
    0.6804187979539642,
    0.6796435421994885,
    0.6803268861892583,
    0.6789761828644502,
    0.6822450447570333,
    0.6786205242966752,
    0.6834039322250639,
    0.681134111253197,
    0.6829363810741688,
    0.6772218670076726,
    0.6770220588235294,
    0.6805626598465474,
    0.6791839833759591,
    0.6826246803069054,
    0.6849104859335039,
    0.6823968989769821,
    0.6763866687979541,
    0.6776454603580563,
    0.678244884910486,
    0.6796954923273658,
    0.680602621483376,
    0.6785565856777493,
    0.6792958759590794
  ],
  "test_accuracy": [
    0.1937,
    0.2592,
    0.30429999999999996,
    0.32270000000000004,
    0.348,
    0.37160000000000004,
    0.39699999999999996,
    0.41719999999999996,
    0.3979,
    0.4321,
    0.4449000000000001,
    0.4619,
    0.4607,
    0.4612,
    0.5044000000000001,
    0.493,
    0.49160000000000004,
    0.4974,
    0.5073000000000001,
    0.5258,
    0.5334000000000001,
    0.5175,
    0.526,
    0.5396000000000001,
    0.5505,
    0.5192,
    0.5367000000000001,
    0.5641,
    0.5657,
    0.58,
    0.5589000000000001,
    0.5886,
    0.5856000000000001,
    0.5923999999999999,
    0.5857,
    0.6003000000000001,
    0.6053999999999999,
    0.6047,
    0.6077999999999999,
    0.6147,
    0.6077999999999999,
    0.6078,
    0.6198,
    0.6189,
    0.6247999999999999,
    0.6275000000000001,
    0.6214000000000001,
    0.6334000000000001,
    0.6163,
    0.6348,
    0.6243000000000001,
    0.6394,
    0.6306,
    0.6496999999999999,
    0.6333,
    0.6471,
    0.6426000000000001,
    0.647,
    0.6477000000000002,
    0.6491,
    0.6486999999999999,
    0.6474,
    0.6583,
    0.6569,
    0.6514,
    0.6557000000000001,
    0.6538000000000002,
    0.6533999999999999,
    0.6534000000000001,
    0.6580000000000001,
    0.654,
    0.6597999999999999,
    0.6593,
    0.6568000000000002,
    0.6580999999999999,
    0.6628000000000001,
    0.6617,
    0.6642,
    0.659,
    0.6685,
    0.6651,
    0.6643,
    0.6665000000000001,
    0.6655,
    0.6683,
    0.6709,
    0.6653,
    0.668,
    0.6668000000000001,
    0.6689,
    0.6678000000000001,
    0.6656000000000001,
    0.6654000000000001,
    0.6667000000000001,
    0.6641000000000001,
    0.6712999999999999,
    0.6713,
    0.6668000000000001,
    0.6702999999999999,
    0.6748000000000001
  ]
}