{
  "setting": "setting_9",
  "train_accuracy": [
    0.11029462008017492,
    0.19680723852040816,
    0.24533546677599613,
    0.2645839027575316,
    0.28765602223032066,
    0.3060199526239067,
    0.31394064322157433,
    0.3379627520651117,
    0.34534533679543244,
    0.35380603134110783,
    0.37592056912050537,
    0.37901349155733727,
    0.39487005739795916,
    0.39660490312196306,
    0.4006136494776482,
    0.40754259293002915,
    0.41134824465500486,
    0.4135661519071914,
    0.4178719478862974,
    0.425867612670068,
    0.42722189322157433,
    0.4291873557458698,
    0.4379109344630709,
    0.44235529033041787,
    0.4482488307823129,
    0.44682147412536444,
    0.4506907115524781,
    0.4583276390913508,
    0.45721821094509235,
    0.4505920113581147,
    0.4549879661686103,
    0.4585250394800778,
    0.459452251882896,
    0.4675323812560739,
    0.46827547983479106,
    0.4704592216350826,
    0.4695908497327503,
    0.4732769223760933,
    0.47380553784013607,
    0.47792437287414963,
    0.48143012785471334,
    0.48606524082847424,
    0.4887927827380953,
    0.4861107947643343,
    0.4896905748906706,
    0.49083701560981535,
    0.4904630937196307,
    0.4930046237244898,
    0.4942288857507289,
    0.4977507744169096,
    0.49484196580417883,
    0.49693934493440234,
    0.495210193452381,
    0.49963082331146746,
    0.503240972728377,
    0.49906329719387754,
    0.5016332984086492,
    0.5068900327988338,
    0.5107735058309038,
    0.5056240129980564,
    0.5070722485422741,
    0.5103445396015549,
    0.508418936771137,
    0.509747593233722,
    0.5090975006073858,
    0.5102458394071914,
    0.5128756301627794,
    0.5118288386783285,
    0.5126782297740525,
    0.5174756286443148,
    0.5133976023445093,
    0.5160719979956269,
    0.5170371720116618,
    0.5142109299076774,
    0.5145516353862974,
    0.5153326955782312,
    0.5172184387147717,
    0.5169555545432458,
    0.5134422072400389,
    0.5173854698129251,
    0.5161488702623906,
    0.5188716669703596,
    0.5190662202380952,
    0.5187653744533528,
    0.5166974155733722,
    0.5173883169339164,
    0.5151960337706512,
    0.5210193452380952,
    0.5204394815962099,
    0.5208874286321672,
    0.5210857780612245,
    0.5234137739917395,
    0.5188166226311953,
    0.5207811361151604,
    0.5234526846452867,
    0.523124316690962,
    0.5230341578595724,
    0.5219427614795918,
    0.522385963313897,
    0.5253147017735665
  ],
  "test_accuracy": [
    0.1463,
    0.23209999999999997,
    0.2399,
    0.2591,
    0.2739,
    0.3008,
    0.3073,
    0.3386,
    0.35910000000000003,
    0.3215,
    0.3741,
    0.3654,
    0.3753,
    0.3665,
    0.3892,
    0.38870000000000005,
    0.39269999999999994,
    0.3642,
    0.41,
    0.4062,
    0.41869999999999996,
    0.4203,
    0.43069999999999997,
    0.4196,
    0.42919999999999997,
    0.4425,
    0.44279999999999997,
    0.4441,
    0.44589999999999996,
    0.42750000000000005,
    0.4383,
    0.4345,
    0.4504,
    0.4584,
    0.4565,
    0.46259999999999996,
    0.4574000000000001,
    0.46529999999999994,
    0.4668,
    0.46329999999999993,
    0.4737,
    0.4713,
    0.4755,
    0.4805,
    0.47919999999999996,
    0.48200000000000004,
    0.47780000000000006,
    0.48129999999999995,
    0.48019999999999996,
    0.4819,
    0.48819999999999997,
    0.4877999999999999,
    0.4868,
    0.4913,
    0.4981,
    0.4925999999999999,
    0.4962,
    0.49420000000000003,
    0.4944,
    0.5039999999999999,
    0.4962,
    0.4984,
    0.5077999999999999,
    0.5015000000000001,
    0.495,
    0.5029999999999999,
    0.5011,
    0.5039,
    0.5016,
    0.5031,
    0.5042,
    0.5088,
    0.5056999999999999,
    0.5064,
    0.5053,
    0.5066,
    0.5031000000000001,
    0.5103,
    0.5121,
    0.5068,
    0.5151,
    0.514,
    0.5104,
    0.5127999999999999,
    0.5141,
    0.5162000000000001,
    0.5136000000000001,
    0.5153,
    0.5098,
    0.5172,
    0.513,
    0.5141000000000001,
    0.5134000000000001,
    0.5142,
    0.5195,
    0.5105999999999999,
    0.517,
    0.5129,
    0.5217,
    0.5168000000000001
  ]
}