{
  "setting": "setting_11",
  "train_accuracy": [
    0.1926350703324808,
    0.31927349744245526,
    0.3845907928388747,
    0.42776934143222506,
    0.46509351023017903,
    0.4867726982097187,
    0.506453804347826,
    0.5277733375959079,
    0.5434183184143222,
    0.5598425511508951,
    0.573349584398977,
    0.5844389386189258,
    0.6024216751918159,
    0.6121323529411765,
    0.6281969309462916,
    0.6382472826086957,
    0.6458000319693095,
    0.6557704603580563,
    0.6615249360613811,
    0.6671795076726342,
    0.6774296675191815,
    0.6805067135549873,
    0.6902973145780051,
    0.6900975063938619,
    0.7005674552429667,
    0.7045835997442456,
    0.6974904092071611,
    0.7021059782608695,
    0.7069413363171355,
    0.706162084398977,
    0.7101382672634271,
    0.7143342391304348,
    0.7128756393861893,
    0.7141344309462916,
    0.7192495204603581,
    0.7197090792838875,
    0.7200087915601023,
    0.7169717071611253,
    0.719928868286445,
    0.7222266624040921,
    0.7237252237851662,
    0.7223865089514067,
    0.7228460677749361,
    0.7216871803069054,
    0.7254036125319693,
    0.7267023657289002,
    0.7214074488491049,
    0.7299992007672634,
    0.7259630754475703,
    0.728240888746803,
    0.7295596227621484,
    0.7252837276214834,
    0.7251039002557544,
    0.7292599104859335,
    0.7314378196930946,
    0.7280410805626598,
    0.7286804667519181,
    0.7273017902813299,
    0.7263826726342711,
    0.7300391624040921,
    0.733136189258312,
    0.7305986253196931,
    0.730099104859335,
    0.7290201406649617,
    0.7298793158567775,
    0.7298393542199488,
    0.7270020780051151,
    0.7304387787723785,
    0.7286604859335039,
    0.7309982416879796,
    0.7306985294117647,
    0.7309582800511509,
    0.7306385869565217,
    0.7268222506393862,
    0.7272018861892583,
    0.7293598145780051,
    0.7310581841432225,
    0.7306585677749361,
    0.7279012148337596,
    0.7301190856777494,
    0.728980179028133,
    0.7309982416879796,
    0.7248041879795396,
    0.7324968030690537,
    0.730718510230179,
    0.728300831202046,
    0.7293398337595908,
    0.7296994884910486,
    0.7262627877237852,
    0.7305786445012787,
    0.7286405051150895,
    0.7334958439897699,
    0.7296195652173914,
    0.7277813299232737,
    0.7314378196930946,
    0.7283807544757033,
    0.7265225383631714,
    0.7273817135549873,
    0.7310182225063938,
    0.7299792199488491
  ],
  "test_accuracy": [
    0.1953,
    0.28869999999999996,
    0.3141,
    0.2711,
    0.4194,
    0.42349999999999993,
    0.36560000000000004,
    0.3782,
    0.4595000000000001,
    0.44560000000000005,
    0.4976,
    0.47170000000000006,
    0.5096,
    0.5238,
    0.5352,
    0.5256000000000001,
    0.5575,
    0.5714,
    0.5486,
    0.5265,
    0.5688,
    0.5824,
    0.5692999999999999,
    0.6100000000000001,
    0.6308,
    0.6173,
    0.591,
    0.6235999999999999,
    0.6547000000000001,
    0.6063999999999999,
    0.6292,
    0.6089,
    0.6302000000000001,
    0.661,
    0.6336999999999999,
    0.5911,
    0.6663,
    0.6644,
    0.6613,
    0.6656000000000001,
    0.6632,
    0.6754,
    0.6676000000000001,
    0.6766000000000001,
    0.6786,
    0.6638999999999999,
    0.6799999999999999,
    0.6821999999999999,
    0.6838,
    0.6776,
    0.6859,
    0.6857,
    0.6950999999999999,
    0.6985999999999999,
    0.6903,
    0.6916,
    0.6903,
    0.6944999999999999,
    0.6960999999999999,
    0.6980000000000001,
    0.6948000000000001,
    0.6927,
    0.7034,
    0.7059,
    0.7030999999999998,
    0.7004,
    0.7028,
    0.7077999999999999,
    0.708,
    0.7011,
    0.7043999999999999,
    0.7028,
    0.7063999999999999,
    0.7037,
    0.7007999999999999,
    0.7061999999999998,
    0.7107,
    0.708,
    0.709,
    0.7158,
    0.7058,
    0.7109,
    0.7162999999999998,
    0.7071,
    0.71,
    0.7056000000000001,
    0.7135,
    0.7101,
    0.7151000000000001,
    0.7091999999999999,
    0.7086,
    0.7171999999999998,
    0.7128999999999999,
    0.7094999999999999,
    0.7145999999999999,
    0.7089000000000001,
    0.7149999999999999,
    0.7141,
    0.7142000000000001,
    0.714
  ]
}