{
  "setting": "setting_10",
  "train_accuracy": [
    0.09973268550435413,
    0.10396386577013789,
    0.12610306206912192,
    0.15132962740384615,
    0.16788512563497823,
    0.16157254909742383,
    0.1439497771906749,
    0.13626129637608855,
    0.13710958760431785,
    0.13855954905206821,
    0.1463419301070392,
    0.15461719883889694,
    0.16859522405660377,
    0.17726806286284472,
    0.18586613581730768,
    0.18836033880624095,
    0.19300857787554426,
    0.1968669919040276,
    0.20117081197841075,
    0.20265585313860665,
    0.20447574609941943,
    0.20627012654208998,
    0.20891740463987662,
    0.20969978852957183,
    0.21098994239840346,
    0.21575546818305516,
    0.21132160513425252,
    0.21274180197750364,
    0.2133190227004717,
    0.21482674165457183,
    0.2161349668904209,
    0.21710125351505807,
    0.21545286137064587,
    0.21494615441309867,
    0.2172245640194122,
    0.21841656556150219,
    0.2159507098149492,
    0.2181479754399492,
    0.2193268663824383,
    0.22210312443305516,
    0.21828864863026126,
    0.21997849861665458,
    0.2213955063951379,
    0.2203505561728955,
    0.22064288710994193,
    0.22074848058780844,
    0.2215684245736575,
    0.22288267359851233,
    0.22246065402757617,
    0.2213218035649492
  ],
  "test_accuracy": [
    0.0997,
    0.11120000000000001,
    0.14170000000000002,
    0.1651,
    0.16999999999999998,
    0.1527,
    0.1409,
    0.13920000000000002,
    0.14079999999999998,
    0.1478,
    0.14780000000000001,
    0.16699999999999998,
    0.18180000000000002,
    0.1885,
    0.1915,
    0.19640000000000002,
    0.2037,
    0.20190000000000002,
    0.2082,
    0.2138,
    0.21480000000000002,
    0.22080000000000002,
    0.219,
    0.21639999999999998,
    0.2211,
    0.2246,
    0.2238,
    0.22160000000000002,
    0.2234,
    0.2284,
    0.23220000000000002,
    0.22569999999999996,
    0.229,
    0.23159999999999997,
    0.229,
    0.22749999999999998,
    0.22949999999999998,
    0.2303,
    0.23079999999999998,
    0.23159999999999997,
    0.2262,
    0.2304,
    0.23090000000000002,
    0.23080000000000003,
    0.2292,
    0.23019999999999996,
    0.2278,
    0.2306,
    0.22929999999999998,
    0.22849999999999998
  ]
}