{
  "setting": "setting_15",
  "train_accuracy": [
    0.09973268550435413,
    0.10298446854589985,
    0.12660374523766327,
    0.15247910808236576,
    0.16513438010250364,
    0.16841628208907838,
    0.17674080415457183,
    0.17560018198929608,
    0.17019329984579099,
    0.1726680141055878,
    0.1805329565039913,
    0.18616023845700289,
    0.19566542316763424,
    0.20102659538280115,
    0.20867999648494193,
    0.21008495668541366,
    0.20959702977594338,
    0.21159657338534107,
    0.21597763969521047,
    0.21526824995464441,
    0.21651056785195935,
    0.21622355202285923,
    0.2185164895908926,
    0.21959970859034833,
    0.2190958363570392,
    0.22408991178338172,
    0.22217292951741655,
    0.22205706016418722,
    0.2229868497142598,
    0.22539282191128446,
    0.22638249501088537,
    0.22597145999637155,
    0.22855708284198115,
    0.22555688157656023,
    0.2281318742062772,
    0.2297522734488389,
    0.22899859114205368,
    0.23072919028936864,
    0.23182729159107401,
    0.23393136565674894,
    0.23370529639876633,
    0.23400577716799711,
    0.23308874387699566,
    0.23357489908381712,
    0.23465209429426703,
    0.2369634575698476,
    0.23632529027576196,
    0.23615378945936139,
    0.23570661171081278,
    0.2356495628855225
  ],
  "test_accuracy": [
    0.0997,
    0.11000000000000001,
    0.14279999999999998,
    0.1648,
    0.1677,
    0.1753,
    0.183,
    0.17379999999999998,
    0.1755,
    0.184,
    0.18819999999999998,
    0.2009,
    0.20950000000000002,
    0.2151,
    0.2178,
    0.21889999999999996,
    0.2204,
    0.22010000000000002,
    0.2278,
    0.2284,
    0.22800000000000004,
    0.23120000000000002,
    0.2333,
    0.22359999999999997,
    0.2346,
    0.22479999999999997,
    0.2326,
    0.23549999999999996,
    0.23529999999999998,
    0.23680000000000004,
    0.23620000000000002,
    0.23689999999999997,
    0.238,
    0.23760000000000003,
    0.23810000000000003,
    0.23609999999999998,
    0.23889999999999995,
    0.2404,
    0.23729999999999998,
    0.24209999999999998,
    0.236,
    0.24170000000000003,
    0.24100000000000002,
    0.2445,
    0.2414,
    0.2432,
    0.24300000000000005,
    0.24240000000000003,
    0.2426,
    0.24009999999999998
  ]
}