{
  "setting": "setting_9",
  "train_accuracy": [
    0.10099830483490566,
    0.13270452535377358,
    0.15816185141509434,
    0.14151127653301887,
    0.1384695607311321,
    0.15476451945754716,
    0.17502837558962261,
    0.19319428066037736,
    0.1994708136792453,
    0.2062429982311321,
    0.2110428950471698,
    0.2127270047169811,
    0.21347729952830188,
    0.2178828862028302,
    0.21959279186320754,
    0.21985591096698112,
    0.2206146816037736,
    0.22529517983490568,
    0.2257930424528302,
    0.22484927771226418,
    0.2249712558962264,
    0.2255317659198113,
    0.23009655070754717,
    0.2294030070754717,
    0.2293138266509434,
    0.2317950324292453,
    0.22862359964622642,
    0.23170658903301888,
    0.23289467865566038,
    0.2349837853773585,
    0.23572965801886792,
    0.235364460495283,
    0.23684404481132076,
    0.23699439858490567,
    0.2384621904481132,
    0.2400958136792453,
    0.2384102299528302,
    0.23923164799528301,
    0.2410642688679245,
    0.24289725825471697,
    0.24218565742924528,
    0.24099793632075472,
    0.24250626474056602,
    0.24132849351415092,
    0.24420179834905661,
    0.24229510613207547,
    0.24480616155660379,
    0.24392614976415092,
    0.24399764150943398,
    0.24468270931603772
  ],
  "test_accuracy": [
    0.1075,
    0.1594,
    0.1623,
    0.13640000000000002,
    0.148,
    0.1709,
    0.19729999999999998,
    0.20690000000000003,
    0.2113,
    0.2234,
    0.21980000000000005,
    0.23010000000000003,
    0.22949999999999998,
    0.2303,
    0.23820000000000002,
    0.23289999999999997,
    0.2291,
    0.22810000000000002,
    0.23409999999999997,
    0.23199999999999998,
    0.23700000000000002,
    0.23959999999999998,
    0.2399,
    0.2332,
    0.24089999999999998,
    0.23479999999999998,
    0.23770000000000002,
    0.2412,
    0.24489999999999998,
    0.24330000000000002,
    0.24289999999999998,
    0.24610000000000004,
    0.24320000000000003,
    0.24430000000000002,
    0.2446,
    0.246,
    0.24560000000000004,
    0.2503,
    0.24820000000000003,
    0.2544,
    0.24620000000000003,
    0.2472,
    0.2499,
    0.2541,
    0.2503,
    0.2504,
    0.2501,
    0.2536,
    0.24930000000000002,
    0.24880000000000005
  ]
}