{
  "setting": "setting_17",
  "train_accuracy": [
    0.14521171191690962,
    0.19424862578960156,
    0.2190954506802721,
    0.22709680970602525,
    0.2366289707847425,
    0.24856030581875607,
    0.2632780232628766,
    0.2709215940840622,
    0.2784873435981535,
    0.28442738702623904,
    0.2875763028425656,
    0.29244487973760935,
    0.2929402787900875,
    0.2978990145165209,
    0.3009293002915452,
    0.3022418230685131,
    0.3071910683916424,
    0.31016630982750243,
    0.3120036519071915,
    0.3143250045553936,
    0.3160294809888241,
    0.31806517249757044,
    0.32175409226190477,
    0.31873519497084546,
    0.3221953960155491,
    0.3228284059159378,
    0.32663595572157433,
    0.3282673560495627,
    0.3306437530369291,
    0.329853202441691,
    0.3329129084669582,
    0.33294897199951407,
    0.3315263605442177,
    0.33420360331632654,
    0.33657335702138,
    0.33803013392857145,
    0.33670906978862974,
    0.33776345359572396,
    0.34099303784013607,
    0.3392999498906706,
    0.34143908679543244,
    0.3412113171161321,
    0.3436038477891157,
    0.3447512375485909,
    0.34485658102526723,
    0.34658193634596696,
    0.3456974307580175,
    0.3447351038629738,
    0.34679736850097187,
    0.3480501017371234
  ],
  "test_accuracy": [
    0.1868,
    0.2193,
    0.2234,
    0.24669999999999997,
    0.24900000000000003,
    0.2677,
    0.2755000000000001,
    0.28629999999999994,
    0.2899,
    0.2968,
    0.3017,
    0.30829999999999996,
    0.31100000000000005,
    0.3077,
    0.31049999999999994,
    0.3176,
    0.32599999999999996,
    0.3256,
    0.32349999999999995,
    0.3275,
    0.32480000000000003,
    0.3238,
    0.335,
    0.3295,
    0.3307,
    0.33730000000000004,
    0.3391,
    0.3333,
    0.3368,
    0.3391,
    0.3416,
    0.3439,
    0.3408,
    0.34340000000000004,
    0.3431,
    0.3423999999999999,
    0.34669999999999995,
    0.3476,
    0.3479,
    0.3522,
    0.3491,
    0.3489,
    0.3533,
    0.3519,
    0.35219999999999996,
    0.3539,
    0.3557,
    0.35520000000000007,
    0.3565,
    0.35850000000000004
  ]
}