{
  "setting": "setting_11",
  "train_accuracy": [
    0.15908402423469387,
    0.22010522959183673,
    0.23549904336734692,
    0.25563217474489797,
    0.26890146683673466,
    0.27869897959183676,
    0.28715720663265304,
    0.2932118941326531,
    0.30173389668367345,
    0.30758928571428573,
    0.311702806122449,
    0.31838727678571427,
    0.32486447704081634,
    0.33208705357142854,
    0.33549505739795915,
    0.3381138392857143,
    0.3444395727040816,
    0.34580676020408163,
    0.3511439732142857,
    0.35483099489795916,
    0.3592394770408163,
    0.35693558673469383,
    0.3655333227040816,
    0.36949936224489793,
    0.3706313775510204,
    0.3684789540816326,
    0.371890943877551,
    0.37993463010204076,
    0.38088329081632655,
    0.3834343112244898,
    0.3831273915816326,
    0.3867147640306122,
    0.387711256377551,
    0.3899194834183673,
    0.391390306122449,
    0.3946548150510204,
    0.3938416772959184,
    0.39646045918367345,
    0.3931999362244898,
    0.3963488520408163,
    0.39727758290816323,
    0.3967275191326531,
    0.398600924744898,
    0.3991071428571428,
    0.4009964923469388,
    0.4044124681122449,
    0.4043447066326531,
    0.4030014349489796,
    0.4038624043367347,
    0.40284598214285716
  ],
  "test_accuracy": [
    0.22750000000000004,
    0.24309999999999996,
    0.23549999999999996,
    0.26820000000000005,
    0.2892,
    0.2953,
    0.2996,
    0.306,
    0.3102,
    0.31020000000000003,
    0.3283,
    0.33680000000000004,
    0.33999999999999997,
    0.3419,
    0.3356,
    0.3539,
    0.35409999999999997,
    0.36079999999999995,
    0.3587999999999999,
    0.35739999999999994,
    0.3598,
    0.3716,
    0.36690000000000006,
    0.374,
    0.3684,
    0.38020000000000004,
    0.3808,
    0.37670000000000003,
    0.3834000000000001,
    0.38120000000000004,
    0.38970000000000005,
    0.389,
    0.3921,
    0.3956,
    0.39089999999999997,
    0.39559999999999995,
    0.40380000000000005,
    0.4027,
    0.40780000000000005,
    0.4051,
    0.3982,
    0.39740000000000003,
    0.4045000000000001,
    0.40499999999999997,
    0.4024,
    0.406,
    0.4074,
    0.4011,
    0.4069,
    0.40499999999999997
  ]
}