{
  "setting": "setting_26",
  "train_accuracy": [
    0.16975845025510203,
    0.2372448979591837,
    0.25701929209183677,
    0.2845982142857143,
    0.2992984693877551,
    0.30929129464285715,
    0.3221898915816327,
    0.3329280931122449,
    0.34592235331632654,
    0.3579599808673469,
    0.36631058673469385,
    0.36947146045918366,
    0.3695750956632653,
    0.3780652104591837,
    0.3780054209183673,
    0.38398836096938777,
    0.38645567602040815,
    0.3904336734693878,
    0.3957788584183673,
    0.3955038265306122,
    0.4011918048469388,
    0.4026147959183673,
    0.4098014987244898,
    0.41325733418367344,
    0.41928810586734694,
    0.41764588647959183,
    0.4211694834183673,
    0.4231226084183673,
    0.42451371173469393,
    0.42563376913265305,
    0.4305484693877551,
    0.43184390943877554,
    0.43387276785714285,
    0.43904655612244897,
    0.441390306122449,
    0.4420958227040816,
    0.444304049744898,
    0.44272560586734694,
    0.44332350127551023,
    0.4492825255102041,
    0.4469626913265306,
    0.44799505739795914,
    0.44931441326530613,
    0.44829400510204076,
    0.45150271045918366,
    0.45344786352040817,
    0.45902024872448977,
    0.45652901785714284,
    0.45699139030612246,
    0.4565688775510204
  ],
  "test_accuracy": [
    0.23700000000000002,
    0.2541,
    0.2654,
    0.3060999999999999,
    0.3216,
    0.3296,
    0.3401,
    0.3508,
    0.35019999999999996,
    0.37439999999999996,
    0.3749,
    0.3787999999999999,
    0.3812,
    0.39139999999999997,
    0.37010000000000004,
    0.38780000000000003,
    0.394,
    0.3994,
    0.4024,
    0.3976,
    0.40360000000000007,
    0.4029,
    0.41100000000000003,
    0.4124,
    0.41319999999999996,
    0.4086,
    0.4285,
    0.41100000000000003,
    0.42000000000000004,
    0.4176,
    0.42589999999999995,
    0.42679999999999996,
    0.4354,
    0.43479999999999996,
    0.43899999999999995,
    0.44010000000000005,
    0.4396,
    0.4412,
    0.4412999999999999,
    0.44989999999999997,
    0.4521,
    0.4446,
    0.4516,
    0.45969999999999994,
    0.4509,
    0.45430000000000004,
    0.44930000000000003,
    0.4545,
    0.4554,
    0.4574999999999999
  ]
}