{
  "setting": "setting_2",
  "train_accuracy": [
    0.11259319576044705,
    0.1362727010447036,
    0.17892352253401358,
    0.20698759414480075,
    0.21774971149173952,
    0.21878891065354714,
    0.22673902150145772,
    0.23098123177842567,
    0.2347508199708455,
    0.2365957543731778,
    0.24150798712342078,
    0.24505929603984453,
    0.2443702927599611,
    0.24942013635811466,
    0.2543532479956268,
    0.25483630952380953,
    0.2565759004494655,
    0.2654807458697765,
    0.2684370064990282,
    0.2693196140063168,
    0.2742384900388727,
    0.27256723001700683,
    0.2777556335034013,
    0.2756487639698737,
    0.2783981338070943,
    0.27840762421039844,
    0.28055055727648204,
    0.28401740160349853,
    0.2810668352162293,
    0.2810051475947522,
    0.28600753917638483,
    0.2840952229105928,
    0.2861982962827988,
    0.28661872114917397,
    0.2862087357264334,
    0.28963856748056366,
    0.28652571519679304,
    0.29105548469387754,
    0.28827479652575316,
    0.28794263241010687,
    0.2897031022230321,
    0.29253124240767736,
    0.29166666666666663,
    0.2878363398931001,
    0.2930332847424684,
    0.2929810875242954,
    0.2905752702866861,
    0.2943837691326531,
    0.293020947218173,
    0.294274629494655
  ],
  "test_accuracy": [
    0.12240000000000002,
    0.15499999999999997,
    0.20550000000000002,
    0.2197,
    0.2169,
    0.24230000000000002,
    0.2378,
    0.23820000000000002,
    0.2385,
    0.2577,
    0.24430000000000002,
    0.24690000000000004,
    0.2533,
    0.2575,
    0.2695,
    0.2722,
    0.2792,
    0.26909999999999995,
    0.2793,
    0.27290000000000003,
    0.28379999999999994,
    0.2846,
    0.2913,
    0.2854,
    0.2966,
    0.2891,
    0.2960999999999999,
    0.29080000000000006,
    0.2929,
    0.2954,
    0.2956,
    0.29660000000000003,
    0.2941,
    0.2963,
    0.2932,
    0.29829999999999995,
    0.2996,
    0.3013,
    0.3005999999999999,
    0.29999999999999993,
    0.29090000000000005,
    0.29860000000000003,
    0.3031,
    0.3014,
    0.3017,
    0.301,
    0.2991,
    0.2999,
    0.3011,
    0.2995
  ]
}