{
  "setting": "setting_7",
  "train_accuracy": [
    0.13886168306608357,
    0.170112632106414,
    0.20788348821671526,
    0.21605662354227406,
    0.2255261479591837,
    0.23444333090379008,
    0.2419796601676385,
    0.2509955433066084,
    0.2575961188046647,
    0.2615222986516035,
    0.26937370930515064,
    0.273148991739553,
    0.276292213313897,
    0.2779853012633625,
    0.27983403182701655,
    0.2832942328717201,
    0.2855966047133139,
    0.2872223107993197,
    0.28812200103255586,
    0.29003716441933913,
    0.29153854622206027,
    0.2945137876579203,
    0.29415884657434405,
    0.29639004039115646,
    0.2981324784378037,
    0.2974947233357629,
    0.29991857233965014,
    0.30066072187803694,
    0.30171985088678327,
    0.3036691797254616,
    0.3053916879251701,
    0.3061898308430515,
    0.3065087083940719,
    0.30441417638483964,
    0.3058747494533528,
    0.3073248830782313,
    0.3064242438046647,
    0.30618793276239065,
    0.3064261418853256,
    0.30830049653790087,
    0.3086468962585034,
    0.30993284590621967,
    0.3076475567905734,
    0.3109834335519922,
    0.3106911291302235,
    0.3117047042031098,
    0.30997745080174927,
    0.3101928829567541,
    0.31101570092322645,
    0.3120757789723032
  ],
  "test_accuracy": [
    0.1394,
    0.21030000000000001,
    0.21470000000000003,
    0.2319,
    0.2431,
    0.257,
    0.2616,
    0.26189999999999997,
    0.2814,
    0.2806,
    0.2771,
    0.28220000000000006,
    0.2872,
    0.2899,
    0.2938,
    0.2948,
    0.2909,
    0.2994,
    0.3055,
    0.30519999999999997,
    0.30019999999999997,
    0.3027,
    0.3073,
    0.30279999999999996,
    0.3071,
    0.30720000000000003,
    0.31270000000000003,
    0.3093,
    0.3078,
    0.31070000000000003,
    0.30940000000000006,
    0.3114,
    0.3097,
    0.3179,
    0.31220000000000003,
    0.31520000000000004,
    0.32230000000000003,
    0.319,
    0.3129,
    0.315,
    0.3181,
    0.31930000000000003,
    0.32259999999999994,
    0.3182,
    0.31829999999999997,
    0.31989999999999996,
    0.3203,
    0.3214,
    0.31579999999999997,
    0.31660000000000005
  ]
}