{
  "setting": "setting_3",
  "train_accuracy": [
    0.11779705248844821,
    0.1186389945128995,
    0.12815718858298036,
    0.14491931796303428,
    0.17165426754428184,
    0.1940715850019253,
    0.20433808841933,
    0.21324898621005006,
    0.21541231469002695,
    0.21952199954274162,
    0.22061475681074316,
    0.22333762514439737,
    0.22523246474297265,
    0.2275093557470158,
    0.23043753910762418,
    0.23161264800731612,
    0.2349499572824413,
    0.24205889608201772,
    0.24135044642857142,
    0.24320805857720448,
    0.24267258495379285,
    0.2426902585916442,
    0.24925770721024257,
    0.24668976523392377,
    0.24869628718232575,
    0.24788029156237967,
    0.2497059407489411,
    0.25546491444455144,
    0.25495275498170966,
    0.25165793764439737,
    0.2565129235656527,
    0.2561496739025799,
    0.25863526424720834,
    0.2584709370186754,
    0.2592598581295726,
    0.2631458022477859,
    0.2613382027339238,
    0.2667564888573354,
    0.26491128585868307,
    0.26568629368020796,
    0.2646198588515595,
    0.2688502508904505,
    0.2685035467606854,
    0.267223524138429,
    0.26993736763573356,
    0.27108878634000766,
    0.2722172669185599,
    0.26981741251925295,
    0.27189086867058143,
    0.2705108207787832
  ],
  "test_accuracy": [
    0.12569999999999998,
    0.1259,
    0.138,
    0.15950000000000003,
    0.1962,
    0.20890000000000003,
    0.22039999999999998,
    0.22219999999999995,
    0.2345,
    0.23809999999999998,
    0.22490000000000002,
    0.23179999999999995,
    0.2366,
    0.2395,
    0.2495,
    0.24570000000000003,
    0.2487,
    0.2384,
    0.2476,
    0.24720000000000003,
    0.2511,
    0.25680000000000003,
    0.26210000000000006,
    0.2523,
    0.2649,
    0.25359999999999994,
    0.26239999999999997,
    0.2609,
    0.26260000000000006,
    0.2646,
    0.26769999999999994,
    0.2686,
    0.2661,
    0.2697,
    0.2733,
    0.2717,
    0.2754,
    0.2782,
    0.2763,
    0.2806,
    0.27230000000000004,
    0.2771,
    0.2807,
    0.28159999999999996,
    0.28300000000000003,
    0.28099999999999997,
    0.2799,
    0.2866,
    0.27770000000000006,
    0.282
  ]
}