{
  "setting": "setting_12",
  "train_accuracy": [
    0.14653372509718174,
    0.1857063137755102,
    0.21525942966472303,
    0.2221627490281827,
    0.23154685981535472,
    0.2391885325558795,
    0.2511502368804665,
    0.2579814291788144,
    0.26585276967930027,
    0.2718288766399417,
    0.27539916636297374,
    0.28173495960884354,
    0.28321261540330417,
    0.2865095815111759,
    0.29042342383381925,
    0.29056293276239065,
    0.2951173773080661,
    0.29741974914965985,
    0.2997553374028183,
    0.2995550898931001,
    0.3026726873785228,
    0.30317188259232264,
    0.3046609268707483,
    0.3043221194727891,
    0.3060655065597668,
    0.30754031523323616,
    0.3098512284378037,
    0.3125189808066084,
    0.31272587159863946,
    0.3104500728862974,
    0.31672892371234207,
    0.3155388271379981,
    0.31518198797376096,
    0.3144721058066084,
    0.3168152863824101,
    0.3188253538022352,
    0.31687697400388726,
    0.31934447886297374,
    0.3191670083211856,
    0.3190445821185617,
    0.320537422558309,
    0.3222722682823129,
    0.3219941994655005,
    0.31960451591350825,
    0.32318144891885325,
    0.32488687439261416,
    0.32386096179543244,
    0.3237261980685131,
    0.32483372813411077,
    0.3256356672133139
  ],
  "test_accuracy": [
    0.1823,
    0.2113,
    0.21870000000000003,
    0.2375,
    0.2285,
    0.2549,
    0.26359999999999995,
    0.27270000000000005,
    0.27430000000000004,
    0.28709999999999997,
    0.29169999999999996,
    0.29619999999999996,
    0.2949,
    0.29850000000000004,
    0.301,
    0.30069999999999997,
    0.3118,
    0.31010000000000004,
    0.3084,
    0.3107,
    0.311,
    0.312,
    0.3169,
    0.3126,
    0.3134,
    0.3177,
    0.322,
    0.3154,
    0.31599999999999995,
    0.32130000000000003,
    0.3239,
    0.32439999999999997,
    0.32300000000000006,
    0.32820000000000005,
    0.3256,
    0.3273,
    0.33110000000000006,
    0.33199999999999996,
    0.3281,
    0.33409999999999995,
    0.3274,
    0.32720000000000005,
    0.33420000000000005,
    0.33280000000000004,
    0.33130000000000004,
    0.32860000000000006,
    0.3357,
    0.33310000000000006,
    0.3352,
    0.33130000000000004
  ]
}