{
  "setting": "setting_13",
  "train_accuracy": [
    0.11711417320465922,
    0.16655222672795533,
    0.17205662483153641,
    0.20058112425394686,
    0.2109698389969195,
    0.21485653518482867,
    0.22021202348864072,
    0.22794630824027726,
    0.23026042669426264,
    0.23392864663554103,
    0.24034981769830574,
    0.24640209857527917,
    0.2484447198690797,
    0.25208436116191757,
    0.2570784799768964,
    0.2596276202108202,
    0.26324244320369655,
    0.2697380691663458,
    0.2717047314208702,
    0.27405570128994994,
    0.27446933962264153,
    0.27342997930304197,
    0.2773035142712746,
    0.2760385330429342,
    0.2807224231083943,
    0.27715046808817867,
    0.28020575122737773,
    0.28339527880727766,
    0.2815278897525992,
    0.2805171080814401,
    0.28432370884674624,
    0.2850295262562572,
    0.28617455236811706,
    0.2849915467366192,
    0.2831617611667308,
    0.2881607684347324,
    0.28595720422603005,
    0.28870677103388526,
    0.2872921279360801,
    0.2869973166153254,
    0.2886458533885252,
    0.28958706861282246,
    0.28996949605313826,
    0.28822770263765884,
    0.2915360572294956,
    0.29219186200423564,
    0.2897611727474008,
    0.29100396791971506,
    0.2917315953504043,
    0.28844655491913745
  ],
  "test_accuracy": [
    0.15209999999999999,
    0.178,
    0.19,
    0.21059999999999998,
    0.2152,
    0.23369999999999996,
    0.23520000000000002,
    0.2319,
    0.23840000000000003,
    0.2556999999999999,
    0.24699999999999997,
    0.2531,
    0.25789999999999996,
    0.2624,
    0.2766,
    0.2758,
    0.2843,
    0.2735,
    0.2845,
    0.28049999999999997,
    0.2875,
    0.2855,
    0.2926,
    0.2853,
    0.29510000000000003,
    0.2889,
    0.296,
    0.293,
    0.2908,
    0.29440000000000005,
    0.29469999999999996,
    0.2965,
    0.29529999999999995,
    0.2972,
    0.2964,
    0.3001999999999999,
    0.29799999999999993,
    0.29719999999999996,
    0.3046,
    0.29690000000000005,
    0.2915,
    0.2953,
    0.30179999999999996,
    0.3052,
    0.30060000000000003,
    0.29719999999999996,
    0.3015,
    0.3026,
    0.29910000000000003,
    0.2979
  ]
}