{
  "setting": "setting_19",
  "train_accuracy": [
    0.10052808077830189,
    0.1330560878537736,
    0.1603338738207547,
    0.174016804245283,
    0.17940779775943397,
    0.1910395784198113,
    0.2041549970518868,
    0.2133490566037736,
    0.2136777712264151,
    0.2168842128537736,
    0.2213712411556604,
    0.22389740566037739,
    0.2254890182783019,
    0.2294796580188679,
    0.23295327240566038,
    0.23513892983490567,
    0.23651127653301887,
    0.24179724351415094,
    0.24398253242924528,
    0.24449845224056602,
    0.2451205041273585,
    0.2476503537735849,
    0.2534669811320755,
    0.2529602741745283,
    0.2547542010613208,
    0.2562212558962264,
    0.2551282429245283,
    0.2610952240566038,
    0.2592286998820755,
    0.2621410672169811,
    0.26464622641509433,
    0.2618123525943396,
    0.2641417305424528,
    0.2673665978773585,
    0.2669870283018868,
    0.2686722435141509,
    0.2683313679245283,
    0.26991303066037736,
    0.2716623673349057,
    0.27148916568396225,
    0.2711810878537736,
    0.2733380011792453,
    0.27348393278301886,
    0.2717025353773585,
    0.2741553655660377,
    0.2765016951650943,
    0.2758567954009434,
    0.2757219192216981,
    0.27531987028301885,
    0.2781028891509434
  ],
  "test_accuracy": [
    0.1048,
    0.1585,
    0.1712,
    0.1817,
    0.189,
    0.2031,
    0.21750000000000003,
    0.22240000000000001,
    0.2277,
    0.2338,
    0.2284,
    0.23400000000000004,
    0.2334,
    0.23700000000000002,
    0.2519,
    0.24429999999999996,
    0.2503,
    0.24289999999999998,
    0.25450000000000006,
    0.25010000000000004,
    0.255,
    0.25980000000000003,
    0.26420000000000005,
    0.25959999999999994,
    0.27,
    0.2635,
    0.2676,
    0.2704000000000001,
    0.2679,
    0.27190000000000003,
    0.275,
    0.2774,
    0.27690000000000003,
    0.2787,
    0.2806,
    0.2838,
    0.2807,
    0.2846,
    0.2849,
    0.2862,
    0.27670000000000006,
    0.28359999999999996,
    0.28639999999999993,
    0.2888,
    0.28809999999999997,
    0.2873,
    0.2853,
    0.2893,
    0.2831,
    0.28670000000000007
  ]
}