{
  "setting": "setting_20",
  "train_accuracy": [
    0.09977024560050798,
    0.1028530082093614,
    0.12615302408381712,
    0.15279836889967344,
    0.16453022949927432,
    0.16616905444938318,
    0.16968623854771406,
    0.1783789204236212,
    0.1790560651759797,
    0.1801265279163643,
    0.18820159424891145,
    0.19569058134524672,
    0.20266081390602325,
    0.20905134536012338,
    0.21202674278846154,
    0.21420664572750364,
    0.21359363661103048,
    0.21679510329735124,
    0.220081257370283,
    0.2175218557238752,
    0.21901114897042817,
    0.2181486841210087,
    0.2210801433236575,
    0.2220535167588897,
    0.22262613105497098,
    0.2274419731948476,
    0.22507426977503628,
    0.22483969634433962,
    0.22549983275126997,
    0.22858791046806964,
    0.22921828227050073,
    0.22859747766237298,
    0.2321497414731495,
    0.22885862663280115,
    0.23073592275943394,
    0.2324909714033019,
    0.23234781782928154,
    0.2336461215302975,
    0.23592417679608127,
    0.23734614534198115,
    0.23680081526669086,
    0.23594650024945574,
    0.23649076730315674,
    0.23639474101959362,
    0.23723133901034107,
    0.2392485996462264,
    0.23944277825653118,
    0.2394087615656749,
    0.23932159379535559,
    0.23876067273675616
  ],
  "test_accuracy": [
    0.0996,
    0.1099,
    0.1429,
    0.1646,
    0.1659,
    0.1725,
    0.17919999999999997,
    0.18539999999999998,
    0.18429999999999996,
    0.1923,
    0.1964,
    0.21190000000000003,
    0.22119999999999998,
    0.225,
    0.22490000000000002,
    0.2242,
    0.22679999999999997,
    0.22400000000000003,
    0.22989999999999994,
    0.2292,
    0.23009999999999997,
    0.2314,
    0.23570000000000002,
    0.2274,
    0.23760000000000003,
    0.2277,
    0.23529999999999998,
    0.23880000000000004,
    0.23820000000000002,
    0.23900000000000002,
    0.23890000000000003,
    0.2395,
    0.2398,
    0.24129999999999993,
    0.24169999999999997,
    0.23969999999999994,
    0.23869999999999997,
    0.2433,
    0.23979999999999996,
    0.24699999999999997,
    0.23820000000000005,
    0.2435,
    0.24300000000000002,
    0.24739999999999998,
    0.2451,
    0.2473,
    0.24630000000000002,
    0.24640000000000004,
    0.24440000000000003,
    0.2427
  ]
}