{
  "setting": "setting_30",
  "train_accuracy": [
    0.09978902564858491,
    0.10286859919267054,
    0.1248543660422714,
    0.15235721494013063,
    0.1634597667588897,
    0.166450755170537,
    0.1666350122460087,
    0.1724610792362119,
    0.1842138459270682,
    0.19010085948838895,
    0.19916595326106676,
    0.20680695244466618,
    0.21206253118196663,
    0.21476012563497823,
    0.21624233207093616,
    0.22055784538280115,
    0.21975668144502902,
    0.2259186632574383,
    0.2268573113207547,
    0.22651289232583455,
    0.22831329655751087,
    0.2294248627993469,
    0.23170327240566038,
    0.23400613150852684,
    0.23566869727412915,
    0.23788580596879536,
    0.236735970949746,
    0.24188170412282292,
    0.2407984851233672,
    0.2435485219747823,
    0.24440106528936864,
    0.24542936150671263,
    0.24846287078193036,
    0.24614477503628446,
    0.24768721936230043,
    0.24894123049709724,
    0.2502129586583817,
    0.2515612243740929,
    0.25301047714078373,
    0.25311784232129897,
    0.2531823322977141,
    0.2547113116835994,
    0.2567565652213353,
    0.25453555878084183,
    0.25392006928066035,
    0.2573741807646952,
    0.2603283177612482,
    0.258654058758164,
    0.2603942250997823,
    0.26069399718795355
  ],
  "test_accuracy": [
    0.0997,
    0.1099,
    0.1442,
    0.1633,
    0.1671,
    0.1718,
    0.17250000000000001,
    0.1843,
    0.1935,
    0.20990000000000003,
    0.21000000000000002,
    0.2253,
    0.229,
    0.23089999999999997,
    0.23929999999999998,
    0.22970000000000002,
    0.2274,
    0.2237,
    0.2334,
    0.23499999999999996,
    0.24379999999999996,
    0.24450000000000002,
    0.24630000000000002,
    0.23700000000000002,
    0.2481,
    0.2428,
    0.2526,
    0.2476,
    0.2511,
    0.25260000000000005,
    0.2527,
    0.25549999999999995,
    0.25389999999999996,
    0.2509,
    0.2625,
    0.2595,
    0.26070000000000004,
    0.2636,
    0.26430000000000003,
    0.2662,
    0.2559,
    0.2641,
    0.2634,
    0.27040000000000003,
    0.2693,
    0.2665,
    0.2667,
    0.2692,
    0.2658,
    0.26789999999999997
  ]
}