{
  "setting": "setting_24",
  "train_accuracy": [
    0.1013918779481132,
    0.13725235849056605,
    0.1598197965801887,
    0.17097029775943398,
    0.18153301886792453,
    0.19790462853773583,
    0.20918005601415093,
    0.21614681603773583,
    0.2206028891509434,
    0.2252616450471698,
    0.22729215801886793,
    0.23119840801886793,
    0.2371830778301887,
    0.2365599204009434,
    0.23927955483490568,
    0.2462065153301887,
    0.2436346550707547,
    0.2497055571933962,
    0.25012234669811323,
    0.2531802771226415,
    0.2541059846698113,
    0.2546908166273585,
    0.2582841981132076,
    0.2607090212264151,
    0.25916347287735847,
    0.2636490271226415,
    0.26478699882075474,
    0.265221108490566,
    0.26669037441037735,
    0.269068764740566,
    0.2697582547169811,
    0.2694328567216981,
    0.2723658608490566,
    0.2716384139150943,
    0.2747015035377358,
    0.2743919516509434,
    0.2722103478773585,
    0.276373820754717,
    0.27670658903301887,
    0.2728040241745283,
    0.27520931603773585,
    0.27712153596698114,
    0.2775884433962264,
    0.2766623673349057,
    0.2743215654481132,
    0.2787348909198113,
    0.2805656692216981,
    0.27442032724056603,
    0.27649727299528304,
    0.28000110554245283
  ],
  "test_accuracy": [
    0.11139999999999999,
    0.1528,
    0.17009999999999997,
    0.18039999999999998,
    0.1993,
    0.21259999999999998,
    0.22149999999999997,
    0.22490000000000002,
    0.23249999999999998,
    0.2318,
    0.22810000000000002,
    0.24770000000000003,
    0.2383,
    0.2428,
    0.2572,
    0.25060000000000004,
    0.2574,
    0.25630000000000003,
    0.26020000000000004,
    0.2538,
    0.26209999999999994,
    0.2694,
    0.27290000000000003,
    0.2752,
    0.2744,
    0.2741,
    0.2807,
    0.2814,
    0.27940000000000004,
    0.284,
    0.28500000000000003,
    0.28609999999999997,
    0.28709999999999997,
    0.2862,
    0.28359999999999996,
    0.29069999999999996,
    0.29259999999999997,
    0.2895,
    0.2816,
    0.2882,
    0.292,
    0.2871,
    0.2875,
    0.293,
    0.2887,
    0.28959999999999997,
    0.28480000000000005,
    0.29219999999999996,
    0.2905,
    0.28630000000000005
  ]
}