{
  "setting": "setting_14",
  "train_accuracy": [
    0.1007396079009434,
    0.13308040978773586,
    0.161393352004717,
    0.17684404481132077,
    0.17169147995283018,
    0.18097803655660377,
    0.19370614681603773,
    0.2075578567216981,
    0.20824660966981132,
    0.21178987323113208,
    0.21565374410377358,
    0.21780365566037738,
    0.21906323702830188,
    0.22320201945754717,
    0.2244623378537736,
    0.22599204009433962,
    0.2272648879716981,
    0.2327981279481132,
    0.23330741450471698,
    0.2334588738207547,
    0.2336040683962264,
    0.23555092865566038,
    0.23966833726415093,
    0.23936873525943397,
    0.2400117924528302,
    0.24186431308962264,
    0.23964217275943397,
    0.2471992924528302,
    0.24497604658018868,
    0.2469218012971698,
    0.24762382075471698,
    0.2466450471698113,
    0.2490964033018868,
    0.24919627063679248,
    0.24960790094339622,
    0.2526916273584906,
    0.251640625,
    0.2528574587264151,
    0.2538653449292453,
    0.255859375,
    0.25444907134433964,
    0.2533906987028302,
    0.2558409492924528,
    0.2552100530660377,
    0.2572401975235849,
    0.25741045106132077,
    0.2591321491745283,
    0.25887529481132077,
    0.2575877063679245,
    0.2604341096698113
  ],
  "test_accuracy": [
    0.10530000000000002,
    0.1604,
    0.17149999999999996,
    0.18109999999999998,
    0.1798,
    0.18919999999999998,
    0.21200000000000002,
    0.2153,
    0.21830000000000002,
    0.23399999999999999,
    0.22459999999999997,
    0.2319,
    0.23170000000000002,
    0.23420000000000002,
    0.24580000000000002,
    0.23800000000000004,
    0.2383,
    0.23220000000000002,
    0.24339999999999998,
    0.23819999999999997,
    0.24710000000000001,
    0.2475,
    0.2514,
    0.2439,
    0.2533,
    0.2472,
    0.2504,
    0.2539,
    0.25320000000000004,
    0.257,
    0.2592,
    0.2576,
    0.25520000000000004,
    0.2556,
    0.2629,
    0.2601,
    0.26130000000000003,
    0.265,
    0.26800000000000007,
    0.26680000000000004,
    0.2565,
    0.2644,
    0.26530000000000004,
    0.2701,
    0.26880000000000004,
    0.26539999999999997,
    0.266,
    0.26949999999999996,
    0.26470000000000005,
    0.26630000000000004
  ]
}