{
  "setting": "setting_21",
  "train_accuracy": [
    0.16583227040816326,
    0.23237005739795918,
    0.25033482142857144,
    0.27325414540816323,
    0.2871014030612245,
    0.2963926977040816,
    0.3086575255102041,
    0.31801658163265306,
    0.33121014030612245,
    0.34052933673469393,
    0.34830994897959183,
    0.35425701530612247,
    0.35585538903061226,
    0.36310985331632656,
    0.3666015625,
    0.37020089285714286,
    0.37443000637755103,
    0.3789540816326531,
    0.3842514349489796,
    0.38481744260204076,
    0.3900191326530612,
    0.3920798788265306,
    0.39559948979591836,
    0.39620535714285715,
    0.40114795918367346,
    0.3999760841836735,
    0.40302535076530616,
    0.40803172831632656,
    0.4070033482142857,
    0.40843431122448975,
    0.41312579719387754,
    0.4143813775510204,
    0.41586017219387755,
    0.418359375,
    0.4206393494897959,
    0.42441007653061225,
    0.4268176020408163,
    0.42335379464285716,
    0.42422273596938775,
    0.4226004464285715,
    0.4271763392857143,
    0.4264748086734694,
    0.4274234693877551,
    0.429296875,
    0.43056839923469387,
    0.4355588329081632,
    0.435562818877551,
    0.4346460459183673,
    0.4347975127551021,
    0.43363360969387754
  ],
  "test_accuracy": [
    0.23410000000000003,
    0.25379999999999997,
    0.25060000000000004,
    0.28709999999999997,
    0.3062,
    0.3134,
    0.32789999999999997,
    0.3243,
    0.33890000000000003,
    0.3555,
    0.3607,
    0.3688,
    0.3724,
    0.3742,
    0.35950000000000004,
    0.3729,
    0.3862,
    0.38589999999999997,
    0.3895,
    0.3859,
    0.3899,
    0.39460000000000006,
    0.3922,
    0.40280000000000005,
    0.39940000000000003,
    0.3994,
    0.40889999999999993,
    0.39799999999999996,
    0.41179999999999994,
    0.4081,
    0.41200000000000003,
    0.41500000000000004,
    0.4178,
    0.4231,
    0.4220999999999999,
    0.4236,
    0.4293,
    0.42489999999999994,
    0.429,
    0.425,
    0.4305,
    0.4242,
    0.4375,
    0.43129999999999996,
    0.4345,
    0.4354,
    0.43079999999999996,
    0.43249999999999994,
    0.4383,
    0.4349
  ]
}