{
  "setting": "setting_6",
  "train_accuracy": [
    0.1543566645408163,
    0.21140784438775512,
    0.22800143494897962,
    0.2372169961734694,
    0.2548150510204082,
    0.26979432397959185,
    0.2759446747448979,
    0.2858219068877551,
    0.2915617028061224,
    0.29341916454081635,
    0.2995575573979592,
    0.3035873724489796,
    0.3070033482142857,
    0.3067203443877551,
    0.3124282525510204,
    0.3128268494897959,
    0.3155652104591837,
    0.3196388711734694,
    0.32050382653061227,
    0.32364078443877553,
    0.32893016581632656,
    0.3291733099489796,
    0.32967155612244897,
    0.33080755739795914,
    0.3324976084183674,
    0.33714923469387753,
    0.3400191326530612,
    0.34017857142857144,
    0.34017458545918366,
    0.34267777423469387,
    0.3445950255102041,
    0.3474170918367347,
    0.3457788584183673,
    0.3492426658163265,
    0.35059390943877555,
    0.3533880739795918,
    0.35575972576530607,
    0.35373485331632654,
    0.3564891581632653,
    0.3562021683673469,
    0.3565768494897959,
    0.35804767219387756,
    0.36058673469387753,
    0.36076211734693875,
    0.3590720663265306,
    0.35723852040816323,
    0.3614556760204082,
    0.35989716198979593,
    0.3627192283163265,
    0.36266342474489793
  ],
  "test_accuracy": [
    0.20410000000000003,
    0.2279,
    0.2435,
    0.24510000000000004,
    0.2528,
    0.2879,
    0.29410000000000003,
    0.2849,
    0.3115,
    0.30129999999999996,
    0.30250000000000005,
    0.3055,
    0.31610000000000005,
    0.32409999999999994,
    0.321,
    0.32739999999999997,
    0.3317,
    0.32620000000000005,
    0.33120000000000005,
    0.332,
    0.34240000000000004,
    0.33419999999999994,
    0.34209999999999996,
    0.3412,
    0.3423999999999999,
    0.3466,
    0.35119999999999996,
    0.3477,
    0.3435,
    0.35459999999999997,
    0.35269999999999996,
    0.3534,
    0.354,
    0.35919999999999996,
    0.35609999999999997,
    0.3696,
    0.36369999999999997,
    0.36260000000000003,
    0.3561,
    0.3638,
    0.3608,
    0.3659,
    0.36669999999999997,
    0.367,
    0.36619999999999997,
    0.3702,
    0.368,
    0.3691,
    0.3694,
    0.3686
  ]
}