{
  "setting": "setting_30",
  "train_accuracy": [
    0.1486,
    0.26388333333333336,
    0.2865,
    0.3249,
    0.3252833333333333,
    0.3515,
    0.37661666666666666,
    0.42031666666666667,
    0.45116666666666666,
    0.4593,
    0.4603,
    0.4605666666666667,
    0.46965,
    0.47108333333333335,
    0.46335,
    0.47231666666666666,
    0.4862666666666667,
    0.49193333333333333,
    0.50125,
    0.50515,
    0.5196,
    0.5239666666666667,
    0.53285,
    0.54495,
    0.5492666666666667,
    0.5574833333333333,
    0.5546666666666666,
    0.5577333333333333,
    0.55605,
    0.5637666666666666,
    0.5706166666666667,
    0.5767666666666666,
    0.5733,
    0.5799666666666666,
    0.58135,
    0.5770333333333333,
    0.5822833333333334,
    0.5931833333333333,
    0.6017333333333333,
    0.6048666666666667,
    0.6116166666666667,
    0.6161333333333333,
    0.6135666666666667,
    0.6143833333333333,
    0.6194333333333333,
    0.6227333333333334,
    0.63005,
    0.6384333333333333,
    0.6479333333333334,
    0.6502166666666667
  ],
  "test_accuracy": [
    0.21509999999999999,
    0.2804,
    0.3008,
    0.3311,
    0.3493,
    0.3645,
    0.4156000000000001,
    0.45169999999999993,
    0.4577,
    0.46909999999999996,
    0.4673,
    0.47219999999999995,
    0.4806,
    0.4755999999999999,
    0.4747,
    0.48650000000000004,
    0.49510000000000004,
    0.4993,
    0.5174000000000001,
    0.5232,
    0.5243,
    0.5367,
    0.5529000000000001,
    0.5553,
    0.5580999999999999,
    0.5603,
    0.5655000000000001,
    0.5669,
    0.5698000000000001,
    0.5790000000000001,
    0.5746,
    0.5841999999999998,
    0.5845,
    0.591,
    0.5793999999999999,
    0.5876,
    0.5976,
    0.6085,
    0.6176,
    0.6239,
    0.6351000000000001,
    0.6254000000000001,
    0.6287,
    0.6225,
    0.6338999999999999,
    0.6366999999999999,
    0.6537,
    0.6588,
    0.6591,
    0.6695
  ]
}