{
  "setting": "setting_23",
  "train_accuracy": [
    0.23876666666666665,
    0.428,
    0.4973666666666667,
    0.5084833333333333,
    0.5111833333333333,
    0.53365,
    0.558,
    0.5635,
    0.5687333333333333,
    0.58205,
    0.5836666666666667,
    0.5853,
    0.59465,
    0.6065,
    0.6116833333333334,
    0.6139,
    0.6236333333333334,
    0.6340833333333333,
    0.6414333333333333,
    0.6497166666666667,
    0.6619,
    0.6655666666666666,
    0.66615,
    0.67795,
    0.6828666666666666,
    0.6877666666666666,
    0.6962666666666667,
    0.7029,
    0.7074,
    0.7100833333333333,
    0.7136,
    0.7197333333333333,
    0.7249833333333333,
    0.7306666666666667,
    0.7358833333333333,
    0.7362666666666666,
    0.7322333333333333,
    0.7363333333333333,
    0.7428,
    0.7443,
    0.74685,
    0.7534,
    0.7557333333333334,
    0.7596333333333334,
    0.75895,
    0.7655666666666666,
    0.7665833333333333,
    0.77005,
    0.7710333333333333,
    0.7717166666666667
  ],
  "test_accuracy": [
    0.35340000000000005,
    0.47250000000000003,
    0.5099,
    0.5319,
    0.5292,
    0.5675000000000001,
    0.5737,
    0.5799000000000001,
    0.5896,
    0.6013000000000001,
    0.6096000000000001,
    0.5995,
    0.6176999999999999,
    0.6197,
    0.6329,
    0.6301000000000001,
    0.6323000000000001,
    0.6616000000000001,
    0.6494,
    0.6558999999999999,
    0.6746000000000001,
    0.671,
    0.6826,
    0.6882,
    0.7027000000000001,
    0.6961,
    0.7151,
    0.7222000000000001,
    0.7251000000000001,
    0.7232000000000001,
    0.7182000000000001,
    0.7263999999999999,
    0.7375,
    0.744,
    0.7465999999999999,
    0.7505999999999999,
    0.7477000000000001,
    0.7513,
    0.7550999999999999,
    0.7543,
    0.7647,
    0.7599,
    0.7735000000000001,
    0.7757,
    0.7676999999999999,
    0.7734,
    0.7731999999999999,
    0.7857,
    0.7767999999999999,
    0.782
  ]
}