{
  "setting": "setting_28",
  "train_accuracy": [
    0.1273,
    0.1518,
    0.1556,
    0.15778333333333333,
    0.1562,
    0.12975,
    0.17275,
    0.22605,
    0.26348333333333335,
    0.2519166666666667,
    0.2698,
    0.29788333333333333,
    0.3163,
    0.32576666666666665,
    0.33921666666666667,
    0.36023333333333335,
    0.37925,
    0.37365,
    0.4000666666666667,
    0.4087166666666667,
    0.40298333333333336,
    0.40425,
    0.4021666666666667,
    0.4052,
    0.41278333333333334,
    0.4306,
    0.43993333333333334,
    0.44895,
    0.4525666666666667,
    0.4613833333333333,
    0.48046666666666665,
    0.46935,
    0.484,
    0.49656666666666666,
    0.49075,
    0.49988333333333335,
    0.5067166666666667,
    0.5114166666666666,
    0.5137333333333334,
    0.5099,
    0.5156166666666666,
    0.5243166666666667,
    0.5291166666666667,
    0.5335833333333333,
    0.5357666666666666,
    0.54045,
    0.5516166666666666,
    0.5595166666666667,
    0.5531333333333334,
    0.5547833333333333
  ],
  "test_accuracy": [
    0.1463,
    0.1466,
    0.1568,
    0.1527,
    0.1561,
    0.1562,
    0.2009,
    0.24379999999999996,
    0.2752,
    0.2608,
    0.2843,
    0.29660000000000003,
    0.3059,
    0.33809999999999996,
    0.3568,
    0.37700000000000006,
    0.3805,
    0.3864,
    0.4088,
    0.4144,
    0.4173,
    0.4171,
    0.413,
    0.41850000000000004,
    0.43789999999999996,
    0.4438,
    0.4525,
    0.45410000000000006,
    0.4528,
    0.46209999999999996,
    0.476,
    0.47590000000000005,
    0.49119999999999997,
    0.49349999999999994,
    0.5048,
    0.5103,
    0.5176000000000001,
    0.5248,
    0.5252,
    0.5112,
    0.536,
    0.5221,
    0.5462999999999999,
    0.5519000000000001,
    0.5495,
    0.5628000000000001,
    0.5668,
    0.5720999999999999,
    0.5589999999999999,
    0.5660000000000001
  ]
}