{
  "setting": "setting_13",
  "train_accuracy": [
    0.28723333333333334,
    0.47053333333333336,
    0.5121166666666667,
    0.5354833333333333,
    0.5464666666666667,
    0.5709333333333333,
    0.5742833333333334,
    0.59915,
    0.6083333333333333,
    0.6157,
    0.6239166666666667,
    0.6333166666666666,
    0.6519833333333334,
    0.6612166666666667,
    0.6653333333333333,
    0.6788333333333333,
    0.6920166666666666,
    0.7029333333333333,
    0.71165,
    0.7165333333333334,
    0.72055,
    0.7191666666666666,
    0.73055,
    0.7372166666666666,
    0.7414,
    0.74345,
    0.7492666666666666,
    0.7566833333333334,
    0.7603333333333333,
    0.7634,
    0.76595,
    0.7731666666666667,
    0.7745333333333333,
    0.7781833333333333,
    0.7768166666666667,
    0.7852,
    0.7893166666666667,
    0.7891,
    0.7925333333333333,
    0.7939333333333334,
    0.7966333333333333,
    0.7974,
    0.7996666666666666,
    0.8016,
    0.8050166666666667,
    0.8055833333333333,
    0.8068833333333333,
    0.809,
    0.8116,
    0.81125
  ],
  "test_accuracy": [
    0.3927,
    0.5039,
    0.5307000000000001,
    0.5404,
    0.5695,
    0.5648,
    0.6079,
    0.6115999999999999,
    0.6348,
    0.6413,
    0.6406,
    0.6613,
    0.6753,
    0.6793999999999999,
    0.6792,
    0.7026,
    0.7128,
    0.7165000000000001,
    0.7262,
    0.7378,
    0.7251000000000001,
    0.7347,
    0.7421000000000001,
    0.7567999999999999,
    0.7572000000000001,
    0.7552000000000001,
    0.7708,
    0.76,
    0.7719000000000001,
    0.7776,
    0.7846999999999998,
    0.7807,
    0.7834,
    0.7878000000000001,
    0.7955,
    0.7964999999999999,
    0.7994,
    0.7983,
    0.8010999999999999,
    0.8013,
    0.8026,
    0.8067,
    0.8131999999999999,
    0.8135,
    0.8166,
    0.817,
    0.8199,
    0.8220000000000001,
    0.8241999999999999,
    0.8199
  ]
}