{
  "setting": "setting_8",
  "train_accuracy": [
    0.3193666666666667,
    0.47633333333333333,
    0.5395166666666666,
    0.5634333333333333,
    0.5689166666666666,
    0.5681,
    0.5944833333333334,
    0.61215,
    0.628,
    0.63975,
    0.6514666666666666,
    0.65765,
    0.6722,
    0.6796166666666666,
    0.6922833333333334,
    0.6959333333333333,
    0.7048333333333333,
    0.7029833333333333,
    0.7068166666666666,
    0.7235,
    0.7328333333333333,
    0.7315833333333334,
    0.7392,
    0.7457166666666667,
    0.7547666666666667,
    0.7590833333333333,
    0.7611333333333333,
    0.7657833333333334,
    0.7722833333333333,
    0.7790333333333334,
    0.7845166666666666,
    0.78815,
    0.7929333333333334,
    0.7962833333333333,
    0.79835,
    0.8064666666666667,
    0.8085,
    0.8125,
    0.81295,
    0.8164833333333333,
    0.8168666666666666,
    0.8221166666666667,
    0.82085,
    0.8241833333333334,
    0.8281333333333334,
    0.8295833333333333,
    0.8305666666666667,
    0.83235,
    0.8334333333333334,
    0.8355666666666667
  ],
  "test_accuracy": [
    0.4105,
    0.5218999999999999,
    0.5600999999999999,
    0.5721,
    0.5895,
    0.5773,
    0.6255,
    0.6363,
    0.6532,
    0.653,
    0.6708000000000001,
    0.6877000000000001,
    0.6932,
    0.6999,
    0.7053,
    0.7160000000000001,
    0.7198,
    0.7172000000000001,
    0.7302000000000001,
    0.7449,
    0.7497,
    0.7432,
    0.7567,
    0.7648999999999999,
    0.7734,
    0.7691999999999999,
    0.7798,
    0.7845,
    0.7788999999999999,
    0.7922,
    0.798,
    0.7965,
    0.8063,
    0.8012,
    0.8145999999999999,
    0.8134,
    0.8213000000000001,
    0.8179000000000001,
    0.8265,
    0.8272999999999999,
    0.8284,
    0.8333,
    0.8326,
    0.8345,
    0.8411,
    0.8409000000000001,
    0.8442000000000001,
    0.8376999999999999,
    0.8422000000000001,
    0.8394999999999999
  ]
}