{
  "setting": "setting_26",
  "train_accuracy": [
    0.12245,
    0.14073333333333332,
    0.14045,
    0.17636666666666667,
    0.20675,
    0.23251666666666668,
    0.2158,
    0.23355,
    0.25265,
    0.2670166666666667,
    0.27465,
    0.3061,
    0.31278333333333336,
    0.3167333333333333,
    0.32111666666666666,
    0.32595,
    0.31976666666666664,
    0.3299166666666667,
    0.32913333333333333,
    0.32326666666666665,
    0.3354333333333333,
    0.33055,
    0.3402833333333333,
    0.3500333333333333,
    0.34168333333333334,
    0.33775,
    0.3415166666666667,
    0.3435,
    0.34105,
    0.35701666666666665,
    0.35563333333333336,
    0.34833333333333333,
    0.3542666666666667,
    0.35765,
    0.35386666666666666,
    0.35745,
    0.36346666666666666,
    0.35806666666666664,
    0.35418333333333335,
    0.363,
    0.36441666666666667,
    0.3626666666666667,
    0.3612666666666667,
    0.35946666666666666,
    0.3545833333333333,
    0.35465,
    0.35825,
    0.3582,
    0.36943333333333334,
    0.36795
  ],
  "test_accuracy": [
    0.1385,
    0.14550000000000002,
    0.18089999999999998,
    0.1978,
    0.23489999999999997,
    0.22599999999999998,
    0.1819,
    0.2599,
    0.2515,
    0.261,
    0.3085,
    0.3054,
    0.3052,
    0.3249,
    0.32030000000000003,
    0.3165,
    0.3236,
    0.31870000000000004,
    0.3199,
    0.3393,
    0.3394,
    0.3323,
    0.31930000000000003,
    0.3475,
    0.32810000000000006,
    0.3291,
    0.34299999999999997,
    0.3274,
    0.3549,
    0.34750000000000003,
    0.3518,
    0.3489,
    0.357,
    0.3522,
    0.3397,
    0.3574,
    0.3579,
    0.35250000000000004,
    0.3475,
    0.3584,
    0.3659,
    0.3578,
    0.36110000000000003,
    0.3598,
    0.34310000000000007,
    0.3586,
    0.3582,
    0.35219999999999996,
    0.3713000000000001,
    0.3753
  ]
}