{
  "setting": "setting_22",
  "train_accuracy": [
    0.21161666666666668,
    0.32595,
    0.35468333333333335,
    0.3703666666666667,
    0.4007,
    0.4243,
    0.43565,
    0.44051666666666667,
    0.45398333333333335,
    0.46003333333333335,
    0.48555,
    0.4746,
    0.47441666666666665,
    0.49178333333333335,
    0.49898333333333333,
    0.5119333333333334,
    0.5246,
    0.5311833333333333,
    0.5388,
    0.5394166666666667,
    0.5458833333333334,
    0.5601,
    0.5591,
    0.56555,
    0.5652333333333334,
    0.57375,
    0.5723666666666667,
    0.5795,
    0.5802,
    0.5855666666666667,
    0.5840166666666666,
    0.5842166666666667,
    0.5919,
    0.5927833333333333,
    0.5961333333333333,
    0.6020166666666666,
    0.6051666666666666,
    0.6095833333333334,
    0.61195,
    0.6142,
    0.6148,
    0.61825,
    0.6208,
    0.6224833333333334,
    0.62315,
    0.6273833333333333,
    0.6341666666666667,
    0.6382166666666667,
    0.6353,
    0.6386666666666667
  ],
  "test_accuracy": [
    0.26289999999999997,
    0.3322,
    0.35910000000000003,
    0.3808,
    0.4203,
    0.43500000000000005,
    0.4469999999999999,
    0.438,
    0.4716,
    0.4867,
    0.4889,
    0.48410000000000003,
    0.48319999999999996,
    0.5058,
    0.5051,
    0.5229,
    0.5338999999999999,
    0.5391999999999999,
    0.5461999999999999,
    0.5446,
    0.568,
    0.5721,
    0.5755,
    0.5557000000000001,
    0.5742999999999999,
    0.5794,
    0.5831,
    0.5876000000000001,
    0.5917,
    0.5900000000000001,
    0.6012,
    0.5818000000000001,
    0.602,
    0.5882,
    0.6128,
    0.6152,
    0.6174999999999999,
    0.6117,
    0.6178,
    0.6204,
    0.6260000000000001,
    0.6214000000000001,
    0.6408,
    0.6243000000000001,
    0.6405000000000001,
    0.6434,
    0.6486,
    0.6436,
    0.6503,
    0.6391
  ]
}