{
  "setting": "setting_6",
  "train_accuracy": [
    0.17826666666666666,
    0.29035,
    0.32161666666666666,
    0.3652666666666667,
    0.36978333333333335,
    0.386,
    0.3871,
    0.41663333333333336,
    0.4377333333333333,
    0.4308666666666667,
    0.4508333333333333,
    0.45271666666666666,
    0.46013333333333334,
    0.46513333333333334,
    0.47956666666666664,
    0.47878333333333334,
    0.47328333333333333,
    0.49088333333333334,
    0.49275,
    0.4941,
    0.48823333333333335,
    0.49585,
    0.49938333333333335,
    0.5064333333333333,
    0.5116,
    0.5067833333333334,
    0.5129833333333333,
    0.5197333333333334,
    0.5198333333333334,
    0.51795,
    0.51895,
    0.5265833333333333,
    0.5327,
    0.52885,
    0.5308166666666667,
    0.5296166666666666,
    0.5278,
    0.5349833333333334,
    0.5413833333333333,
    0.5531166666666667,
    0.54725,
    0.5483333333333333,
    0.5557166666666666,
    0.5633333333333334,
    0.5662166666666667,
    0.57715,
    0.5715833333333333,
    0.5677333333333333,
    0.5703333333333334,
    0.5750666666666666
  ],
  "test_accuracy": [
    0.21420000000000003,
    0.3307,
    0.3731,
    0.3782,
    0.38689999999999997,
    0.36619999999999997,
    0.40170000000000006,
    0.44239999999999996,
    0.4325,
    0.4487,
    0.43600000000000005,
    0.46560000000000007,
    0.4689,
    0.493,
    0.4883,
    0.48109999999999997,
    0.48810000000000003,
    0.49160000000000004,
    0.493,
    0.4753,
    0.5042,
    0.4904,
    0.5095,
    0.5131,
    0.49660000000000004,
    0.5139,
    0.5210999999999999,
    0.5269999999999999,
    0.5088000000000001,
    0.5164000000000001,
    0.5205,
    0.5231,
    0.5343,
    0.5297000000000001,
    0.5431,
    0.5261,
    0.5325,
    0.5359,
    0.5471,
    0.5633000000000001,
    0.5537000000000001,
    0.5484,
    0.5645,
    0.562,
    0.5732,
    0.5812,
    0.5698000000000001,
    0.5684,
    0.5734,
    0.5768
  ]
}