{
  "setting": "setting_16",
  "train_accuracy": [
    0.1879595588235294,
    0.3093829923273657,
    0.35913523017902815,
    0.3981777493606138,
    0.43080642583120204,
    0.4641144501278772,
    0.4842750959079284,
    0.4992007672634271,
    0.5182424872122762,
    0.5309902493606138,
    0.5437979539641944,
    0.5574448529411765,
    0.573289641943734,
    0.5840992647058824,
    0.5972066815856778,
    0.6103340792838875,
    0.6224424552429667,
    0.6311141304347826,
    0.6392263427109974,
    0.6504555626598465,
    0.6578484654731458,
    0.6626638427109974,
    0.6719749040920716,
    0.6734135230179028,
    0.6807265025575447,
    0.6840233375959079,
    0.6904371803069054,
    0.6909566815856778,
    0.6960517902813299,
    0.6974104859335039,
    0.698849104859335,
    0.7036045396419437,
    0.7065217391304348,
    0.7066815856777494,
    0.7109574808184144,
    0.7118765984654731,
    0.7124360613810742,
    0.7151134910485933,
    0.7177309782608695,
    0.7207081202046036,
    0.7172114769820972,
    0.7188499040920716,
    0.7182704603580563,
    0.7195692135549873,
    0.7203484654731458,
    0.7194892902813299,
    0.7212675831202046,
    0.7199488491048593,
    0.7187100383631714,
    0.7222066815856778,
    0.722965952685422,
    0.7250239769820972,
    0.7232656649616368,
    0.7244445332480819,
    0.724824168797954,
    0.7250839194373402,
    0.7242846867007673,
    0.726003037084399,
    0.7291999680306905,
    0.7245044757033248,
    0.7251238810741688,
    0.7281409846547314,
    0.7279811381074168,
    0.7267223465473146,
    0.727801310741688,
    0.7257033248081841,
    0.7255434782608695,
    0.727801310741688,
    0.7274816176470589,
    0.7262428069053708,
    0.7286405051150895,
    0.725263746803069,
    0.7267623081841432,
    0.7296994884910486,
    0.7266424232736572,
    0.7268022698209718,
    0.7269421355498721,
    0.7291000639386189,
    0.7265824808184144,
    0.7271419437340153,
    0.7282808503836317,
    0.7274816176470589,
    0.7285006393861893,
    0.727121962915601,
    0.7282608695652174,
    0.7257233056265985,
    0.7270820012787724,
    0.7270420396419437,
    0.7267223465473146,
    0.7270020780051151,
    0.728300831202046,
    0.7263427109974424,
    0.725263746803069,
    0.725943094629156,
    0.7267822890025576,
    0.7237851662404092,
    0.7259231138107417,
    0.7273817135549873,
    0.7246243606138107,
    0.7260230179028133
  ],
  "test_accuracy": [
    0.2124,
    0.26890000000000003,
    0.29579999999999995,
    0.37109999999999993,
    0.3781,
    0.35300000000000004,
    0.43099999999999994,
    0.4441,
    0.4286,
    0.4356,
    0.46719999999999995,
    0.4894,
    0.5361,
    0.508,
    0.5037,
    0.5379,
    0.5697000000000001,
    0.5525000000000001,
    0.5686,
    0.5509999999999999,
    0.5393000000000001,
    0.5935,
    0.562,
    0.6053000000000001,
    0.5845,
    0.6247,
    0.6028999999999999,
    0.6204999999999999,
    0.6341000000000001,
    0.6138,
    0.643,
    0.6436999999999999,
    0.5856,
    0.6184999999999999,
    0.6456999999999999,
    0.6157999999999999,
    0.6439,
    0.6554000000000001,
    0.6657,
    0.6653,
    0.6614,
    0.6503,
    0.6456999999999999,
    0.671,
    0.6648000000000001,
    0.6739,
    0.6689,
    0.6683000000000001,
    0.6725000000000001,
    0.6751,
    0.6819,
    0.6808000000000001,
    0.6881999999999999,
    0.6731,
    0.6872,
    0.6902,
    0.6903,
    0.6914,
    0.6881999999999999,
    0.6957,
    0.6982999999999999,
    0.6900999999999999,
    0.6884,
    0.6947000000000001,
    0.6988999999999999,
    0.6933999999999999,
    0.7009,
    0.6951,
    0.7019,
    0.6990999999999999,
    0.6921999999999999,
    0.6995999999999999,
    0.7035,
    0.6958,
    0.6996,
    0.7003999999999999,
    0.7041,
    0.7025999999999999,
    0.703,
    0.7061,
    0.7,
    0.7004,
    0.6995,
    0.7053999999999999,
    0.7026999999999999,
    0.7049000000000001,
    0.7049,
    0.7079,
    0.7094,
    0.7021,
    0.7065999999999999,
    0.7092,
    0.7071000000000001,
    0.708,
    0.7037,
    0.7070999999999998,
    0.7061,
    0.7085,
    0.7077,
    0.7088000000000001
  ]
}