{
  "setting": "setting_9",
  "train_accuracy": [
    0.112559030308552,
    0.1988211021015549,
    0.2429192100947522,
    0.26773092049319724,
    0.2881352875971817,
    0.3009179118075802,
    0.3213773232507289,
    0.33501408375850344,
    0.3474009581511176,
    0.3623369548712342,
    0.37536632956754135,
    0.38245755891642375,
    0.3980873041180758,
    0.398108183005345,
    0.39603832604470357,
    0.4078140184645287,
    0.41273099641642375,
    0.41312864431486884,
    0.4208443422011662,
    0.42697419369533524,
    0.4311784423590865,
    0.4311594615524781,
    0.4418579931972789,
    0.4462558460884353,
    0.4462178844752187,
    0.44802580630466476,
    0.45319427994412054,
    0.4561970435495627,
    0.4572846437682216,
    0.4560195730077745,
    0.4595205827866861,
    0.46204313198493685,
    0.4628393768221575,
    0.46676840379008744,
    0.468270734633139,
    0.47210865372934885,
    0.4749443862366375,
    0.4754853392249757,
    0.4803653046039844,
    0.4800521212949465,
    0.4795700088070943,
    0.48232222576530615,
    0.4838131681243926,
    0.48620474975704564,
    0.4838368941326531,
    0.488472007106414,
    0.4883714088313897,
    0.4885934842687075,
    0.48904807458697763,
    0.49303119685374147,
    0.4908132896015549,
    0.49361011145529643,
    0.49489511206268216,
    0.4912375106292517,
    0.497567609633139,
    0.5010505876457726,
    0.4953544475826045,
    0.5010373010811467,
    0.5026022685860058,
    0.501242293792517,
    0.5013153698979592,
    0.5013628219144801,
    0.5047347622084548,
    0.5039679376214772,
    0.5035275829081632,
    0.5063509778911565,
    0.5057597257653061,
    0.5048894557823129,
    0.5054389501336249,
    0.5084578474246841,
    0.509420174319728,
    0.5072184007531584,
    0.5068957270408163,
    0.5074623041180758,
    0.5107070730077745,
    0.5116684508624879,
    0.5121486652696793,
    0.5116693999028182,
    0.5099706177113702,
    0.5102980366253644,
    0.5114976236030127,
    0.5102951895043731,
    0.5116276421282799,
    0.512411549441205,
    0.5119702456875607,
    0.5152444348275025,
    0.5144244639820214,
    0.5138664282677357,
    0.5145573296282799,
    0.5163662004980564,
    0.5151163143828961,
    0.5169394208576288,
    0.514932200558795,
    0.5155585671768708,
    0.5166205433066083,
    0.5143381013119533,
    0.5160957240038873,
    0.515538637329932,
    0.5157379357993197,
    0.5159960747691934
  ],
  "test_accuracy": [
    0.14629999999999999,
    0.23809999999999998,
    0.24080000000000004,
    0.2659,
    0.29450000000000004,
    0.2941,
    0.317,
    0.341,
    0.36549999999999994,
    0.322,
    0.3482,
    0.3399,
    0.3933,
    0.40119999999999995,
    0.3963,
    0.4018,
    0.38480000000000003,
    0.3994,
    0.3833,
    0.41,
    0.42910000000000004,
    0.4196,
    0.43079999999999996,
    0.4303,
    0.4351,
    0.4401,
    0.44279999999999997,
    0.44210000000000005,
    0.4393000000000001,
    0.44769999999999993,
    0.44029999999999997,
    0.4465,
    0.4524,
    0.4479,
    0.46020000000000005,
    0.46430000000000005,
    0.45299999999999996,
    0.46799999999999997,
    0.4662,
    0.4622,
    0.47709999999999997,
    0.4789,
    0.47430000000000005,
    0.47989999999999994,
    0.48440000000000005,
    0.47509999999999997,
    0.479,
    0.4670000000000001,
    0.48109999999999997,
    0.4812,
    0.48249999999999993,
    0.48109999999999997,
    0.4821,
    0.49119999999999997,
    0.4944,
    0.4878,
    0.488,
    0.49079999999999996,
    0.48949999999999994,
    0.49749999999999994,
    0.4949,
    0.4923,
    0.5046,
    0.4939,
    0.49239999999999995,
    0.49770000000000003,
    0.5001,
    0.5029,
    0.4968000000000001,
    0.5005,
    0.49860000000000004,
    0.5012,
    0.503,
    0.5034,
    0.5021,
    0.5033,
    0.5021000000000001,
    0.5014000000000001,
    0.5020000000000001,
    0.5030999999999999,
    0.5039999999999999,
    0.501,
    0.5095,
    0.5059,
    0.506,
    0.5105999999999999,
    0.5085,
    0.5094,
    0.5044,
    0.5096,
    0.5104,
    0.5090000000000001,
    0.513,
    0.5066,
    0.5135,
    0.5069,
    0.5097,
    0.5047999999999999,
    0.5088,
    0.5111999999999999
  ]
}