{
  "setting": "setting_11",
  "train_accuracy": [
    0.1954124040920716,
    0.32450847186700765,
    0.38171355498721227,
    0.4272298593350384,
    0.4587795716112532,
    0.4889705882352941,
    0.5079124040920716,
    0.5222386508951407,
    0.5419397378516624,
    0.5583839514066496,
    0.5707320971867008,
    0.5885350063938619,
    0.600323689258312,
    0.6144701086956522,
    0.628037084398977,
    0.6416839833759591,
    0.6501958120204604,
    0.65934702685422,
    0.6656409846547314,
    0.6738930626598465,
    0.6832640664961637,
    0.6830043158567775,
    0.6922354539641944,
    0.6926150895140665,
    0.6987891624040921,
    0.7031050191815856,
    0.704303868286445,
    0.7071811061381074,
    0.7097786125319693,
    0.7110973465473146,
    0.7148137787723785,
    0.7157328964194374,
    0.7151134910485933,
    0.7184502877237852,
    0.7202085997442456,
    0.720048753196931,
    0.7256433823529411,
    0.7274616368286445,
    0.7288602941176471,
    0.7282808503836317,
    0.7309782608695652,
    0.7308983375959079,
    0.7284406969309463,
    0.7328564578005116,
    0.7336157289002557,
    0.730838395140665,
    0.7338554987212276,
    0.7348945012787724,
    0.7334758631713555,
    0.7345548273657289,
    0.7377717391304348,
    0.7371123721227621,
    0.7354939258312021,
    0.736173273657289,
    0.7391903772378516,
    0.7386309143222506,
    0.7357936381074168,
    0.7384111253196931,
    0.7413283248081841,
    0.7379515664961637,
    0.7358735613810742,
    0.7381513746803069,
    0.7381913363171355,
    0.7418877877237852,
    0.7413283248081841,
    0.7405890345268542,
    0.7397498401534527,
    0.7419477301790282,
    0.7421075767263428,
    0.7410885549872123,
    0.739270300511509,
    0.7402893222506394,
    0.7407888427109974,
    0.7422074808184144,
    0.7409686700767263,
    0.7413483056265985,
    0.738531010230179,
    0.7421075767263428,
    0.7422274616368286,
    0.7399896099744245,
    0.7407688618925832,
    0.7419677109974424,
    0.740828804347826,
    0.7404691496163683,
    0.7411085358056266,
    0.7394101662404092,
    0.7381313938618926,
    0.7393502237851662,
    0.7401294757033248,
    0.7390704923273658,
    0.738590952685422,
    0.7378316815856778,
    0.7375919117647058,
    0.7387707800511509,
    0.7371922953964194,
    0.7400895140664961,
    0.740389226342711,
    0.7405290920716112,
    0.7394301470588235,
    0.7403093030690537
  ],
  "test_accuracy": [
    0.21259999999999998,
    0.2788,
    0.3148,
    0.3846,
    0.38099999999999995,
    0.34759999999999996,
    0.43710000000000004,
    0.45730000000000004,
    0.46030000000000004,
    0.4314,
    0.4755,
    0.512,
    0.5463000000000001,
    0.4955,
    0.5245,
    0.5437000000000001,
    0.5894,
    0.576,
    0.5777,
    0.5863999999999999,
    0.5769,
    0.6090000000000001,
    0.5789000000000001,
    0.6047,
    0.5839000000000001,
    0.6352,
    0.617,
    0.6311,
    0.6397,
    0.6500999999999999,
    0.6491999999999999,
    0.6285000000000001,
    0.6305000000000001,
    0.6407,
    0.6493,
    0.6577999999999999,
    0.6391,
    0.6653,
    0.6664000000000001,
    0.6756,
    0.6712,
    0.663,
    0.6654,
    0.6731,
    0.6702,
    0.6773,
    0.6717000000000001,
    0.666,
    0.6706000000000001,
    0.6759999999999999,
    0.6958,
    0.6858,
    0.6915999999999999,
    0.6825000000000001,
    0.6958,
    0.6952999999999999,
    0.6975999999999999,
    0.7042999999999999,
    0.698,
    0.7036,
    0.7082999999999998,
    0.6864,
    0.6982999999999999,
    0.7062,
    0.7076999999999999,
    0.7015,
    0.7061,
    0.7122999999999999,
    0.7092,
    0.7092999999999999,
    0.6975,
    0.7097999999999999,
    0.7140000000000001,
    0.7086999999999999,
    0.7091999999999999,
    0.7122999999999999,
    0.7182000000000001,
    0.7171999999999998,
    0.7112999999999999,
    0.7167999999999999,
    0.7121,
    0.709,
    0.7150000000000001,
    0.7176,
    0.7159,
    0.7154,
    0.7150000000000001,
    0.7196999999999998,
    0.7186999999999999,
    0.7171000000000001,
    0.7126999999999999,
    0.7191999999999998,
    0.717,
    0.7179,
    0.7192999999999999,
    0.7181,
    0.7211999999999998,
    0.7218000000000001,
    0.7211000000000001,
    0.7174999999999999
  ]
}