{
  "setting": "setting_6",
  "train_accuracy": [
    0.284287084398977,
    0.4085677749360614,
    0.4400175831202046,
    0.44878916240409206,
    0.4592790920716113,
    0.4563219309462916,
    0.44059702685422,
    0.453744405370844,
    0.4694693094629156,
    0.4702685421994885,
    0.4726462595907928,
    0.4816775895140665,
    0.48729219948849106,
    0.48855099104859334,
    0.49332640664961636,
    0.49626358695652173,
    0.5034566815856778,
    0.507253037084399,
    0.5119485294117647,
    0.5183623721227621,
    0.5266544117647058,
    0.5226582480818415,
    0.5236173273657289,
    0.5270740089514067,
    0.5306705562659847,
    0.5390625,
    0.5428188938618926,
    0.5452165920716112,
    0.5442575127877238,
    0.5445372442455243,
    0.5487931585677749,
    0.5545276534526854,
    0.5544277493606138,
    0.5539282289002557,
    0.5567854859335039,
    0.5629995204603581,
    0.5632392902813299,
    0.5636189258312021,
    0.5662164322250639,
    0.5665760869565217,
    0.5665161445012787,
    0.567894820971867,
    0.5671155690537084,
    0.5680746483375959,
    0.5708320012787724,
    0.5705722506393862,
    0.5712715792838875,
    0.5701126918158568,
    0.5737891624040921,
    0.5718710038363172,
    0.575707320971867,
    0.5761668797953964,
    0.5758471867007673,
    0.5776054987212276,
    0.5791440217391305,
    0.5805826406649617,
    0.5800431585677749,
    0.5806825447570333,
    0.5796435421994884,
    0.5821411445012787,
    0.5810022378516624,
    0.5818813938618926,
    0.5828804347826086,
    0.5818813938618926,
    0.5819812979539642,
    0.5830602621483376,
    0.5834998401534527,
    0.5810621803069054,
    0.5830802429667519,
    0.5829803388746803,
    0.5804827365728901,
    0.5845188618925832,
    0.5820412404092071,
    0.5839394181585678,
    0.5824208759590793,
    0.5820412404092071,
    0.5819812979539642,
    0.5853580562659847,
    0.5834998401534527,
    0.5823609335038363,
    0.5854179987212276,
    0.58431905370844,
    0.5846587276214834,
    0.5858975383631714,
    0.584638746803069,
    0.5802829283887468,
    0.5832001278772379,
    0.5849984015345269,
    0.5822410485933504,
    0.5839993606138107,
    0.5844189578005116,
    0.5866568094629157,
    0.5849584398976982,
    0.5856977301790282,
    0.5827405690537084,
    0.5849184782608695,
    0.5829203964194374,
    0.5844789002557544,
    0.5848385549872123,
    0.5854179987212276
  ],
  "test_accuracy": [
    0.2044,
    0.3506000000000001,
    0.3219,
    0.37070000000000003,
    0.3674,
    0.3716,
    0.3623,
    0.3916,
    0.3822,
    0.3754,
    0.4056,
    0.4123,
    0.39120000000000005,
    0.43850000000000006,
    0.4368,
    0.42169999999999996,
    0.4535,
    0.4128,
    0.4553999999999999,
    0.4619,
    0.4523,
    0.4676,
    0.4709,
    0.4377000000000001,
    0.46900000000000003,
    0.46930000000000005,
    0.4982000000000001,
    0.4952,
    0.49219999999999997,
    0.5046999999999999,
    0.5089999999999999,
    0.47919999999999996,
    0.5105,
    0.5007999999999999,
    0.5078,
    0.5256000000000001,
    0.5141,
    0.5234,
    0.533,
    0.5236000000000001,
    0.5335,
    0.5247,
    0.5278,
    0.534,
    0.5347999999999999,
    0.5416000000000001,
    0.5324,
    0.5446000000000001,
    0.5414999999999999,
    0.5442,
    0.5472,
    0.5429999999999999,
    0.5466000000000001,
    0.537,
    0.5609,
    0.5596,
    0.5496000000000001,
    0.5510999999999999,
    0.5536000000000001,
    0.5610999999999999,
    0.5553,
    0.5627000000000001,
    0.5596,
    0.5655999999999999,
    0.5613,
    0.5568,
    0.5656999999999999,
    0.5651,
    0.5642,
    0.5669,
    0.5677000000000001,
    0.5654,
    0.5626,
    0.5689,
    0.5679000000000001,
    0.5705,
    0.569,
    0.5735,
    0.5662999999999999,
    0.5740000000000001,
    0.571,
    0.5767,
    0.5718,
    0.5757000000000001,
    0.5744,
    0.5704,
    0.571,
    0.5727,
    0.5782999999999999,
    0.5775,
    0.5730000000000002,
    0.575,
    0.5793999999999999,
    0.5798000000000001,
    0.5780000000000001,
    0.5719,
    0.5745,
    0.5752,
    0.5746,
    0.5720000000000001
  ]
}