{
  "setting": "setting_13",
  "train_accuracy": [
    0.12004145408163265,
    0.15717075892857144,
    0.22999441964285716,
    0.2657924107142857,
    0.2911033163265306,
    0.3082389987244898,
    0.3206034757653061,
    0.33223054846938777,
    0.3473573022959184,
    0.3560905612244898,
    0.3692721619897959,
    0.380875318877551,
    0.3884008290816327,
    0.396273118622449,
    0.4073541135204082,
    0.41513073979591836,
    0.4224968112244898,
    0.42969547193877555,
    0.4387794961734694,
    0.4410873724489796,
    0.4468271683673469,
    0.45353156887755103,
    0.4602319834183673,
    0.46280293367346936,
    0.4654177295918367,
    0.4688576211734694,
    0.4714923469387755,
    0.479508131377551,
    0.48028539540816323,
    0.48466597576530607,
    0.48648357780612245,
    0.4889429209183674,
    0.4925701530612245,
    0.4943000637755102,
    0.49781170280612247,
    0.499625318877551,
    0.501725924744898,
    0.5033282844387755,
    0.5047034438775511,
    0.5068718112244898,
    0.5097735969387756,
    0.5092673788265306,
    0.5105867346938776,
    0.5149354272959183,
    0.5174944196428571,
    0.5175263073979592,
    0.5198700573979592,
    0.5211814413265305,
    0.5219945790816326,
    0.5223174426020408,
    0.5230548469387755,
    0.5236088966836734,
    0.5237364477040817,
    0.5266501913265307,
    0.5292928890306122,
    0.5301538584183674,
    0.5304009885204082,
    0.5311662946428571,
    0.5311304209183674,
    0.5320671237244898,
    0.5341796875,
    0.5358777104591836,
    0.5337691326530613,
    0.535790019132653,
    0.5343431122448979,
    0.5375916772959184,
    0.5361208545918368,
    0.5379982461734694,
    0.5359375000000001,
    0.5389668367346939,
    0.5376155931122449,
    0.5396843112244898,
    0.5396045918367347,
    0.5383569834183674,
    0.5415019132653062,
    0.5410873724489795,
    0.5411272321428571,
    0.5430683992346939,
    0.5422114158163265,
    0.5400829081632653,
    0.5415338010204082,
    0.5436543367346939,
    0.5405731823979592,
    0.5435307716836735,
    0.5424386160714286,
    0.5448580994897959,
    0.5433832908163265,
    0.5421037946428571,
    0.5410794005102041,
    0.5429328762755102,
    0.5451291454081633,
    0.5437739158163266,
    0.5424346301020408,
    0.5440011160714285,
    0.5441326530612245,
    0.5436902104591836,
    0.5442083864795918,
    0.5450613839285714,
    0.5423828125,
    0.5447584502551021
  ],
  "test_accuracy": [
    0.146,
    0.1963,
    0.22079999999999997,
    0.2644,
    0.2659,
    0.2981,
    0.28830000000000006,
    0.3205,
    0.31690000000000007,
    0.3292,
    0.3223,
    0.3721,
    0.38659999999999994,
    0.33249999999999996,
    0.3754,
    0.3985,
    0.38039999999999996,
    0.4102,
    0.41129999999999994,
    0.41550000000000004,
    0.39740000000000003,
    0.4223,
    0.43220000000000003,
    0.4408,
    0.41369999999999996,
    0.4386,
    0.41559999999999997,
    0.4565,
    0.4292999999999999,
    0.45820000000000005,
    0.46320000000000006,
    0.4781000000000001,
    0.4626,
    0.47000000000000003,
    0.4225,
    0.4668,
    0.4753,
    0.4697,
    0.48550000000000004,
    0.4787,
    0.48339999999999994,
    0.48889999999999995,
    0.48840000000000006,
    0.4888,
    0.47829999999999995,
    0.4907,
    0.4756,
    0.5118,
    0.5064,
    0.5094000000000001,
    0.49959999999999993,
    0.5074,
    0.5128,
    0.5094000000000001,
    0.5095000000000001,
    0.5159,
    0.49659999999999993,
    0.514,
    0.52,
    0.519,
    0.5215,
    0.5135,
    0.5173,
    0.5253000000000001,
    0.5216,
    0.5292,
    0.5235000000000001,
    0.524,
    0.5311000000000001,
    0.5273,
    0.5302000000000001,
    0.5251999999999999,
    0.5256000000000001,
    0.5317000000000001,
    0.5311,
    0.5258,
    0.5384,
    0.5312,
    0.5307,
    0.5381,
    0.5311,
    0.5365,
    0.5315000000000001,
    0.5366,
    0.539,
    0.5391,
    0.5357999999999999,
    0.5411,
    0.5353000000000001,
    0.537,
    0.5360000000000001,
    0.5384999999999999,
    0.5414000000000001,
    0.5363,
    0.5429000000000002,
    0.5415,
    0.5459,
    0.5417000000000001,
    0.5431999999999999,
    0.5419
  ]
}